player,date,n_files,gap_share,duration_min,signal_min,total_km,hsr_m,sprint_m,vmax_kmh,n_acc,n_dec
TeamA-0362cdd5-7a63-480a-a46a-62a99fb1692f,2021-06-19,1,-0,121.987,121.988,3.852,17.8,0,18.86,6,14
TeamA-0362cdd5-7a63-480a-a46a-62a99fb1692f,2021-06-22,1,-0,201.117,201.118,5.854,163.7,81.9,24.5,7,25
TeamA-0362cdd5-7a63-480a-a46a-62a99fb1692f,2021-06-25,1,-0,68.505,68.507,2.4,10.5,0,18.72,2,11
TeamA-0362cdd5-7a63-480a-a46a-62a99fb1692f,2021-06-28,1,-0,81.537,81.538,3.468,62.2,5.2,21.35,3,13
TeamA-0362cdd5-7a63-480a-a46a-62a99fb1692f,2021-06-29,1,-0,92.022,92.023,2.737,0.9,0,15.68,1,5
TeamA-0362cdd5-7a63-480a-a46a-62a99fb1692f,2021-07-02,1,-0,86.737,86.738,2.844,11.2,0,19.5,5,13
TeamA-0362cdd5-7a63-480a-a46a-62a99fb1692f,2021-07-03,1,-0,58.9,58.902,2.341,63.5,9.8,21.2,1,5
TeamA-0362cdd5-7a63-480a-a46a-62a99fb1692f,2021-07-05,1,3e-4,84.023,83.998,3.666,10.4,0,17.41,2,12
TeamA-0362cdd5-7a63-480a-a46a-62a99fb1692f,2021-07-07,1,-0,99.89,99.892,2.969,47.1,0,19.16,6,6
TeamA-0362cdd5-7a63-480a-a46a-62a99fb1692f,2021-07-08,1,-0,71.433,71.435,2.287,30.4,3.4,20.03,4,23
TeamA-0362cdd5-7a63-480a-a46a-62a99fb1692f,2021-07-09,1,4e-4,66.503,66.477,2.407,9.8,0,18.71,5,10
TeamA-0362cdd5-7a63-480a-a46a-62a99fb1692f,2021-07-10,1,-0,167.742,167.743,5.132,307.5,225.2,25.51,3,16
TeamA-0362cdd5-7a63-480a-a46a-62a99fb1692f,2021-07-12,1,1e-4,112.855,112.838,2.922,0,0,15.07,3,13
TeamA-0362cdd5-7a63-480a-a46a-62a99fb1692f,2021-07-13,1,-0,101.635,101.637,3.868,26.9,0,17.87,6,15
TeamA-0362cdd5-7a63-480a-a46a-62a99fb1692f,2021-07-14,1,2e-4,96.772,96.755,3.206,0.5,0,15.18,3,10
TeamA-0362cdd5-7a63-480a-a46a-62a99fb1692f,2021-07-16,1,-0,90.412,90.413,2.945,58.3,7.4,20.72,4,8
TeamA-0362cdd5-7a63-480a-a46a-62a99fb1692f,2021-07-17,1,-0,154.003,154.005,2.125,392.9,281.8,24.96,5,13
TeamA-0362cdd5-7a63-480a-a46a-62a99fb1692f,2021-07-28,1,-0,91.598,91.6,3.527,8.3,0,19.31,9,12
TeamA-0362cdd5-7a63-480a-a46a-62a99fb1692f,2021-07-29,1,-0,107.133,107.135,3.995,50.1,1.7,20.15,8,8
TeamA-0362cdd5-7a63-480a-a46a-62a99fb1692f,2021-07-30,1,-0,150.088,150.09,4.717,50,2.8,20.46,2,9
TeamA-0362cdd5-7a63-480a-a46a-62a99fb1692f,2021-08-02,1,-0,134.542,134.543,3.554,17.3,0,17.31,3,19
TeamA-0362cdd5-7a63-480a-a46a-62a99fb1692f,2021-08-03,1,-0,113.72,113.722,4.713,54.3,34.6,24.1,6,28
TeamA-0362cdd5-7a63-480a-a46a-62a99fb1692f,2021-08-04,1,-0,105.27,105.272,4.391,2.8,0,16.79,4,8
TeamA-0362cdd5-7a63-480a-a46a-62a99fb1692f,2021-08-06,1,-0,88.972,88.973,3.106,46.4,8.1,20.96,2,8
TeamA-0362cdd5-7a63-480a-a46a-62a99fb1692f,2021-08-07,1,2e-4,144.848,144.82,3.333,130.6,55.8,23.59,3,3
TeamA-0362cdd5-7a63-480a-a46a-62a99fb1692f,2021-08-09,1,-0,103.82,103.822,3.115,32.5,1.7,19.72,3,15
TeamA-0362cdd5-7a63-480a-a46a-62a99fb1692f,2021-08-10,1,2e-4,92.887,92.868,3.11,8.5,0,16.95,5,15
TeamA-0362cdd5-7a63-480a-a46a-62a99fb1692f,2021-08-11,1,-0,162.5,162.502,6.189,15.3,1.7,20.15,3,6
TeamA-0362cdd5-7a63-480a-a46a-62a99fb1692f,2021-08-13,1,-0,78.472,78.473,2.509,41.4,1.7,19.65,4,10
TeamA-0362cdd5-7a63-480a-a46a-62a99fb1692f,2021-08-14,1,-0,170.905,170.907,5.317,235.9,111.5,22.5,9,20
TeamA-0362cdd5-7a63-480a-a46a-62a99fb1692f,2021-08-16,1,-0,88.852,88.853,2.691,0,0,13.42,6,14
TeamA-0362cdd5-7a63-480a-a46a-62a99fb1692f,2021-08-17,1,-0,73.302,73.303,2.412,4.2,0,16.67,2,5
TeamA-0362cdd5-7a63-480a-a46a-62a99fb1692f,2021-08-18,1,-0,225.22,225.222,6.234,22.9,0,18.65,11,18
TeamA-0362cdd5-7a63-480a-a46a-62a99fb1692f,2021-08-20,1,-0,71.14,71.142,2.954,9.8,0,17.92,5,13
TeamA-0362cdd5-7a63-480a-a46a-62a99fb1692f,2021-08-21,1,-0,170.02,170.022,2.571,9.5,0,16.26,1,2
TeamA-0362cdd5-7a63-480a-a46a-62a99fb1692f,2021-08-22,1,2e-4,138.503,138.478,5.177,9.6,0,16.98,5,6
TeamA-0362cdd5-7a63-480a-a46a-62a99fb1692f,2021-08-23,1,-0,63.555,63.557,2.336,27.5,0,18.72,4,9
TeamA-0362cdd5-7a63-480a-a46a-62a99fb1692f,2021-08-24,1,-0,72.303,72.305,2.776,6.7,0,18.76,4,1
TeamA-0362cdd5-7a63-480a-a46a-62a99fb1692f,2021-08-25,1,-0,164.033,164.035,3.734,7.4,0,17.59,2,6
TeamA-0362cdd5-7a63-480a-a46a-62a99fb1692f,2021-08-26,1,-0,88.723,88.725,3.125,6.8,0,18.06,6,12
TeamA-0362cdd5-7a63-480a-a46a-62a99fb1692f,2021-08-28,1,-0,188.17,188.172,4.576,140.9,96.8,24.1,6,9
TeamA-0362cdd5-7a63-480a-a46a-62a99fb1692f,2021-08-31,1,-0,91.44,91.442,2.909,3.7,0,16.27,11,11
TeamA-0362cdd5-7a63-480a-a46a-62a99fb1692f,2021-09-01,1,-0,101.723,101.725,3.481,35.9,3.5,20.94,1,4
TeamA-0362cdd5-7a63-480a-a46a-62a99fb1692f,2021-09-03,1,-0,80.92,80.922,2.717,62.6,8.6,20.52,2,11
TeamA-0362cdd5-7a63-480a-a46a-62a99fb1692f,2021-09-06,1,-0,74.905,74.907,2.449,14,0,18.47,2,13
TeamA-0362cdd5-7a63-480a-a46a-62a99fb1692f,2021-09-07,1,-0,100.538,100.54,3.708,10.4,0,18.27,10,12
TeamA-0362cdd5-7a63-480a-a46a-62a99fb1692f,2021-09-08,1,-0,118.04,118.042,5.319,87.7,5.1,20.86,8,15
TeamA-0362cdd5-7a63-480a-a46a-62a99fb1692f,2021-09-09,1,-0,103.438,103.44,4.054,13.2,0,17.05,8,34
TeamA-0362cdd5-7a63-480a-a46a-62a99fb1692f,2021-09-11,1,-0,79.355,79.357,2.742,29.8,1.1,19.52,3,4
TeamA-0362cdd5-7a63-480a-a46a-62a99fb1692f,2021-09-12,1,-0,189.837,189.838,6.496,780.8,177,22.15,6,14
TeamA-0362cdd5-7a63-480a-a46a-62a99fb1692f,2021-09-14,1,-0,157.833,157.835,2.422,8.4,0,17.8,10,21
TeamA-0362cdd5-7a63-480a-a46a-62a99fb1692f,2021-09-15,1,-0,118.488,118.49,3.986,4.3,0,18.58,11,20
TeamA-0362cdd5-7a63-480a-a46a-62a99fb1692f,2021-09-16,1,-0,103.737,103.738,4.676,42.5,2.3,20.26,6,16
TeamA-0362cdd5-7a63-480a-a46a-62a99fb1692f,2021-09-20,1,-0,96.888,96.89,2.922,6.8,0,17.68,7,11
TeamA-0362cdd5-7a63-480a-a46a-62a99fb1692f,2021-09-21,1,-0,124.888,124.89,4.353,24.5,5.1,20.4,5,12
TeamA-0362cdd5-7a63-480a-a46a-62a99fb1692f,2021-09-22,1,-0,123.157,123.158,3.432,32.7,1.1,19.82,4,9
TeamA-0362cdd5-7a63-480a-a46a-62a99fb1692f,2021-09-26,1,-0,150.855,150.857,5.79,84.7,0,18.06,10,13
TeamA-0362cdd5-7a63-480a-a46a-62a99fb1692f,2021-09-27,1,-0,96.453,96.455,3.143,11.6,0,17.15,4,10
TeamA-0362cdd5-7a63-480a-a46a-62a99fb1692f,2021-09-28,1,-0,135.038,135.04,5.115,41.1,2.8,20.56,4,17
TeamA-0362cdd5-7a63-480a-a46a-62a99fb1692f,2021-09-29,1,-0,122.805,122.807,4.089,85.9,27.7,22.06,7,18
TeamA-0362cdd5-7a63-480a-a46a-62a99fb1692f,2021-10-05,1,-0,46.003,46.005,1.113,0,0,14.23,5,2
TeamA-0362cdd5-7a63-480a-a46a-62a99fb1692f,2021-10-11,1,-0,78.87,78.872,2.548,1.3,0,16.07,5,5
TeamA-0362cdd5-7a63-480a-a46a-62a99fb1692f,2021-10-15,1,-0,65.873,65.875,2.888,63.6,16.6,21.6,2,12
TeamA-0362cdd5-7a63-480a-a46a-62a99fb1692f,2021-10-20,1,-0,112.057,112.058,4.403,37.4,0,18.79,9,19
TeamA-0362cdd5-7a63-480a-a46a-62a99fb1692f,2021-10-25,1,2e-4,92.255,92.235,3.026,6.5,0,17.04,4,16
TeamA-0362cdd5-7a63-480a-a46a-62a99fb1692f,2021-10-27,1,-0,110.67,110.672,4.774,12.6,0.6,19.42,5,18
TeamA-0362cdd5-7a63-480a-a46a-62a99fb1692f,2021-10-28,1,-0,242.04,242.042,4.587,14.1,0,17.62,9,27
TeamA-0362cdd5-7a63-480a-a46a-62a99fb1692f,2021-10-29,1,-0,118.403,118.405,4.818,154.9,46.5,23.1,10,17
TeamA-0362cdd5-7a63-480a-a46a-62a99fb1692f,2021-11-02,1,-0,118.488,118.49,4.059,0.9,0,15.82,9,17
TeamA-0362cdd5-7a63-480a-a46a-62a99fb1692f,2021-11-03,1,-0,112.693,112.695,3.938,9.1,0.6,18.99,3,12
TeamA-0362cdd5-7a63-480a-a46a-62a99fb1692f,2021-11-04,1,2e-4,106.558,106.538,4.076,59,4.5,20.7,2,20
TeamA-0362cdd5-7a63-480a-a46a-62a99fb1692f,2021-11-06,1,3e-4,60.625,60.607,2.641,0.4,0,14.76,4,4
TeamA-0362cdd5-7a63-480a-a46a-62a99fb1692f,2021-11-09,1,-0,123.828,123.83,3.215,10.5,0,18.01,5,21
TeamA-0362cdd5-7a63-480a-a46a-62a99fb1692f,2021-11-10,1,-0,97.553,97.555,4.335,183.7,87.5,23.58,3,9
TeamA-0362cdd5-7a63-480a-a46a-62a99fb1692f,2021-11-12,1,-0,70.758,70.76,2.652,49.9,1.7,20.49,5,11
TeamA-0362cdd5-7a63-480a-a46a-62a99fb1692f,2021-11-16,1,-0,73.507,73.508,3.02,44.6,9.1,20.72,2,15
TeamA-12e0c8b2-bad6-40fb-1948-8dec4f65d4d9,2020-06-22,1,-0,98.057,98.058,3.735,236,54.8,22.77,2,9
TeamA-12e0c8b2-bad6-40fb-1948-8dec4f65d4d9,2020-06-23,1,-0,113.212,113.213,6.534,2848,2456.9,35.91,1,12
TeamA-12e0c8b2-bad6-40fb-1948-8dec4f65d4d9,2020-06-24,1,-0,140.407,140.408,5.005,453.3,153.4,25.93,6,18
TeamA-12e0c8b2-bad6-40fb-1948-8dec4f65d4d9,2020-06-29,1,-0,102.637,102.638,4.768,325.4,126.4,25.51,11,15
TeamA-12e0c8b2-bad6-40fb-1948-8dec4f65d4d9,2020-07-02,1,-0,137.95,137.952,6.508,2678.2,2284,35.87,10,9
TeamA-12e0c8b2-bad6-40fb-1948-8dec4f65d4d9,2020-07-04,1,-0,128.222,128.223,6.131,644.7,222.5,27.84,5,17
TeamA-12e0c8b2-bad6-40fb-1948-8dec4f65d4d9,2020-07-06,1,-0,97.42,97.422,4.659,202.6,13.4,22.41,2,30
TeamA-12e0c8b2-bad6-40fb-1948-8dec4f65d4d9,2020-07-07,1,-0,127.487,127.488,5.683,292,40.2,22.75,8,18
TeamA-12e0c8b2-bad6-40fb-1948-8dec4f65d4d9,2020-07-08,1,-0,117.222,117.223,3.422,424,210.5,25.15,4,3
TeamA-12e0c8b2-bad6-40fb-1948-8dec4f65d4d9,2020-07-10,1,-0,68.605,68.607,2.391,34.6,1.1,19.72,1,3
TeamA-12e0c8b2-bad6-40fb-1948-8dec4f65d4d9,2020-07-20,1,-0,57.338,57.34,2.729,34.5,17.5,24.7,1,6
TeamA-12e0c8b2-bad6-40fb-1948-8dec4f65d4d9,2020-07-21,1,-0,71.02,71.022,1.848,25,0,18.55,1,4
TeamA-12e0c8b2-bad6-40fb-1948-8dec4f65d4d9,2020-07-22,1,-0,50.572,50.573,1.503,66.6,24.6,23.4,1,0
TeamA-12e0c8b2-bad6-40fb-1948-8dec4f65d4d9,2020-07-29,1,-0,104.425,104.427,3.968,337.3,38.2,24.94,15,5
TeamA-12e0c8b2-bad6-40fb-1948-8dec4f65d4d9,2020-07-30,1,-0,113.265,113.267,3.257,103.3,20.5,23.08,8,18
TeamA-12e0c8b2-bad6-40fb-1948-8dec4f65d4d9,2020-08-01,1,-0,57.987,57.988,2.072,198.7,97.9,28.16,3,4
TeamA-12e0c8b2-bad6-40fb-1948-8dec4f65d4d9,2020-08-03,1,-0,78.673,78.675,3.505,98.6,22.8,23.03,6,7
TeamA-12e0c8b2-bad6-40fb-1948-8dec4f65d4d9,2020-08-05,1,-0,101.26,101.262,4.27,728.5,269.4,23.49,18,40
TeamA-12e0c8b2-bad6-40fb-1948-8dec4f65d4d9,2020-08-06,1,-0,105.802,105.803,4.109,154.6,47.6,24.29,6,8
TeamA-12e0c8b2-bad6-40fb-1948-8dec4f65d4d9,2020-08-07,1,-0,60.337,60.338,1.737,30.5,1.2,19.69,0,3
TeamA-12e0c8b2-bad6-40fb-1948-8dec4f65d4d9,2020-08-11,1,-0,61.097,61.098,3.401,884.8,106.9,22.55,3,3
TeamA-12e0c8b2-bad6-40fb-1948-8dec4f65d4d9,2020-08-12,1,-0,98.972,98.973,5.452,783.1,283.6,26.81,3,11
TeamA-12e0c8b2-bad6-40fb-1948-8dec4f65d4d9,2020-08-15,1,-0,95.217,95.218,4.564,447.7,181.2,26.47,8,5
TeamA-12e0c8b2-bad6-40fb-1948-8dec4f65d4d9,2020-08-17,1,-0,70.87,70.872,4.449,153.7,16.1,22.57,6,35
TeamA-12e0c8b2-bad6-40fb-1948-8dec4f65d4d9,2020-08-19,1,-0,107.023,107.025,5.729,377.2,58.5,23.65,5,25
TeamA-12e0c8b2-bad6-40fb-1948-8dec4f65d4d9,2020-08-20,1,-0,93.335,93.337,3.991,369.3,124.4,26.33,3,19
TeamA-12e0c8b2-bad6-40fb-1948-8dec4f65d4d9,2020-08-25,1,-0,58.153,58.155,3.566,208.7,80.4,27.02,4,11
TeamA-12e0c8b2-bad6-40fb-1948-8dec4f65d4d9,2020-08-27,1,-0,60.688,60.69,3.174,119.6,10.1,22.01,6,15
TeamA-12e0c8b2-bad6-40fb-1948-8dec4f65d4d9,2020-08-29,1,-0,46.052,46.053,2.227,368.7,151.2,26.24,4,12
TeamA-12e0c8b2-bad6-40fb-1948-8dec4f65d4d9,2020-08-30,1,-0,137.857,137.858,4.348,1262.7,182.2,23.08,3,6
TeamA-12e0c8b2-bad6-40fb-1948-8dec4f65d4d9,2020-08-31,1,-0,67.203,67.205,4.119,227.4,20,22.02,8,26
TeamA-12e0c8b2-bad6-40fb-1948-8dec4f65d4d9,2020-09-01,1,-0,69.988,69.99,3.024,48.9,4,20.72,4,7
TeamA-12e0c8b2-bad6-40fb-1948-8dec4f65d4d9,2020-09-02,1,-0,96.522,96.523,5.88,425.5,131.9,26.53,3,20
TeamA-12e0c8b2-bad6-40fb-1948-8dec4f65d4d9,2020-09-03,1,-0,99.103,99.105,4.463,500.2,218,24.79,7,16
TeamA-12e0c8b2-bad6-40fb-1948-8dec4f65d4d9,2020-09-04,1,-0,73.59,73.592,2.673,374.6,107.9,24.49,0,7
TeamA-12e0c8b2-bad6-40fb-1948-8dec4f65d4d9,2020-09-07,1,-0,69.017,69.018,4.586,272.6,48.3,23.67,5,20
TeamA-12e0c8b2-bad6-40fb-1948-8dec4f65d4d9,2020-09-08,1,-0,94.353,94.355,5.348,347.3,33.9,23.05,7,19
TeamA-12e0c8b2-bad6-40fb-1948-8dec4f65d4d9,2020-09-09,1,-0,92.165,92.167,6.374,651.7,181.2,25.6,4,24
TeamA-12e0c8b2-bad6-40fb-1948-8dec4f65d4d9,2020-09-11,1,-0,73.568,73.57,3.595,355.4,130.1,25.87,6,15
TeamA-12e0c8b2-bad6-40fb-1948-8dec4f65d4d9,2020-09-12,1,-0,164.657,164.658,4.028,413.8,264,26.63,8,6
TeamA-12e0c8b2-bad6-40fb-1948-8dec4f65d4d9,2020-09-21,1,-0,71.338,71.34,4.816,496.6,210,26.32,4,20
TeamA-12e0c8b2-bad6-40fb-1948-8dec4f65d4d9,2020-09-22,1,-0,106.822,106.823,5.177,230.7,25.4,21.54,5,24
TeamA-12e0c8b2-bad6-40fb-1948-8dec4f65d4d9,2020-09-23,1,-0,106.572,106.573,5.838,461.6,141.3,24.57,5,25
TeamA-12e0c8b2-bad6-40fb-1948-8dec4f65d4d9,2020-09-25,1,-0,62.037,62.038,2.994,238.6,46.6,23.88,4,11
TeamA-12e0c8b2-bad6-40fb-1948-8dec4f65d4d9,2020-09-26,1,-0,165.838,165.84,4.379,426,258.8,23.51,4,7
TeamA-12e0c8b2-bad6-40fb-1948-8dec4f65d4d9,2020-09-28,1,-0,75.435,75.437,4.197,301,86.7,23.9,14,14
TeamA-12e0c8b2-bad6-40fb-1948-8dec4f65d4d9,2020-09-29,1,-0,97.428,97.43,5.197,216.2,13.2,21.18,5,28
TeamA-12e0c8b2-bad6-40fb-1948-8dec4f65d4d9,2020-09-30,1,-0,106.42,106.422,6.823,771.4,328.7,26.7,4,34
TeamA-12e0c8b2-bad6-40fb-1948-8dec4f65d4d9,2020-10-03,1,-0,70.303,70.305,3.259,281.2,91.3,23.07,1,14
TeamA-12e0c8b2-bad6-40fb-1948-8dec4f65d4d9,2020-10-04,1,-0,173.703,173.705,4.262,557.8,361.8,25.39,4,4
TeamA-12e0c8b2-bad6-40fb-1948-8dec4f65d4d9,2020-10-05,1,-0,75.988,75.99,4.188,119.6,20.3,22.07,4,20
TeamA-12e0c8b2-bad6-40fb-1948-8dec4f65d4d9,2020-10-06,1,-0,68.123,68.125,2.818,171.1,45.1,23.96,2,10
TeamA-12e0c8b2-bad6-40fb-1948-8dec4f65d4d9,2020-10-07,1,-0,160.722,160.723,3.808,685.9,501.4,26.48,4,7
TeamA-12e0c8b2-bad6-40fb-1948-8dec4f65d4d9,2020-10-08,1,-0,108.2,108.202,5.873,363.9,100,25.01,10,37
TeamA-12e0c8b2-bad6-40fb-1948-8dec4f65d4d9,2020-10-12,1,-0,93.505,93.507,3.807,251.2,39.1,22.26,8,27
TeamA-12e0c8b2-bad6-40fb-1948-8dec4f65d4d9,2020-10-13,1,-0,93.672,93.673,5.538,228.1,22.6,23.64,2,16
TeamA-12e0c8b2-bad6-40fb-1948-8dec4f65d4d9,2020-10-14,1,-0,108.617,108.618,6.938,907.4,360,27.7,6,26
TeamA-12e0c8b2-bad6-40fb-1948-8dec4f65d4d9,2020-10-15,1,-0,84.837,84.838,4.161,272.4,57.1,23.21,2,16
TeamA-12e0c8b2-bad6-40fb-1948-8dec4f65d4d9,2020-10-17,1,-0,54.202,54.203,3.168,288.2,71.4,25.3,3,10
TeamA-12e0c8b2-bad6-40fb-1948-8dec4f65d4d9,2020-10-18,1,-0,167.83,167.832,3.415,504.2,277.5,24.56,8,4
TeamA-12e0c8b2-bad6-40fb-1948-8dec4f65d4d9,2020-10-19,1,-0,71.888,71.89,4.511,168.2,8,20.47,5,19
TeamA-12e0c8b2-bad6-40fb-1948-8dec4f65d4d9,2020-10-20,1,-0,70.403,70.405,4.099,232.3,14.8,20.96,9,6
TeamA-12e0c8b2-bad6-40fb-1948-8dec4f65d4d9,2020-10-21,1,-0,87.887,87.888,5.12,344.6,101.5,26.6,4,34
TeamA-12e0c8b2-bad6-40fb-1948-8dec4f65d4d9,2020-10-22,1,-0,102.52,102.522,6.943,887.3,282.6,23.89,6,25
TeamA-12e0c8b2-bad6-40fb-1948-8dec4f65d4d9,2020-10-23,1,-0,95.187,95.188,5.274,453.9,178.8,26.34,3,22
TeamA-12e0c8b2-bad6-40fb-1948-8dec4f65d4d9,2020-10-26,1,-0,62.855,62.857,3.654,257.2,73.1,25.19,3,22
TeamA-12e0c8b2-bad6-40fb-1948-8dec4f65d4d9,2020-10-27,1,-0,107.788,107.79,5.716,364.2,43.7,22.69,12,25
TeamA-12e0c8b2-bad6-40fb-1948-8dec4f65d4d9,2020-10-28,1,-0,98.755,98.757,6.856,712.4,257.5,25.89,4,32
TeamA-12e0c8b2-bad6-40fb-1948-8dec4f65d4d9,2020-10-29,1,-0,90.29,90.292,4.33,169.1,25.7,21.87,4,31
TeamA-12e0c8b2-bad6-40fb-1948-8dec4f65d4d9,2020-10-31,1,-0,69.868,69.87,3.672,306.8,75.6,22.57,3,22
TeamA-12e0c8b2-bad6-40fb-1948-8dec4f65d4d9,2020-11-01,1,-0,167.738,167.74,5.217,1039.7,373.9,27.74,4,6
TeamA-12e0c8b2-bad6-40fb-1948-8dec4f65d4d9,2020-11-02,1,-0,90.972,90.973,5.099,213.2,16.5,20.79,7,38
TeamA-12e0c8b2-bad6-40fb-1948-8dec4f65d4d9,2020-11-04,1,-0,95.867,95.868,7.173,707.7,190,25.52,8,33
TeamA-12e0c8b2-bad6-40fb-1948-8dec4f65d4d9,2020-11-06,1,-0,74.04,74.042,3.405,322.4,134,26.39,3,9
TeamA-12e0c8b2-bad6-40fb-1948-8dec4f65d4d9,2020-11-07,1,-0,163.822,163.823,5.514,453.8,214.3,25.01,9,5
TeamA-12e0c8b2-bad6-40fb-1948-8dec4f65d4d9,2020-11-09,1,-0,80.108,80.11,3.081,132.9,17.7,22.67,3,12
TeamA-12e0c8b2-bad6-40fb-1948-8dec4f65d4d9,2020-11-11,1,-0,118.207,118.208,5.428,213.8,51.9,23.16,9,18
TeamA-12e0c8b2-bad6-40fb-1948-8dec4f65d4d9,2020-11-13,1,-0,98.907,98.908,5.314,619.3,239,25.32,7,22
TeamA-12e0c8b2-bad6-40fb-1948-8dec4f65d4d9,2020-11-14,1,-0,60.458,60.46,3.187,388.5,180.7,27.85,4,9
TeamA-12e0c8b2-bad6-40fb-1948-8dec4f65d4d9,2020-11-20,1,-0,84.803,84.805,4.73,327.5,68.7,22.45,1,11
TeamA-12e0c8b2-bad6-40fb-1948-8dec4f65d4d9,2020-11-23,1,-0,84.46,84.462,4.382,311.8,75.2,24.66,7,21
TeamA-12e0c8b2-bad6-40fb-1948-8dec4f65d4d9,2020-11-27,1,-0,96.983,96.985,4.782,622.1,207.8,24.92,2,16
TeamA-12e0c8b2-bad6-40fb-1948-8dec4f65d4d9,2020-11-30,1,-0,85.052,85.053,3.492,350.5,81.3,23.49,9,21
TeamA-12e0c8b2-bad6-40fb-1948-8dec4f65d4d9,2020-12-03,1,-0,85.922,85.923,4.482,236.6,21.4,22.32,10,14
TeamA-12e0c8b2-bad6-40fb-1948-8dec4f65d4d9,2020-12-05,1,-0,62.653,62.655,3.343,260.5,72.9,24.28,2,7
TeamA-1846d424-c17c-6279-23c6-612f48268673,2020-06-01,1,-0,113.39,113.392,6.723,334.8,49.8,23.36,11,16
TeamA-1846d424-c17c-6279-23c6-612f48268673,2020-06-02,1,-0,128.87,128.872,6.561,331.6,24.1,21.46,14,17
TeamA-1846d424-c17c-6279-23c6-612f48268673,2020-06-03,1,-0,122.808,122.81,8.547,894.5,239.4,24.16,15,17
TeamA-1846d424-c17c-6279-23c6-612f48268673,2020-06-04,1,-0,105.983,105.985,4.236,189.2,10.3,20.65,6,6
TeamA-1846d424-c17c-6279-23c6-612f48268673,2020-06-05,1,-0,109.022,109.023,3.667,209.8,78.5,22.19,11,3
TeamA-1846d424-c17c-6279-23c6-612f48268673,2020-06-06,1,-0,126.14,126.142,7.746,703.3,147,23.5,10,24
TeamA-1846d424-c17c-6279-23c6-612f48268673,2020-06-08,1,-0,120.725,120.727,6.307,220.4,8,20.47,6,17
TeamA-1846d424-c17c-6279-23c6-612f48268673,2020-06-09,1,-0,107.403,107.405,6.426,224.3,33.6,22.78,12,16
TeamA-1846d424-c17c-6279-23c6-612f48268673,2020-06-10,1,-0,128.723,128.725,8.772,836.5,153.3,24.95,11,8
TeamA-1846d424-c17c-6279-23c6-612f48268673,2020-06-11,1,-0,81.022,81.023,3.748,388.6,115.8,24.07,2,5
TeamA-1846d424-c17c-6279-23c6-612f48268673,2020-06-12,1,-0,98.49,98.492,4.672,444.4,152,24.57,8,7
TeamA-1846d424-c17c-6279-23c6-612f48268673,2020-06-13,1,-0,133.94,133.942,8.409,790.6,211,24.52,11,15
TeamA-1846d424-c17c-6279-23c6-612f48268673,2020-06-15,1,-0,128.42,128.422,6.448,287.9,32.6,23.13,7,15
TeamA-1846d424-c17c-6279-23c6-612f48268673,2020-06-16,1,-0,125.053,125.055,7.921,337.7,44.4,21.58,12,20
TeamA-1846d424-c17c-6279-23c6-612f48268673,2020-06-17,1,-0,123.907,123.908,6.078,761.1,214.9,24.65,15,7
TeamA-1846d424-c17c-6279-23c6-612f48268673,2020-06-19,1,-0,71.053,71.055,2.886,123.3,8.5,20.86,4,4
TeamA-1846d424-c17c-6279-23c6-612f48268673,2020-06-20,1,-0,171.207,171.208,13.516,1271.2,320,26.06,20,21
TeamA-1846d424-c17c-6279-23c6-612f48268673,2020-06-22,1,-0,63.355,63.357,3.673,264.2,40.8,22.79,7,5
TeamA-1846d424-c17c-6279-23c6-612f48268673,2020-06-23,1,-0,116.47,116.472,6.679,317.8,8.7,21.01,13,11
TeamA-1846d424-c17c-6279-23c6-612f48268673,2020-06-24,1,-0,137.372,137.373,7.654,730.2,242.3,24.85,9,18
TeamA-1846d424-c17c-6279-23c6-612f48268673,2020-06-26,1,-0,75.037,75.038,3.224,266.4,84.8,24.62,3,10
TeamA-1846d424-c17c-6279-23c6-612f48268673,2020-06-27,1,-0,157.987,157.988,11.603,1116.3,242.4,24.21,17,26
TeamA-1846d424-c17c-6279-23c6-612f48268673,2020-06-29,1,-0,93.855,93.857,3.174,157.5,50.9,23.83,9,8
TeamA-1846d424-c17c-6279-23c6-612f48268673,2020-06-30,1,-0,132.023,132.025,8.061,927.4,142.7,23.92,11,11
TeamA-1846d424-c17c-6279-23c6-612f48268673,2020-07-02,1,-0,85.438,85.44,3.142,192.2,57.4,22.72,2,2
TeamA-1846d424-c17c-6279-23c6-612f48268673,2020-07-03,1,-0,161.182,161.183,11.697,1327.6,344,24.81,12,25
TeamA-1846d424-c17c-6279-23c6-612f48268673,2020-07-06,1,-0,80.088,80.09,5.154,135,14.7,22.2,10,13
TeamA-1846d424-c17c-6279-23c6-612f48268673,2020-07-07,1,-0,110.922,110.923,6.817,339.3,54.3,22.36,12,24
TeamA-1846d424-c17c-6279-23c6-612f48268673,2020-07-08,1,-0,122.373,122.375,8.249,1176,367.7,24.54,4,17
TeamA-1846d424-c17c-6279-23c6-612f48268673,2020-07-10,1,-0,89.717,89.718,3.377,193.5,88.9,24.29,4,5
TeamA-1846d424-c17c-6279-23c6-612f48268673,2020-07-11,1,-0,154.89,154.892,11.265,1083.1,271,25.76,6,20
TeamA-1846d424-c17c-6279-23c6-612f48268673,2020-07-13,1,-0,72.967,72.968,3.435,58.2,7.6,21.5,7,5
TeamA-1846d424-c17c-6279-23c6-612f48268673,2020-07-14,1,-0,105.487,105.488,6.749,346.3,18.7,22.17,11,23
TeamA-1846d424-c17c-6279-23c6-612f48268673,2020-07-15,1,-0,96.555,96.557,6.312,1020.6,350.7,24.8,6,11
TeamA-1846d424-c17c-6279-23c6-612f48268673,2020-07-16,1,-0,103.39,103.392,4.825,267.6,65,23.75,5,9
TeamA-1846d424-c17c-6279-23c6-612f48268673,2020-07-18,1,-0,80.157,80.158,3.647,132.4,27.4,22.58,3,5
TeamA-1846d424-c17c-6279-23c6-612f48268673,2020-07-19,1,-0,173.677,173.678,12.351,1285.9,407.6,25.85,19,24
TeamA-1846d424-c17c-6279-23c6-612f48268673,2020-07-21,1,-0,89.488,89.49,3.665,74,0.6,19.93,7,3
TeamA-1846d424-c17c-6279-23c6-612f48268673,2020-07-22,1,-0,113.355,113.357,7.003,688.1,185,22.66,2,11
TeamA-1846d424-c17c-6279-23c6-612f48268673,2020-07-25,1,-0,168.87,168.872,13.953,1569.9,322.5,26.39,15,24
TeamA-1846d424-c17c-6279-23c6-612f48268673,2020-07-27,1,-1e-4,30.04,30.042,1.047,10.6,0,18.36,1,1
TeamA-1846d424-c17c-6279-23c6-612f48268673,2020-07-29,1,-0,129.903,129.905,7.695,249.7,13.1,20.54,15,13
TeamA-1846d424-c17c-6279-23c6-612f48268673,2020-07-30,1,-0,131.388,131.39,8.122,925.7,257,25.85,12,12
TeamA-1846d424-c17c-6279-23c6-612f48268673,2020-08-01,1,-0,80.582,80.583,3.487,278.9,90.9,26.09,3,3
TeamA-1846d424-c17c-6279-23c6-612f48268673,2020-08-02,1,-0,141.922,141.923,10.331,1078.8,307.2,25.89,11,11
TeamA-1846d424-c17c-6279-23c6-612f48268673,2020-08-03,1,-0,60.587,60.588,2.739,28.9,2.9,20.79,5,3
TeamA-1846d424-c17c-6279-23c6-612f48268673,2020-08-05,1,-0,106.905,106.907,5.887,220.4,17.1,20.8,10,8
TeamA-1846d424-c17c-6279-23c6-612f48268673,2020-08-06,1,-0,119.603,119.605,5.781,216.8,14.8,20.81,8,9
TeamA-1846d424-c17c-6279-23c6-612f48268673,2020-08-07,1,-0,59.07,59.072,3.466,258.1,40.4,23.51,6,4
TeamA-1846d424-c17c-6279-23c6-612f48268673,2020-08-08,1,-0,168.483,168.485,12.239,1395.3,413,26.08,19,12
TeamA-1846d424-c17c-6279-23c6-612f48268673,2020-08-12,1,-0,96.92,96.922,6.651,761.6,206.2,24.92,16,14
TeamA-1846d424-c17c-6279-23c6-612f48268673,2020-08-15,1,-0,90.642,90.643,5.224,451.4,194.9,26.03,10,3
TeamA-1846d424-c17c-6279-23c6-612f48268673,2020-08-16,1,-0,179.522,179.523,12.341,1400.6,356.9,23.93,21,31
TeamA-1846d424-c17c-6279-23c6-612f48268673,2020-08-19,1,-0,118.838,118.84,7.478,337.7,48.6,23.29,10,9
TeamA-1846d424-c17c-6279-23c6-612f48268673,2020-08-20,1,-0,89.555,89.557,4.218,351.5,102.9,24.55,16,4
TeamA-1846d424-c17c-6279-23c6-612f48268673,2020-08-21,1,-0,57.538,57.54,2.897,232.7,72.6,22.6,4,1
TeamA-1846d424-c17c-6279-23c6-612f48268673,2020-08-22,1,-0,182.657,182.658,11.169,1238.1,317.8,25.18,28,18
TeamA-1846d424-c17c-6279-23c6-612f48268673,2020-08-25,1,-0,55.54,55.542,3.436,272.7,52.8,23.2,6,3
TeamA-1846d424-c17c-6279-23c6-612f48268673,2020-08-26,1,-0,169.845,169.847,11.4,1031,180.3,23.29,21,21
TeamA-1846d424-c17c-6279-23c6-612f48268673,2020-08-29,1,-0,43.92,43.922,2.391,265,69.6,25.35,6,7
TeamA-1846d424-c17c-6279-23c6-612f48268673,2020-08-30,1,-0,82.487,82.488,7.289,975.8,321.7,24.55,12,15
TeamA-1846d424-c17c-6279-23c6-612f48268673,2020-09-02,1,-0,95.205,95.207,6.31,353.8,78.9,22.58,9,9
TeamA-1846d424-c17c-6279-23c6-612f48268673,2020-09-03,1,-0,91.555,91.557,5.793,464.2,94.6,22.41,24,18
TeamA-1846d424-c17c-6279-23c6-612f48268673,2020-09-04,1,-0,58.04,58.042,2.796,115.9,21.2,22.16,7,7
TeamA-1846d424-c17c-6279-23c6-612f48268673,2020-09-05,1,-0,153.022,153.023,0.331,0,0,12.06,0,0
TeamA-1846d424-c17c-6279-23c6-612f48268673,2020-09-08,1,-0,83.62,83.622,5.419,318.6,25,21.98,13,13
TeamA-1846d424-c17c-6279-23c6-612f48268673,2020-09-09,1,-0,114.388,114.39,8.241,459.9,44.4,21.88,10,23
TeamA-1846d424-c17c-6279-23c6-612f48268673,2020-09-11,1,-0,69.39,69.392,3.832,255.5,84.2,23.85,8,5
TeamA-1846d424-c17c-6279-23c6-612f48268673,2020-09-12,1,-0,166.03,166.032,13.164,1338.7,303.9,25.07,17,14
TeamA-1846d424-c17c-6279-23c6-612f48268673,2020-09-14,1,-0,56.388,56.39,2.718,86.8,0,19.03,7,5
TeamA-1846d424-c17c-6279-23c6-612f48268673,2020-09-15,1,-0,107.388,107.39,6.689,168.9,0.6,19.3,22,23
TeamA-1846d424-c17c-6279-23c6-612f48268673,2020-09-16,1,-0,117.573,117.575,7.356,561.7,133,23.69,19,20
TeamA-1846d424-c17c-6279-23c6-612f48268673,2020-09-21,1,-0,69.207,69.208,4.436,332.6,119.9,23.04,7,9
TeamA-1846d424-c17c-6279-23c6-612f48268673,2020-09-22,1,-0,104.355,104.357,5.413,153.1,6.2,20.63,10,13
TeamA-1846d424-c17c-6279-23c6-612f48268673,2020-09-23,1,-0,130.972,130.973,8.531,492.1,79.5,21.93,9,16
TeamA-1846d424-c17c-6279-23c6-612f48268673,2020-09-25,1,-0,84.557,84.558,3.628,157,26.3,23.76,6,4
TeamA-1846d424-c17c-6279-23c6-612f48268673,2020-09-26,1,-0,153.555,153.557,13.284,1336.9,226.8,24.38,24,34
TeamA-1846d424-c17c-6279-23c6-612f48268673,2020-09-29,1,-0,93.638,93.64,5.579,162.5,3.9,20.05,11,14
TeamA-1846d424-c17c-6279-23c6-612f48268673,2020-09-30,1,-0,120.587,120.588,7.659,607.4,100.5,23.27,9,17
TeamA-1846d424-c17c-6279-23c6-612f48268673,2020-10-01,1,-0,98.005,98.007,5.29,203.6,46,23.55,7,10
TeamA-1846d424-c17c-6279-23c6-612f48268673,2020-10-03,1,-0,85.777,85.778,4.053,243.8,40,22.06,3,6
TeamA-1846d424-c17c-6279-23c6-612f48268673,2020-10-04,1,-0,143.555,143.557,11.009,1356.7,357.7,25.36,19,20
TeamA-1846d424-c17c-6279-23c6-612f48268673,2020-10-06,1,-0,58.69,58.692,3.106,189.4,38.8,22.61,5,6
TeamA-1846d424-c17c-6279-23c6-612f48268673,2020-10-07,1,-0,105.555,105.557,5.489,757.5,172.6,22.87,2,7
TeamA-1846d424-c17c-6279-23c6-612f48268673,2020-10-08,1,-0,110.472,110.473,6.341,315.7,53.7,23.57,9,11
TeamA-1846d424-c17c-6279-23c6-612f48268673,2020-10-12,1,-0,78.053,78.055,4.666,188.9,20.8,21.4,6,7
TeamA-1846d424-c17c-6279-23c6-612f48268673,2020-10-13,1,-0,127.887,127.888,7.441,250.5,20.2,21.9,13,13
TeamA-1846d424-c17c-6279-23c6-612f48268673,2020-10-14,1,-0,105.142,105.143,7.849,902.9,279.9,25.18,7,8
TeamA-1846d424-c17c-6279-23c6-612f48268673,2020-10-15,1,-0,86.082,86.083,4.848,183.7,16,20.8,8,10
TeamA-1846d424-c17c-6279-23c6-612f48268673,2020-10-17,1,-0,54.905,54.907,3.665,215.5,24.7,21.92,3,4
TeamA-1846d424-c17c-6279-23c6-612f48268673,2020-10-18,1,-0,94.773,94.775,8.355,1054,314.3,25.08,15,14
TeamA-1846d424-c17c-6279-23c6-612f48268673,2020-10-19,1,-0,67.903,67.905,4.456,79.8,2.3,20.29,7,6
TeamA-1846d424-c17c-6279-23c6-612f48268673,2020-10-20,1,-0,67.038,67.04,3.893,100.6,0,18.79,5,1
TeamA-1846d424-c17c-6279-23c6-612f48268673,2020-10-21,1,-0,85.47,85.472,4.88,248.7,26.3,21.1,11,15
TeamA-1846d424-c17c-6279-23c6-612f48268673,2020-10-22,1,-0,81.407,81.408,5.921,649.5,164.4,23.71,7,13
TeamA-1846d424-c17c-6279-23c6-612f48268673,2020-10-27,1,-0,102.635,102.637,5.758,168.2,14.3,20.84,4,13
TeamA-1846d424-c17c-6279-23c6-612f48268673,2020-10-28,1,-0,96.855,96.857,6.86,495.1,132.1,26.42,17,23
TeamA-1846d424-c17c-6279-23c6-612f48268673,2020-10-31,1,-0,79.533,79.535,5.089,331.1,96.3,24.12,4,17
TeamA-1846d424-c17c-6279-23c6-612f48268673,2020-11-01,1,-0,100.355,100.357,9.558,1201.9,291.7,25.42,10,21
TeamA-1846d424-c17c-6279-23c6-612f48268673,2020-11-02,1,-0,66.102,66.103,2.126,70.4,17.2,23.92,3,2
TeamA-1846d424-c17c-6279-23c6-612f48268673,2020-11-04,1,-0,103.487,103.488,8.028,543.2,66,22.72,12,15
TeamA-1846d424-c17c-6279-23c6-612f48268673,2020-11-06,1,-0,68.923,68.925,4.261,182.4,20.9,23.07,1,8
TeamA-1846d424-c17c-6279-23c6-612f48268673,2020-11-07,1,-0,101.838,101.84,9.031,1078.1,248,24.47,11,15
TeamA-1846d424-c17c-6279-23c6-612f48268673,2020-11-09,1,-0,81.357,81.358,3.171,95.9,18.5,25.6,7,10
TeamA-1846d424-c17c-6279-23c6-612f48268673,2020-11-13,1,-0,87.103,87.105,4.195,307.4,102,25.43,8,27
TeamA-1846d424-c17c-6279-23c6-612f48268673,2020-11-17,1,-0,71.905,71.907,3.825,38.6,4,20.33,5,12
TeamA-1846d424-c17c-6279-23c6-612f48268673,2020-11-23,1,-0,70.752,70.753,4.172,255.3,16.8,21.39,7,18
TeamA-1846d424-c17c-6279-23c6-612f48268673,2020-11-27,1,-0,81.353,81.355,4.851,405.2,83.2,23.12,7,6
TeamA-1846d424-c17c-6279-23c6-612f48268673,2020-11-30,1,-0,76.923,76.925,3.676,238.5,91.4,23.83,5,8
TeamA-1846d424-c17c-6279-23c6-612f48268673,2020-12-03,1,-0,89.853,89.855,5.434,150.7,14.2,20.69,8,8
TeamA-23a7711a-8133-2876-37eb-dcd9e87a1613,2020-06-01,1,-0,116.388,116.39,7.053,485.6,145.1,24.35,8,13
TeamA-23a7711a-8133-2876-37eb-dcd9e87a1613,2020-06-02,1,-0,116.505,116.507,5.647,261.7,44.1,23.44,8,16
TeamA-23a7711a-8133-2876-37eb-dcd9e87a1613,2020-06-03,1,-0,123.857,123.858,7.931,1029.9,349.9,25.05,13,17
TeamA-23a7711a-8133-2876-37eb-dcd9e87a1613,2020-06-04,1,-0,108.138,108.14,4.748,216.3,7.9,19.95,4,7
TeamA-23a7711a-8133-2876-37eb-dcd9e87a1613,2020-06-05,1,-0,101.688,101.69,4.851,410.7,134,23.75,6,11
TeamA-23a7711a-8133-2876-37eb-dcd9e87a1613,2020-06-06,1,-0,122.855,122.857,7.504,725.5,198.3,25.32,10,19
TeamA-23a7711a-8133-2876-37eb-dcd9e87a1613,2020-06-08,1,-0,109.855,109.857,6.442,245.7,48.6,22.57,6,7
TeamA-23a7711a-8133-2876-37eb-dcd9e87a1613,2020-06-09,1,-0,118.338,118.34,7.354,300.8,14.8,22.51,7,11
TeamA-23a7711a-8133-2876-37eb-dcd9e87a1613,2020-06-10,1,-0,131.922,131.923,8.563,658.3,182.7,24.61,7,15
TeamA-23a7711a-8133-2876-37eb-dcd9e87a1613,2020-06-11,1,-0,88.488,88.49,4.55,592.2,254.5,24.69,5,12
TeamA-23a7711a-8133-2876-37eb-dcd9e87a1613,2020-06-12,1,-0,111.027,111.028,4.399,502.5,169.5,24.17,3,7
TeamA-23a7711a-8133-2876-37eb-dcd9e87a1613,2020-06-13,1,-0,128.405,128.407,8.494,886.1,270,26.62,6,12
TeamA-23a7711a-8133-2876-37eb-dcd9e87a1613,2020-06-15,1,-0,115.038,115.04,5.622,355.9,65.3,22.4,6,12
TeamA-23a7711a-8133-2876-37eb-dcd9e87a1613,2020-06-16,1,-0,136.922,136.923,7.991,460.5,78,24.15,9,15
TeamA-23a7711a-8133-2876-37eb-dcd9e87a1613,2020-06-17,1,-0,124.672,124.673,7.519,906.2,257.5,24.41,3,11
TeamA-23a7711a-8133-2876-37eb-dcd9e87a1613,2020-06-19,1,-0,95.407,95.408,3.924,111.4,7.5,21.31,6,2
TeamA-23a7711a-8133-2876-37eb-dcd9e87a1613,2020-06-20,1,-0,174.707,174.708,6.839,393.7,102,25.52,5,4
TeamA-23a7711a-8133-2876-37eb-dcd9e87a1613,2020-06-22,1,-0,99.02,99.022,5.479,229,20.7,21.28,10,13
TeamA-23a7711a-8133-2876-37eb-dcd9e87a1613,2020-06-23,1,-0,140.338,140.34,7.114,423.1,108.5,23.52,5,14
TeamA-23a7711a-8133-2876-37eb-dcd9e87a1613,2020-06-24,1,-0,117.99,117.992,7.729,790.9,277.3,25.95,9,11
TeamA-23a7711a-8133-2876-37eb-dcd9e87a1613,2020-06-26,1,-0,97.462,97.463,3.533,273.5,67.8,22.52,5,4
TeamA-23a7711a-8133-2876-37eb-dcd9e87a1613,2020-06-27,1,-0,116.888,116.89,5.137,413.8,140.5,23.91,4,3
TeamA-23a7711a-8133-2876-37eb-dcd9e87a1613,2020-06-29,1,-0,135.903,135.905,5.33,282.4,104.9,24.62,6,12
TeamA-23a7711a-8133-2876-37eb-dcd9e87a1613,2020-06-30,1,-0,120.023,120.025,8.025,911.3,315,25.61,6,7
TeamA-23a7711a-8133-2876-37eb-dcd9e87a1613,2020-07-02,1,-0,68.487,68.488,2.587,195.1,43,21.99,4,8
TeamA-23a7711a-8133-2876-37eb-dcd9e87a1613,2020-07-03,1,-0,161.142,161.143,5.421,290.6,79.5,25.11,2,4
TeamA-23a7711a-8133-2876-37eb-dcd9e87a1613,2020-07-04,1,-0,125.987,125.988,9.422,801.3,287,25.58,7,14
TeamA-23a7711a-8133-2876-37eb-dcd9e87a1613,2020-07-06,1,-0,86.405,86.407,5.076,123.4,3.9,20.04,3,5
TeamA-23a7711a-8133-2876-37eb-dcd9e87a1613,2020-07-07,1,-0,104.855,104.857,6.144,302.3,32.7,22.99,1,6
TeamA-23a7711a-8133-2876-37eb-dcd9e87a1613,2020-07-08,1,-0,117.943,117.945,7.8,921.1,203.9,24.76,4,2
TeamA-23a7711a-8133-2876-37eb-dcd9e87a1613,2020-07-10,1,-0,65.038,65.04,2.33,221.5,54.4,23.39,7,6
TeamA-23a7711a-8133-2876-37eb-dcd9e87a1613,2020-07-11,1,-0,115.188,115.19,3.456,298.3,73.3,22.15,3,3
TeamA-23a7711a-8133-2876-37eb-dcd9e87a1613,2020-07-13,1,-0,70.353,70.355,4.401,174.5,3.9,19.86,4,9
TeamA-23a7711a-8133-2876-37eb-dcd9e87a1613,2020-07-14,1,-0,91.907,91.908,5.742,317.8,75.6,23.09,5,12
TeamA-23a7711a-8133-2876-37eb-dcd9e87a1613,2020-07-15,1,-0,99.872,99.873,6.072,904.2,286,24.44,2,4
TeamA-23a7711a-8133-2876-37eb-dcd9e87a1613,2020-07-16,1,-0,115.607,115.608,5.276,278.3,52.1,23.04,10,20
TeamA-23a7711a-8133-2876-37eb-dcd9e87a1613,2020-07-18,1,-0,67.87,67.872,2.604,328,142.6,26.1,3,4
TeamA-23a7711a-8133-2876-37eb-dcd9e87a1613,2020-07-19,1,-0,148.973,148.975,2.416,30.9,3.4,20.29,5,2
TeamA-23a7711a-8133-2876-37eb-dcd9e87a1613,2020-07-20,1,-0,60.507,60.508,3.797,90.2,5.2,20.56,5,8
TeamA-23a7711a-8133-2876-37eb-dcd9e87a1613,2020-07-21,1,-0,92.005,92.007,4.728,228.8,35.1,21.21,12,13
TeamA-23a7711a-8133-2876-37eb-dcd9e87a1613,2020-07-22,1,-0,104.855,104.857,7.373,866.1,209.9,24.36,10,6
TeamA-23a7711a-8133-2876-37eb-dcd9e87a1613,2020-07-27,1,-0,68.882,68.883,3.968,210.8,24.9,21.85,7,9
TeamA-23a7711a-8133-2876-37eb-dcd9e87a1613,2020-07-29,1,-0,120.35,120.352,7.297,348.9,34.2,21.97,10,13
TeamA-23a7711a-8133-2876-37eb-dcd9e87a1613,2020-07-30,1,-0,104.92,104.922,6.869,1028.3,374.4,25.12,7,8
TeamA-23a7711a-8133-2876-37eb-dcd9e87a1613,2020-08-01,1,-0,79.005,79.007,3.299,326.5,104.1,24.58,7,4
TeamA-23a7711a-8133-2876-37eb-dcd9e87a1613,2020-08-02,1,-0,180.52,180.522,5.183,568.2,286,23.11,14,17
TeamA-23a7711a-8133-2876-37eb-dcd9e87a1613,2020-08-03,1,-0,53.533,53.535,2.92,66.9,3.9,20.27,4,6
TeamA-23a7711a-8133-2876-37eb-dcd9e87a1613,2020-08-05,1,-0,104.505,104.507,5.585,334.4,46,21.92,5,14
TeamA-23a7711a-8133-2876-37eb-dcd9e87a1613,2020-08-06,1,-0,101.337,101.338,4.097,74.6,9.2,21.24,1,11
TeamA-23a7711a-8133-2876-37eb-dcd9e87a1613,2020-08-07,1,-0,62.488,62.49,3.05,188.3,42.9,23.82,3,3
TeamA-23a7711a-8133-2876-37eb-dcd9e87a1613,2020-08-10,1,-0,73.09,73.092,4.467,120,12.9,21.66,10,12
TeamA-23a7711a-8133-2876-37eb-dcd9e87a1613,2020-08-11,1,-0,90.405,90.407,5.558,229.7,38,23.12,9,8
TeamA-23a7711a-8133-2876-37eb-dcd9e87a1613,2020-08-12,1,-0,137.163,137.165,6.799,740.2,251,25.5,6,10
TeamA-23a7711a-8133-2876-37eb-dcd9e87a1613,2020-08-13,1,-0,105.888,105.89,4.628,320.4,11,21.11,11,18
TeamA-23a7711a-8133-2876-37eb-dcd9e87a1613,2020-08-15,1,-0,78.522,78.523,4.205,318.3,96.5,25.48,6,10
TeamA-23a7711a-8133-2876-37eb-dcd9e87a1613,2020-08-16,1,-0,151.872,151.873,3.141,604.4,285.6,23,15,12
TeamA-23a7711a-8133-2876-37eb-dcd9e87a1613,2020-08-17,1,-0,73.905,73.907,4.351,154.3,20.4,23.35,8,10
TeamA-23a7711a-8133-2876-37eb-dcd9e87a1613,2020-08-19,1,-0,102.503,102.505,5.92,275.9,46.6,23.21,4,6
TeamA-23a7711a-8133-2876-37eb-dcd9e87a1613,2020-08-20,1,-0,76.077,76.078,3.331,259.5,99.3,24.71,2,6
TeamA-23a7711a-8133-2876-37eb-dcd9e87a1613,2020-08-21,1,-0,59.372,59.373,2.823,319.5,132.6,25.9,2,3
TeamA-23a7711a-8133-2876-37eb-dcd9e87a1613,2020-08-25,1,-0,57.523,57.525,3.987,255.7,66.3,25.77,3,9
TeamA-23a7711a-8133-2876-37eb-dcd9e87a1613,2020-08-29,1,-0,41.988,41.99,2.182,293.3,60.2,22.85,1,10
TeamA-23a7711a-8133-2876-37eb-dcd9e87a1613,2020-08-30,1,-0,153.683,153.685,4.169,1123.5,164.6,23.38,3,0
TeamA-23a7711a-8133-2876-37eb-dcd9e87a1613,2020-08-31,1,-0,69.92,69.922,4.124,205.2,24.5,22.67,9,7
TeamA-23a7711a-8133-2876-37eb-dcd9e87a1613,2020-09-02,1,-0,94.888,94.89,5.863,383.1,104.8,25.82,8,7
TeamA-259f4329-e6f4-590b-9a16-4106cf6a659e,2021-10-29,1,-0,118.417,118.418,7.64,1300.4,415.1,25.71,8,26
TeamA-2d44f941-2f24-4fc2-afa8-611a091f2e93,2020-06-01,1,-0,116.037,116.038,6.541,430.4,62.9,22.12,8,14
TeamA-2d44f941-2f24-4fc2-afa8-611a091f2e93,2020-06-02,1,-0,138.657,138.658,7.201,351.5,45.3,22.5,8,8
TeamA-2d44f941-2f24-4fc2-afa8-611a091f2e93,2020-06-03,1,-0,121.987,121.988,8.472,1022.4,345.3,25.19,8,13
TeamA-2d44f941-2f24-4fc2-afa8-611a091f2e93,2020-06-04,1,-0,90.46,90.462,1.242,0,0,10.62,1,2
TeamA-2d44f941-2f24-4fc2-afa8-611a091f2e93,2020-06-05,1,-0,129.055,129.057,5.602,494.7,125.8,23.41,5,11
TeamA-2d44f941-2f24-4fc2-afa8-611a091f2e93,2020-06-06,1,-0,134.887,134.888,8.392,922.5,261.8,25.85,2,22
TeamA-2d44f941-2f24-4fc2-afa8-611a091f2e93,2020-06-08,1,-0,125.903,125.905,6.994,325.5,22.4,21.16,8,12
TeamA-2d44f941-2f24-4fc2-afa8-611a091f2e93,2020-06-09,1,-0,123.505,123.507,7.012,309.4,20.7,21.12,10,9
TeamA-2d44f941-2f24-4fc2-afa8-611a091f2e93,2020-06-10,1,-0,136.505,136.507,9.658,1003.4,209.7,27.31,8,13
TeamA-2d44f941-2f24-4fc2-afa8-611a091f2e93,2020-06-11,1,-0,81.405,81.407,1.853,83.4,61.4,26.36,2,3
TeamA-2d44f941-2f24-4fc2-afa8-611a091f2e93,2020-06-12,1,-0,158.932,158.933,6.144,605.5,244.2,25.13,11,7
TeamA-2d44f941-2f24-4fc2-afa8-611a091f2e93,2020-06-13,1,-0,146.367,146.368,9.468,712,153.1,23.7,7,12
TeamA-2d44f941-2f24-4fc2-afa8-611a091f2e93,2020-06-15,1,-0,134.988,134.99,6.734,363.2,82.2,22.93,7,23
TeamA-2d44f941-2f24-4fc2-afa8-611a091f2e93,2020-06-16,1,-0,143.688,143.69,8.913,440,88.2,24.12,5,20
TeamA-2d44f941-2f24-4fc2-afa8-611a091f2e93,2020-06-17,1,-0,134.405,134.407,7.601,960.6,345.3,24.37,5,15
TeamA-2d44f941-2f24-4fc2-afa8-611a091f2e93,2020-06-19,1,-0,76.838,76.84,3.01,103.7,17.4,21.77,6,11
TeamA-2d44f941-2f24-4fc2-afa8-611a091f2e93,2020-06-20,1,-0,153.387,153.388,12.063,1147.6,363.9,25.27,7,20
TeamA-2d44f941-2f24-4fc2-afa8-611a091f2e93,2020-06-22,1,-0,69.838,69.84,3.392,190.8,16.3,22.11,4,7
TeamA-2d44f941-2f24-4fc2-afa8-611a091f2e93,2020-06-23,1,-0,122.99,122.992,7.007,531.3,142.9,23.52,10,12
TeamA-2d44f941-2f24-4fc2-afa8-611a091f2e93,2020-06-24,1,-0,127.472,127.473,8.585,933.5,267.3,25.13,11,21
TeamA-2d44f941-2f24-4fc2-afa8-611a091f2e93,2020-06-26,1,-0,78.52,78.522,3.188,266.9,110.7,24.59,4,2
TeamA-2d44f941-2f24-4fc2-afa8-611a091f2e93,2020-06-27,1,-0,157.42,157.422,10.907,1013.3,279.5,24.03,7,12
TeamA-2d44f941-2f24-4fc2-afa8-611a091f2e93,2020-06-29,1,-0,104.872,104.873,3.698,181.8,61.6,24.12,5,7
TeamA-2d44f941-2f24-4fc2-afa8-611a091f2e93,2020-06-30,1,-0,124.005,124.007,8.81,997.1,279.9,25.33,6,12
TeamA-2d44f941-2f24-4fc2-afa8-611a091f2e93,2020-07-02,1,-0,92.338,92.34,3.403,127,47.4,23.06,4,2
TeamA-2d44f941-2f24-4fc2-afa8-611a091f2e93,2020-07-03,1,-0,173.472,173.473,12.287,1465.3,426.2,27.05,8,20
TeamA-2d44f941-2f24-4fc2-afa8-611a091f2e93,2020-07-06,1,-0,88.19,88.192,5.085,155.5,29.7,23.85,4,9
TeamA-2d44f941-2f24-4fc2-afa8-611a091f2e93,2020-07-07,1,-0,112.387,112.388,6.482,405.1,90.3,24.11,7,13
TeamA-2d44f941-2f24-4fc2-afa8-611a091f2e93,2020-07-08,1,-0,116.005,116.007,8.281,976,303.3,26.1,7,9
TeamA-2d44f941-2f24-4fc2-afa8-611a091f2e93,2020-07-10,1,-0,72.405,72.407,2.737,256.3,89.5,25.18,5,10
TeamA-2d44f941-2f24-4fc2-afa8-611a091f2e93,2020-07-11,1,-0,162.538,162.54,11.741,1046.3,269.5,24.99,12,22
TeamA-2d44f941-2f24-4fc2-afa8-611a091f2e93,2020-07-13,1,-0,80.37,80.372,3.085,117.4,23.7,21.35,7,6
TeamA-2d44f941-2f24-4fc2-afa8-611a091f2e93,2020-07-14,1,-0,103.673,103.675,6.217,351.5,61.8,22.6,2,15
TeamA-2d44f941-2f24-4fc2-afa8-611a091f2e93,2020-07-15,1,-0,101.922,101.923,6.325,1024.5,357.5,26.12,6,4
TeamA-2d44f941-2f24-4fc2-afa8-611a091f2e93,2020-07-16,1,-0,71.39,71.392,3.119,178.9,31.4,21.72,0,4
TeamA-2d44f941-2f24-4fc2-afa8-611a091f2e93,2020-07-18,1,-0,84.055,84.057,3.178,176.7,37.7,22.35,6,7
TeamA-2d44f941-2f24-4fc2-afa8-611a091f2e93,2020-07-19,1,-0,167.837,167.838,12.777,1409.4,458.1,26.59,10,22
TeamA-2d44f941-2f24-4fc2-afa8-611a091f2e93,2020-07-21,1,-0,84.988,84.99,3.706,149.6,29.1,21.91,8,8
TeamA-2d44f941-2f24-4fc2-afa8-611a091f2e93,2020-07-22,1,-0,100.405,100.407,7.032,648.9,193.3,24.45,9,12
TeamA-2d44f941-2f24-4fc2-afa8-611a091f2e93,2020-07-25,1,-0,130.997,130.998,11.527,1326.8,438.3,25.24,3,14
TeamA-2d44f941-2f24-4fc2-afa8-611a091f2e93,2020-07-27,1,-0,37.537,37.538,1.419,28.2,0,18.75,1,2
TeamA-2d44f941-2f24-4fc2-afa8-611a091f2e93,2020-07-29,1,-0,58.022,58.023,1.258,8.7,0,18.26,0,0
TeamA-2d44f941-2f24-4fc2-afa8-611a091f2e93,2020-07-30,1,-0,64.92,64.922,2.971,514.7,109.9,23.56,3,6
TeamA-2d44f941-2f24-4fc2-afa8-611a091f2e93,2020-08-01,1,-0,86.517,86.518,3.456,325.1,124.5,25.41,3,6
TeamA-2d44f941-2f24-4fc2-afa8-611a091f2e93,2020-08-02,1,-0,170.808,170.81,10.845,1351.8,393.1,26.29,3,22
TeamA-2d44f941-2f24-4fc2-afa8-611a091f2e93,2020-08-05,1,-0,100.505,100.507,5.827,398,61,23.9,5,11
TeamA-2d44f941-2f24-4fc2-afa8-611a091f2e93,2020-08-06,1,-0,82.55,82.552,2.888,59.1,0.6,19.85,1,8
TeamA-2d44f941-2f24-4fc2-afa8-611a091f2e93,2020-08-07,1,-0,65.39,65.392,2.621,213.2,75.9,24.83,0,6
TeamA-2d44f941-2f24-4fc2-afa8-611a091f2e93,2020-08-08,1,-0,124.775,124.777,10.688,1374.7,502.8,24.63,12,20
TeamA-2d44f941-2f24-4fc2-afa8-611a091f2e93,2020-08-11,1,-0,91.14,91.142,5.252,156.2,20.3,21.95,9,3
TeamA-2d44f941-2f24-4fc2-afa8-611a091f2e93,2020-08-12,1,-0,96.988,96.99,6.969,856.1,301.8,26.18,6,4
TeamA-2d44f941-2f24-4fc2-afa8-611a091f2e93,2020-08-15,1,-0,82.873,82.875,4.474,409.3,191.3,26.24,10,10
TeamA-2d44f941-2f24-4fc2-afa8-611a091f2e93,2020-08-16,1,-0,182.022,182.023,12.445,1165.6,296,26.13,4,14
TeamA-2d44f941-2f24-4fc2-afa8-611a091f2e93,2020-08-19,1,-0,60.717,60.718,2.99,61,18.6,22.53,1,4
TeamA-2d44f941-2f24-4fc2-afa8-611a091f2e93,2020-08-20,1,-0,93.227,93.228,3.72,298.9,76.8,26.61,6,10
TeamA-2d44f941-2f24-4fc2-afa8-611a091f2e93,2020-08-21,1,-0,51.872,51.873,2.933,190.4,77.2,26.05,0,4
TeamA-2d44f941-2f24-4fc2-afa8-611a091f2e93,2020-08-22,1,-0,169.903,169.905,13.583,1351.7,266.7,23.98,10,15
TeamA-2d44f941-2f24-4fc2-afa8-611a091f2e93,2020-08-25,1,-0,57.422,57.423,3.829,277.2,112,24.53,2,6
TeamA-2d44f941-2f24-4fc2-afa8-611a091f2e93,2020-08-26,1,-0,159.753,159.755,12.538,1210.7,372.6,26.03,7,22
TeamA-2d44f941-2f24-4fc2-afa8-611a091f2e93,2020-08-29,1,-0,46.422,46.423,2.592,283.6,78.1,22.55,3,4
TeamA-2d44f941-2f24-4fc2-afa8-611a091f2e93,2020-08-30,1,-0,134.503,134.505,11.215,1849.6,630.3,26.54,8,10
TeamA-2d44f941-2f24-4fc2-afa8-611a091f2e93,2020-09-02,1,-0,94.522,94.523,5.519,235.1,63.1,25.18,6,7
TeamA-2d44f941-2f24-4fc2-afa8-611a091f2e93,2020-09-03,1,-0,64.003,64.005,2.493,51.5,0,19.54,8,2
TeamA-2d44f941-2f24-4fc2-afa8-611a091f2e93,2020-09-04,1,-0,61.422,61.423,2.54,112.5,15.9,21.9,7,11
TeamA-2d44f941-2f24-4fc2-afa8-611a091f2e93,2020-09-05,1,-0,185.472,185.473,0.451,0,0,6.69,0,0
TeamA-2d44f941-2f24-4fc2-afa8-611a091f2e93,2020-09-08,1,-0,52.363,52.365,1.49,20.4,0,18.1,1,1
TeamA-2d44f941-2f24-4fc2-afa8-611a091f2e93,2020-09-11,1,-0,75.355,75.357,3.125,141,17.9,22.4,0,5
TeamA-2d44f941-2f24-4fc2-afa8-611a091f2e93,2020-09-12,1,-0,167.988,167.99,10.75,1035,281,26.59,12,13
TeamA-2d44f941-2f24-4fc2-afa8-611a091f2e93,2020-09-21,1,-0,72.207,72.208,4.407,247.4,153.4,24.68,9,7
TeamA-2d44f941-2f24-4fc2-afa8-611a091f2e93,2020-09-23,1,-0,116.488,116.49,5.532,337.9,116.8,26.27,4,10
TeamA-2d44f941-2f24-4fc2-afa8-611a091f2e93,2020-09-25,1,-0,72.987,72.988,3.399,155.1,11.5,20.93,6,4
TeamA-2d44f941-2f24-4fc2-afa8-611a091f2e93,2020-09-26,1,-0,164.522,164.523,13.992,1427.2,382.1,25.65,5,17
TeamA-2d44f941-2f24-4fc2-afa8-611a091f2e93,2020-09-29,1,-0,54.857,54.858,2.729,14,0,18.45,2,5
TeamA-2d44f941-2f24-4fc2-afa8-611a091f2e93,2020-09-30,1,-0,114.087,114.088,7.226,852.2,303.5,25.45,4,14
TeamA-2d44f941-2f24-4fc2-afa8-611a091f2e93,2020-10-01,1,-0,91.422,91.423,4.78,190.3,52.7,24.54,7,10
TeamA-2d44f941-2f24-4fc2-afa8-611a091f2e93,2020-10-03,1,-0,73.055,73.057,3.301,223.8,51.9,23.74,0,6
TeamA-2d44f941-2f24-4fc2-afa8-611a091f2e93,2020-10-04,1,-0,137.897,137.898,10.439,980.9,219.8,25.21,12,19
TeamA-2d44f941-2f24-4fc2-afa8-611a091f2e93,2020-10-06,1,-0,60.855,60.857,3.399,190.6,65.1,26.59,2,3
TeamA-2d44f941-2f24-4fc2-afa8-611a091f2e93,2020-10-07,1,-0,162.922,162.923,13.239,1613.4,496.4,26.8,8,20
TeamA-2d44f941-2f24-4fc2-afa8-611a091f2e93,2020-10-12,1,-0,80.055,80.057,4.608,278.3,40.1,23,5,13
TeamA-2d44f941-2f24-4fc2-afa8-611a091f2e93,2020-10-13,1,-0,41.837,41.838,2.258,132.3,35.3,25.06,0,7
TeamA-2d44f941-2f24-4fc2-afa8-611a091f2e93,2020-10-14,1,-0,107.503,107.505,7.191,829.6,263.7,26.28,7,9
TeamA-2d44f941-2f24-4fc2-afa8-611a091f2e93,2020-10-15,1,-0,87.038,87.04,4.342,145.5,28.8,23.49,9,18
TeamA-2d44f941-2f24-4fc2-afa8-611a091f2e93,2020-10-17,1,-0,54.94,54.942,3.283,130.9,13.3,21.6,3,4
TeamA-2d44f941-2f24-4fc2-afa8-611a091f2e93,2020-10-18,1,-0,163.257,163.258,11.69,990.8,289.1,26.29,9,14
TeamA-2d44f941-2f24-4fc2-afa8-611a091f2e93,2020-10-20,1,-0,60.217,60.218,2.742,2.3,0,15.73,6,1
TeamA-2d44f941-2f24-4fc2-afa8-611a091f2e93,2020-10-21,1,-0,84.987,84.988,5.247,352.7,66.6,23.15,5,16
TeamA-2d44f941-2f24-4fc2-afa8-611a091f2e93,2020-10-22,1,-0,95.843,95.845,6.767,581.2,191.7,25.07,6,13
TeamA-2d44f941-2f24-4fc2-afa8-611a091f2e93,2020-10-23,1,-0,81.067,81.068,4.796,486.6,228.9,25.39,2,14
TeamA-2d44f941-2f24-4fc2-afa8-611a091f2e93,2020-10-26,1,-0,63.537,63.538,3.671,144.4,25.2,21.66,5,7
TeamA-2d44f941-2f24-4fc2-afa8-611a091f2e93,2020-10-27,1,-0,101.403,101.405,5.327,250.4,40.7,22.6,12,16
TeamA-2d44f941-2f24-4fc2-afa8-611a091f2e93,2020-10-28,1,-0,103.388,103.39,6.985,545.4,130.2,25.42,8,8
TeamA-2d44f941-2f24-4fc2-afa8-611a091f2e93,2020-10-29,1,-0,56.13,56.132,2.772,66.9,6.3,20.36,5,8
TeamA-2d44f941-2f24-4fc2-afa8-611a091f2e93,2020-10-31,1,-0,73.003,73.005,3.994,349.2,111.4,24.69,3,5
TeamA-2d44f941-2f24-4fc2-afa8-611a091f2e93,2020-11-01,1,-0,172.155,172.157,13.091,1243.2,283.7,23.49,12,15
TeamA-2d44f941-2f24-4fc2-afa8-611a091f2e93,2020-11-02,1,-0,72.838,72.84,2.061,39.7,4.7,21.17,5,3
TeamA-2d44f941-2f24-4fc2-afa8-611a091f2e93,2020-11-04,1,-0,99.322,99.323,7.324,595,176.5,23.64,3,12
TeamA-2d44f941-2f24-4fc2-afa8-611a091f2e93,2020-11-06,1,-0,52.723,52.725,2.94,182.4,32.3,22.36,3,6
TeamA-2d44f941-2f24-4fc2-afa8-611a091f2e93,2020-11-09,1,-0,74.872,74.873,3.088,130,18.9,24.68,3,3
TeamA-2d44f941-2f24-4fc2-afa8-611a091f2e93,2020-11-13,1,-0,97.24,97.242,4.515,574.2,210.5,25.45,9,5
TeamA-2d44f941-2f24-4fc2-afa8-611a091f2e93,2020-11-14,1,-0,46.588,46.59,2.173,165,65,24.4,3,5
TeamA-2d44f941-2f24-4fc2-afa8-611a091f2e93,2020-11-17,1,-0,83.99,83.992,3.756,110.8,21.6,22.88,7,10
TeamA-2d44f941-2f24-4fc2-afa8-611a091f2e93,2020-11-20,1,-0,76.387,76.388,4.518,304.3,30,23.18,1,9
TeamA-2d44f941-2f24-4fc2-afa8-611a091f2e93,2020-11-23,1,-0,89.855,89.857,4.548,341.6,102.7,24.25,5,13
TeamA-2d44f941-2f24-4fc2-afa8-611a091f2e93,2020-11-27,1,2e-4,79.655,79.638,3.921,444.3,173,25.65,2,1
TeamA-2d44f941-2f24-4fc2-afa8-611a091f2e93,2020-11-30,1,-0,95.373,95.375,3.638,323.2,124.7,23.67,6,10
TeamA-2d44f941-2f24-4fc2-afa8-611a091f2e93,2020-12-05,1,-0,61.907,61.908,3.421,345.3,102.4,24.79,5,4
TeamA-2d44f941-2f24-4fc2-afa8-611a091f2e93,2020-12-06,1,-0,179.49,179.492,12.819,1403.6,401.9,25.41,8,18
TeamA-2d44f941-2f24-4fc2-afa8-611a091f2e93,2021-02-08,1,-0,77.893,77.895,4.958,384.8,85.7,23.8,11,12
TeamA-2d44f941-2f24-4fc2-afa8-611a091f2e93,2021-02-19,1,-0,63.388,63.39,3.331,205.6,63.8,24.73,3,3
TeamA-2d44f941-2f24-4fc2-afa8-611a091f2e93,2021-02-20,1,-0,129.973,129.975,9.314,1060.6,359.2,26.83,5,9
TeamA-2d44f941-2f24-4fc2-afa8-611a091f2e93,2021-02-22,1,-0,85.907,85.908,4.577,162.5,20.6,20.94,6,18
TeamA-2d44f941-2f24-4fc2-afa8-611a091f2e93,2021-02-25,1,-0,120.405,120.407,6.029,326.1,82.7,22.88,6,9
TeamA-2d44f941-2f24-4fc2-afa8-611a091f2e93,2021-03-01,1,-0,76.32,76.322,4.648,173,6.8,20.29,9,10
TeamA-2d44f941-2f24-4fc2-afa8-611a091f2e93,2021-03-12,1,-0,110.395,110.397,9.204,1128.1,302.2,26.4,4,14
TeamA-2d44f941-2f24-4fc2-afa8-611a091f2e93,2021-03-15,1,-0,91.472,91.473,5.261,234.5,40.8,22.38,11,9
TeamA-2d44f941-2f24-4fc2-afa8-611a091f2e93,2021-03-19,1,-0,126.538,126.54,9.815,1188,390.1,27.06,10,18
TeamA-2d44f941-2f24-4fc2-afa8-611a091f2e93,2021-03-22,1,-0,85.553,85.555,5.236,337.4,89,24.58,16,23
TeamA-2d44f941-2f24-4fc2-afa8-611a091f2e93,2021-03-23,1,-0,135.42,135.422,5.595,258.7,45.1,24.41,14,9
TeamA-2d44f941-2f24-4fc2-afa8-611a091f2e93,2021-03-24,1,-0,97.887,97.888,5.895,434.4,139.2,24.64,10,10
TeamA-2d44f941-2f24-4fc2-afa8-611a091f2e93,2021-03-26,1,1e-4,114.122,114.105,4.248,413.3,165.2,24.77,10,8
TeamA-2d44f941-2f24-4fc2-afa8-611a091f2e93,2021-03-27,1,-0,108.805,108.807,9.527,1286.4,451.2,26.48,10,14
TeamA-2d44f941-2f24-4fc2-afa8-611a091f2e93,2021-03-30,1,-0,89.742,89.743,5.204,215.3,19.9,21.64,7,18
TeamA-2d44f941-2f24-4fc2-afa8-611a091f2e93,2021-04-05,1,-0,61.355,61.357,3.862,55.6,10.3,21.12,4,5
TeamA-2d44f941-2f24-4fc2-afa8-611a091f2e93,2021-04-06,1,-0,95.022,95.023,5.205,153.9,6.8,20.35,5,15
TeamA-2d44f941-2f24-4fc2-afa8-611a091f2e93,2021-04-07,1,-0,96.892,96.893,5.755,376.6,98.3,23.66,7,13
TeamA-2d44f941-2f24-4fc2-afa8-611a091f2e93,2021-04-12,1,-0,121.872,121.873,6.299,262.8,31.4,22.57,7,17
TeamA-2d44f941-2f24-4fc2-afa8-611a091f2e93,2021-04-13,1,-0,106.532,106.533,5.788,251.7,39.1,22.41,4,5
TeamA-2d44f941-2f24-4fc2-afa8-611a091f2e93,2021-04-14,1,-0,60.238,60.24,4.57,507.4,174.8,25.27,5,7
TeamA-2d44f941-2f24-4fc2-afa8-611a091f2e93,2021-04-16,1,-0,85.338,85.34,3.194,77.7,15.3,22.51,3,6
TeamA-2d44f941-2f24-4fc2-afa8-611a091f2e93,2021-04-17,1,-0,160.49,160.492,10.379,1131.8,376.4,26.03,14,20
TeamA-2d44f941-2f24-4fc2-afa8-611a091f2e93,2021-04-19,1,-0,110.088,110.09,3.923,206.5,70.8,23.96,4,13
TeamA-2d44f941-2f24-4fc2-afa8-611a091f2e93,2021-04-20,1,-0,111.758,111.76,7.03,412.3,99.6,25.09,10,19
TeamA-2d44f941-2f24-4fc2-afa8-611a091f2e93,2021-04-21,1,-0,99.405,99.407,5.517,371.2,89.4,24.59,13,8
TeamA-2d44f941-2f24-4fc2-afa8-611a091f2e93,2021-04-22,1,-0,86.837,86.838,3.667,233,50.3,22.86,5,6
TeamA-2d44f941-2f24-4fc2-afa8-611a091f2e93,2021-04-23,1,-0,130.837,130.838,10.705,1200,349,26.07,8,16
TeamA-2d44f941-2f24-4fc2-afa8-611a091f2e93,2021-04-26,1,-0,79.255,79.257,3.292,131.5,20.5,21.64,7,9
TeamA-2d44f941-2f24-4fc2-afa8-611a091f2e93,2021-04-27,1,-0,83.087,83.088,5.104,289,56.2,25.01,5,8
TeamA-2d44f941-2f24-4fc2-afa8-611a091f2e93,2021-04-28,1,-0,120.523,120.525,6.984,599.7,179.5,25.26,12,19
TeamA-2d44f941-2f24-4fc2-afa8-611a091f2e93,2021-04-30,1,-0,87.353,87.355,3.257,326.6,121.4,23.92,1,6
TeamA-2d44f941-2f24-4fc2-afa8-611a091f2e93,2021-05-01,1,1e-4,172.888,172.872,11.665,1186.1,359.2,25.86,7,23
TeamA-2d44f941-2f24-4fc2-afa8-611a091f2e93,2021-05-03,1,-0,96.745,96.747,2.889,61,13.3,21.66,0,7
TeamA-2d44f941-2f24-4fc2-afa8-611a091f2e93,2021-05-04,1,-0,43.872,43.873,2.354,107,18.4,22.78,3,2
TeamA-2d44f941-2f24-4fc2-afa8-611a091f2e93,2021-05-05,1,-0,166.523,166.525,10.912,1290.4,490.5,25.27,12,19
TeamA-2d44f941-2f24-4fc2-afa8-611a091f2e93,2021-05-10,1,2e-4,106.405,106.388,4.894,351.5,66.3,24.11,9,15
TeamA-2d44f941-2f24-4fc2-afa8-611a091f2e93,2021-05-11,1,-0,102.867,102.868,4.851,192.8,29,23.45,3,7
TeamA-2d44f941-2f24-4fc2-afa8-611a091f2e93,2021-05-14,1,-0,133.337,133.338,3.783,193.9,63.7,23.8,7,4
TeamA-2d44f941-2f24-4fc2-afa8-611a091f2e93,2021-05-15,1,1e-4,155.855,155.838,11.976,1463.1,357,25.1,15,18
TeamA-2d44f941-2f24-4fc2-afa8-611a091f2e93,2021-05-17,1,-0,110.038,110.04,2.144,29.5,1.7,19.82,5,5
TeamA-2d44f941-2f24-4fc2-afa8-611a091f2e93,2021-05-18,1,-0,126.02,126.022,4.928,229.1,6.3,19.95,4,5
TeamA-2d44f941-2f24-4fc2-afa8-611a091f2e93,2021-05-19,1,-0,92.922,92.923,7.361,838.9,251.5,27.92,5,9
TeamA-2d44f941-2f24-4fc2-afa8-611a091f2e93,2021-05-21,1,-0,85.405,85.407,3.412,302.9,85.4,24.49,4,2
TeamA-2d44f941-2f24-4fc2-afa8-611a091f2e93,2021-05-22,1,-0,162.005,162.007,12.848,1844,547.8,26.91,13,24
TeamA-2d44f941-2f24-4fc2-afa8-611a091f2e93,2021-05-24,1,2e-4,105.99,105.973,2.89,46.8,0.6,19.53,7,6
TeamA-2d44f941-2f24-4fc2-afa8-611a091f2e93,2021-05-26,1,-0,153.355,153.357,8.149,787.3,270.8,24.57,3,13
TeamA-2d44f941-2f24-4fc2-afa8-611a091f2e93,2021-05-28,1,-0,63.503,63.505,2.917,177.5,40,22.43,1,2
TeamA-2d44f941-2f24-4fc2-afa8-611a091f2e93,2021-05-29,1,-0,168.403,168.405,11.95,1355,295.8,24.53,11,16
TeamA-2d44f941-2f24-4fc2-afa8-611a091f2e93,2021-05-31,1,-1e-4,30.657,30.658,1.819,79.3,8.8,21.02,2,10
TeamA-2d44f941-2f24-4fc2-afa8-611a091f2e93,2021-06-01,1,-0,97.657,97.658,4.414,221,79.4,23.33,7,4
TeamA-2d44f941-2f24-4fc2-afa8-611a091f2e93,2021-06-02,1,2e-4,103.922,103.905,6.855,630.8,213,25.29,7,21
TeamA-2d44f941-2f24-4fc2-afa8-611a091f2e93,2021-06-04,1,-0,70.337,70.338,3.226,208.7,60.4,21.92,5,7
TeamA-2d44f941-2f24-4fc2-afa8-611a091f2e93,2021-06-05,1,-0,181.04,181.042,13.456,1298.4,257.6,25.57,6,15
TeamA-2d44f941-2f24-4fc2-afa8-611a091f2e93,2021-06-07,1,-0,104.84,104.842,2.523,59.3,5.8,21,3,10
TeamA-2d44f941-2f24-4fc2-afa8-611a091f2e93,2021-06-08,1,-0,80.505,80.507,4.011,121.7,19.3,22.13,6,5
TeamA-2d44f941-2f24-4fc2-afa8-611a091f2e93,2021-06-09,1,2e-4,91.057,91.038,5.87,405.6,112.9,25.89,8,13
TeamA-2d44f941-2f24-4fc2-afa8-611a091f2e93,2021-06-10,1,-0,121.325,121.327,5.271,268.7,28.1,21.49,7,4
TeamA-2d44f941-2f24-4fc2-afa8-611a091f2e93,2021-06-14,1,2e-4,100.792,100.773,4.926,269.6,37.7,21.4,6,6
TeamA-2d44f941-2f24-4fc2-afa8-611a091f2e93,2021-06-15,1,-0,80.523,80.525,4.155,191.5,57.5,24.57,3,11
TeamA-2d44f941-2f24-4fc2-afa8-611a091f2e93,2021-06-16,1,-0,135.038,135.04,7.782,573.2,170.2,26.02,9,12
TeamA-2d44f941-2f24-4fc2-afa8-611a091f2e93,2021-06-18,1,-0,61.053,61.055,3.013,263.4,82.8,24.25,5,8
TeamA-2d44f941-2f24-4fc2-afa8-611a091f2e93,2021-06-19,1,-0,113.903,113.905,5.845,571.6,181.7,24.93,2,13
TeamA-2d44f941-2f24-4fc2-afa8-611a091f2e93,2021-06-21,1,-0,60.488,60.49,2.6,261.6,47,23.66,5,6
TeamA-2d44f941-2f24-4fc2-afa8-611a091f2e93,2021-06-22,1,1e-4,170.488,170.472,10.162,880.8,127,24.11,8,18
TeamA-2d44f941-2f24-4fc2-afa8-611a091f2e93,2021-06-24,1,-0,59.922,59.923,1.88,73,13.3,21.66,1,5
TeamA-2d44f941-2f24-4fc2-afa8-611a091f2e93,2021-06-25,1,-0,62.405,62.407,2.581,96.7,10.8,20.8,0,5
TeamA-2d44f941-2f24-4fc2-afa8-611a091f2e93,2021-06-28,1,3e-4,55.905,55.887,2.206,62,41.7,23.66,0,2
TeamA-2d44f941-2f24-4fc2-afa8-611a091f2e93,2021-06-29,1,-0,79.623,79.625,2.8,195.2,51.4,23.72,2,5
TeamA-2d44f941-2f24-4fc2-afa8-611a091f2e93,2021-06-30,1,-0,182.557,182.558,6.677,565.9,134.8,23.53,6,5
TeamA-2d44f941-2f24-4fc2-afa8-611a091f2e93,2021-07-03,1,-0,56.022,56.023,2.652,85.9,6.8,20.2,1,6
TeamA-2d44f941-2f24-4fc2-afa8-611a091f2e93,2021-07-04,1,-0,167.808,167.81,9.514,880.5,210.4,22.91,6,12
TeamA-2d44f941-2f24-4fc2-afa8-611a091f2e93,2021-07-07,1,-0,90.207,90.208,4.453,213.5,28.7,23.6,4,11
TeamA-2d44f941-2f24-4fc2-afa8-611a091f2e93,2021-07-08,1,2e-4,89.688,89.672,3.588,106.7,11.7,23.92,6,3
TeamA-2d44f941-2f24-4fc2-afa8-611a091f2e93,2021-07-09,1,-0,79.883,79.885,4.082,942,719.4,35.7,7,3
TeamA-2d44f941-2f24-4fc2-afa8-611a091f2e93,2021-07-10,1,-0,183.138,183.14,13.613,1552,455.1,26.04,13,18
TeamA-2d44f941-2f24-4fc2-afa8-611a091f2e93,2021-07-13,1,5e-4,38.838,38.82,2.25,4.6,0,16.62,0,0
TeamA-2d44f941-2f24-4fc2-afa8-611a091f2e93,2021-08-03,1,-0,102.488,102.49,6.087,315.1,50.9,22.58,8,9
TeamA-2d44f941-2f24-4fc2-afa8-611a091f2e93,2021-08-04,1,-0,126.988,126.99,7.521,859,365.9,26.25,5,11
TeamA-2d44f941-2f24-4fc2-afa8-611a091f2e93,2021-08-06,1,3e-4,57.988,57.97,2.772,140.1,18.1,22.7,2,4
TeamA-2d44f941-2f24-4fc2-afa8-611a091f2e93,2021-08-07,1,2e-4,165.542,165.513,11.218,993.2,277.2,25.89,7,15
TeamA-2d44f941-2f24-4fc2-afa8-611a091f2e93,2021-08-09,1,-0,35.403,35.405,1.45,31.7,4.7,21.39,2,3
TeamA-2d44f941-2f24-4fc2-afa8-611a091f2e93,2021-08-10,1,2e-4,114.855,114.837,4.542,225.6,72,24.77,4,13
TeamA-2d44f941-2f24-4fc2-afa8-611a091f2e93,2021-08-11,1,-0,116.622,116.623,8.122,459.1,96.8,23.43,5,15
TeamA-2d44f941-2f24-4fc2-afa8-611a091f2e93,2021-08-13,1,3e-4,64.023,64.005,2.873,86.9,12.1,21.82,2,3
TeamA-2d44f941-2f24-4fc2-afa8-611a091f2e93,2021-08-14,1,-0,140.767,140.768,10.195,962.5,288.9,27.7,6,20
TeamA-2d44f941-2f24-4fc2-afa8-611a091f2e93,2021-09-13,1,-0,86.65,86.652,3.862,217.7,155,25.83,2,6
TeamA-2d44f941-2f24-4fc2-afa8-611a091f2e93,2021-09-27,1,-0,80.54,80.542,3.777,138.6,10.5,21.32,6,7
TeamA-2d44f941-2f24-4fc2-afa8-611a091f2e93,2021-10-01,1,-0,78.138,78.14,3.203,181.5,55.6,24.03,5,1
TeamA-2d44f941-2f24-4fc2-afa8-611a091f2e93,2021-10-04,1,-0,86.405,86.407,3.891,159.9,37.2,23.79,3,11
TeamA-2d44f941-2f24-4fc2-afa8-611a091f2e93,2021-10-05,1,-0,112.005,112.007,5.8,166.5,23.5,22.43,1,11
TeamA-2d44f941-2f24-4fc2-afa8-611a091f2e93,2021-10-07,1,-0,113.09,113.092,8.461,443.4,87.5,22.48,7,5
TeamA-2d44f941-2f24-4fc2-afa8-611a091f2e93,2021-10-08,1,3e-4,78.503,78.482,3.625,218.4,60,24.38,4,7
TeamA-2d44f941-2f24-4fc2-afa8-611a091f2e93,2021-10-09,1,-0,154.022,154.023,3.256,23.9,0,18.31,0,0
TeamA-2d44f941-2f24-4fc2-afa8-611a091f2e93,2021-10-10,1,-0,119.265,119.267,8.086,565.8,148.8,25.25,4,7
TeamA-2d44f941-2f24-4fc2-afa8-611a091f2e93,2021-10-11,1,3e-4,79.155,79.135,2.904,41.6,1.1,19.35,5,4
TeamA-2d44f941-2f24-4fc2-afa8-611a091f2e93,2021-10-12,1,2e-4,84.872,84.852,4.443,193,34.2,24.02,5,6
TeamA-2d44f941-2f24-4fc2-afa8-611a091f2e93,2021-10-15,1,-0,47.472,47.473,2.911,84.8,7.4,20.93,2,4
TeamA-32fed4b3-d7fc-482d-ba21-c46c58f015b5,2020-06-01,1,-0,109.405,109.407,7.274,441.4,104,25.39,1,17
TeamA-32fed4b3-d7fc-482d-ba21-c46c58f015b5,2020-06-02,1,-0,126.872,126.873,5.859,122.4,8.8,22.57,5,14
TeamA-32fed4b3-d7fc-482d-ba21-c46c58f015b5,2020-06-03,1,-0,128.473,128.475,8.755,1007.7,265,24.16,7,15
TeamA-32fed4b3-d7fc-482d-ba21-c46c58f015b5,2020-06-05,1,-0,109.407,109.408,5.286,395.3,110.4,23.43,13,16
TeamA-32fed4b3-d7fc-482d-ba21-c46c58f015b5,2020-06-06,1,-0,133.622,133.623,8.022,638.5,170.9,27.48,5,11
TeamA-32fed4b3-d7fc-482d-ba21-c46c58f015b5,2020-06-08,1,-0,120.055,120.057,6.908,220.2,32.2,22.67,6,22
TeamA-32fed4b3-d7fc-482d-ba21-c46c58f015b5,2020-06-09,1,-0,111.538,111.54,1.751,0,0,12.55,0,0
TeamA-32fed4b3-d7fc-482d-ba21-c46c58f015b5,2020-06-10,1,-0,134.988,134.99,8.615,615.4,115.5,22.23,6,13
TeamA-32fed4b3-d7fc-482d-ba21-c46c58f015b5,2020-06-12,1,-0,80.338,80.34,2.319,131.2,85.4,26.8,2,4
TeamA-32fed4b3-d7fc-482d-ba21-c46c58f015b5,2020-06-13,1,-0,135.482,135.483,9.253,818.7,238.3,27.16,8,16
TeamA-32fed4b3-d7fc-482d-ba21-c46c58f015b5,2020-06-16,1,-0,134.588,134.59,7.806,461.2,100.2,24.6,7,16
TeamA-32fed4b3-d7fc-482d-ba21-c46c58f015b5,2020-06-17,1,-0,146.315,146.317,8.081,1039.7,419.6,27.54,2,13
TeamA-32fed4b3-d7fc-482d-ba21-c46c58f015b5,2020-06-19,1,-0,83.922,83.923,3.175,355,115.3,24.47,7,10
TeamA-32fed4b3-d7fc-482d-ba21-c46c58f015b5,2020-06-20,1,-0,179.017,179.018,8.692,700,238.9,26.76,11,25
TeamA-32fed4b3-d7fc-482d-ba21-c46c58f015b5,2020-06-22,1,-0,96.14,96.142,5.875,223.7,26.8,23.34,7,14
TeamA-32fed4b3-d7fc-482d-ba21-c46c58f015b5,2020-06-23,1,-0,115.167,115.168,1.528,1.4,0,16.09,0,0
TeamA-32fed4b3-d7fc-482d-ba21-c46c58f015b5,2020-06-24,1,-0,138.887,138.888,8.589,958.6,339.2,27.64,13,13
TeamA-32fed4b3-d7fc-482d-ba21-c46c58f015b5,2020-06-26,1,-0,81.757,81.758,3.779,331.2,113.9,24.51,4,12
TeamA-32fed4b3-d7fc-482d-ba21-c46c58f015b5,2020-06-27,1,-0,153.522,153.523,11.108,1053.6,326.4,26.32,8,14
TeamA-32fed4b3-d7fc-482d-ba21-c46c58f015b5,2020-06-29,1,-0,87.572,87.573,3.717,270.8,110.1,26.95,6,6
TeamA-32fed4b3-d7fc-482d-ba21-c46c58f015b5,2020-06-30,1,-0,133.973,133.975,8.133,901.7,278.5,25.55,8,15
TeamA-32fed4b3-d7fc-482d-ba21-c46c58f015b5,2020-07-02,1,-0,75.555,75.557,2.476,283,88.6,25.25,3,4
TeamA-32fed4b3-d7fc-482d-ba21-c46c58f015b5,2020-07-03,1,-0,158.682,158.683,9.656,1255.3,497.9,28.3,7,10
TeamA-32fed4b3-d7fc-482d-ba21-c46c58f015b5,2020-07-06,1,-0,81.355,81.357,4.499,183.5,13.8,21.17,6,14
TeamA-32fed4b3-d7fc-482d-ba21-c46c58f015b5,2020-08-31,1,-0,473.98,473.982,1.053,0,0,5.66,0,0
TeamA-32fed4b3-d7fc-482d-ba21-c46c58f015b5,2020-09-30,1,-0,104.54,104.542,5.077,565.8,300.8,26.27,4,13
TeamA-32fed4b3-d7fc-482d-ba21-c46c58f015b5,2020-10-01,1,-0,90.838,90.84,5.289,375.7,166.8,27.56,1,17
TeamA-32fed4b3-d7fc-482d-ba21-c46c58f015b5,2020-10-03,1,-0,69.837,69.838,2.743,145.7,22.1,22.29,5,4
TeamA-32fed4b3-d7fc-482d-ba21-c46c58f015b5,2020-10-05,1,-0,63.472,63.473,3.706,88.2,30.3,25.23,2,8
TeamA-32fed4b3-d7fc-482d-ba21-c46c58f015b5,2020-10-08,1,-0,107.422,107.423,4.851,238.3,59,23.97,4,11
TeamA-32fed4b3-d7fc-482d-ba21-c46c58f015b5,2020-10-12,1,-0,81.45,81.452,4.604,97.5,8.4,22.86,2,11
TeamA-32fed4b3-d7fc-482d-ba21-c46c58f015b5,2020-10-14,1,-0,113.023,113.025,6.972,550.8,177.9,24.03,5,15
TeamA-32fed4b3-d7fc-482d-ba21-c46c58f015b5,2020-10-17,1,-0,88.933,88.935,3.29,238.6,54,22.06,2,4
TeamA-32fed4b3-d7fc-482d-ba21-c46c58f015b5,2020-10-19,1,-0,76.807,76.808,4.568,93.3,10.5,21.58,10,13
TeamA-32fed4b3-d7fc-482d-ba21-c46c58f015b5,2020-10-21,1,-0,52.405,52.407,3.103,167.5,96.7,23.4,5,8
TeamA-32fed4b3-d7fc-482d-ba21-c46c58f015b5,2020-10-22,1,-0,109.488,109.49,7.078,582,184.8,25.93,11,10
TeamA-32fed4b3-d7fc-482d-ba21-c46c58f015b5,2020-10-23,1,-0,81.573,81.575,5.066,467.2,222.9,26.51,5,5
TeamA-32fed4b3-d7fc-482d-ba21-c46c58f015b5,2020-10-26,1,-0,67.94,67.942,3.707,201.1,46,23.29,6,10
TeamA-32fed4b3-d7fc-482d-ba21-c46c58f015b5,2020-10-28,1,-0,60.988,60.99,4.224,407.3,112.8,25.44,2,4
TeamA-32fed4b3-d7fc-482d-ba21-c46c58f015b5,2020-10-31,1,-0,69.972,69.973,3.991,358.6,57,22.11,5,12
TeamA-32fed4b3-d7fc-482d-ba21-c46c58f015b5,2020-11-01,1,-0,176.643,176.645,5.115,1013,410.8,26.56,3,7
TeamA-32fed4b3-d7fc-482d-ba21-c46c58f015b5,2020-11-02,1,-0,86.522,86.523,5.204,139.5,23.7,22.6,4,12
TeamA-32fed4b3-d7fc-482d-ba21-c46c58f015b5,2020-11-04,1,-0,76.567,76.568,5.877,717.9,233,26.85,2,9
TeamA-32fed4b3-d7fc-482d-ba21-c46c58f015b5,2020-11-06,1,-0,46.857,46.858,2.401,256.4,70.5,23.64,2,4
TeamA-32fed4b3-d7fc-482d-ba21-c46c58f015b5,2020-11-07,1,-0,204.403,204.405,7.362,278.9,58.3,21.6,3,7
TeamA-32fed4b3-d7fc-482d-ba21-c46c58f015b5,2020-11-09,1,-0,79.522,79.523,3.85,197.2,41.1,22.36,8,6
TeamA-32fed4b3-d7fc-482d-ba21-c46c58f015b5,2020-11-13,1,-0,88.512,88.513,4.61,397.9,149.8,25.09,3,14
TeamA-32fed4b3-d7fc-482d-ba21-c46c58f015b5,2020-11-17,1,-0,70.833,70.835,3.785,116.1,6.9,21.27,3,5
TeamA-32fed4b3-d7fc-482d-ba21-c46c58f015b5,2020-11-20,1,-0,62.405,62.407,4.254,233.4,64.5,24.05,3,6
TeamA-32fed4b3-d7fc-482d-ba21-c46c58f015b5,2020-11-23,1,-0,75.055,75.057,2.884,67.7,7.4,20.72,3,9
TeamA-32fed4b3-d7fc-482d-ba21-c46c58f015b5,2020-11-30,1,-0,72.993,72.995,3.679,503.7,243.2,26.99,10,8
TeamA-32fed4b3-d7fc-482d-ba21-c46c58f015b5,2021-03-01,1,-0,73.95,73.952,4.521,252.9,68.8,23.01,5,15
TeamA-32fed4b3-d7fc-482d-ba21-c46c58f015b5,2021-03-12,1,-0,65.137,65.138,3.948,318.2,96.3,24.87,7,3
TeamA-32fed4b3-d7fc-482d-ba21-c46c58f015b5,2021-03-15,1,-0,52.64,52.642,2.031,6.7,0,17.82,2,1
TeamA-32fed4b3-d7fc-482d-ba21-c46c58f015b5,2021-03-19,1,-0,112.567,112.568,8.983,1304.8,482.3,27.65,4,12
TeamA-32fed4b3-d7fc-482d-ba21-c46c58f015b5,2021-03-22,1,-0,85.472,85.473,3.974,216.5,47,23.7,2,12
TeamA-32fed4b3-d7fc-482d-ba21-c46c58f015b5,2021-03-23,1,-0,83.89,83.892,5.166,139.8,19.1,22.31,6,10
TeamA-32fed4b3-d7fc-482d-ba21-c46c58f015b5,2021-03-27,1,-0,111.487,111.488,9.397,1051,317.2,27.64,4,17
TeamA-32fed4b3-d7fc-482d-ba21-c46c58f015b5,2021-03-30,1,-0,90.057,90.058,5.271,151.4,12.6,20.48,6,10
TeamA-32fed4b3-d7fc-482d-ba21-c46c58f015b5,2021-04-06,1,-0,92.838,92.84,5.587,184.6,10.4,21.2,7,6
TeamA-32fed4b3-d7fc-482d-ba21-c46c58f015b5,2021-04-07,1,-0,92.97,92.972,5.569,242.4,22,21.72,4,9
TeamA-32fed4b3-d7fc-482d-ba21-c46c58f015b5,2021-09-08,1,-0,53.505,53.507,2.088,110.9,0.6,18.7,9,8
TeamA-32fed4b3-d7fc-482d-ba21-c46c58f015b5,2021-09-10,1,-0,42.872,42.873,1.818,15.8,1.2,19.93,1,4
TeamA-32fed4b3-d7fc-482d-ba21-c46c58f015b5,2021-09-14,1,-0,64.37,64.372,2.818,173,101.4,25.26,4,11
TeamA-32fed4b3-d7fc-482d-ba21-c46c58f015b5,2021-09-17,1,-0,57.505,57.507,2.716,50,0,18.8,1,6
TeamA-32fed4b3-d7fc-482d-ba21-c46c58f015b5,2021-09-23,1,-0,89.387,89.388,3.764,166.1,55.7,24.18,3,5
TeamA-32fed4b3-d7fc-482d-ba21-c46c58f015b5,2021-09-24,1,-0,58.972,58.973,3.764,227.9,32,23.74,6,5
TeamA-32fed4b3-d7fc-482d-ba21-c46c58f015b5,2021-09-27,1,-0,52.588,52.59,2.722,142.6,9.7,21.21,3,6
TeamA-32fed4b3-d7fc-482d-ba21-c46c58f015b5,2021-09-29,1,-0,65.42,65.422,3.865,200.2,56.8,25.01,4,8
TeamA-32fed4b3-d7fc-482d-ba21-c46c58f015b5,2021-10-01,1,-0,36.387,36.388,2.262,68.5,2.3,19.71,1,2
TeamA-32fed4b3-d7fc-482d-ba21-c46c58f015b5,2021-10-04,1,-0,55.188,55.19,2.74,77.7,9.6,24.09,6,17
TeamA-32fed4b3-d7fc-482d-ba21-c46c58f015b5,2021-10-06,1,-0,101.872,101.873,5.804,693,210.3,25.32,8,22
TeamA-32fed4b3-d7fc-482d-ba21-c46c58f015b5,2021-10-08,1,-0,44.005,44.007,2.533,116.2,12.7,20.84,3,2
TeamA-32fed4b3-d7fc-482d-ba21-c46c58f015b5,2021-10-11,1,-0,75.485,75.487,3.787,87,12.5,22.84,2,7
TeamA-32fed4b3-d7fc-482d-ba21-c46c58f015b5,2021-10-15,1,-0,67.005,67.007,4.562,339.7,58,23.02,7,11
TeamA-32fed4b3-d7fc-482d-ba21-c46c58f015b5,2021-10-18,1,-0,73.05,73.052,3.698,91.1,0.6,19.67,5,15
TeamA-32fed4b3-d7fc-482d-ba21-c46c58f015b5,2021-10-19,1,-0,91.52,91.522,5.321,218.1,59.7,21.94,4,10
TeamA-32fed4b3-d7fc-482d-ba21-c46c58f015b5,2021-10-25,1,-0,73.837,73.838,3.298,74.4,19.7,22.55,0,7
TeamA-32fed4b3-d7fc-482d-ba21-c46c58f015b5,2021-10-27,1,-0,98.038,98.04,6.041,391.9,76.7,23.87,9,8
TeamA-32fed4b3-d7fc-482d-ba21-c46c58f015b5,2021-10-29,1,-0,85.055,85.057,6.551,514.9,211.5,25.45,6,15
TeamA-32fed4b3-d7fc-482d-ba21-c46c58f015b5,2021-11-02,1,-0,104.487,104.488,5.69,213.8,51.8,25,2,13
TeamA-32fed4b3-d7fc-482d-ba21-c46c58f015b5,2021-11-04,1,-0,104.972,104.973,7.756,752.1,231.9,26.31,6,10
TeamA-32fed4b3-d7fc-482d-ba21-c46c58f015b5,2021-11-06,1,-0,51.388,51.39,2.801,337.8,138.2,24.71,9,7
TeamA-32fed4b3-d7fc-482d-ba21-c46c58f015b5,2021-11-08,1,-0,63.105,63.107,4.398,127.1,5.7,20.08,4,11
TeamA-32fed4b3-d7fc-482d-ba21-c46c58f015b5,2021-11-10,1,-0,98.355,98.357,6.638,470.7,150.6,26.21,5,5
TeamA-32fed4b3-d7fc-482d-ba21-c46c58f015b5,2021-11-12,1,-0,61.223,61.225,3.247,303.3,52.8,24.46,4,3
TeamA-32fed4b3-d7fc-482d-ba21-c46c58f015b5,2021-11-16,1,-0,75.142,75.143,4.797,129.7,18.5,21.4,4,10
TeamA-358603ef-b3a3-46b5-b80a-ad64e06b6592,2020-07-03,1,-0,135.342,135.343,6.719,803.6,338.6,30.43,4,7
TeamA-358603ef-b3a3-46b5-b80a-ad64e06b6592,2020-07-04,1,-0,150.893,150.895,7.239,737.5,210.3,27.04,6,9
TeamA-358603ef-b3a3-46b5-b80a-ad64e06b6592,2020-07-06,1,-0,94.922,94.923,5.725,109.1,10.1,22.21,6,8
TeamA-358603ef-b3a3-46b5-b80a-ad64e06b6592,2020-07-07,1,-0,105.005,105.007,6.027,297.2,32.1,23.31,9,17
TeamA-358603ef-b3a3-46b5-b80a-ad64e06b6592,2020-07-08,1,-0,152.488,152.49,9.241,1518.5,616.1,26.07,8,27
TeamA-358603ef-b3a3-46b5-b80a-ad64e06b6592,2020-07-10,1,-0,78.007,78.008,3.194,423.1,211.6,26.23,6,5
TeamA-358603ef-b3a3-46b5-b80a-ad64e06b6592,2020-07-11,1,-0,127.537,127.538,11.783,1891.6,769.7,29.85,5,29
TeamA-358603ef-b3a3-46b5-b80a-ad64e06b6592,2020-07-13,1,-0,72.333,72.335,2.571,108,18.5,23.02,7,9
TeamA-358603ef-b3a3-46b5-b80a-ad64e06b6592,2020-07-14,1,-0,112.372,112.373,6.333,339.2,42.8,22.56,9,22
TeamA-358603ef-b3a3-46b5-b80a-ad64e06b6592,2020-07-15,1,-0,135.047,135.048,6.508,1143.5,457.2,28.24,8,14
TeamA-358603ef-b3a3-46b5-b80a-ad64e06b6592,2020-07-16,1,-0,112.92,112.922,4.273,406.4,198.5,26.74,3,6
TeamA-358603ef-b3a3-46b5-b80a-ad64e06b6592,2020-07-18,1,-0,67.003,67.005,2.833,417,124.9,24.39,10,9
TeamA-358603ef-b3a3-46b5-b80a-ad64e06b6592,2020-07-19,1,-0,165.605,165.607,14.105,2008.2,788.3,27.8,18,34
TeamA-358603ef-b3a3-46b5-b80a-ad64e06b6592,2020-07-21,1,-0,107.555,107.557,4.59,172.5,31.5,22.7,13,9
TeamA-358603ef-b3a3-46b5-b80a-ad64e06b6592,2020-07-22,1,-0,108.022,108.023,7.735,979.5,359.7,28.94,6,14
TeamA-358603ef-b3a3-46b5-b80a-ad64e06b6592,2020-07-25,1,-0,175.505,175.507,14.16,2001.8,828.1,27.93,14,34
TeamA-358603ef-b3a3-46b5-b80a-ad64e06b6592,2020-07-27,1,-0,64.355,64.357,1.276,48.6,10.4,21.43,2,4
TeamA-358603ef-b3a3-46b5-b80a-ad64e06b6592,2020-07-29,1,-0,122.405,122.407,7.473,360.7,32.8,22,12,17
TeamA-358603ef-b3a3-46b5-b80a-ad64e06b6592,2020-07-30,1,-0,116.388,116.39,7.237,1190,400.5,25.48,12,16
TeamA-358603ef-b3a3-46b5-b80a-ad64e06b6592,2020-08-01,1,-0,81.903,81.905,3.257,459.8,172.3,28.36,9,18
TeamA-358603ef-b3a3-46b5-b80a-ad64e06b6592,2020-08-02,1,-0,172.988,172.99,14.501,1943.3,632,28.23,27,29
TeamA-358603ef-b3a3-46b5-b80a-ad64e06b6592,2020-08-03,1,-0,57.72,57.722,2.239,40,0,19.52,3,5
TeamA-358603ef-b3a3-46b5-b80a-ad64e06b6592,2020-08-05,1,-0,105.022,105.023,5.654,327.2,65.4,23.11,10,12
TeamA-358603ef-b3a3-46b5-b80a-ad64e06b6592,2020-08-06,1,-0,104.007,104.008,4.591,193.9,42.6,22.42,9,3
TeamA-358603ef-b3a3-46b5-b80a-ad64e06b6592,2020-08-07,1,-0,57.187,57.188,2.315,246.7,89,25.7,9,7
TeamA-358603ef-b3a3-46b5-b80a-ad64e06b6592,2020-08-08,1,-0,182.072,182.073,14.241,2087.1,683.8,28.36,34,45
TeamA-358603ef-b3a3-46b5-b80a-ad64e06b6592,2020-08-11,1,-0,90.47,90.472,5.097,166.3,22.9,22.55,5,9
TeamA-358603ef-b3a3-46b5-b80a-ad64e06b6592,2020-08-12,1,-0,105.575,105.577,5.815,812.8,339.8,27.89,7,22
TeamA-358603ef-b3a3-46b5-b80a-ad64e06b6592,2020-08-13,1,-0,108.053,108.055,5.384,536,168.3,25.61,17,24
TeamA-358603ef-b3a3-46b5-b80a-ad64e06b6592,2020-08-15,1,-0,86.503,86.505,4.436,468.9,212.6,27.84,11,8
TeamA-358603ef-b3a3-46b5-b80a-ad64e06b6592,2020-08-16,1,-0,182.522,182.523,14.81,2237.3,801.3,29.17,11,43
TeamA-358603ef-b3a3-46b5-b80a-ad64e06b6592,2020-08-17,1,-0,41.653,41.655,1.591,1.3,0,16.02,0,0
TeamA-358603ef-b3a3-46b5-b80a-ad64e06b6592,2020-08-20,1,-0,91.97,91.972,3.675,362.1,149.6,26.85,9,10
TeamA-358603ef-b3a3-46b5-b80a-ad64e06b6592,2020-08-21,1,-0,48.853,48.855,2.442,303.4,118.7,27.28,7,5
TeamA-358603ef-b3a3-46b5-b80a-ad64e06b6592,2020-08-22,1,-0,132.422,132.423,12.154,1832.5,581.6,26.99,5,14
TeamA-358603ef-b3a3-46b5-b80a-ad64e06b6592,2020-08-25,1,-0,64.537,64.538,3.384,225.2,58.8,26.01,9,12
TeamA-358603ef-b3a3-46b5-b80a-ad64e06b6592,2020-08-26,1,-0,178.855,178.857,14.328,1723.1,786,29.01,25,18
TeamA-358603ef-b3a3-46b5-b80a-ad64e06b6592,2020-08-29,1,-0,52.122,52.123,2.115,221.1,47,24.24,6,7
TeamA-358603ef-b3a3-46b5-b80a-ad64e06b6592,2020-08-30,1,-0,120.522,120.523,12.666,2539.3,912.6,26.99,9,38
TeamA-358603ef-b3a3-46b5-b80a-ad64e06b6592,2020-09-01,1,-0,68.738,68.74,2.84,140.6,65.2,22.96,3,1
TeamA-358603ef-b3a3-46b5-b80a-ad64e06b6592,2020-09-02,1,-0,100.003,100.005,6.401,443.7,144.2,28.32,6,13
TeamA-358603ef-b3a3-46b5-b80a-ad64e06b6592,2020-09-03,1,-0,95.003,95.005,4.261,490,174.6,25.49,15,11
TeamA-358603ef-b3a3-46b5-b80a-ad64e06b6592,2020-09-04,1,-0,58.623,58.625,2.682,244.8,47.8,23.04,7,5
TeamA-358603ef-b3a3-46b5-b80a-ad64e06b6592,2020-09-05,1,-0,188.005,188.007,0.464,0,0,11.27,0,0
TeamA-358603ef-b3a3-46b5-b80a-ad64e06b6592,2020-09-09,1,-0,94.44,94.442,5.364,385.6,115.3,25.39,6,7
TeamA-358603ef-b3a3-46b5-b80a-ad64e06b6592,2020-09-11,1,-0,53.472,53.473,2.658,261.9,80.2,25.44,4,4
TeamA-358603ef-b3a3-46b5-b80a-ad64e06b6592,2020-09-12,1,-0,177.037,177.038,13.881,1796.8,651.5,28.32,25,50
TeamA-358603ef-b3a3-46b5-b80a-ad64e06b6592,2020-09-25,1,-0,55.422,55.423,3.079,343.6,97.3,23.99,5,7
TeamA-358603ef-b3a3-46b5-b80a-ad64e06b6592,2020-09-26,1,-0,166.007,166.008,14.567,1626.8,570.8,27.54,10,15
TeamA-358603ef-b3a3-46b5-b80a-ad64e06b6592,2020-09-29,1,-0,103.005,103.007,5.62,136.4,10.4,21.41,7,17
TeamA-358603ef-b3a3-46b5-b80a-ad64e06b6592,2020-09-30,1,-0,106.055,106.057,7.606,879.9,334.2,27.83,7,11
TeamA-358603ef-b3a3-46b5-b80a-ad64e06b6592,2020-10-01,1,-0,96.268,96.27,5.019,356.3,119.5,26.43,3,13
TeamA-358603ef-b3a3-46b5-b80a-ad64e06b6592,2020-10-03,1,-0,80.572,80.573,4.28,428.8,112.3,23.96,8,9
TeamA-358603ef-b3a3-46b5-b80a-ad64e06b6592,2020-10-04,1,-0,169.223,169.225,14.146,2061.5,866.1,28.17,22,30
TeamA-358603ef-b3a3-46b5-b80a-ad64e06b6592,2020-10-06,1,-0,63.875,63.877,2.691,243.6,34.2,22.42,14,7
TeamA-358603ef-b3a3-46b5-b80a-ad64e06b6592,2020-10-07,1,-0,173.157,173.158,13.549,1778.4,801.3,28.52,17,38
TeamA-358603ef-b3a3-46b5-b80a-ad64e06b6592,2020-10-12,1,-0,72.503,72.505,3.915,149.9,36.9,23,11,21
TeamA-358603ef-b3a3-46b5-b80a-ad64e06b6592,2020-10-13,1,-0,128.472,128.473,7.69,293.3,52.5,23.2,13,13
TeamA-358603ef-b3a3-46b5-b80a-ad64e06b6592,2020-10-14,1,-0,119.472,119.473,7.247,832.6,287.9,27.39,11,23
TeamA-358603ef-b3a3-46b5-b80a-ad64e06b6592,2020-10-15,1,-0,94.903,94.905,4.37,338.6,167.1,26.86,5,11
TeamA-358603ef-b3a3-46b5-b80a-ad64e06b6592,2020-10-17,1,-0,50.055,50.057,2.967,304.1,73.6,22.96,4,10
TeamA-358603ef-b3a3-46b5-b80a-ad64e06b6592,2020-10-18,1,-0,123.143,123.145,11.961,1821.8,774.1,28.61,9,21
TeamA-358603ef-b3a3-46b5-b80a-ad64e06b6592,2020-10-29,1,-1e-4,32.713,32.715,1.404,10.2,0,17.12,2,2
TeamA-358603ef-b3a3-46b5-b80a-ad64e06b6592,2020-10-31,1,-0,70.87,70.872,4.211,321.7,76.5,24.34,6,7
TeamA-358603ef-b3a3-46b5-b80a-ad64e06b6592,2020-11-01,1,-0,133.505,133.507,11.227,1535.7,525,28.5,9,19
TeamA-358603ef-b3a3-46b5-b80a-ad64e06b6592,2020-11-04,1,-0,106.49,106.492,7.435,622.5,209.7,25.56,3,17
TeamA-358603ef-b3a3-46b5-b80a-ad64e06b6592,2020-11-06,1,-0,66.992,66.993,2.889,266.9,98.9,24.53,12,5
TeamA-358603ef-b3a3-46b5-b80a-ad64e06b6592,2020-11-07,1,-0,143.003,143.005,12.338,1776.8,726.2,29.34,11,26
TeamA-358603ef-b3a3-46b5-b80a-ad64e06b6592,2020-11-09,1,-0,83.055,83.057,3.657,209.8,57.6,23.53,4,10
TeamA-358603ef-b3a3-46b5-b80a-ad64e06b6592,2020-11-14,1,-0,59.472,59.473,3.231,452.7,192.2,26.51,2,4
TeamA-358603ef-b3a3-46b5-b80a-ad64e06b6592,2020-11-17,1,-0,75.723,75.725,4.016,153.3,15.9,22.01,1,6
TeamA-358603ef-b3a3-46b5-b80a-ad64e06b6592,2020-11-27,1,-0,84.822,84.823,4.986,689.1,297.1,25.41,9,7
TeamA-358603ef-b3a3-46b5-b80a-ad64e06b6592,2020-11-30,1,-0,93.472,93.473,4.513,347,127.4,24.5,14,12
TeamA-358603ef-b3a3-46b5-b80a-ad64e06b6592,2020-12-03,1,-0,95.522,95.523,5.307,210.8,56.4,25.03,15,8
TeamA-358603ef-b3a3-46b5-b80a-ad64e06b6592,2020-12-05,1,-0,89.89,89.892,3.998,318.5,109.5,26.88,4,9
TeamA-358603ef-b3a3-46b5-b80a-ad64e06b6592,2020-12-06,1,-0,182.922,182.923,14.901,2093.7,846.7,27.93,11,27
TeamA-358603ef-b3a3-46b5-b80a-ad64e06b6592,2021-02-01,1,-0,89.44,89.442,5.174,306.9,60,22.71,6,6
TeamA-358603ef-b3a3-46b5-b80a-ad64e06b6592,2021-02-08,1,-0,87.888,87.89,6.15,389.4,89.9,23.52,8,11
TeamA-358603ef-b3a3-46b5-b80a-ad64e06b6592,2021-02-15,1,-0,92.055,92.057,5.769,389,84.4,24.15,13,21
TeamA-358603ef-b3a3-46b5-b80a-ad64e06b6592,2021-02-19,1,-0,64.322,64.323,2.874,349.3,177.5,25.44,9,3
TeamA-358603ef-b3a3-46b5-b80a-ad64e06b6592,2021-02-20,1,-0,128.388,128.39,10.291,1521.6,554.8,27.8,7,19
TeamA-358603ef-b3a3-46b5-b80a-ad64e06b6592,2021-02-22,1,-0,74.057,74.058,4.146,253.2,86,26.3,6,14
TeamA-358603ef-b3a3-46b5-b80a-ad64e06b6592,2021-02-25,1,-0,111.543,111.545,6.871,465.5,147.8,25.38,11,10
TeamA-358603ef-b3a3-46b5-b80a-ad64e06b6592,2021-03-01,1,-0,77.338,77.34,4.88,208.5,13.2,21.33,6,10
TeamA-358603ef-b3a3-46b5-b80a-ad64e06b6592,2021-03-12,1,-0,80.993,80.995,7.539,815.8,243.8,26.65,8,22
TeamA-358603ef-b3a3-46b5-b80a-ad64e06b6592,2021-03-15,1,-0,89.325,89.327,4.892,198.9,51.7,23.89,9,10
TeamA-358603ef-b3a3-46b5-b80a-ad64e06b6592,2021-03-19,1,-0,130.4,130.402,10.039,1407.8,438.8,27.92,8,13
TeamA-358603ef-b3a3-46b5-b80a-ad64e06b6592,2021-03-22,1,-0,103.675,103.677,6.072,440.9,66.6,25.88,9,17
TeamA-358603ef-b3a3-46b5-b80a-ad64e06b6592,2021-03-23,1,-0,90.887,90.888,5.452,256.7,64.9,22.99,2,8
TeamA-358603ef-b3a3-46b5-b80a-ad64e06b6592,2021-03-24,1,2e-4,109.023,109.007,7.479,700.9,220.8,28.09,6,11
TeamA-358603ef-b3a3-46b5-b80a-ad64e06b6592,2021-03-26,1,2e-4,74.372,74.355,4.18,559.7,281.2,25.24,3,4
TeamA-358603ef-b3a3-46b5-b80a-ad64e06b6592,2021-03-27,1,-0,117.317,117.318,10.187,1645,718,28.23,11,18
TeamA-358603ef-b3a3-46b5-b80a-ad64e06b6592,2021-03-30,1,-0,95.337,95.338,5.29,301.2,56.6,22.74,3,14
TeamA-358603ef-b3a3-46b5-b80a-ad64e06b6592,2021-04-14,1,1e-4,226.677,226.66,0.688,0,0,7.52,0,0
TeamA-358603ef-b3a3-46b5-b80a-ad64e06b6592,2021-04-16,1,2e-4,76.922,76.905,4.587,463.2,207.5,25.65,8,8
TeamA-358603ef-b3a3-46b5-b80a-ad64e06b6592,2021-04-20,1,-0,96.473,96.475,5.43,562.6,249.6,26.78,3,4
TeamA-358603ef-b3a3-46b5-b80a-ad64e06b6592,2021-04-22,1,3e-4,63.522,63.505,2.007,107.7,12.9,22.25,2,2
TeamA-358603ef-b3a3-46b5-b80a-ad64e06b6592,2021-04-23,1,-0,154.872,154.873,13.493,1469.2,521.1,27.07,8,15
TeamA-358603ef-b3a3-46b5-b80a-ad64e06b6592,2021-04-26,1,-0,80.973,80.975,4.126,202.6,21.6,22.21,6,6
TeamA-358603ef-b3a3-46b5-b80a-ad64e06b6592,2021-04-27,1,-0,91.855,91.857,4.56,208.3,66.9,23.95,7,8
TeamA-358603ef-b3a3-46b5-b80a-ad64e06b6592,2021-04-28,1,-0,127.743,127.745,7.451,811.3,256.5,25.77,9,15
TeamA-358603ef-b3a3-46b5-b80a-ad64e06b6592,2021-04-30,1,-0,87.54,87.542,3.57,330.6,149,25.49,5,9
TeamA-358603ef-b3a3-46b5-b80a-ad64e06b6592,2021-05-01,1,1e-4,175.803,175.787,14.852,2055,890.7,28.47,10,18
TeamA-358603ef-b3a3-46b5-b80a-ad64e06b6592,2021-05-03,1,-0,95.355,95.357,3.069,62.7,2.3,20.06,2,3
TeamA-358603ef-b3a3-46b5-b80a-ad64e06b6592,2021-05-04,1,-0,55.553,55.555,3.003,132.3,37.5,23.47,3,2
TeamA-358603ef-b3a3-46b5-b80a-ad64e06b6592,2021-05-05,1,-0,169.007,169.008,14.275,1686.1,848.9,30.36,17,32
TeamA-358603ef-b3a3-46b5-b80a-ad64e06b6592,2021-05-10,1,2e-4,112.52,112.502,5.122,279.5,88.7,24.25,8,5
TeamA-358603ef-b3a3-46b5-b80a-ad64e06b6592,2021-05-11,1,2e-4,100.688,100.67,5.758,227.3,55.9,22.64,6,8
TeamA-358603ef-b3a3-46b5-b80a-ad64e06b6592,2021-05-13,1,2e-4,72.872,72.855,3.281,338.5,132.2,23.73,10,5
TeamA-358603ef-b3a3-46b5-b80a-ad64e06b6592,2021-05-14,1,-0,75.555,75.557,2.724,175,60.9,24.32,4,3
TeamA-358603ef-b3a3-46b5-b80a-ad64e06b6592,2021-05-15,1,-0,156.583,156.585,13.722,1867.7,746.1,28.43,8,20
TeamA-358603ef-b3a3-46b5-b80a-ad64e06b6592,2021-05-19,1,-0,97.72,97.722,7.407,860.4,384.5,27.19,10,6
TeamA-358603ef-b3a3-46b5-b80a-ad64e06b6592,2021-05-21,1,-0,230.472,230.473,11.881,5544.1,4328.4,35.96,10,15
TeamA-358603ef-b3a3-46b5-b80a-ad64e06b6592,2021-05-22,1,1e-4,164.217,164.2,14.367,1976.5,852.9,29.09,13,22
TeamA-358603ef-b3a3-46b5-b80a-ad64e06b6592,2021-05-24,1,2e-4,79.707,79.688,2.529,58.4,10.2,22.25,6,9
TeamA-358603ef-b3a3-46b5-b80a-ad64e06b6592,2021-05-25,1,2e-4,98.838,98.822,5.642,384,65,24.46,10,11
TeamA-358603ef-b3a3-46b5-b80a-ad64e06b6592,2021-05-29,1,-0,184.988,184.99,14.602,1982.5,789.5,29.21,20,28
TeamA-358603ef-b3a3-46b5-b80a-ad64e06b6592,2021-05-31,1,3e-4,68.02,68.002,1.937,48.7,0.6,19.62,5,4
TeamA-358603ef-b3a3-46b5-b80a-ad64e06b6592,2021-06-01,1,2e-4,99.2,99.182,5.14,380.6,131.6,24.06,4,5
TeamA-358603ef-b3a3-46b5-b80a-ad64e06b6592,2021-06-02,1,-0,104.053,104.055,7.539,638.1,183.2,26.15,10,7
TeamA-358603ef-b3a3-46b5-b80a-ad64e06b6592,2021-06-04,1,-0,69.138,69.14,3.944,307.1,140.1,25.62,1,2
TeamA-358603ef-b3a3-46b5-b80a-ad64e06b6592,2021-06-05,1,-0,185.473,185.475,14.912,1992.7,875,28.56,10,17
TeamA-358603ef-b3a3-46b5-b80a-ad64e06b6592,2021-06-18,1,-0,69.003,69.005,2.945,111.5,23.6,23.35,5,4
TeamA-358603ef-b3a3-46b5-b80a-ad64e06b6592,2021-06-19,1,-0,99.813,99.815,6.502,566.1,189.6,24.3,0,8
TeamA-358603ef-b3a3-46b5-b80a-ad64e06b6592,2021-06-21,1,-0,72.62,72.622,4.013,484.5,148.1,24.3,3,6
TeamA-358603ef-b3a3-46b5-b80a-ad64e06b6592,2021-06-22,1,1e-4,190.372,190.353,13.967,2151.3,763,27.83,15,16
TeamA-358603ef-b3a3-46b5-b80a-ad64e06b6592,2021-06-24,1,-0,73.223,73.225,2.583,64.3,0,18.78,6,5
TeamA-358603ef-b3a3-46b5-b80a-ad64e06b6592,2021-06-25,1,3e-4,77.003,76.983,2.899,271.7,93.6,26.2,2,5
TeamA-358603ef-b3a3-46b5-b80a-ad64e06b6592,2021-06-28,1,-0,45.972,45.973,1.614,0,0,12.33,0,0
TeamA-358603ef-b3a3-46b5-b80a-ad64e06b6592,2021-06-29,1,-0,106.472,106.473,3.151,316.9,122,26.75,9,4
TeamA-358603ef-b3a3-46b5-b80a-ad64e06b6592,2021-06-30,1,-0,184.472,184.473,13.737,1740.4,780.9,28.05,15,24
TeamA-358603ef-b3a3-46b5-b80a-ad64e06b6592,2021-07-02,1,2e-4,116.87,116.852,4.48,1196.8,1016.2,35.87,5,5
TeamA-358603ef-b3a3-46b5-b80a-ad64e06b6592,2021-07-03,1,-0,91.988,91.99,3.324,1057.6,868.5,35.47,2,5
TeamA-358603ef-b3a3-46b5-b80a-ad64e06b6592,2021-07-04,1,1e-4,169.37,169.35,13.585,1671.5,556.3,29.28,10,24
TeamA-358603ef-b3a3-46b5-b80a-ad64e06b6592,2021-07-07,1,2e-4,87.037,87.02,4.678,232.9,69.1,24.93,2,4
TeamA-358603ef-b3a3-46b5-b80a-ad64e06b6592,2021-07-08,1,-0,88.972,88.973,4.103,145.7,42.1,24.36,9,2
TeamA-358603ef-b3a3-46b5-b80a-ad64e06b6592,2021-07-09,1,-0,65.495,65.497,3.299,158.5,56,24.36,1,3
TeamA-358603ef-b3a3-46b5-b80a-ad64e06b6592,2021-07-10,1,-0,167.655,167.657,14.63,1804.7,766.1,28.37,5,16
TeamA-358603ef-b3a3-46b5-b80a-ad64e06b6592,2021-07-12,1,-0,65.867,65.868,2.09,10.2,0,17.17,3,3
TeamA-358603ef-b3a3-46b5-b80a-ad64e06b6592,2021-07-13,1,-0,65.75,65.752,2.889,39.4,13.7,24.44,4,1
TeamA-358603ef-b3a3-46b5-b80a-ad64e06b6592,2021-07-14,1,-0,115.005,115.007,6.456,682.8,236,28.18,4,10
TeamA-358603ef-b3a3-46b5-b80a-ad64e06b6592,2021-07-16,1,2e-4,103.987,103.967,3.195,159.3,70.2,24.94,2,5
TeamA-358603ef-b3a3-46b5-b80a-ad64e06b6592,2021-07-17,1,-0,192.37,192.372,14.337,1585.1,671.8,27.39,11,31
TeamA-358603ef-b3a3-46b5-b80a-ad64e06b6592,2021-07-28,1,2e-4,82.49,82.47,4.393,183.8,39,24.53,1,5
TeamA-358603ef-b3a3-46b5-b80a-ad64e06b6592,2021-08-04,1,-0,106.037,106.038,7.667,1130.6,510.9,29.65,11,21
TeamA-358603ef-b3a3-46b5-b80a-ad64e06b6592,2021-08-06,1,-0,55.588,55.59,2.695,292.8,122.9,25.63,4,6
TeamA-358603ef-b3a3-46b5-b80a-ad64e06b6592,2021-08-07,1,-0,170.323,170.325,12.875,1402.8,619,28.27,11,20
TeamA-358603ef-b3a3-46b5-b80a-ad64e06b6592,2021-08-09,1,-0,88.755,88.757,2.879,97.9,4,20.07,9,9
TeamA-358603ef-b3a3-46b5-b80a-ad64e06b6592,2021-08-13,1,-0,86.057,86.058,3.688,294.5,88.7,23.8,6,4
TeamA-358603ef-b3a3-46b5-b80a-ad64e06b6592,2021-08-14,1,-0,165.873,165.875,14.043,1622.3,511.4,28.03,7,35
TeamA-358603ef-b3a3-46b5-b80a-ad64e06b6592,2021-08-16,1,-0,75.872,75.873,3.01,116.7,19,21.48,3,6
TeamA-358603ef-b3a3-46b5-b80a-ad64e06b6592,2021-08-17,1,-0,69.623,69.625,3.351,152.4,31.9,22.24,5,1
TeamA-358603ef-b3a3-46b5-b80a-ad64e06b6592,2021-08-18,1,-0,166.82,166.822,13.706,1708.9,580.8,27.95,10,14
TeamA-358603ef-b3a3-46b5-b80a-ad64e06b6592,2021-08-20,1,-0,52.395,52.397,3.526,263.7,60.9,23.09,6,4
TeamA-358603ef-b3a3-46b5-b80a-ad64e06b6592,2021-08-21,1,-0,221.817,221.818,18.794,2676.2,896.9,27.68,16,24
TeamA-358603ef-b3a3-46b5-b80a-ad64e06b6592,2021-08-23,1,-0,77.117,77.118,2.132,0,0,14.65,5,4
TeamA-358603ef-b3a3-46b5-b80a-ad64e06b6592,2021-08-24,1,-0,72.483,72.485,4.351,322.1,102.4,22.55,3,3
TeamA-358603ef-b3a3-46b5-b80a-ad64e06b6592,2021-08-25,1,-0,107.76,107.762,9.16,889.2,350.2,27.56,10,5
TeamA-358603ef-b3a3-46b5-b80a-ad64e06b6592,2021-08-26,1,-0,86.358,86.36,4.002,81.9,13.4,22.02,8,6
TeamA-358603ef-b3a3-46b5-b80a-ad64e06b6592,2021-08-27,1,-0,73.395,73.397,3.276,216,59.2,25.41,1,0
TeamA-358603ef-b3a3-46b5-b80a-ad64e06b6592,2021-08-30,1,-0,78.71,78.712,2.109,85.4,5.6,20.34,4,8
TeamA-358603ef-b3a3-46b5-b80a-ad64e06b6592,2021-08-31,1,-0,94.307,94.308,5.317,265.9,74.2,26.82,4,7
TeamA-358603ef-b3a3-46b5-b80a-ad64e06b6592,2021-09-01,1,-0,100.045,100.047,6.701,647.8,257.7,26.92,5,11
TeamA-358603ef-b3a3-46b5-b80a-ad64e06b6592,2021-09-03,1,-0,82.883,82.885,3.531,292.6,96.5,27.25,2,2
TeamA-358603ef-b3a3-46b5-b80a-ad64e06b6592,2021-09-04,1,-0,186.01,186.012,14.826,1880.7,818.9,28.06,17,24
TeamA-358603ef-b3a3-46b5-b80a-ad64e06b6592,2021-09-08,1,-0,100.143,100.145,6.301,440.2,79.6,23.82,5,8
TeamA-358603ef-b3a3-46b5-b80a-ad64e06b6592,2021-09-09,1,-0,73.617,73.618,4.406,236.6,56.5,26.72,2,3
TeamA-358603ef-b3a3-46b5-b80a-ad64e06b6592,2021-09-11,1,-0,78.395,78.397,3.484,219.3,64.7,25.9,2,5
TeamA-358603ef-b3a3-46b5-b80a-ad64e06b6592,2021-09-12,1,-0,181.928,181.93,13.862,1879.7,759.6,28.96,12,22
TeamA-358603ef-b3a3-46b5-b80a-ad64e06b6592,2021-09-25,1,-0,200.798,200.8,13.794,1670.6,568.5,27.4,7,15
TeamA-358603ef-b3a3-46b5-b80a-ad64e06b6592,2021-09-27,1,-0,55.243,55.245,2.082,71.9,12.5,20.81,5,3
TeamA-358603ef-b3a3-46b5-b80a-ad64e06b6592,2021-09-28,1,-0,118.195,118.197,6.777,378.7,103.4,24.68,5,19
TeamA-358603ef-b3a3-46b5-b80a-ad64e06b6592,2021-09-29,1,-0,136.04,136.042,7.299,546.9,229.2,27.45,8,8
TeamA-358603ef-b3a3-46b5-b80a-ad64e06b6592,2021-10-01,1,-0,77.605,77.607,3.126,279,116.2,26.25,3,1
TeamA-358603ef-b3a3-46b5-b80a-ad64e06b6592,2021-10-02,1,-0,156.017,156.018,13.715,1832.6,691.8,27.53,16,23
TeamA-358603ef-b3a3-46b5-b80a-ad64e06b6592,2021-10-05,1,-0,113.728,113.73,6.202,377.9,112.6,27.51,1,15
TeamA-358603ef-b3a3-46b5-b80a-ad64e06b6592,2021-10-06,1,-0,157.908,157.91,8.491,1358.4,614.7,27.2,15,20
TeamA-358603ef-b3a3-46b5-b80a-ad64e06b6592,2021-10-08,1,-0,93.302,93.303,3.71,523.5,207.5,27.23,10,3
TeamA-358603ef-b3a3-46b5-b80a-ad64e06b6592,2021-10-09,1,-0,172.348,172.35,11.214,1531.7,703.9,28.59,9,10
TeamA-358603ef-b3a3-46b5-b80a-ad64e06b6592,2021-10-11,1,-0,63.738,63.74,1.982,36,3.4,20.51,3,1
TeamA-358603ef-b3a3-46b5-b80a-ad64e06b6592,2021-10-12,1,-0,129.477,129.478,4.088,367,149.6,25.44,6,3
TeamA-358603ef-b3a3-46b5-b80a-ad64e06b6592,2021-10-13,1,-0,145.542,145.543,12.042,2057,768,28.74,5,12
TeamA-358603ef-b3a3-46b5-b80a-ad64e06b6592,2021-10-15,1,-1e-4,31.553,31.555,1.558,74.2,9.8,20.82,2,0
TeamA-358603ef-b3a3-46b5-b80a-ad64e06b6592,2021-10-16,1,-0,175.288,175.29,1.985,2.8,0,16.89,0,0
TeamA-358603ef-b3a3-46b5-b80a-ad64e06b6592,2021-10-28,1,-0,120.287,120.288,6.5,97,14.6,21.88,2,5
TeamA-358603ef-b3a3-46b5-b80a-ad64e06b6592,2021-10-29,1,-0,144.883,144.885,10.831,2608,1788.2,35.76,5,14
TeamA-358603ef-b3a3-46b5-b80a-ad64e06b6592,2021-11-02,1,-0,129.367,129.368,5.485,162.3,40.5,23.08,5,9
TeamA-358603ef-b3a3-46b5-b80a-ad64e06b6592,2021-11-04,1,-0,87.855,87.857,6.461,816.6,316.8,26.94,4,6
TeamA-358603ef-b3a3-46b5-b80a-ad64e06b6592,2021-11-06,1,-0,89.878,89.88,2.816,259.4,100.5,27.44,4,5
TeamA-358603ef-b3a3-46b5-b80a-ad64e06b6592,2021-11-07,1,-0,147.393,147.395,13.607,1728.8,702,26.49,5,22
TeamA-358603ef-b3a3-46b5-b80a-ad64e06b6592,2021-11-09,1,-0,64.108,64.11,2.44,70.6,9.2,21.11,5,4
TeamA-358603ef-b3a3-46b5-b80a-ad64e06b6592,2021-11-13,1,-0,198.017,198.018,14.89,2017,920.4,28.42,12,15
TeamA-358603ef-b3a3-46b5-b80a-ad64e06b6592,2021-11-16,1,-0,94.892,94.893,5.398,267.4,66.9,23.05,8,4
TeamA-3e5f6e2b-46b7-4890-84a9-3bbb2649af5a,2020-06-01,1,-0,115.425,115.427,7.228,626.9,184.2,26.01,9,29
TeamA-3e5f6e2b-46b7-4890-84a9-3bbb2649af5a,2020-06-02,1,-0,133.503,133.505,7.563,429.2,61.5,24.25,11,29
TeamA-3e5f6e2b-46b7-4890-84a9-3bbb2649af5a,2020-06-04,1,-0,102.917,102.918,4.46,353.9,121.7,22.84,7,14
TeamA-3e5f6e2b-46b7-4890-84a9-3bbb2649af5a,2020-06-05,1,-0,108.523,108.525,6.143,636,195.7,24.48,9,23
TeamA-3e5f6e2b-46b7-4890-84a9-3bbb2649af5a,2020-06-06,1,-0,132.407,132.408,8.948,1214.4,445.2,29.87,11,25
TeamA-3e5f6e2b-46b7-4890-84a9-3bbb2649af5a,2020-06-08,1,-0,128.34,128.342,7.645,498.5,125.8,24.31,8,22
TeamA-3e5f6e2b-46b7-4890-84a9-3bbb2649af5a,2020-06-09,1,-0,123.52,123.522,7.626,386.7,75.8,23.72,4,32
TeamA-3e5f6e2b-46b7-4890-84a9-3bbb2649af5a,2020-06-10,1,-0,132.055,132.057,9.997,1198,355.4,26.43,12,14
TeamA-3e5f6e2b-46b7-4890-84a9-3bbb2649af5a,2020-06-11,1,-0,82.353,82.355,3.391,386.3,137.8,25.03,1,8
TeamA-3e5f6e2b-46b7-4890-84a9-3bbb2649af5a,2020-06-12,1,-0,112.472,112.473,2.682,457,280.7,26.9,4,5
TeamA-3e5f6e2b-46b7-4890-84a9-3bbb2649af5a,2021-04-16,1,-0,82.54,82.542,3.814,315.6,194.2,24.81,11,8
TeamA-3e5f6e2b-46b7-4890-84a9-3bbb2649af5a,2021-04-19,1,-0,106.52,106.522,2.924,104.8,19.2,21.74,4,6
TeamA-3e5f6e2b-46b7-4890-84a9-3bbb2649af5a,2021-04-20,1,-0,91.888,91.89,5.116,38.6,1.7,19.92,10,4
TeamA-3e5f6e2b-46b7-4890-84a9-3bbb2649af5a,2021-04-22,1,-0,92.522,92.523,4.409,54.8,18.5,21.82,4,5
TeamA-3e5f6e2b-46b7-4890-84a9-3bbb2649af5a,2021-04-23,1,-0,57.537,57.538,3.804,191.1,68.4,23.19,2,15
TeamA-3e5f6e2b-46b7-4890-84a9-3bbb2649af5a,2021-04-26,1,-0,108.607,108.608,3.727,25.8,0,16.77,6,2
TeamA-3e5f6e2b-46b7-4890-84a9-3bbb2649af5a,2021-04-27,1,-0,78.472,78.473,3.803,466,272.4,26.71,9,11
TeamA-3e5f6e2b-46b7-4890-84a9-3bbb2649af5a,2021-04-30,1,-0,86.137,86.138,3.656,218.9,49.4,24.1,5,3
TeamA-3e5f6e2b-46b7-4890-84a9-3bbb2649af5a,2021-05-03,1,-0,96.205,96.207,2.22,20.6,0,18.64,2,5
TeamA-3e5f6e2b-46b7-4890-84a9-3bbb2649af5a,2021-05-04,1,-0,64.853,64.855,3.88,50.1,0.6,19.54,4,10
TeamA-3e5f6e2b-46b7-4890-84a9-3bbb2649af5a,2021-05-10,1,-0,54.625,54.627,1.461,0,0,13.05,1,5
TeamA-3e5f6e2b-46b7-4890-84a9-3bbb2649af5a,2021-05-13,1,-0,93.522,93.523,4.914,328.2,75,25.03,3,25
TeamA-3e5f6e2b-46b7-4890-84a9-3bbb2649af5a,2021-05-18,1,-0,90.717,90.718,2.949,284.3,113.6,27.09,10,5
TeamA-3e5f6e2b-46b7-4890-84a9-3bbb2649af5a,2021-05-24,1,-0,94.973,94.975,2.912,12.5,1.2,17.64,0,3
TeamA-3e5f6e2b-46b7-4890-84a9-3bbb2649af5a,2021-05-25,1,-0,87.54,87.542,2.354,47.8,4.6,19.59,2,3
TeamA-3e5f6e2b-46b7-4890-84a9-3bbb2649af5a,2021-07-07,1,-0,102.205,102.207,3.763,15.5,0.6,18.91,3,2
TeamA-3e5f6e2b-46b7-4890-84a9-3bbb2649af5a,2021-07-09,1,-0,61.695,61.697,2.31,1.8,0,15.37,3,1
TeamA-3e5f6e2b-46b7-4890-84a9-3bbb2649af5a,2021-07-12,1,-0,92.905,92.907,1.497,86.5,8.5,20.2,0,3
TeamA-3e5f6e2b-46b7-4890-84a9-3bbb2649af5a,2021-07-16,1,-0,72.822,72.823,3.85,428.4,317.8,26.62,2,3
TeamA-3e5f6e2b-46b7-4890-84a9-3bbb2649af5a,2021-08-02,1,-0,131.987,131.988,4.495,630.8,369.7,24.7,2,13
TeamA-3e5f6e2b-46b7-4890-84a9-3bbb2649af5a,2021-08-03,1,-0,96.922,96.923,3.269,98.3,11.7,22,1,4
TeamA-3e5f6e2b-46b7-4890-84a9-3bbb2649af5a,2021-08-06,1,-0,64.105,64.107,2.537,88.1,14.7,20.57,1,2
TeamA-3e5f6e2b-46b7-4890-84a9-3bbb2649af5a,2021-08-09,1,-0,85.903,85.905,2.875,0.5,0,15.19,1,2
TeamA-3e5f6e2b-46b7-4890-84a9-3bbb2649af5a,2021-08-13,1,-0,54.122,54.123,1.527,42.2,3.5,20.8,0,0
TeamA-3e5f6e2b-46b7-4890-84a9-3bbb2649af5a,2021-08-16,1,-0,91.005,91.007,2.525,16,0,16.51,0,0
TeamA-3e5f6e2b-46b7-4890-84a9-3bbb2649af5a,2021-08-17,1,-0,52.865,52.867,1.92,144.2,70.7,26.75,3,9
TeamA-3e5f6e2b-46b7-4890-84a9-3bbb2649af5a,2021-08-23,1,-0,42.988,42.99,0.969,0,0,13.01,0,0
TeamA-3e5f6e2b-46b7-4890-84a9-3bbb2649af5a,2021-08-27,1,-0,91.167,91.168,2.452,94.4,21.5,22.58,2,5
TeamA-3e5f6e2b-46b7-4890-84a9-3bbb2649af5a,2021-08-30,1,-0,96.97,96.972,3.449,117.9,25.5,21.6,0,7
TeamA-3e5f6e2b-46b7-4890-84a9-3bbb2649af5a,2021-09-03,1,-0,82.597,82.598,3.92,741,497.5,27.59,3,5
TeamA-3e5f6e2b-46b7-4890-84a9-3bbb2649af5a,2021-09-06,1,-0,116.97,116.972,4.339,448.1,322.1,25.86,1,1
TeamA-3e5f6e2b-46b7-4890-84a9-3bbb2649af5a,2021-09-07,1,-0,80.723,80.725,3.041,67.9,9.1,20.72,3,6
TeamA-3e5f6e2b-46b7-4890-84a9-3bbb2649af5a,2021-09-09,1,-0,90.473,90.475,4.063,205.8,83.5,26.01,4,6
TeamA-3e5f6e2b-46b7-4890-84a9-3bbb2649af5a,2021-09-11,1,-0,67.973,67.975,2.92,459.7,280.4,26.1,2,4
TeamA-3e5f6e2b-46b7-4890-84a9-3bbb2649af5a,2021-09-13,1,-0,86.737,86.738,4.38,928.4,532.6,29.19,1,7
TeamA-3e5f6e2b-46b7-4890-84a9-3bbb2649af5a,2021-09-14,1,-0,92.538,92.54,3.968,24.8,0,17.81,3,9
TeamA-3e5f6e2b-46b7-4890-84a9-3bbb2649af5a,2021-09-16,1,-0,100.837,100.838,6.309,339.6,20.1,22.78,12,24
TeamA-3e5f6e2b-46b7-4890-84a9-3bbb2649af5a,2021-09-20,1,-0,95.055,95.057,4.272,148.7,59.8,23.35,3,7
TeamA-3e5f6e2b-46b7-4890-84a9-3bbb2649af5a,2021-09-21,1,-0,118.572,118.573,6.597,527.4,149.2,25,6,14
TeamA-3e5f6e2b-46b7-4890-84a9-3bbb2649af5a,2021-09-27,1,-0,80.887,80.888,3.98,508.6,172.5,25.41,10,14
TeamA-3e5f6e2b-46b7-4890-84a9-3bbb2649af5a,2021-09-28,1,-0,121.923,121.925,7.589,708.4,234.6,25.77,14,17
TeamA-3e5f6e2b-46b7-4890-84a9-3bbb2649af5a,2021-09-29,1,-0,104.737,104.738,5.857,543.4,178.1,26.64,7,19
TeamA-3e5f6e2b-46b7-4890-84a9-3bbb2649af5a,2021-10-01,1,-0,66.37,66.372,2.241,63.3,9.7,20.82,1,2
TeamA-3e5f6e2b-46b7-4890-84a9-3bbb2649af5a,2021-10-04,1,-0,81.91,81.912,4,372.3,162.8,26.31,8,11
TeamA-3e5f6e2b-46b7-4890-84a9-3bbb2649af5a,2021-10-05,1,-0,119.903,119.905,6.141,445,153,27.08,2,23
TeamA-3e5f6e2b-46b7-4890-84a9-3bbb2649af5a,2021-10-06,1,-0,46.355,46.357,2.141,197.7,103.4,24.18,0,9
TeamA-3e5f6e2b-46b7-4890-84a9-3bbb2649af5a,2021-10-08,1,-0,91.487,91.488,4.483,256.9,56.9,23.54,4,13
TeamA-3e5f6e2b-46b7-4890-84a9-3bbb2649af5a,2021-10-11,1,-0,84.828,84.83,5.002,253.4,65.1,23.34,3,10
TeamA-3e5f6e2b-46b7-4890-84a9-3bbb2649af5a,2021-10-12,1,-0,74.403,74.405,2.808,208.9,87.3,23.84,4,6
TeamA-3e5f6e2b-46b7-4890-84a9-3bbb2649af5a,2021-10-13,1,-0,51.022,51.023,4.781,1702.4,776.4,29.47,6,9
TeamA-3e5f6e2b-46b7-4890-84a9-3bbb2649af5a,2021-10-15,1,-0,68.488,68.49,4.581,275.5,42.5,23.69,8,15
TeamA-3e5f6e2b-46b7-4890-84a9-3bbb2649af5a,2021-10-18,1,-0,88.503,88.505,5.685,376.8,103.2,27.29,10,16
TeamA-3e5f6e2b-46b7-4890-84a9-3bbb2649af5a,2021-10-26,1,-0,115.872,115.873,6.642,374.7,110.3,23.57,12,24
TeamA-3e5f6e2b-46b7-4890-84a9-3bbb2649af5a,2021-10-27,1,2e-4,87.455,87.438,4.79,331.9,54,21.91,12,9
TeamA-3e5f6e2b-46b7-4890-84a9-3bbb2649af5a,2021-10-29,1,-0,117.42,117.422,9.543,1388.8,536.4,28.02,8,33
TeamA-3e5f6e2b-46b7-4890-84a9-3bbb2649af5a,2021-11-02,1,-0,107.45,107.452,6.277,290.6,67,24.51,9,20
TeamA-3e5f6e2b-46b7-4890-84a9-3bbb2649af5a,2021-11-03,1,-0,60.338,60.34,3.897,182.7,36.1,24.33,0,12
TeamA-3e5f6e2b-46b7-4890-84a9-3bbb2649af5a,2021-11-04,1,-0,103.923,103.925,6.813,1003.2,357.2,30.12,9,28
TeamA-3e5f6e2b-46b7-4890-84a9-3bbb2649af5a,2021-11-06,1,-0,56.123,56.125,2.616,382,130.7,27.25,7,10
TeamA-3e5f6e2b-46b7-4890-84a9-3bbb2649af5a,2021-11-08,1,-0,61.538,61.54,5.026,290,49.9,22.72,3,14
TeamA-3e5f6e2b-46b7-4890-84a9-3bbb2649af5a,2021-11-09,1,-0,93.972,93.973,4.984,366.6,70.7,23.93,5,15
TeamA-3e5f6e2b-46b7-4890-84a9-3bbb2649af5a,2021-11-10,1,-0,98.855,98.857,6.041,557.1,146.2,25.73,8,21
TeamA-3e5f6e2b-46b7-4890-84a9-3bbb2649af5a,2021-11-12,1,-0,64.553,64.555,3.679,470.5,187.6,28.46,9,13
TeamA-3e5f6e2b-46b7-4890-84a9-3bbb2649af5a,2021-11-13,1,-0,188.038,188.04,5.759,487.4,159,27.62,2,4
TeamA-3e5f6e2b-46b7-4890-84a9-3bbb2649af5a,2021-11-16,1,2e-4,81.153,81.135,4.493,243.4,22.3,21,5,16
TeamA-4051bba7-1170-4c43-b912-8c38815a7625,2020-06-01,1,-0,107.737,107.738,3.861,46.8,1.1,19.88,7,12
TeamA-4051bba7-1170-4c43-b912-8c38815a7625,2020-06-03,1,-0,128.605,128.607,4.557,72.3,6.3,20.88,5,9
TeamA-4051bba7-1170-4c43-b912-8c38815a7625,2020-06-05,1,-0,112.697,112.698,3.71,12.5,0,18.5,8,10
TeamA-4051bba7-1170-4c43-b912-8c38815a7625,2020-06-08,1,-0,109.6,109.602,3.815,10.4,0,17.73,5,11
TeamA-4051bba7-1170-4c43-b912-8c38815a7625,2020-06-10,1,-0,152.623,152.625,6.264,49.7,0,16.96,7,9
TeamA-4051bba7-1170-4c43-b912-8c38815a7625,2020-06-12,1,-0,115.907,115.908,3.163,14.1,0,18.87,5,4
TeamA-4051bba7-1170-4c43-b912-8c38815a7625,2020-06-15,1,-0,151.04,151.042,4.415,13.8,0,18.11,15,16
TeamA-4051bba7-1170-4c43-b912-8c38815a7625,2020-06-17,1,-0,158.647,158.648,5.607,67.7,14.5,21.42,3,4
TeamA-4051bba7-1170-4c43-b912-8c38815a7625,2020-06-19,1,-0,97.138,97.14,2.81,21.2,0,18.18,3,10
TeamA-4051bba7-1170-4c43-b912-8c38815a7625,2020-06-20,1,-0,156.233,156.235,6.195,31.7,0.6,19.34,6,5
TeamA-4051bba7-1170-4c43-b912-8c38815a7625,2020-06-22,1,-0,109.038,109.04,3.517,11.9,1.7,20.42,3,9
TeamA-4051bba7-1170-4c43-b912-8c38815a7625,2020-06-24,1,-0,136.99,136.992,4.048,29.7,0,18.32,2,4
TeamA-4051bba7-1170-4c43-b912-8c38815a7625,2020-06-26,1,-0,88.39,88.392,2.789,38.7,30.2,24.37,0,2
TeamA-4051bba7-1170-4c43-b912-8c38815a7625,2020-06-27,1,-0,161.007,161.008,6.421,32.8,17.4,22.41,4,10
TeamA-4051bba7-1170-4c43-b912-8c38815a7625,2020-06-29,1,-0,99.023,99.025,1.988,61.4,37.6,23.46,0,1
TeamA-4051bba7-1170-4c43-b912-8c38815a7625,2020-06-30,1,-0,125.355,125.357,5.174,42.6,3.5,21.2,3,5
TeamA-4051bba7-1170-4c43-b912-8c38815a7625,2020-07-02,1,-0,96.373,96.375,2.787,0,0,14.36,2,1
TeamA-4051bba7-1170-4c43-b912-8c38815a7625,2020-07-03,1,-0,167.117,167.118,6.612,30.9,0,18.62,4,5
TeamA-4051bba7-1170-4c43-b912-8c38815a7625,2020-07-06,1,-0,98.323,98.325,2.673,9.3,0,16.33,3,8
TeamA-4051bba7-1170-4c43-b912-8c38815a7625,2020-07-08,1,-0,128.873,128.875,4.982,68.9,31.4,23.13,4,3
TeamA-4051bba7-1170-4c43-b912-8c38815a7625,2020-07-10,1,-0,77.19,77.192,2.027,0.9,0,14.83,3,8
TeamA-4051bba7-1170-4c43-b912-8c38815a7625,2020-07-11,1,-0,177.538,177.54,6.839,2.3,0,15.54,5,14
TeamA-4051bba7-1170-4c43-b912-8c38815a7625,2020-07-13,1,-0,77.223,77.225,2.961,5.2,0,17.52,7,13
TeamA-4051bba7-1170-4c43-b912-8c38815a7625,2020-07-14,1,-0,112.957,112.958,2.235,26,6.9,20.99,2,14
TeamA-4051bba7-1170-4c43-b912-8c38815a7625,2020-07-15,1,-0,128.733,128.735,3.237,92,26.9,21.46,3,2
TeamA-4051bba7-1170-4c43-b912-8c38815a7625,2020-07-16,1,-0,135.973,135.975,1.419,24.6,17.6,24.18,0,0
TeamA-4051bba7-1170-4c43-b912-8c38815a7625,2020-07-18,1,-0,72.057,72.058,1.753,1.3,0,15.19,2,6
TeamA-4051bba7-1170-4c43-b912-8c38815a7625,2020-07-19,1,-0,160.92,160.922,6.191,30.6,0.6,18.92,8,12
TeamA-4051bba7-1170-4c43-b912-8c38815a7625,2020-07-21,1,-0,91.513,91.515,3.427,14.5,0,16.56,3,8
TeamA-4051bba7-1170-4c43-b912-8c38815a7625,2020-07-22,1,-0,107.415,107.417,4.279,27.3,0,19.47,5,5
TeamA-4051bba7-1170-4c43-b912-8c38815a7625,2020-07-25,1,-0,168.023,168.025,7.027,11.8,5.2,21.21,3,5
TeamA-4051bba7-1170-4c43-b912-8c38815a7625,2020-07-27,1,-0,70.423,70.425,2.16,0,0,13.52,4,9
TeamA-4051bba7-1170-4c43-b912-8c38815a7625,2020-07-29,1,-0,126.873,126.875,5.246,20.8,0.6,18.33,10,13
TeamA-4051bba7-1170-4c43-b912-8c38815a7625,2020-07-30,1,-0,116.49,116.492,4.093,14,3.9,20.37,1,6
TeamA-4051bba7-1170-4c43-b912-8c38815a7625,2020-08-01,1,-0,97.54,97.542,2.162,0.4,0,15.77,1,3
TeamA-4051bba7-1170-4c43-b912-8c38815a7625,2020-08-02,1,-0,180.473,180.475,6.582,9.8,0,17.08,2,8
TeamA-4051bba7-1170-4c43-b912-8c38815a7625,2020-08-04,1,-0,98.705,98.707,2.727,3.8,0,17.89,5,8
TeamA-4051bba7-1170-4c43-b912-8c38815a7625,2020-08-05,1,-0,109.373,109.375,3.725,12.6,0.6,19.09,1,11
TeamA-4051bba7-1170-4c43-b912-8c38815a7625,2020-08-07,1,-0,60.02,60.022,1.777,0.4,0,15.72,0,1
TeamA-4051bba7-1170-4c43-b912-8c38815a7625,2020-08-08,1,-0,189.543,189.545,6.849,22.3,8.7,21.18,8,13
TeamA-4051bba7-1170-4c43-b912-8c38815a7625,2020-08-10,1,-0,105.723,105.725,3.403,17.4,2.3,20.16,6,11
TeamA-4051bba7-1170-4c43-b912-8c38815a7625,2020-08-12,1,-0,99.993,99.995,3.513,25.5,0,18.63,4,6
TeamA-4051bba7-1170-4c43-b912-8c38815a7625,2020-08-15,1,-0,82.84,82.842,3.225,0.5,0,15.42,2,6
TeamA-4051bba7-1170-4c43-b912-8c38815a7625,2020-08-25,1,-0,62.973,62.975,1.805,0,0,14.06,0,2
TeamA-4051bba7-1170-4c43-b912-8c38815a7625,2020-08-27,1,-0,57.497,57.498,1.667,0.4,0,14.1,2,5
TeamA-4051bba7-1170-4c43-b912-8c38815a7625,2020-08-29,1,-0,53.933,53.935,1.861,15.3,0,18.36,2,5
TeamA-4051bba7-1170-4c43-b912-8c38815a7625,2020-08-30,1,-0,137.51,137.512,5.309,13.2,0.6,19.67,2,1
TeamA-4051bba7-1170-4c43-b912-8c38815a7625,2020-08-31,1,-0,75.007,75.008,2.446,0,0,13.18,4,8
TeamA-4051bba7-1170-4c43-b912-8c38815a7625,2020-09-02,1,-0,96.057,96.058,3.833,19.9,0,18.75,8,11
TeamA-4051bba7-1170-4c43-b912-8c38815a7625,2020-09-04,1,-0,78.84,78.842,2.066,0,0,15.08,3,3
TeamA-4051bba7-1170-4c43-b912-8c38815a7625,2020-09-05,1,-0,180.387,180.388,0.441,0,0,6.94,0,0
TeamA-4051bba7-1170-4c43-b912-8c38815a7625,2020-09-07,1,-0,69.008,69.01,2.764,2.3,0,16.24,2,6
TeamA-4051bba7-1170-4c43-b912-8c38815a7625,2020-09-09,1,-0,101.34,101.342,4.256,18,0,18.47,13,5
TeamA-4051bba7-1170-4c43-b912-8c38815a7625,2020-09-11,1,-0,61.577,61.578,1.794,2.3,0,16.46,0,2
TeamA-4051bba7-1170-4c43-b912-8c38815a7625,2020-09-12,1,-0,173.107,173.108,7.213,32.4,0,18.98,8,7
TeamA-4051bba7-1170-4c43-b912-8c38815a7625,2020-09-16,1,-0,124.54,124.542,3.441,9.5,0.6,19.41,7,11
TeamA-4051bba7-1170-4c43-b912-8c38815a7625,2020-09-21,1,-0,69.527,69.528,2.608,3.5,0.6,18.84,4,13
TeamA-4051bba7-1170-4c43-b912-8c38815a7625,2020-09-23,1,-0,110.84,110.842,4.116,6.4,0,19.13,3,4
TeamA-4051bba7-1170-4c43-b912-8c38815a7625,2020-09-25,1,-0,82.473,82.475,2.513,15.2,0,16.83,1,1
TeamA-4051bba7-1170-4c43-b912-8c38815a7625,2020-09-26,1,-0,165.107,165.108,7.162,9.6,0,16.7,7,7
TeamA-4051bba7-1170-4c43-b912-8c38815a7625,2020-09-29,1,-0,95.84,95.842,3.234,6.6,0,17.67,4,8
TeamA-4051bba7-1170-4c43-b912-8c38815a7625,2020-10-01,1,-0,94.542,94.543,3.033,2.7,0,15.84,3,11
TeamA-4051bba7-1170-4c43-b912-8c38815a7625,2020-10-03,1,-0,87.323,87.325,2.478,10,0,17.19,3,4
TeamA-4051bba7-1170-4c43-b912-8c38815a7625,2020-10-04,1,-0,166.807,166.808,6.526,43.1,0.6,19.65,10,7
TeamA-4051bba7-1170-4c43-b912-8c38815a7625,2020-10-06,1,-0,109.507,109.508,3.348,3.9,0.6,17.82,4,2
TeamA-4051bba7-1170-4c43-b912-8c38815a7625,2020-10-07,1,-0,184.107,184.108,6.708,23.9,0,19.11,3,3
TeamA-4051bba7-1170-4c43-b912-8c38815a7625,2020-10-12,1,-0,77.605,77.607,2.794,7.6,0,17.7,7,6
TeamA-4051bba7-1170-4c43-b912-8c38815a7625,2020-10-14,1,-0,111.49,111.492,3.908,14,0,17.04,3,3
TeamA-4051bba7-1170-4c43-b912-8c38815a7625,2020-10-15,1,-0,111.223,111.225,3.588,0,0,14.1,6,6
TeamA-4051bba7-1170-4c43-b912-8c38815a7625,2020-10-17,1,-0,55.823,55.825,2.337,5.5,0,16.64,4,6
TeamA-4051bba7-1170-4c43-b912-8c38815a7625,2020-10-18,1,-0,165.122,165.123,6.68,0,0,15.44,6,12
TeamA-4051bba7-1170-4c43-b912-8c38815a7625,2020-10-19,1,-0,75.523,75.525,2.077,4.4,0,17.08,4,10
TeamA-4051bba7-1170-4c43-b912-8c38815a7625,2020-10-21,1,-0,83.525,83.527,3.074,2.3,0,16.5,3,5
TeamA-4051bba7-1170-4c43-b912-8c38815a7625,2020-10-23,1,-0,86.96,86.962,2.608,8.2,0,16.89,9,11
TeamA-4051bba7-1170-4c43-b912-8c38815a7625,2020-10-26,1,-0,65.07,65.072,2.31,0.5,0,15.06,8,12
TeamA-4051bba7-1170-4c43-b912-8c38815a7625,2020-10-28,1,-0,105.307,105.308,4.16,10.7,0,16.84,4,5
TeamA-4051bba7-1170-4c43-b912-8c38815a7625,2020-10-29,1,-0,91.958,91.96,2.666,2.4,0,16.92,4,12
TeamA-4051bba7-1170-4c43-b912-8c38815a7625,2020-10-31,1,-0,76.857,76.858,2.848,0,0,14.74,5,10
TeamA-4051bba7-1170-4c43-b912-8c38815a7625,2020-11-01,1,-0,169.257,169.258,7.116,4.6,0,16.66,12,10
TeamA-4051bba7-1170-4c43-b912-8c38815a7625,2020-11-02,1,-0,42.122,42.123,1.272,0,0,15.11,3,5
TeamA-4051bba7-1170-4c43-b912-8c38815a7625,2020-11-04,1,-0,120.972,120.973,5.035,0,0,15.22,11,6
TeamA-4051bba7-1170-4c43-b912-8c38815a7625,2020-11-06,1,-0,78.507,78.508,2.234,16.3,0,19.64,5,8
TeamA-4051bba7-1170-4c43-b912-8c38815a7625,2020-11-07,1,-0,172.307,172.308,6.543,25.1,0,18.37,5,10
TeamA-4051bba7-1170-4c43-b912-8c38815a7625,2020-11-09,1,-0,86.973,86.975,2.745,9.5,0.6,19.75,5,6
TeamA-4051bba7-1170-4c43-b912-8c38815a7625,2020-11-13,1,-0,98.873,98.875,3.059,27.9,2.8,20.17,1,9
TeamA-4051bba7-1170-4c43-b912-8c38815a7625,2020-11-14,1,-0,51.907,51.908,2.168,6.1,0,17.41,2,5
TeamA-4051bba7-1170-4c43-b912-8c38815a7625,2020-11-17,1,-0,78.733,78.735,3.166,4.2,0,16.03,5,9
TeamA-4051bba7-1170-4c43-b912-8c38815a7625,2020-11-20,1,-0,67.943,67.945,2.622,2.8,0,16.65,2,10
TeamA-4051bba7-1170-4c43-b912-8c38815a7625,2020-11-23,1,-0,75.523,75.525,3.091,4.2,0,17.19,2,22
TeamA-4051bba7-1170-4c43-b912-8c38815a7625,2020-11-27,1,-0,88.323,88.325,3.174,3.3,0,17.21,1,10
TeamA-4051bba7-1170-4c43-b912-8c38815a7625,2020-11-30,1,-0,78.39,78.392,3.041,0,0,15.48,6,7
TeamA-4051bba7-1170-4c43-b912-8c38815a7625,2020-12-03,1,-0,83.54,83.542,3.045,12.4,0,18.82,8,21
TeamA-4051bba7-1170-4c43-b912-8c38815a7625,2020-12-05,1,-0,69.457,69.458,1.657,0.9,0,15.95,4,6
TeamA-4051bba7-1170-4c43-b912-8c38815a7625,2020-12-06,1,-0,189.822,189.823,7.248,16.1,0,18.22,4,11
TeamA-4051bba7-1170-4c43-b912-8c38815a7625,2021-02-19,1,-0,78.49,78.492,2.211,51.9,13.8,21.08,2,9
TeamA-4051bba7-1170-4c43-b912-8c38815a7625,2021-02-20,1,-0,125.857,125.858,5.671,27.1,0,17.65,6,7
TeamA-4051bba7-1170-4c43-b912-8c38815a7625,2021-02-22,1,-0,77.507,77.508,2.766,0.9,0,15.7,4,10
TeamA-4051bba7-1170-4c43-b912-8c38815a7625,2021-03-12,1,-0,79.707,79.708,3.887,11.4,0,19.13,2,6
TeamA-4051bba7-1170-4c43-b912-8c38815a7625,2021-03-15,1,-0,99.34,99.342,3.526,3.3,0,16.88,2,14
TeamA-4051bba7-1170-4c43-b912-8c38815a7625,2021-03-19,1,-0,105.872,105.873,4.321,11.7,4.6,20.44,2,4
TeamA-4051bba7-1170-4c43-b912-8c38815a7625,2021-03-22,1,-0,85.155,85.157,3.061,2.9,0,16.96,4,18
TeamA-4051bba7-1170-4c43-b912-8c38815a7625,2021-03-23,1,-0,82.04,82.042,3.252,5.7,0,18.18,9,9
TeamA-4051bba7-1170-4c43-b912-8c38815a7625,2021-03-24,1,1e-4,115.357,115.34,4.118,4.2,0,16.86,2,5
TeamA-4051bba7-1170-4c43-b912-8c38815a7625,2021-03-27,1,-0,108.857,108.858,4.965,0.5,0,15.17,4,7
TeamA-4051bba7-1170-4c43-b912-8c38815a7625,2021-03-30,1,-0,66.66,66.662,1.586,0,0,12.47,1,1
TeamA-4051bba7-1170-4c43-b912-8c38815a7625,2021-04-05,1,-0,69.373,69.375,2.42,0,0,12.49,4,7
TeamA-4051bba7-1170-4c43-b912-8c38815a7625,2021-04-06,1,-0,93.305,93.307,3.478,3.8,0,17.38,3,10
TeamA-4051bba7-1170-4c43-b912-8c38815a7625,2021-04-07,1,-0,93.507,93.508,3.471,5.1,0,16.91,3,7
TeamA-4051bba7-1170-4c43-b912-8c38815a7625,2021-04-09,1,-0,92.023,92.025,3.312,8.7,0,17.86,10,15
TeamA-4051bba7-1170-4c43-b912-8c38815a7625,2021-04-12,1,-0,81.19,81.192,2.853,0,0,12.5,0,4
TeamA-4051bba7-1170-4c43-b912-8c38815a7625,2021-04-14,1,-0,114.053,114.055,4.062,0.5,0,14.62,3,8
TeamA-4051bba7-1170-4c43-b912-8c38815a7625,2021-04-16,1,-0,90.823,90.825,2.507,0,0,15.35,3,6
TeamA-4051bba7-1170-4c43-b912-8c38815a7625,2021-04-17,1,-0,139.973,139.975,4.261,8.5,0,17.67,3,5
TeamA-4051bba7-1170-4c43-b912-8c38815a7625,2021-04-19,1,-0,73.473,73.475,1.806,0,0,15.65,1,5
TeamA-4051bba7-1170-4c43-b912-8c38815a7625,2021-04-20,1,-0,109.473,109.475,3.829,22.4,2.9,20.16,3,11
TeamA-4051bba7-1170-4c43-b912-8c38815a7625,2021-04-21,1,-0,94.122,94.123,3.384,0,0,14.93,2,8
TeamA-4051bba7-1170-4c43-b912-8c38815a7625,2021-04-22,1,-0,74.993,74.995,2.779,0,0,14.78,4,9
TeamA-4051bba7-1170-4c43-b912-8c38815a7625,2021-04-23,1,-0,155.077,155.078,4.069,5.7,0,17.45,6,8
TeamA-4051bba7-1170-4c43-b912-8c38815a7625,2021-04-26,1,-0,93.923,93.925,2.831,1.8,0,15.57,3,8
TeamA-4051bba7-1170-4c43-b912-8c38815a7625,2021-04-27,1,-0,90.423,90.425,3.506,1.4,0,15.45,4,9
TeamA-4051bba7-1170-4c43-b912-8c38815a7625,2021-04-28,1,-0,120.32,120.322,4.185,13.4,0,19.63,7,6
TeamA-4051bba7-1170-4c43-b912-8c38815a7625,2021-04-30,1,-0,86.51,86.512,2.211,11.3,0,17.32,3,8
TeamA-4051bba7-1170-4c43-b912-8c38815a7625,2021-05-01,1,1e-4,166.757,166.735,6.963,1.8,0,16.07,1,3
TeamA-4051bba7-1170-4c43-b912-8c38815a7625,2021-05-03,1,-0,85.49,85.492,2.122,0,0,12.56,1,4
TeamA-4051bba7-1170-4c43-b912-8c38815a7625,2021-05-04,1,-0,49.35,49.352,1.693,2.3,0,16.02,2,4
TeamA-4051bba7-1170-4c43-b912-8c38815a7625,2021-05-05,1,-0,165.54,165.542,6.542,32.8,0,17.47,6,8
TeamA-4051bba7-1170-4c43-b912-8c38815a7625,2021-05-10,1,-0,114.39,114.392,3.319,0,0,14.66,9,14
TeamA-4051bba7-1170-4c43-b912-8c38815a7625,2021-05-11,1,-0,101.507,101.508,3.753,0,0,14.35,1,10
TeamA-4051bba7-1170-4c43-b912-8c38815a7625,2021-05-12,1,1e-4,126.823,126.807,3.625,0,0,14.4,4,4
TeamA-4051bba7-1170-4c43-b912-8c38815a7625,2021-05-14,1,-0,98.338,98.34,2.437,0,0,14.62,2,5
TeamA-4051bba7-1170-4c43-b912-8c38815a7625,2021-05-15,1,-0,171.36,171.362,7.047,2.7,0,16.18,4,9
TeamA-4051bba7-1170-4c43-b912-8c38815a7625,2021-05-17,1,-0,106.547,106.548,2.675,5.1,0,16.7,3,3
TeamA-4051bba7-1170-4c43-b912-8c38815a7625,2021-05-18,1,3e-4,93.023,92.993,3.334,1.4,0,16.08,2,13
TeamA-4051bba7-1170-4c43-b912-8c38815a7625,2021-05-19,1,-0,93.455,93.457,3.935,10,0,16.91,1,6
TeamA-4051bba7-1170-4c43-b912-8c38815a7625,2021-05-21,1,-0,122.378,122.38,2.926,0,0,14.64,1,4
TeamA-4051bba7-1170-4c43-b912-8c38815a7625,2021-05-22,1,-0,178.023,178.025,6.024,13.5,0,17.32,1,10
TeamA-4051bba7-1170-4c43-b912-8c38815a7625,2021-05-24,1,-0,111.987,111.988,2.439,7.7,0,18.14,5,3
TeamA-4051bba7-1170-4c43-b912-8c38815a7625,2021-05-25,1,-0,95.34,95.342,2.911,0.4,0,14.27,3,8
TeamA-4051bba7-1170-4c43-b912-8c38815a7625,2021-05-26,1,1e-4,111.707,111.69,3.996,10.3,0,18.64,6,10
TeamA-4051bba7-1170-4c43-b912-8c38815a7625,2021-05-28,1,-0,65.025,65.027,2.284,9.5,0,17.4,1,9
TeamA-4051bba7-1170-4c43-b912-8c38815a7625,2021-05-29,1,-0,185.507,185.508,6.023,0,0,15.92,10,8
TeamA-4051bba7-1170-4c43-b912-8c38815a7625,2021-05-31,1,-0,85.623,85.625,2.238,0,0,14.2,2,6
TeamA-4051bba7-1170-4c43-b912-8c38815a7625,2021-06-01,1,-0,99.257,99.258,3.224,16.1,1.2,18.24,7,16
TeamA-4051bba7-1170-4c43-b912-8c38815a7625,2021-06-02,1,-0,108.542,108.543,3.871,51.6,1.1,19.21,4,7
TeamA-4051bba7-1170-4c43-b912-8c38815a7625,2021-06-04,1,-0,65.907,65.908,2.584,0,0,13.73,1,4
TeamA-4051bba7-1170-4c43-b912-8c38815a7625,2021-06-05,1,-0,182.573,182.575,7.025,11.5,0,16.83,7,6
TeamA-4051bba7-1170-4c43-b912-8c38815a7625,2021-06-07,1,2e-4,99.657,99.638,2.336,5.6,0,17.37,1,7
TeamA-4051bba7-1170-4c43-b912-8c38815a7625,2021-06-08,1,-0,77.123,77.125,3.01,0.9,0,15.82,4,8
TeamA-4051bba7-1170-4c43-b912-8c38815a7625,2021-06-10,1,-0,110.923,110.925,2.83,1.4,0,16.4,2,7
TeamA-4051bba7-1170-4c43-b912-8c38815a7625,2021-06-14,1,-0,98.057,98.058,3.399,16.1,0,18.4,5,16
TeamA-4051bba7-1170-4c43-b912-8c38815a7625,2021-06-15,1,2e-4,89.057,89.035,2.938,4.3,0,17.23,9,8
TeamA-4051bba7-1170-4c43-b912-8c38815a7625,2021-06-16,1,-0,48.073,48.075,1.576,7.5,0,17.45,0,2
TeamA-4051bba7-1170-4c43-b912-8c38815a7625,2021-06-18,1,-0,87.323,87.325,2.167,0,0,14.07,4,8
TeamA-4051bba7-1170-4c43-b912-8c38815a7625,2021-06-19,1,-0,101.107,101.108,4.016,0,0,14.78,3,8
TeamA-4051bba7-1170-4c43-b912-8c38815a7625,2021-06-22,1,-0,192.807,192.808,6.868,11.8,0,17.4,6,2
TeamA-4051bba7-1170-4c43-b912-8c38815a7625,2021-06-24,1,-0,70.1,70.102,2.704,12.3,0,16.78,3,5
TeamA-4051bba7-1170-4c43-b912-8c38815a7625,2021-06-25,1,-0,63.023,63.025,2.386,0.9,0,15.55,2,5
TeamA-4051bba7-1170-4c43-b912-8c38815a7625,2021-06-28,1,-0,83.007,83.008,2.669,0.5,0,14.88,7,6
TeamA-4051bba7-1170-4c43-b912-8c38815a7625,2021-06-29,1,-0,74.973,74.975,1.981,6.7,0,17.96,2,5
TeamA-4051bba7-1170-4c43-b912-8c38815a7625,2021-07-09,1,-0,43.623,43.625,1.466,960.9,822.7,35.85,5,2
TeamA-4051bba7-1170-4c43-b912-8c38815a7625,2021-08-16,1,-0,113.407,113.408,3.035,6,3.6,21.32,7,11
TeamA-4051bba7-1170-4c43-b912-8c38815a7625,2021-08-17,1,-0,77.437,77.438,2.391,1.4,0,14.47,3,5
TeamA-4051bba7-1170-4c43-b912-8c38815a7625,2021-08-18,1,-0,166.523,166.525,7.229,0.4,0,15.8,6,6
TeamA-4051bba7-1170-4c43-b912-8c38815a7625,2021-08-20,1,2e-4,68.457,68.44,2.74,1.4,0,16.74,8,8
TeamA-4051bba7-1170-4c43-b912-8c38815a7625,2021-08-21,1,-0,209.473,209.475,8.736,32.2,0,18.53,15,18
TeamA-4051bba7-1170-4c43-b912-8c38815a7625,2021-08-23,1,-0,94.388,94.39,2.758,4.1,0,16.56,4,7
TeamA-4051bba7-1170-4c43-b912-8c38815a7625,2021-08-24,1,-0,78.007,78.008,2.821,12.9,9.5,26.97,2,7
TeamA-4051bba7-1170-4c43-b912-8c38815a7625,2021-08-26,1,-0,83.973,83.975,2.816,2.3,0,16.12,1,5
TeamA-4051bba7-1170-4c43-b912-8c38815a7625,2021-08-27,1,-0,82.272,82.273,2.577,5.4,0,18.58,2,6
TeamA-4051bba7-1170-4c43-b912-8c38815a7625,2021-08-28,1,-0,201.838,201.84,6.333,1.4,0,15.46,6,11
TeamA-4051bba7-1170-4c43-b912-8c38815a7625,2021-08-30,1,-0,106.357,106.358,3.006,3.6,1.2,19.05,11,9
TeamA-4051bba7-1170-4c43-b912-8c38815a7625,2021-08-31,1,-0,99.873,99.875,2.976,0.5,0,15.06,8,12
TeamA-4051bba7-1170-4c43-b912-8c38815a7625,2021-09-01,1,-0,104.973,104.975,3.211,1.4,0,15.47,5,4
TeamA-4051bba7-1170-4c43-b912-8c38815a7625,2021-09-03,1,-0,90.64,90.642,2.909,0.9,0,15.67,2,5
TeamA-4051bba7-1170-4c43-b912-8c38815a7625,2021-09-04,1,-0,185.777,185.778,6.56,15.3,0,17.04,7,6
TeamA-4051bba7-1170-4c43-b912-8c38815a7625,2021-09-06,1,-0,111.172,111.173,2.344,12.3,0,17.75,2,8
TeamA-4051bba7-1170-4c43-b912-8c38815a7625,2021-09-07,1,-0,57.39,57.392,1.641,12,0,18.12,0,5
TeamA-4051bba7-1170-4c43-b912-8c38815a7625,2021-09-20,1,-0,89.49,89.492,2.198,0,0,15.46,4,5
TeamA-4051bba7-1170-4c43-b912-8c38815a7625,2021-09-21,1,-0,112.04,112.042,3.059,3.7,0,15.9,2,2
TeamA-4051bba7-1170-4c43-b912-8c38815a7625,2021-09-22,1,-0,111.787,111.788,3.728,2.8,0,16.4,4,9
TeamA-4051bba7-1170-4c43-b912-8c38815a7625,2021-09-24,1,-0,61.955,61.957,2.468,0,0,14.07,2,4
TeamA-4051bba7-1170-4c43-b912-8c38815a7625,2021-09-25,1,-0,199.87,199.872,7.138,34,9.7,20.18,4,5
TeamA-4051bba7-1170-4c43-b912-8c38815a7625,2021-09-27,1,-0,82.073,82.075,1.565,24.4,7.5,24.95,2,6
TeamA-4051bba7-1170-4c43-b912-8c38815a7625,2021-09-28,1,-0,145.405,145.407,4.111,8,0,16.8,3,15
TeamA-4051bba7-1170-4c43-b912-8c38815a7625,2021-09-29,1,-0,115.973,115.975,3.565,33.6,0,18.8,2,4
TeamA-4051bba7-1170-4c43-b912-8c38815a7625,2021-10-01,1,-0,69.857,69.858,2.423,1.4,0,15.75,3,6
TeamA-4051bba7-1170-4c43-b912-8c38815a7625,2021-10-02,1,-0,165.16,165.162,6.488,66.3,10.4,21.92,5,5
TeamA-4051bba7-1170-4c43-b912-8c38815a7625,2021-10-04,1,-0,92.973,92.975,2.302,8.4,0,18.7,3,2
TeamA-4051bba7-1170-4c43-b912-8c38815a7625,2021-10-05,1,-0,145.84,145.842,4.275,9.6,0,18.12,1,8
TeamA-4051bba7-1170-4c43-b912-8c38815a7625,2021-10-06,1,-0,120.018,120.02,4.232,24.4,0,16.91,2,7
TeamA-4051bba7-1170-4c43-b912-8c38815a7625,2021-10-08,1,-0,81.357,81.358,3.205,7.7,0,16.22,2,8
TeamA-4051bba7-1170-4c43-b912-8c38815a7625,2021-10-09,1,-0,181.973,181.975,7.117,11.8,0.6,19.05,3,4
TeamA-4051bba7-1170-4c43-b912-8c38815a7625,2021-10-11,1,3e-4,72.563,72.543,2.547,4.2,0,17.57,5,10
TeamA-4051bba7-1170-4c43-b912-8c38815a7625,2021-10-12,1,-0,94.027,94.028,3.475,3.7,0,16.49,2,1
TeamA-4051bba7-1170-4c43-b912-8c38815a7625,2021-10-13,1,-0,192.99,192.992,6.524,2.7,0,16.22,2,9
TeamA-4051bba7-1170-4c43-b912-8c38815a7625,2021-10-15,1,-0,48.84,48.842,2.228,0,0,15.43,1,7
TeamA-4051bba7-1170-4c43-b912-8c38815a7625,2021-10-16,1,-0,165.873,165.875,7.284,25.6,0,17.56,6,7
TeamA-4051bba7-1170-4c43-b912-8c38815a7625,2021-10-18,1,-0,89.957,89.958,2.342,8.1,0,17.91,9,14
TeamA-4051bba7-1170-4c43-b912-8c38815a7625,2021-10-19,1,-0,92.423,92.425,3.809,14.9,1.1,19.31,6,12
TeamA-4051bba7-1170-4c43-b912-8c38815a7625,2021-10-20,1,-0,108.14,108.142,4.399,1.9,0,15.87,1,9
TeamA-4051bba7-1170-4c43-b912-8c38815a7625,2021-10-25,1,-0,111.023,111.025,3.231,4.6,0,16.44,8,11
TeamA-4051bba7-1170-4c43-b912-8c38815a7625,2021-10-26,1,-0,109.39,109.392,3.548,0.9,0,14.89,2,12
TeamA-4051bba7-1170-4c43-b912-8c38815a7625,2021-10-27,1,-0,99.99,99.992,3.475,6.7,0,18.23,8,14
TeamA-4051bba7-1170-4c43-b912-8c38815a7625,2021-10-29,1,-0,116.398,116.4,4.733,60.7,14.7,21.98,3,14
TeamA-4051bba7-1170-4c43-b912-8c38815a7625,2021-11-02,1,-0,106.99,106.992,3.889,24.9,13.1,25.62,4,10
TeamA-4051bba7-1170-4c43-b912-8c38815a7625,2021-11-03,1,-0,115.54,115.542,4.256,2.3,0,15.92,4,12
TeamA-4051bba7-1170-4c43-b912-8c38815a7625,2021-11-04,1,2e-4,100.557,100.54,3.348,4.1,0,16.1,3,8
TeamA-4051bba7-1170-4c43-b912-8c38815a7625,2021-11-06,1,-0,50.057,50.058,1.997,0,0,15.66,2,6
TeamA-4051bba7-1170-4c43-b912-8c38815a7625,2021-11-07,1,-0,167.098,167.1,7.2,16.8,0.6,18.89,5,6
TeamA-4051bba7-1170-4c43-b912-8c38815a7625,2021-11-09,1,-0,69.542,69.543,2.062,2.8,0,14.6,2,5
TeamA-4051bba7-1170-4c43-b912-8c38815a7625,2021-11-10,1,-0,100.167,100.168,4.619,114.5,49.7,22.97,5,7
TeamA-4051bba7-1170-4c43-b912-8c38815a7625,2021-11-12,1,3e-4,71.39,71.372,2.614,13.4,0,17.75,2,4
TeamA-4051bba7-1170-4c43-b912-8c38815a7625,2021-11-13,1,-0,204.685,204.687,6.689,8.6,0,16.48,3,8
TeamA-4a84eb03-8d1f-d9b7-4d2b-9deb1beb3711,2021-06-08,1,-0,91.423,91.425,4.635,183.8,52.2,23.88,3,7
TeamA-4a84eb03-8d1f-d9b7-4d2b-9deb1beb3711,2021-06-09,1,-0,152.92,152.922,5.066,243.8,38,22.97,5,11
TeamA-4a84eb03-8d1f-d9b7-4d2b-9deb1beb3711,2021-06-10,1,-0,90.833,90.835,3.961,127.5,19.9,23.87,2,16
TeamA-4a84eb03-8d1f-d9b7-4d2b-9deb1beb3711,2021-06-14,1,2e-4,109.053,109.035,4.652,226.4,85.2,25.09,6,8
TeamA-4a84eb03-8d1f-d9b7-4d2b-9deb1beb3711,2021-06-16,1,-0,126.938,126.94,9.311,618.5,142.8,27.01,7,9
TeamA-4a84eb03-8d1f-d9b7-4d2b-9deb1beb3711,2021-06-18,1,-0,119.837,119.838,4.237,136.8,7.3,22.69,8,14
TeamA-4a84eb03-8d1f-d9b7-4d2b-9deb1beb3711,2021-06-19,1,-0,114.02,114.022,6.107,408.3,133.2,25.02,7,17
TeamA-4a84eb03-8d1f-d9b7-4d2b-9deb1beb3711,2021-06-21,1,-0,78.388,78.39,3.367,247,87.2,24.2,1,5
TeamA-4a84eb03-8d1f-d9b7-4d2b-9deb1beb3711,2021-06-22,1,-0,201.627,201.628,7.689,569.9,237,29.27,7,13
TeamA-4a84eb03-8d1f-d9b7-4d2b-9deb1beb3711,2021-06-24,1,-0,360.007,360.008,2.248,146.1,19.4,22.9,7,8
TeamA-4a84eb03-8d1f-d9b7-4d2b-9deb1beb3711,2021-06-25,1,-0,71.502,71.503,2.892,130.5,54,24.2,7,3
TeamA-4a84eb03-8d1f-d9b7-4d2b-9deb1beb3711,2021-06-28,1,-0,88.588,88.59,3.707,44.9,6.4,21.69,3,3
TeamA-4a84eb03-8d1f-d9b7-4d2b-9deb1beb3711,2021-06-29,1,-0,101.55,101.552,3.083,208.9,74.5,24.39,2,3
TeamA-4a84eb03-8d1f-d9b7-4d2b-9deb1beb3711,2021-06-30,1,-0,173.555,173.557,6.56,571.9,115.3,24.42,4,3
TeamA-4a84eb03-8d1f-d9b7-4d2b-9deb1beb3711,2021-07-02,1,2e-4,91.405,91.385,3.662,230.6,73.6,22.58,5,6
TeamA-4a84eb03-8d1f-d9b7-4d2b-9deb1beb3711,2021-07-03,1,-0,388.938,388.94,4.631,1167,968.1,35.62,2,4
TeamA-4a84eb03-8d1f-d9b7-4d2b-9deb1beb3711,2021-07-04,1,-1e-4,12.923,12.925,0.476,0,0,10.52,0,0
TeamA-4a84eb03-8d1f-d9b7-4d2b-9deb1beb3711,2021-07-05,1,-0,85.007,85.008,3.708,98.4,19.7,23.29,3,3
TeamA-4a84eb03-8d1f-d9b7-4d2b-9deb1beb3711,2021-07-07,1,-0,129.387,129.388,8.714,3858.4,3424.4,35.88,4,5
TeamA-4a84eb03-8d1f-d9b7-4d2b-9deb1beb3711,2021-07-08,1,-0,86.488,86.49,3.725,147.9,43,23.42,9,0
TeamA-4a84eb03-8d1f-d9b7-4d2b-9deb1beb3711,2021-07-09,1,-0,64.903,64.905,3.414,183.3,83.8,23.68,1,4
TeamA-4a84eb03-8d1f-d9b7-4d2b-9deb1beb3711,2021-07-10,1,-0,170.988,170.99,5.777,346.4,106.8,25.79,7,5
TeamA-4a84eb03-8d1f-d9b7-4d2b-9deb1beb3711,2021-07-12,1,-0,132.523,132.525,3.922,114.5,8,20.55,4,6
TeamA-4a84eb03-8d1f-d9b7-4d2b-9deb1beb3711,2021-07-13,1,-0,107.505,107.507,5.347,117.9,12.7,21.4,4,11
TeamA-4a84eb03-8d1f-d9b7-4d2b-9deb1beb3711,2021-07-14,1,2e-4,96.99,96.972,5.252,451.2,202.7,26.42,5,0
TeamA-4a84eb03-8d1f-d9b7-4d2b-9deb1beb3711,2021-07-16,1,-0,122.387,122.388,3.077,232.3,49.1,25.03,2,2
TeamA-4a84eb03-8d1f-d9b7-4d2b-9deb1beb3711,2021-07-17,1,-0,190.518,190.52,12.211,575.5,142.7,24.81,13,16
TeamA-4a84eb03-8d1f-d9b7-4d2b-9deb1beb3711,2021-07-28,1,2e-4,89.987,89.967,4.22,206.1,22,21.62,3,11
TeamA-4a84eb03-8d1f-d9b7-4d2b-9deb1beb3711,2021-07-29,1,-0,105.922,105.923,4.751,311.9,44.8,22.64,2,9
TeamA-4a84eb03-8d1f-d9b7-4d2b-9deb1beb3711,2021-07-30,1,1e-4,391.803,391.783,14.933,1837.9,1049,35.87,6,22
TeamA-4a84eb03-8d1f-d9b7-4d2b-9deb1beb3711,2021-08-02,1,-0,404.973,404.975,6.136,223.3,10.9,21.36,6,14
TeamA-4a84eb03-8d1f-d9b7-4d2b-9deb1beb3711,2021-08-04,1,-0,112.65,112.652,6.053,588.4,257.8,26.25,8,15
TeamA-4a84eb03-8d1f-d9b7-4d2b-9deb1beb3711,2021-08-06,1,-0,85.553,85.555,2.732,174.4,53.4,24.22,6,5
TeamA-4a84eb03-8d1f-d9b7-4d2b-9deb1beb3711,2021-08-07,1,1e-4,169.308,169.292,12.416,674.9,140.9,25.1,9,11
TeamA-4a84eb03-8d1f-d9b7-4d2b-9deb1beb3711,2021-08-09,1,-0,108.907,108.908,2.35,60,4,20.44,2,1
TeamA-4a84eb03-8d1f-d9b7-4d2b-9deb1beb3711,2021-08-10,1,-0,87.662,87.663,4.376,241.8,30.7,22.85,2,24
TeamA-4a84eb03-8d1f-d9b7-4d2b-9deb1beb3711,2021-08-11,1,1e-4,176.172,176.152,12.357,551.2,131,25.93,8,9
TeamA-4a84eb03-8d1f-d9b7-4d2b-9deb1beb3711,2021-08-13,1,3e-4,75.92,75.9,2.848,177.9,52.2,22.31,5,3
TeamA-4a84eb03-8d1f-d9b7-4d2b-9deb1beb3711,2021-08-14,1,1e-4,167.867,167.847,12.2,963.1,253.7,28.44,15,16
TeamA-4a84eb03-8d1f-d9b7-4d2b-9deb1beb3711,2021-08-16,1,2e-4,98.32,98.303,3.124,25.4,0,18.68,0,4
TeamA-4a84eb03-8d1f-d9b7-4d2b-9deb1beb3711,2021-08-17,1,-0,114.508,114.51,3.784,198.5,51.4,25.1,2,10
TeamA-4a84eb03-8d1f-d9b7-4d2b-9deb1beb3711,2021-08-18,1,1e-4,169.487,169.467,13.134,1241.2,388.5,26.88,9,18
TeamA-4a84eb03-8d1f-d9b7-4d2b-9deb1beb3711,2021-08-20,1,-0,78.857,78.858,4.241,123.7,18.8,22.1,5,4
TeamA-4a84eb03-8d1f-d9b7-4d2b-9deb1beb3711,2021-08-21,1,-0,217.338,217.34,16.725,1595.8,544,28.45,11,13
TeamA-4a84eb03-8d1f-d9b7-4d2b-9deb1beb3711,2021-08-23,1,2e-4,86.988,86.968,2.553,0.4,0,15.64,2,5
TeamA-4a84eb03-8d1f-d9b7-4d2b-9deb1beb3711,2021-08-24,1,-0,90.872,90.873,4.477,306.2,105,24.32,5,7
TeamA-4a84eb03-8d1f-d9b7-4d2b-9deb1beb3711,2021-08-25,1,1e-4,186.857,186.837,13.375,794,213.9,28.55,1,15
TeamA-4a84eb03-8d1f-d9b7-4d2b-9deb1beb3711,2021-08-26,1,2e-4,76.373,76.357,3.072,64.5,2.8,20.42,3,5
TeamA-4a84eb03-8d1f-d9b7-4d2b-9deb1beb3711,2021-08-27,1,1e-4,115.988,115.972,3.702,327,110.6,22.33,4,8
TeamA-4a84eb03-8d1f-d9b7-4d2b-9deb1beb3711,2021-08-30,1,-0,115.355,115.357,2.527,32,3.4,20.55,2,3
TeamA-4a84eb03-8d1f-d9b7-4d2b-9deb1beb3711,2021-08-31,1,1e-4,216.73,216.712,8.281,1753.1,1396.7,35.75,8,19
TeamA-4a84eb03-8d1f-d9b7-4d2b-9deb1beb3711,2021-09-01,1,2e-4,112.54,112.522,6.307,413.7,138.8,23.31,3,6
TeamA-4a84eb03-8d1f-d9b7-4d2b-9deb1beb3711,2021-09-03,1,2e-4,87.04,87.02,3.369,248.4,68.5,25.07,7,4
TeamA-4a84eb03-8d1f-d9b7-4d2b-9deb1beb3711,2021-09-04,1,1e-4,186.39,186.368,13.094,1065.3,396.8,27.43,9,17
TeamA-4a84eb03-8d1f-d9b7-4d2b-9deb1beb3711,2021-09-06,1,2e-4,125.64,125.61,2.608,37.9,1.1,19.69,3,2
TeamA-4a84eb03-8d1f-d9b7-4d2b-9deb1beb3711,2021-09-07,1,1e-4,145.507,145.487,6.095,236.5,49.7,23.4,4,10
TeamA-4a84eb03-8d1f-d9b7-4d2b-9deb1beb3711,2021-09-08,1,2e-4,120.522,120.502,7.939,1135.8,431.9,29,6,7
TeamA-4a84eb03-8d1f-d9b7-4d2b-9deb1beb3711,2021-09-09,1,2e-4,106.538,106.517,4.917,153.8,28.9,25.01,3,14
TeamA-4a84eb03-8d1f-d9b7-4d2b-9deb1beb3711,2021-09-11,1,3e-4,60.887,60.868,3.069,362.7,135.5,26.12,1,6
TeamA-4a84eb03-8d1f-d9b7-4d2b-9deb1beb3711,2021-09-12,1,1e-4,225.133,225.112,13.121,1366.1,483.1,28.96,15,25
TeamA-4a84eb03-8d1f-d9b7-4d2b-9deb1beb3711,2021-09-20,1,-0,117.757,117.758,4.871,270.6,96.6,24.26,7,11
TeamA-4a84eb03-8d1f-d9b7-4d2b-9deb1beb3711,2021-09-21,1,2e-4,173.242,173.207,7.591,296.1,27,23.07,11,20
TeamA-4a84eb03-8d1f-d9b7-4d2b-9deb1beb3711,2021-09-22,1,1e-4,148.472,148.453,6.466,405.4,105.4,24.84,8,10
TeamA-4a84eb03-8d1f-d9b7-4d2b-9deb1beb3711,2021-09-24,1,3e-4,64.055,64.033,3.672,212.9,35.6,24.34,6,5
TeamA-4a84eb03-8d1f-d9b7-4d2b-9deb1beb3711,2021-09-25,1,1e-4,190.153,190.132,11.841,1340.6,556.4,27.3,5,12
TeamA-4a84eb03-8d1f-d9b7-4d2b-9deb1beb3711,2021-09-27,1,2e-4,99.072,99.048,3.292,224.6,132,26.83,6,2
TeamA-4a84eb03-8d1f-d9b7-4d2b-9deb1beb3711,2021-09-28,1,2e-4,132.188,132.167,6.783,172.1,10.9,21.12,4,23
TeamA-4a84eb03-8d1f-d9b7-4d2b-9deb1beb3711,2021-09-29,1,2e-4,112.743,112.722,6.142,433,181.4,26.51,3,5
TeamA-4a84eb03-8d1f-d9b7-4d2b-9deb1beb3711,2021-10-01,1,-0,73.972,73.973,3.168,266.9,67.5,24.49,6,4
TeamA-4a84eb03-8d1f-d9b7-4d2b-9deb1beb3711,2021-10-02,1,-0,159.57,159.572,11.969,914.2,311.2,28.44,14,16
TeamA-4a84eb03-8d1f-d9b7-4d2b-9deb1beb3711,2021-10-04,1,3e-4,77.99,77.968,2.607,58.9,2.8,19.73,9,3
TeamA-4a84eb03-8d1f-d9b7-4d2b-9deb1beb3711,2021-10-05,1,-0,110.183,110.185,5.989,237,68.4,22.67,8,26
TeamA-4a84eb03-8d1f-d9b7-4d2b-9deb1beb3711,2021-10-06,1,2e-4,106.888,106.867,7.166,969.1,374.1,28.21,3,10
TeamA-4a84eb03-8d1f-d9b7-4d2b-9deb1beb3711,2021-10-08,1,-0,100.52,100.522,4.035,234.4,53.7,23.16,6,6
TeamA-4a84eb03-8d1f-d9b7-4d2b-9deb1beb3711,2021-10-09,1,1e-4,209.805,209.787,12.649,985.8,195.9,26.85,13,17
TeamA-4a84eb03-8d1f-d9b7-4d2b-9deb1beb3711,2021-10-11,1,-0,74.853,74.855,2.507,37.8,0,19.29,4,4
TeamA-4a84eb03-8d1f-d9b7-4d2b-9deb1beb3711,2021-10-12,1,-0,88.505,88.507,4.004,286.8,101.8,23.62,6,5
TeamA-4a84eb03-8d1f-d9b7-4d2b-9deb1beb3711,2021-10-13,1,1e-4,162.863,162.842,11.347,1037.5,348.7,28.2,15,22
TeamA-4a84eb03-8d1f-d9b7-4d2b-9deb1beb3711,2021-10-15,1,-0,60.853,60.855,3.36,105.7,21.5,21.82,4,6
TeamA-4a84eb03-8d1f-d9b7-4d2b-9deb1beb3711,2021-10-16,1,-0,189.855,189.857,12.854,1285.1,408.3,26.51,6,17
TeamA-4a84eb03-8d1f-d9b7-4d2b-9deb1beb3711,2021-10-18,1,2e-4,94.822,94.8,2.718,107.4,5.6,20.23,3,6
TeamA-4a84eb03-8d1f-d9b7-4d2b-9deb1beb3711,2021-10-19,1,-0,84.47,84.472,4.705,108.2,23.6,22.48,10,6
TeamA-4a84eb03-8d1f-d9b7-4d2b-9deb1beb3711,2021-10-20,1,2e-4,108.053,108.03,7.717,629.4,186.4,25.68,5,15
TeamA-4a84eb03-8d1f-d9b7-4d2b-9deb1beb3711,2021-10-25,1,1e-4,122.905,122.887,5.069,155.8,21.1,22.02,2,8
TeamA-4a84eb03-8d1f-d9b7-4d2b-9deb1beb3711,2021-10-26,1,2e-4,125.97,125.947,6.942,398.4,130.1,22.83,4,15
TeamA-4a84eb03-8d1f-d9b7-4d2b-9deb1beb3711,2021-10-27,1,1e-4,116.37,116.353,6.26,613.5,263.8,27.76,8,11
TeamA-4a84eb03-8d1f-d9b7-4d2b-9deb1beb3711,2021-10-28,1,2e-4,107.503,107.48,5.704,171.2,35.2,22.31,2,14
TeamA-4a84eb03-8d1f-d9b7-4d2b-9deb1beb3711,2021-10-29,1,1e-4,130.387,130.368,8.575,719,249.4,26.79,8,11
TeamA-4a84eb03-8d1f-d9b7-4d2b-9deb1beb3711,2021-11-02,1,2e-4,127.687,127.665,5.989,164.7,23.5,23.03,7,13
TeamA-4a84eb03-8d1f-d9b7-4d2b-9deb1beb3711,2021-11-03,1,-0,121.88,121.882,7.366,279.2,43.7,22.82,7,13
TeamA-4a84eb03-8d1f-d9b7-4d2b-9deb1beb3711,2021-11-04,1,2e-4,107.837,107.815,7.473,735.7,253.9,27.68,6,6
TeamA-4a84eb03-8d1f-d9b7-4d2b-9deb1beb3711,2021-11-06,1,-0,51.92,51.922,2.8,226,94.2,25.9,2,5
TeamA-4a84eb03-8d1f-d9b7-4d2b-9deb1beb3711,2021-11-10,1,-0,94.903,94.905,5.586,392.5,140.5,24.27,6,12
TeamA-4a84eb03-8d1f-d9b7-4d2b-9deb1beb3711,2021-11-12,1,3e-4,72.588,72.568,3.394,314.5,91.2,24.49,2,4
TeamA-4a84eb03-8d1f-d9b7-4d2b-9deb1beb3711,2021-11-13,1,1e-4,191.203,191.183,3.165,44.6,12.5,22.1,0,1
TeamA-4a84eb03-8d1f-d9b7-4d2b-9deb1beb3711,2021-11-16,1,2e-4,80.74,80.72,4.591,170.8,33.7,22.94,7,5
TeamA-5487ce1e-af19-922a-d9b8-a714e61a441c,2020-06-01,1,-0,105.423,105.425,5.973,281.4,61.5,23.67,4,8
TeamA-5487ce1e-af19-922a-d9b8-a714e61a441c,2020-06-02,1,-0,121.157,121.158,5.619,126.2,25.9,23.39,7,11
TeamA-5487ce1e-af19-922a-d9b8-a714e61a441c,2020-06-03,1,-0,60.89,60.892,2.635,241.9,118.3,24.88,6,2
TeamA-5487ce1e-af19-922a-d9b8-a714e61a441c,2020-06-05,1,-0,111.853,111.855,5.148,330.3,102.9,24.62,8,14
TeamA-5487ce1e-af19-922a-d9b8-a714e61a441c,2020-06-06,1,-0,128.488,128.49,7.068,504.7,148.1,26.8,11,17
TeamA-5487ce1e-af19-922a-d9b8-a714e61a441c,2020-06-08,1,-0,105,105.002,5.544,84.1,1.1,19.73,4,13
TeamA-5487ce1e-af19-922a-d9b8-a714e61a441c,2020-06-10,1,-0,130.357,130.358,9.081,585.4,86.9,22.26,6,9
TeamA-5487ce1e-af19-922a-d9b8-a714e61a441c,2020-06-11,1,-0,87.932,87.933,3.414,368.1,114.9,24.96,5,5
TeamA-5487ce1e-af19-922a-d9b8-a714e61a441c,2020-06-12,1,-0,101.403,101.405,4.748,390.5,110.2,24.26,6,4
TeamA-5487ce1e-af19-922a-d9b8-a714e61a441c,2020-06-13,1,-0,139.023,139.025,8.358,496.8,128.8,26.02,4,12
TeamA-5487ce1e-af19-922a-d9b8-a714e61a441c,2020-06-15,1,-0,132.053,132.055,5.287,101.2,3.4,20,4,12
TeamA-5487ce1e-af19-922a-d9b8-a714e61a441c,2020-06-16,1,-0,136.87,136.872,7.843,181.3,22.3,22.59,3,11
TeamA-5487ce1e-af19-922a-d9b8-a714e61a441c,2020-06-17,1,-0,150.797,150.798,7.287,646.9,154.1,25.91,5,11
TeamA-5487ce1e-af19-922a-d9b8-a714e61a441c,2020-06-19,1,-0,77.673,77.675,2.399,149.8,34.9,23.51,6,1
TeamA-5487ce1e-af19-922a-d9b8-a714e61a441c,2020-06-24,1,-0,116.022,116.023,6.851,501.6,141.1,25.94,8,13
TeamA-5487ce1e-af19-922a-d9b8-a714e61a441c,2020-06-29,1,-0,124.483,124.485,5.319,273.9,124.8,26.65,10,9
TeamA-5487ce1e-af19-922a-d9b8-a714e61a441c,2020-07-04,1,-0,128.973,128.975,9.364,764,166.8,25.78,7,12
TeamA-5487ce1e-af19-922a-d9b8-a714e61a441c,2020-07-07,1,-0,105.622,105.623,5.702,128,5.1,20.45,7,16
TeamA-5487ce1e-af19-922a-d9b8-a714e61a441c,2020-07-08,1,-0,113.872,113.873,7.114,626.4,224.4,25.66,3,9
TeamA-5487ce1e-af19-922a-d9b8-a714e61a441c,2020-07-10,1,-0,92.548,92.55,2.516,217.2,45.6,25.56,3,2
TeamA-5487ce1e-af19-922a-d9b8-a714e61a441c,2020-07-13,1,-0,69.002,69.003,4.055,150.4,8,21.13,9,17
TeamA-5487ce1e-af19-922a-d9b8-a714e61a441c,2020-07-15,1,-0,129.605,129.607,5.923,619.9,193.9,26.63,6,7
TeamA-5487ce1e-af19-922a-d9b8-a714e61a441c,2020-07-16,1,-0,117.507,117.508,3.402,183.9,67.3,24.47,5,5
TeamA-5487ce1e-af19-922a-d9b8-a714e61a441c,2020-07-20,1,-0,57.87,57.872,3.188,58.4,0,18.83,3,4
TeamA-5487ce1e-af19-922a-d9b8-a714e61a441c,2020-07-21,1,-0,92.122,92.123,4.314,72.8,6.4,21.33,7,10
TeamA-5487ce1e-af19-922a-d9b8-a714e61a441c,2020-07-27,1,-0,78.405,78.407,4.141,119,6.2,19.66,6,10
TeamA-5487ce1e-af19-922a-d9b8-a714e61a441c,2020-07-29,1,-0,111.555,111.557,6.86,194.4,5.1,20.32,3,23
TeamA-560cb066-a8ae-412f-b09f-0d2a6aa0cf05,2020-06-02,1,-0,128.488,128.49,3.153,1.8,0,15.53,9,10
TeamA-560cb066-a8ae-412f-b09f-0d2a6aa0cf05,2020-06-03,1,-0,129.15,129.152,3.516,44,0,19.37,5,3
TeamA-560cb066-a8ae-412f-b09f-0d2a6aa0cf05,2020-06-05,1,-0,113.82,113.822,3.017,28.9,2.3,20.63,8,9
TeamA-560cb066-a8ae-412f-b09f-0d2a6aa0cf05,2020-06-06,1,-0,130.888,130.89,5.155,123.7,19,22.78,11,10
TeamA-560cb066-a8ae-412f-b09f-0d2a6aa0cf05,2020-06-08,1,-0,112.567,112.568,3.568,16.8,1.1,19.92,6,15
TeamA-560cb066-a8ae-412f-b09f-0d2a6aa0cf05,2020-06-09,1,-0,120.988,120.99,4.791,7.5,0,17.18,9,10
TeamA-560cb066-a8ae-412f-b09f-0d2a6aa0cf05,2020-06-10,1,-0,132.465,132.467,3.975,22.2,2.3,20.27,4,6
TeamA-560cb066-a8ae-412f-b09f-0d2a6aa0cf05,2020-06-11,1,-0,85.04,85.042,2.565,77.7,52.1,25.05,4,3
TeamA-560cb066-a8ae-412f-b09f-0d2a6aa0cf05,2020-06-12,1,-0,94.855,94.857,2.592,0.9,0,15.15,6,8
TeamA-560cb066-a8ae-412f-b09f-0d2a6aa0cf05,2020-06-13,1,-0,139.667,139.668,4.888,21.1,0,18.74,4,4
TeamA-560cb066-a8ae-412f-b09f-0d2a6aa0cf05,2020-06-15,1,-0,130.888,130.89,3.238,25.7,0,18.75,5,25
TeamA-560cb066-a8ae-412f-b09f-0d2a6aa0cf05,2020-06-16,1,-0,133.338,133.34,5.656,56.6,2.8,19.76,2,6
TeamA-560cb066-a8ae-412f-b09f-0d2a6aa0cf05,2020-06-17,1,-0,139.013,139.015,2.697,81,8,20.5,3,1
TeamA-560cb066-a8ae-412f-b09f-0d2a6aa0cf05,2020-06-19,1,-0,87.84,87.842,2.655,7.1,0.6,17.1,0,6
TeamA-560cb066-a8ae-412f-b09f-0d2a6aa0cf05,2020-06-20,1,-0,163.488,163.49,2.849,11.3,0,17.41,4,3
TeamA-560cb066-a8ae-412f-b09f-0d2a6aa0cf05,2020-06-22,1,-0,106.882,106.883,3.072,23.4,0,19.64,7,18
TeamA-560cb066-a8ae-412f-b09f-0d2a6aa0cf05,2020-06-23,1,-0,128.172,128.173,4.479,44.9,1.7,19.88,2,11
TeamA-560cb066-a8ae-412f-b09f-0d2a6aa0cf05,2020-06-24,1,-0,196.707,196.708,4.386,478.5,59.5,24.77,0,2
TeamA-560cb066-a8ae-412f-b09f-0d2a6aa0cf05,2020-06-26,1,-0,95.903,95.905,2.691,38.3,29.8,26.34,0,1
TeamA-560cb066-a8ae-412f-b09f-0d2a6aa0cf05,2020-07-02,1,-0,72.555,72.557,1.676,0.9,0,14.22,1,2
TeamA-560cb066-a8ae-412f-b09f-0d2a6aa0cf05,2020-07-04,1,-0,131.123,131.125,4.774,61.2,4.5,20.21,10,10
TeamA-560cb066-a8ae-412f-b09f-0d2a6aa0cf05,2020-07-06,1,-0,84.142,84.143,3.028,53.9,10.4,21.13,7,4
TeamA-560cb066-a8ae-412f-b09f-0d2a6aa0cf05,2020-07-07,1,-0,108.672,108.673,4.153,9.9,0,19.24,6,6
TeamA-560cb066-a8ae-412f-b09f-0d2a6aa0cf05,2020-07-08,1,-0,114.205,114.207,4.346,94,41.3,23.54,2,9
TeamA-560cb066-a8ae-412f-b09f-0d2a6aa0cf05,2020-07-10,1,-0,79.473,79.475,2.199,20.5,0.6,19.34,7,4
TeamA-560cb066-a8ae-412f-b09f-0d2a6aa0cf05,2020-07-13,1,-0,88.105,88.107,3.486,112.9,15.7,21.21,12,12
TeamA-560cb066-a8ae-412f-b09f-0d2a6aa0cf05,2020-07-14,1,-0,94.338,94.34,3.515,68.3,11.6,23.7,6,22
TeamA-560cb066-a8ae-412f-b09f-0d2a6aa0cf05,2020-07-16,1,-0,115.638,115.64,3.079,79.9,30,25.13,12,10
TeamA-560cb066-a8ae-412f-b09f-0d2a6aa0cf05,2020-07-18,1,-0,84.47,84.472,2.135,13,0.6,19.74,1,9
TeamA-560cb066-a8ae-412f-b09f-0d2a6aa0cf05,2020-07-19,1,-0,166.988,166.99,2.303,28.9,2.8,20.14,7,3
TeamA-560cb066-a8ae-412f-b09f-0d2a6aa0cf05,2020-07-20,1,-0,63.522,63.523,2.204,4.5,0,17.45,7,11
TeamA-560cb066-a8ae-412f-b09f-0d2a6aa0cf05,2020-07-21,1,-0,92.038,92.04,3.248,33.7,0,18.23,4,8
TeamA-560cb066-a8ae-412f-b09f-0d2a6aa0cf05,2020-07-22,1,-0,140.473,140.475,3.788,882,129.2,20.93,2,6
TeamA-560cb066-a8ae-412f-b09f-0d2a6aa0cf05,2020-07-24,1,-0,162.145,162.147,4.884,3845.2,3109.2,35.89,0,2
TeamA-560cb066-a8ae-412f-b09f-0d2a6aa0cf05,2020-07-27,1,-0,123.838,123.84,3.737,0.5,0,15.59,1,14
TeamA-560cb066-a8ae-412f-b09f-0d2a6aa0cf05,2020-07-29,1,-0,122.948,122.95,3.804,17.8,0,18.95,7,15
TeamA-560cb066-a8ae-412f-b09f-0d2a6aa0cf05,2020-07-30,1,-0,121.887,121.888,3.688,106,73.4,35.77,11,5
TeamA-560cb066-a8ae-412f-b09f-0d2a6aa0cf05,2020-08-01,1,-0,153.388,153.39,3.149,0,0,14.04,3,3
TeamA-560cb066-a8ae-412f-b09f-0d2a6aa0cf05,2020-08-03,1,-0,78.138,78.14,2.559,10.2,0,17.12,8,10
TeamA-560cb066-a8ae-412f-b09f-0d2a6aa0cf05,2020-08-04,1,-0,95.022,95.023,2.643,20.8,0,17.93,14,12
TeamA-560cb066-a8ae-412f-b09f-0d2a6aa0cf05,2020-08-05,1,-0,107.923,107.925,2.504,4.1,0,16.25,2,9
TeamA-560cb066-a8ae-412f-b09f-0d2a6aa0cf05,2020-08-06,1,-0,117.003,117.005,3.74,19.1,0,17.78,6,12
TeamA-560cb066-a8ae-412f-b09f-0d2a6aa0cf05,2020-08-07,1,-0,72.483,72.485,2.153,3.6,0,16.56,1,2
TeamA-560cb066-a8ae-412f-b09f-0d2a6aa0cf05,2020-08-10,1,-0,80.422,80.423,2.593,0.5,0,14.66,2,4
TeamA-560cb066-a8ae-412f-b09f-0d2a6aa0cf05,2020-08-11,1,-0,106.357,106.358,3.797,21.3,0,17.9,9,20
TeamA-560cb066-a8ae-412f-b09f-0d2a6aa0cf05,2020-08-15,1,-0,81.055,81.057,2.86,108.8,80.2,28.2,5,9
TeamA-560cb066-a8ae-412f-b09f-0d2a6aa0cf05,2020-08-16,1,-0,185.573,185.575,6.652,29.6,0.6,19.33,7,5
TeamA-560cb066-a8ae-412f-b09f-0d2a6aa0cf05,2020-08-19,1,-0,115.038,115.04,4.586,5.1,0,16.55,4,16
TeamA-560cb066-a8ae-412f-b09f-0d2a6aa0cf05,2020-08-20,1,-0,90.005,90.007,2.954,100.2,62.7,27.43,5,16
TeamA-560cb066-a8ae-412f-b09f-0d2a6aa0cf05,2020-08-21,1,-0,56.45,56.452,2.363,96.4,55.3,27.54,7,11
TeamA-560cb066-a8ae-412f-b09f-0d2a6aa0cf05,2020-08-22,1,-0,122.372,122.373,4.678,22.7,4.2,21.59,3,12
TeamA-560cb066-a8ae-412f-b09f-0d2a6aa0cf05,2020-08-25,1,-0,58.52,58.522,2.737,80.4,4,20.17,5,11
TeamA-560cb066-a8ae-412f-b09f-0d2a6aa0cf05,2020-08-26,1,-0,185.855,185.857,6.534,52.8,1.1,19.52,10,14
TeamA-560cb066-a8ae-412f-b09f-0d2a6aa0cf05,2020-08-29,1,-0,52.84,52.842,1.724,4.7,0,17.12,4,2
TeamA-560cb066-a8ae-412f-b09f-0d2a6aa0cf05,2020-09-01,1,-0,68.388,68.39,2.315,13.8,0.6,19.39,1,4
TeamA-560cb066-a8ae-412f-b09f-0d2a6aa0cf05,2020-09-02,1,-0,95.97,95.972,3.587,117.1,75,28.07,3,6
TeamA-560cb066-a8ae-412f-b09f-0d2a6aa0cf05,2020-09-03,1,-0,90.49,90.492,3.846,7.6,0,18.02,12,12
TeamA-560cb066-a8ae-412f-b09f-0d2a6aa0cf05,2020-09-04,1,-0,71.74,71.742,2.129,16.9,0,17.42,3,12
TeamA-560cb066-a8ae-412f-b09f-0d2a6aa0cf05,2020-09-05,1,-0,195.538,195.54,0.436,0,0,6.53,0,0
TeamA-560cb066-a8ae-412f-b09f-0d2a6aa0cf05,2020-09-07,1,-0,71.55,71.552,3.204,17.3,0,19.51,4,5
TeamA-560cb066-a8ae-412f-b09f-0d2a6aa0cf05,2020-09-08,1,-0,90.033,90.035,3.592,17.3,0,17.92,8,20
TeamA-560cb066-a8ae-412f-b09f-0d2a6aa0cf05,2020-09-09,1,-0,96.52,96.522,3.158,16.1,0,17.8,5,8
TeamA-560cb066-a8ae-412f-b09f-0d2a6aa0cf05,2020-09-11,1,-0,162.987,162.988,4.209,835.3,158.2,21.63,3,9
TeamA-560cb066-a8ae-412f-b09f-0d2a6aa0cf05,2020-09-12,1,-0,164.873,164.875,2.33,128.4,62.7,26.46,2,3
TeamA-560cb066-a8ae-412f-b09f-0d2a6aa0cf05,2020-09-14,1,-0,100.883,100.885,3.572,3.3,0,17,11,14
TeamA-560cb066-a8ae-412f-b09f-0d2a6aa0cf05,2020-09-16,1,-0,123.472,123.473,4.446,49.6,3,22.04,11,12
TeamA-560cb066-a8ae-412f-b09f-0d2a6aa0cf05,2020-09-21,1,-0,75.888,75.89,2.549,33,0,18.8,5,12
TeamA-560cb066-a8ae-412f-b09f-0d2a6aa0cf05,2020-09-22,1,-0,101.055,101.057,2.997,7.5,0,17.2,7,10
TeamA-560cb066-a8ae-412f-b09f-0d2a6aa0cf05,2020-09-23,1,-0,109.003,109.005,3.164,12.5,0,16.92,3,5
TeamA-560cb066-a8ae-412f-b09f-0d2a6aa0cf05,2020-09-25,1,-0,72.49,72.492,2.137,18.5,0.6,19.52,3,7
TeamA-560cb066-a8ae-412f-b09f-0d2a6aa0cf05,2020-09-26,1,-0,167.472,167.473,4.591,292.5,80.3,22.76,3,7
TeamA-560cb066-a8ae-412f-b09f-0d2a6aa0cf05,2020-09-28,1,-0,93.573,93.575,2.335,17.8,0,18.45,6,13
TeamA-560cb066-a8ae-412f-b09f-0d2a6aa0cf05,2020-09-29,1,-0,95.903,95.905,2.473,1.8,0,15.15,7,9
TeamA-560cb066-a8ae-412f-b09f-0d2a6aa0cf05,2020-10-01,1,-0,100.023,100.025,2.762,16.3,0,17.68,6,10
TeamA-560cb066-a8ae-412f-b09f-0d2a6aa0cf05,2020-10-03,1,-0,85.04,85.042,2.76,6.6,0,17.41,10,10
TeamA-560cb066-a8ae-412f-b09f-0d2a6aa0cf05,2020-10-04,1,-0,166.237,166.238,3.027,486.6,136.7,26.33,14,4
TeamA-560cb066-a8ae-412f-b09f-0d2a6aa0cf05,2020-10-05,1,-0,81.755,81.757,2.307,3.6,0,16.36,4,5
TeamA-560cb066-a8ae-412f-b09f-0d2a6aa0cf05,2020-10-23,1,-0,81.508,81.51,2.149,19.6,1.1,19.07,4,10
TeamA-560cb066-a8ae-412f-b09f-0d2a6aa0cf05,2020-10-26,1,-0,95.505,95.507,2.952,37.1,10.4,23.41,8,19
TeamA-560cb066-a8ae-412f-b09f-0d2a6aa0cf05,2020-10-27,1,-0,103.688,103.69,2.275,8.3,0,16.48,5,14
TeamA-560cb066-a8ae-412f-b09f-0d2a6aa0cf05,2020-10-31,1,-0,92.423,92.425,1.897,0,0,13.41,2,7
TeamA-560cb066-a8ae-412f-b09f-0d2a6aa0cf05,2020-11-02,1,-0,85.21,85.212,2.584,10.1,0,16.82,10,11
TeamA-560cb066-a8ae-412f-b09f-0d2a6aa0cf05,2020-11-06,1,-0,78.913,78.915,1.682,7.1,0,17.83,7,7
TeamA-560cb066-a8ae-412f-b09f-0d2a6aa0cf05,2020-11-07,1,-0,203.52,203.522,3.673,21.4,0,17.65,11,10
TeamA-560cb066-a8ae-412f-b09f-0d2a6aa0cf05,2020-11-09,1,-0,93.923,93.925,2.587,50.9,6.3,20.9,8,7
TeamA-560cb066-a8ae-412f-b09f-0d2a6aa0cf05,2020-11-11,1,-0,87.368,87.37,3.167,9.9,1.2,18.45,15,14
TeamA-560cb066-a8ae-412f-b09f-0d2a6aa0cf05,2020-11-13,1,-0,89.622,89.623,2.873,33.5,6.3,20.89,8,7
TeamA-560cb066-a8ae-412f-b09f-0d2a6aa0cf05,2020-11-17,1,2e-4,70.243,70.227,2.194,0.4,0,15.35,7,9
TeamA-560cb066-a8ae-412f-b09f-0d2a6aa0cf05,2020-11-20,1,2e-4,72.4,72.383,2.024,11.9,0,17.54,4,7
TeamA-560cb066-a8ae-412f-b09f-0d2a6aa0cf05,2020-11-23,1,2e-4,77.54,77.523,2.972,27.4,9.4,21.67,8,14
TeamA-560cb066-a8ae-412f-b09f-0d2a6aa0cf05,2020-11-27,1,-0,212.855,212.857,4.383,238,21.8,21.14,8,12
TeamA-560cb066-a8ae-412f-b09f-0d2a6aa0cf05,2020-12-03,1,-0,80.393,80.395,3.228,63.5,19.7,22.52,21,23
TeamA-560cb066-a8ae-412f-b09f-0d2a6aa0cf05,2021-02-15,1,-0,90.557,90.558,2.538,0.5,0,15.14,9,10
TeamA-560cb066-a8ae-412f-b09f-0d2a6aa0cf05,2021-03-01,1,-0,92.42,92.422,2.677,1.9,0,14.76,10,14
TeamA-560cb066-a8ae-412f-b09f-0d2a6aa0cf05,2021-03-12,1,-0,105.59,105.592,3.739,19,0,17.9,6,6
TeamA-560cb066-a8ae-412f-b09f-0d2a6aa0cf05,2021-03-15,1,-0,100.037,100.038,3.248,18.4,0.6,17.48,5,9
TeamA-560cb066-a8ae-412f-b09f-0d2a6aa0cf05,2021-03-19,1,-0,110.367,110.368,2.876,26.3,2.2,20.16,5,3
TeamA-560cb066-a8ae-412f-b09f-0d2a6aa0cf05,2021-03-22,1,-0,114.578,114.58,3.204,29.4,6.5,21.74,7,12
TeamA-560cb066-a8ae-412f-b09f-0d2a6aa0cf05,2021-03-23,1,-0,86.54,86.542,2.306,8.8,0,17,6,13
TeamA-560cb066-a8ae-412f-b09f-0d2a6aa0cf05,2021-03-24,1,2e-4,107.522,107.505,3.723,60.3,35.7,25.32,1,2
TeamA-560cb066-a8ae-412f-b09f-0d2a6aa0cf05,2021-03-26,1,-0,93.107,93.108,2.278,2.9,0,16.53,5,15
TeamA-560cb066-a8ae-412f-b09f-0d2a6aa0cf05,2021-03-27,1,-0,108.672,108.673,4.46,36.9,12,23.43,4,11
TeamA-560cb066-a8ae-412f-b09f-0d2a6aa0cf05,2021-04-05,1,-1e-4,32.608,32.61,0.971,0,0,13.14,3,4
TeamA-560cb066-a8ae-412f-b09f-0d2a6aa0cf05,2021-04-07,1,-0,95.54,95.542,2.767,19.9,0,17.59,4,6
TeamA-560cb066-a8ae-412f-b09f-0d2a6aa0cf05,2021-04-08,1,-0,100.993,100.995,2.402,0.5,0,14.69,5,10
TeamA-560cb066-a8ae-412f-b09f-0d2a6aa0cf05,2021-04-09,1,-0,92.403,92.405,3.008,15.9,0,17.73,12,12
TeamA-560cb066-a8ae-412f-b09f-0d2a6aa0cf05,2021-04-10,1,-0,65.505,65.507,1.854,24.9,0,18.72,16,23
TeamA-560cb066-a8ae-412f-b09f-0d2a6aa0cf05,2021-04-12,1,-0,115.423,115.425,3.502,8.1,0.6,17.1,9,11
TeamA-560cb066-a8ae-412f-b09f-0d2a6aa0cf05,2021-04-14,1,-0,119.365,119.367,3.686,20,1.2,18.58,5,16
TeamA-560cb066-a8ae-412f-b09f-0d2a6aa0cf05,2021-04-17,1,-0,161.107,161.108,4.407,51.1,21.5,26.25,8,10
TeamA-560cb066-a8ae-412f-b09f-0d2a6aa0cf05,2021-04-19,1,-0,105.522,105.523,2.402,3.6,0,16.25,8,8
TeamA-560cb066-a8ae-412f-b09f-0d2a6aa0cf05,2021-04-21,1,2e-4,97.203,97.187,3.203,18.4,0,18.85,8,10
TeamA-560cb066-a8ae-412f-b09f-0d2a6aa0cf05,2021-04-22,1,-0,69.372,69.373,2.567,5.9,0,16.24,7,10
TeamA-560cb066-a8ae-412f-b09f-0d2a6aa0cf05,2021-04-23,1,-0,192.457,192.458,4.896,102.5,2.3,19.91,6,23
TeamA-560cb066-a8ae-412f-b09f-0d2a6aa0cf05,2021-04-26,1,2e-4,82.697,82.678,2.353,7.1,0,17.61,6,4
TeamA-560cb066-a8ae-412f-b09f-0d2a6aa0cf05,2021-04-27,1,-0,84.105,84.107,2.776,7.1,0,18.03,2,9
TeamA-560cb066-a8ae-412f-b09f-0d2a6aa0cf05,2021-04-28,1,-0,101.073,101.075,1.995,13,0,17.19,1,12
TeamA-560cb066-a8ae-412f-b09f-0d2a6aa0cf05,2021-04-30,1,-0,81.865,81.867,1.651,23.8,1.7,19.72,4,3
TeamA-560cb066-a8ae-412f-b09f-0d2a6aa0cf05,2021-05-01,1,-0,178.403,178.405,3.74,8.6,1.8,19.59,0,4
TeamA-560cb066-a8ae-412f-b09f-0d2a6aa0cf05,2021-05-03,1,-0,86.505,86.507,2.193,31.5,15.9,21.98,2,7
TeamA-560cb066-a8ae-412f-b09f-0d2a6aa0cf05,2021-05-04,1,-0,57.02,57.022,1.877,28.7,0,19.49,5,14
TeamA-560cb066-a8ae-412f-b09f-0d2a6aa0cf05,2021-05-05,1,-0,163.958,163.96,3.45,38.1,7,21.26,5,8
TeamA-560cb066-a8ae-412f-b09f-0d2a6aa0cf05,2021-05-10,1,2e-4,97.337,97.318,2.224,1.8,0,16.13,4,9
TeamA-560cb066-a8ae-412f-b09f-0d2a6aa0cf05,2021-05-11,1,-0,95.257,95.258,3.096,1.4,0,15.56,2,8
TeamA-560cb066-a8ae-412f-b09f-0d2a6aa0cf05,2021-05-14,1,-0,77.888,77.89,1.55,0.9,0,15.76,7,8
TeamA-560cb066-a8ae-412f-b09f-0d2a6aa0cf05,2021-05-22,1,-0,154.05,154.052,1.917,44.1,17.3,22.32,5,13
TeamA-560cb066-a8ae-412f-b09f-0d2a6aa0cf05,2021-05-24,1,-0,96.022,96.023,1.781,0,0,14.51,3,1
TeamA-560cb066-a8ae-412f-b09f-0d2a6aa0cf05,2021-05-25,1,2e-4,95.522,95.5,2.86,1.4,0,16.15,1,7
TeamA-560cb066-a8ae-412f-b09f-0d2a6aa0cf05,2021-05-28,1,-0,70.338,70.34,2.24,0,0,14.24,2,6
TeamA-560cb066-a8ae-412f-b09f-0d2a6aa0cf05,2021-05-29,1,1e-4,162.487,162.468,2.34,60.2,27.7,23.67,7,8
TeamA-560cb066-a8ae-412f-b09f-0d2a6aa0cf05,2021-06-01,1,-0,103.04,103.042,3.548,93.1,0.6,19.48,10,13
TeamA-560cb066-a8ae-412f-b09f-0d2a6aa0cf05,2021-06-02,1,2e-4,110.353,110.337,3.195,80.8,15.2,22.66,6,14
TeamA-560cb066-a8ae-412f-b09f-0d2a6aa0cf05,2021-06-19,1,-0,102.188,102.19,3.241,63.5,7.9,20.54,9,11
TeamA-560cb066-a8ae-412f-b09f-0d2a6aa0cf05,2021-06-24,1,-0,296.707,296.708,1.78,20.6,0,17.83,3,5
TeamA-560cb066-a8ae-412f-b09f-0d2a6aa0cf05,2021-06-25,1,-0,62.847,62.848,1.282,5,2.5,22.08,7,6
TeamA-560cb066-a8ae-412f-b09f-0d2a6aa0cf05,2021-06-28,1,2e-4,107.003,106.987,4.161,72.6,22.7,24.46,9,12
TeamA-560cb066-a8ae-412f-b09f-0d2a6aa0cf05,2021-06-29,1,-0,91.203,91.205,2.635,29.8,3.6,21.98,2,7
TeamA-560cb066-a8ae-412f-b09f-0d2a6aa0cf05,2021-06-30,1,-0,182.37,182.372,4.647,49.5,17.2,22.41,7,12
TeamA-560cb066-a8ae-412f-b09f-0d2a6aa0cf05,2021-07-02,1,3e-4,58.97,58.952,1.246,4.2,0,17.37,11,9
TeamA-560cb066-a8ae-412f-b09f-0d2a6aa0cf05,2021-07-03,1,3e-4,58.638,58.622,1.917,23.3,0,18.28,1,4
TeamA-560cb066-a8ae-412f-b09f-0d2a6aa0cf05,2021-07-04,1,2e-4,171.668,171.64,6.039,118.6,35.1,21.75,9,9
TeamA-560cb066-a8ae-412f-b09f-0d2a6aa0cf05,2021-07-07,1,-0,90.557,90.558,1.977,1.8,0,16.02,3,8
TeamA-560cb066-a8ae-412f-b09f-0d2a6aa0cf05,2021-07-08,1,-0,69.507,69.508,1.701,13.3,0,17.69,4,9
TeamA-560cb066-a8ae-412f-b09f-0d2a6aa0cf05,2021-07-09,1,-0,59.538,59.54,1.521,3.2,0,16.8,1,8
TeamA-560cb066-a8ae-412f-b09f-0d2a6aa0cf05,2021-07-10,1,-0,174.467,174.468,5.17,28.6,3.4,20.26,7,14
TeamA-560cb066-a8ae-412f-b09f-0d2a6aa0cf05,2021-07-14,1,-0,207.232,207.233,5.781,1596.7,1294.2,35.89,4,4
TeamA-560cb066-a8ae-412f-b09f-0d2a6aa0cf05,2021-07-16,1,-0,99.005,99.007,4.956,2426.2,487.8,28.91,3,11
TeamA-560cb066-a8ae-412f-b09f-0d2a6aa0cf05,2021-07-17,1,-0,169.998,170,4.764,20,1.7,20.04,2,14
TeamA-560cb066-a8ae-412f-b09f-0d2a6aa0cf05,2021-07-28,1,3e-4,80.922,80.897,1.939,0,0,13.77,6,7
TeamA-560cb066-a8ae-412f-b09f-0d2a6aa0cf05,2021-07-29,1,-0,97.053,97.055,3.649,47.2,0,19.22,4,9
TeamA-560cb066-a8ae-412f-b09f-0d2a6aa0cf05,2021-07-30,1,-0,149.25,149.252,6.202,50.7,13.9,23.03,2,25
TeamA-560cb066-a8ae-412f-b09f-0d2a6aa0cf05,2021-08-02,1,-0,134.388,134.39,2.91,5.1,0,17.39,4,4
TeamA-560cb066-a8ae-412f-b09f-0d2a6aa0cf05,2021-08-04,1,-0,105.138,105.14,2.996,2.3,0,15.75,4,7
TeamA-560cb066-a8ae-412f-b09f-0d2a6aa0cf05,2021-08-06,1,-0,85.472,85.473,2.293,78.1,18.1,22.39,3,8
TeamA-560cb066-a8ae-412f-b09f-0d2a6aa0cf05,2021-08-07,1,-0,120.515,120.517,3.522,43.6,12,23.09,6,6
TeamA-560cb066-a8ae-412f-b09f-0d2a6aa0cf05,2021-08-09,1,-0,96.972,96.973,2.126,6.7,0,17.76,5,5
TeamA-560cb066-a8ae-412f-b09f-0d2a6aa0cf05,2021-08-10,1,-0,82.122,82.123,2.296,1.8,0,15.73,4,5
TeamA-560cb066-a8ae-412f-b09f-0d2a6aa0cf05,2021-08-11,1,-0,167.373,167.375,2.39,7.3,0,17.18,3,7
TeamA-560cb066-a8ae-412f-b09f-0d2a6aa0cf05,2021-08-13,1,-0,69.882,69.883,0.601,0,0,11.2,0,0
TeamA-560cb066-a8ae-412f-b09f-0d2a6aa0cf05,2021-08-14,1,-0,165.522,165.523,5.272,27.4,10.6,21.41,3,10
TeamA-560cb066-a8ae-412f-b09f-0d2a6aa0cf05,2021-08-16,1,-0,83.873,83.875,2.085,6.9,0,17.02,11,7
TeamA-560cb066-a8ae-412f-b09f-0d2a6aa0cf05,2021-08-17,1,-0,85.967,85.968,1.66,21.7,4,20.68,3,5
TeamA-560cb066-a8ae-412f-b09f-0d2a6aa0cf05,2021-08-18,1,-0,160.867,160.868,2.344,60,7.5,20.98,5,6
TeamA-560cb066-a8ae-412f-b09f-0d2a6aa0cf05,2021-08-21,1,-0,211.583,211.585,2.743,105.6,8.6,20.57,3,6
TeamA-560cb066-a8ae-412f-b09f-0d2a6aa0cf05,2021-08-23,1,-0,115.872,115.873,3.122,26.5,2.3,19.83,4,7
TeamA-560cb066-a8ae-412f-b09f-0d2a6aa0cf05,2021-08-24,1,3e-4,67.883,67.865,2.127,5.1,0,16.61,5,12
TeamA-560cb066-a8ae-412f-b09f-0d2a6aa0cf05,2021-08-25,1,-0,163.472,163.473,6.222,128.4,12.5,20.87,5,6
TeamA-560cb066-a8ae-412f-b09f-0d2a6aa0cf05,2021-08-26,1,2e-4,87.078,87.06,2.868,90.2,2.8,20,5,10
TeamA-560cb066-a8ae-412f-b09f-0d2a6aa0cf05,2021-08-27,1,-0,83.472,83.473,2.47,35,0.6,19.59,2,8
TeamA-560cb066-a8ae-412f-b09f-0d2a6aa0cf05,2021-08-28,1,-0,194.688,194.69,3.91,40.8,1.1,19.91,7,8
TeamA-560cb066-a8ae-412f-b09f-0d2a6aa0cf05,2021-09-01,1,2e-4,100.023,100.007,3.654,59.9,3.5,20.29,9,11
TeamA-560cb066-a8ae-412f-b09f-0d2a6aa0cf05,2021-09-03,1,-0,94.7,94.702,3.543,138.3,20.4,21.96,5,12
TeamA-560cb066-a8ae-412f-b09f-0d2a6aa0cf05,2021-09-04,1,1e-4,169.217,169.198,2.07,0.9,0,15.95,4,2
TeamA-560cb066-a8ae-412f-b09f-0d2a6aa0cf05,2021-09-06,1,-0,126.988,126.99,3.574,22,0,17.49,3,10
TeamA-560cb066-a8ae-412f-b09f-0d2a6aa0cf05,2021-09-08,1,2e-4,98.107,98.087,4.485,104,27.8,22.39,5,12
TeamA-560cb066-a8ae-412f-b09f-0d2a6aa0cf05,2021-09-09,1,2e-4,88.022,88.005,2.864,43.9,3.4,20.03,11,11
TeamA-560cb066-a8ae-412f-b09f-0d2a6aa0cf05,2021-09-11,1,3e-4,64.87,64.853,2.264,13.9,0,17.11,1,10
TeamA-560cb066-a8ae-412f-b09f-0d2a6aa0cf05,2021-09-12,1,-0,172.49,172.492,5.307,17.5,0,17.11,8,11
TeamA-560cb066-a8ae-412f-b09f-0d2a6aa0cf05,2021-09-24,1,3e-4,64.358,64.338,2.025,23.2,0,17.31,1,8
TeamA-560cb066-a8ae-412f-b09f-0d2a6aa0cf05,2021-10-02,1,-0,156.838,156.84,1.828,19,0,18.82,5,5
TeamA-560cb066-a8ae-412f-b09f-0d2a6aa0cf05,2021-10-04,1,2e-4,94.338,94.32,2.837,0,0,15.18,4,5
TeamA-560cb066-a8ae-412f-b09f-0d2a6aa0cf05,2021-10-06,1,2e-4,100.39,100.373,3.418,14.7,4,20.36,3,9
TeamA-560cb066-a8ae-412f-b09f-0d2a6aa0cf05,2021-10-08,1,2e-4,97.422,97.402,3.095,16.1,0,17.21,3,7
TeamA-560cb066-a8ae-412f-b09f-0d2a6aa0cf05,2021-10-09,1,1e-4,167.755,167.738,2.746,7.3,0,16.28,5,9
TeamA-560cb066-a8ae-412f-b09f-0d2a6aa0cf05,2021-10-10,1,1e-4,166.547,166.525,5.68,61.1,19,25.65,10,5
TeamA-560cb066-a8ae-412f-b09f-0d2a6aa0cf05,2021-10-11,1,3e-4,81.338,81.317,2.506,23.5,0,19.51,4,14
TeamA-560cb066-a8ae-412f-b09f-0d2a6aa0cf05,2021-10-12,1,2e-4,100.165,100.145,2.984,29.1,1.1,19.73,4,8
TeamA-560cb066-a8ae-412f-b09f-0d2a6aa0cf05,2021-10-13,1,2e-4,163.367,163.34,2.668,21.5,5.9,21.76,6,7
TeamA-560cb066-a8ae-412f-b09f-0d2a6aa0cf05,2021-10-16,1,-0,165.15,165.152,2.553,18.6,0,18.17,1,3
TeamA-560cb066-a8ae-412f-b09f-0d2a6aa0cf05,2021-11-04,1,-0,100.038,100.04,3.079,8.4,0,17.29,7,17
TeamA-560cb066-a8ae-412f-b09f-0d2a6aa0cf05,2021-11-06,1,-0,59.503,59.505,2.039,5.1,0,17.26,2,8
TeamA-560cb066-a8ae-412f-b09f-0d2a6aa0cf05,2021-11-07,1,1e-4,161.18,161.158,3.988,47.7,0,19.76,1,4
TeamA-560cb066-a8ae-412f-b09f-0d2a6aa0cf05,2021-11-08,1,3e-4,71.232,71.212,2.049,1.8,0,16.03,9,9
TeamA-560cb066-a8ae-412f-b09f-0d2a6aa0cf05,2021-11-09,1,-0,122.883,122.885,2.23,1.8,0,14.88,7,14
TeamA-560cb066-a8ae-412f-b09f-0d2a6aa0cf05,2021-11-12,1,2e-4,107.27,107.248,2.646,53.3,1.1,19.78,2,11
TeamA-560cb066-a8ae-412f-b09f-0d2a6aa0cf05,2021-11-13,1,-0,202.072,202.073,2.661,22.7,11.3,22.22,6,15
TeamA-560cb066-a8ae-412f-b09f-0d2a6aa0cf05,2021-11-16,1,-0,89.337,89.338,3.508,83.1,40.1,24.9,3,11
TeamA-5a3be598-2f51-426f-95a5-b63d1d7c1b43,2020-06-01,1,-0,116.018,116.02,6.749,328.6,28.4,22.05,3,11
TeamA-5a3be598-2f51-426f-95a5-b63d1d7c1b43,2020-06-02,1,-0,119.888,119.89,7.042,271.6,31.9,22.26,6,19
TeamA-5a3be598-2f51-426f-95a5-b63d1d7c1b43,2020-06-03,1,-0,138.037,138.038,9.331,1075.4,268.3,24.64,6,17
TeamA-5a3be598-2f51-426f-95a5-b63d1d7c1b43,2020-06-04,1,-0,61.853,61.855,2.421,0.9,0,15.67,0,4
TeamA-5a3be598-2f51-426f-95a5-b63d1d7c1b43,2020-06-05,1,-0,107.405,107.407,5.367,296.8,74.1,22.54,5,11
TeamA-5a3be598-2f51-426f-95a5-b63d1d7c1b43,2020-06-06,1,-0,131.038,131.04,8.733,729.8,155.8,24.94,4,17
TeamA-5a3be598-2f51-426f-95a5-b63d1d7c1b43,2020-06-08,1,-0,121.898,121.9,6.396,220.7,22.4,21.42,7,16
TeamA-5a3be598-2f51-426f-95a5-b63d1d7c1b43,2020-06-09,1,-0,118.988,118.99,7.026,297.3,14.3,20.53,7,12
TeamA-5a3be598-2f51-426f-95a5-b63d1d7c1b43,2020-06-10,1,-0,157.285,157.287,9.834,845.7,153.9,24.27,7,22
TeamA-5a3be598-2f51-426f-95a5-b63d1d7c1b43,2020-06-11,1,-0,125.182,125.183,3.889,868.9,276.7,29.38,1,1
TeamA-5a3be598-2f51-426f-95a5-b63d1d7c1b43,2020-06-12,1,-0,99.42,99.422,4.717,529.6,175.4,25.16,5,4
TeamA-5a3be598-2f51-426f-95a5-b63d1d7c1b43,2020-06-13,1,-0,134.905,134.907,9.809,899.3,212.8,26.16,3,15
TeamA-5a3be598-2f51-426f-95a5-b63d1d7c1b43,2020-06-15,1,-0,129.718,129.72,7.201,212.2,14.4,21.03,5,13
TeamA-5a3be598-2f51-426f-95a5-b63d1d7c1b43,2020-06-16,1,-0,136.138,136.14,9.286,390.6,27,21.48,3,11
TeamA-5a3be598-2f51-426f-95a5-b63d1d7c1b43,2020-06-17,1,-0,147.888,147.89,8.743,1025,258.3,25.61,4,6
TeamA-5a3be598-2f51-426f-95a5-b63d1d7c1b43,2020-06-19,1,-0,86.822,86.823,3.022,189.6,58.3,22.54,3,4
TeamA-5a3be598-2f51-426f-95a5-b63d1d7c1b43,2020-06-20,1,-0,169.148,169.15,10.51,1047.4,273.1,24.69,9,9
TeamA-5a3be598-2f51-426f-95a5-b63d1d7c1b43,2020-06-22,1,-0,115.538,115.54,7.042,308.8,65.8,23.37,6,10
TeamA-5a3be598-2f51-426f-95a5-b63d1d7c1b43,2020-06-23,1,-0,141.523,141.525,7.961,454.8,106.5,24.67,4,16
TeamA-5a3be598-2f51-426f-95a5-b63d1d7c1b43,2020-06-24,1,-0,139.503,139.505,8.863,681.5,199.9,25.13,4,16
TeamA-5a3be598-2f51-426f-95a5-b63d1d7c1b43,2020-06-26,1,-0,85.345,85.347,3.669,345.9,135.2,24.65,5,7
TeamA-5a3be598-2f51-426f-95a5-b63d1d7c1b43,2020-06-27,1,-0,152.055,152.057,11.264,1139.1,389.4,27.02,4,19
TeamA-5a3be598-2f51-426f-95a5-b63d1d7c1b43,2020-06-29,1,-0,119.367,119.368,4.764,220.4,76.9,24.84,4,4
TeamA-5a3be598-2f51-426f-95a5-b63d1d7c1b43,2020-06-30,1,-0,130.472,130.473,8.702,1085.3,242,25.01,6,17
TeamA-5a3be598-2f51-426f-95a5-b63d1d7c1b43,2020-07-03,1,-0,104.922,104.923,8.309,1028.9,259.8,25.99,4,11
TeamA-5a3be598-2f51-426f-95a5-b63d1d7c1b43,2020-07-04,1,-0,131.522,131.523,6.496,507.2,182.2,26.02,2,9
TeamA-5a3be598-2f51-426f-95a5-b63d1d7c1b43,2020-07-06,1,-0,88.738,88.74,5.69,169.7,11.1,21.55,2,18
TeamA-5a3be598-2f51-426f-95a5-b63d1d7c1b43,2020-07-07,1,-0,110.455,110.457,5.796,268,44.2,22.79,2,12
TeamA-5a3be598-2f51-426f-95a5-b63d1d7c1b43,2020-07-08,1,-0,115.353,115.355,7.023,585.5,110.6,23.72,5,9
TeamA-5a3be598-2f51-426f-95a5-b63d1d7c1b43,2020-07-10,1,-0,72.607,72.608,2.574,326.2,116.9,24.78,6,5
TeamA-5a3be598-2f51-426f-95a5-b63d1d7c1b43,2020-07-11,1,-0,170.338,170.34,6.787,423.2,121.5,24.17,5,4
TeamA-5a3be598-2f51-426f-95a5-b63d1d7c1b43,2020-07-13,1,-0,73.187,73.188,3.833,57.1,0.6,19.54,2,5
TeamA-5a3be598-2f51-426f-95a5-b63d1d7c1b43,2020-07-14,1,-0,104.52,104.522,5.742,261.5,32.9,22.05,6,17
TeamA-5a3be598-2f51-426f-95a5-b63d1d7c1b43,2020-07-15,1,-0,132.405,132.407,4.449,618.6,203.8,25.46,1,4
TeamA-5a3be598-2f51-426f-95a5-b63d1d7c1b43,2020-07-18,1,-0,62.583,62.585,2.744,380.4,138.9,25.33,2,8
TeamA-5a3be598-2f51-426f-95a5-b63d1d7c1b43,2020-07-19,1,-0,161.205,161.207,2.507,72.7,14,21.26,2,0
TeamA-5a3be598-2f51-426f-95a5-b63d1d7c1b43,2020-07-20,1,-0,51.388,51.39,2.882,51.3,3.5,20.79,3,2
TeamA-5a3be598-2f51-426f-95a5-b63d1d7c1b43,2020-07-22,1,-0,110.388,110.39,7.583,555.9,144.3,25.15,6,9
TeamA-5a3be598-2f51-426f-95a5-b63d1d7c1b43,2020-07-25,1,-0,177.47,177.472,6.834,309.6,66.4,23.35,5,4
TeamA-5a3be598-2f51-426f-95a5-b63d1d7c1b43,2020-07-27,1,-0,93.39,93.392,4.524,128.4,8.3,22.24,3,9
TeamA-5a3be598-2f51-426f-95a5-b63d1d7c1b43,2020-07-29,1,-0,131.37,131.372,7.268,216.4,30.1,21.68,5,11
TeamA-5a3be598-2f51-426f-95a5-b63d1d7c1b43,2020-08-01,1,-0,81.553,81.555,3.483,375.3,144.9,26.12,3,5
TeamA-5a3be598-2f51-426f-95a5-b63d1d7c1b43,2020-08-02,1,-0,173.208,173.21,6.906,590.3,103.5,23.47,7,6
TeamA-5a3be598-2f51-426f-95a5-b63d1d7c1b43,2020-08-03,1,-0,75.857,75.858,3.942,49.5,8.4,22.56,3,1
TeamA-5a3be598-2f51-426f-95a5-b63d1d7c1b43,2020-08-05,1,-0,105.432,105.433,6.226,219.4,20.8,21.2,5,13
TeamA-5a3be598-2f51-426f-95a5-b63d1d7c1b43,2020-08-06,1,-0,91.923,91.925,3.134,99.3,9.1,20.54,3,0
TeamA-5a3be598-2f51-426f-95a5-b63d1d7c1b43,2020-08-07,1,-0,63.637,63.638,3.166,239,60.6,24.76,4,2
TeamA-5a3be598-2f51-426f-95a5-b63d1d7c1b43,2020-08-08,1,-0,176.745,176.747,7.201,887.8,305.4,26.37,7,8
TeamA-5a3be598-2f51-426f-95a5-b63d1d7c1b43,2020-08-10,1,-0,83.21,83.212,4.971,167.2,13.3,21.49,6,14
TeamA-5a3be598-2f51-426f-95a5-b63d1d7c1b43,2020-08-12,1,-0,99.505,99.507,7.172,569.7,116.2,24.48,0,9
TeamA-5a3be598-2f51-426f-95a5-b63d1d7c1b43,2020-08-13,1,-0,113.905,113.907,5.216,316.3,29.6,21.8,6,10
TeamA-5a3be598-2f51-426f-95a5-b63d1d7c1b43,2020-08-15,1,2e-4,85.855,85.838,4.706,438.4,163.8,25,2,6
TeamA-5a3be598-2f51-426f-95a5-b63d1d7c1b43,2020-08-16,1,-0,171.057,171.058,6.265,475.4,106.3,22.2,5,5
TeamA-5a3be598-2f51-426f-95a5-b63d1d7c1b43,2020-08-17,1,-0,78.088,78.09,5.174,122.7,15.1,21.27,2,8
TeamA-5a3be598-2f51-426f-95a5-b63d1d7c1b43,2020-08-19,1,-0,105.638,105.64,6.121,196.9,29.6,22.28,5,9
TeamA-5a3be598-2f51-426f-95a5-b63d1d7c1b43,2020-08-20,1,-0,84.52,84.522,3.111,263,104.4,25.83,2,3
TeamA-5a3be598-2f51-426f-95a5-b63d1d7c1b43,2020-08-21,1,-0,53.523,53.525,2.891,244.3,92.3,24.86,5,7
TeamA-5a3be598-2f51-426f-95a5-b63d1d7c1b43,2020-08-22,1,-0,163.42,163.422,6.468,518.4,78.4,22.82,1,0
TeamA-5a3be598-2f51-426f-95a5-b63d1d7c1b43,2020-08-25,1,-0,58.84,58.842,4.142,196.1,44,23.8,3,5
TeamA-5a3be598-2f51-426f-95a5-b63d1d7c1b43,2020-08-26,1,-0,162.838,162.84,5.87,376.3,87.5,26.87,3,1
TeamA-5a3be598-2f51-426f-95a5-b63d1d7c1b43,2020-08-27,1,-0,58.09,58.092,3.501,77.4,6.3,20.8,3,11
TeamA-5a3be598-2f51-426f-95a5-b63d1d7c1b43,2020-08-29,1,-0,42.537,42.538,2.232,294.3,65.6,23.42,3,9
TeamA-5a3be598-2f51-426f-95a5-b63d1d7c1b43,2020-08-30,1,-0,137.357,137.358,5.012,836.4,486,26.52,5,5
TeamA-5a3be598-2f51-426f-95a5-b63d1d7c1b43,2020-08-31,1,-0,67.02,67.022,4.443,199.3,29.6,22.54,2,17
TeamA-5a3be598-2f51-426f-95a5-b63d1d7c1b43,2020-09-01,1,-0,70.855,70.857,4.135,92.1,38.6,24.87,2,3
TeamA-5a3be598-2f51-426f-95a5-b63d1d7c1b43,2020-09-02,1,-0,99.537,99.538,7.009,421.4,121.3,25.96,2,17
TeamA-5a3be598-2f51-426f-95a5-b63d1d7c1b43,2020-09-04,1,-0,67.857,67.858,3.085,302.9,72.1,24.56,3,2
TeamA-5a3be598-2f51-426f-95a5-b63d1d7c1b43,2020-09-05,1,-0,178.567,178.568,0.467,0,0,14.03,0,0
TeamA-5a3be598-2f51-426f-95a5-b63d1d7c1b43,2020-09-07,1,-0,73.87,73.872,5.375,170,9.3,21.51,2,13
TeamA-5a3be598-2f51-426f-95a5-b63d1d7c1b43,2020-09-08,1,-0,80.92,80.922,5.14,200,9.7,20.58,3,10
TeamA-5a3be598-2f51-426f-95a5-b63d1d7c1b43,2020-09-09,1,-0,103.038,103.04,6.904,343.2,57.6,23.1,5,10
TeamA-5a3be598-2f51-426f-95a5-b63d1d7c1b43,2020-09-11,1,-0,64.538,64.54,3.784,280.1,36.7,22.52,4,9
TeamA-5a3be598-2f51-426f-95a5-b63d1d7c1b43,2020-09-12,1,-0,165.472,165.473,7.996,654.1,153.7,24.34,4,3
TeamA-5a3be598-2f51-426f-95a5-b63d1d7c1b43,2020-09-14,1,-0,74.405,74.407,5.186,178.5,11.5,21.28,2,14
TeamA-5a3be598-2f51-426f-95a5-b63d1d7c1b43,2020-09-15,1,-0,95.705,95.707,5.524,282.6,31.3,23.33,10,8
TeamA-5a3be598-2f51-426f-95a5-b63d1d7c1b43,2020-09-16,1,1e-4,112.722,112.705,7.828,468.8,149.3,25.62,8,13
TeamA-5a3be598-2f51-426f-95a5-b63d1d7c1b43,2020-09-21,1,2e-4,71.853,71.837,4.753,281.9,82.1,22.63,6,7
TeamA-5a3be598-2f51-426f-95a5-b63d1d7c1b43,2020-09-22,1,-0,121.037,121.038,6.041,154.7,8.1,21.65,5,15
TeamA-5a3be598-2f51-426f-95a5-b63d1d7c1b43,2020-09-23,1,-0,108.113,108.115,6.802,326,63.7,23.14,7,7
TeamA-5a3be598-2f51-426f-95a5-b63d1d7c1b43,2020-09-25,1,-0,71.24,71.242,3.382,223.8,37.7,22.22,2,6
TeamA-5a3be598-2f51-426f-95a5-b63d1d7c1b43,2020-09-26,1,-0,166.567,166.568,5.88,163.9,13.7,20.78,2,2
TeamA-5a3be598-2f51-426f-95a5-b63d1d7c1b43,2020-09-28,1,-0,59.505,59.507,3.17,38.5,0.6,18.88,4,2
TeamA-5a3be598-2f51-426f-95a5-b63d1d7c1b43,2020-09-30,1,1e-4,111.37,111.353,7.716,639.3,158.8,25.32,3,6
TeamA-5a3be598-2f51-426f-95a5-b63d1d7c1b43,2020-10-01,1,-0,98.47,98.472,6.133,212.1,49.5,24.85,1,5
TeamA-5a3be598-2f51-426f-95a5-b63d1d7c1b43,2020-10-03,1,2e-4,71.987,71.97,3.549,200.4,39.8,22.62,4,5
TeamA-5a3be598-2f51-426f-95a5-b63d1d7c1b43,2020-10-04,1,1e-4,186.19,186.173,5.163,404.8,228.8,24.52,3,0
TeamA-5a3be598-2f51-426f-95a5-b63d1d7c1b43,2020-10-05,1,2e-4,75.523,75.507,4.486,59.7,4.1,21.19,3,8
TeamA-5a3be598-2f51-426f-95a5-b63d1d7c1b43,2020-10-06,1,-0,64.26,64.262,3.437,214.6,45.8,22.86,2,7
TeamA-5a3be598-2f51-426f-95a5-b63d1d7c1b43,2020-10-07,1,-0,174.905,174.907,5.501,480.5,285.9,26.27,3,4
TeamA-5a3be598-2f51-426f-95a5-b63d1d7c1b43,2020-10-08,1,2e-4,110.55,110.533,6.666,438.8,110.4,22.78,6,11
TeamA-5a3be598-2f51-426f-95a5-b63d1d7c1b43,2020-10-10,1,2e-4,90.957,90.94,5.35,657.1,439.9,24.64,5,3
TeamA-5a3be598-2f51-426f-95a5-b63d1d7c1b43,2020-10-12,1,2e-4,85.457,85.44,5.54,245.6,29.4,23.3,2,12
TeamA-5a3be598-2f51-426f-95a5-b63d1d7c1b43,2020-10-13,1,-0,95.503,95.505,4.845,133.4,8,20.92,4,5
TeamA-5a3be598-2f51-426f-95a5-b63d1d7c1b43,2020-10-14,1,-0,114.423,114.425,7.711,615.8,135.8,26.22,9,9
TeamA-5a3be598-2f51-426f-95a5-b63d1d7c1b43,2020-10-15,1,-0,90.74,90.742,4.886,116.1,6.8,20.08,4,9
TeamA-5a3be598-2f51-426f-95a5-b63d1d7c1b43,2020-10-17,1,-0,59.165,59.167,3.049,191.7,41.3,22.23,3,5
TeamA-5a3be598-2f51-426f-95a5-b63d1d7c1b43,2020-10-18,1,1e-4,124.513,124.497,3.428,295.9,73,25.1,4,3
TeamA-5a3be598-2f51-426f-95a5-b63d1d7c1b43,2020-10-19,1,3e-4,71.837,71.818,4.734,68,0,18.41,4,12
TeamA-5a3be598-2f51-426f-95a5-b63d1d7c1b43,2020-10-20,1,3e-4,68.388,68.37,4.196,47.4,0,17.46,4,6
TeamA-5a3be598-2f51-426f-95a5-b63d1d7c1b43,2020-10-21,1,2e-4,88.488,88.472,5.361,283.8,53.5,24.21,2,5
TeamA-5a3be598-2f51-426f-95a5-b63d1d7c1b43,2020-10-22,1,2e-4,106.54,106.522,7.517,598,114.6,25,8,18
TeamA-5a3be598-2f51-426f-95a5-b63d1d7c1b43,2020-10-23,1,-0,91.538,91.54,5.753,485.4,185.9,25.21,2,17
TeamA-5a3be598-2f51-426f-95a5-b63d1d7c1b43,2020-10-26,1,-0,65.338,65.34,3.853,102,19.3,23.57,2,12
TeamA-5a3be598-2f51-426f-95a5-b63d1d7c1b43,2020-10-27,1,-0,105.372,105.373,5.867,291.4,40.5,24.49,7,15
TeamA-5a3be598-2f51-426f-95a5-b63d1d7c1b43,2020-10-28,1,-0,109.705,109.707,7.618,381.8,33.5,22.23,8,8
TeamA-5a3be598-2f51-426f-95a5-b63d1d7c1b43,2020-10-29,1,-0,93.522,93.523,4.613,69.5,0,19.24,3,6
TeamA-5a3be598-2f51-426f-95a5-b63d1d7c1b43,2020-10-31,1,-0,85.072,85.073,4.752,225.2,18.6,21.66,3,8
TeamA-5a3be598-2f51-426f-95a5-b63d1d7c1b43,2020-11-01,1,1e-4,202.715,202.697,6.877,718.1,441.3,25.98,11,8
TeamA-5a3be598-2f51-426f-95a5-b63d1d7c1b43,2020-11-02,1,2e-4,89.988,89.97,5.314,105.4,2.3,20.34,4,15
TeamA-5a3be598-2f51-426f-95a5-b63d1d7c1b43,2020-11-04,1,-0,98.322,98.323,8.168,463.2,92.2,24.26,4,8
TeamA-5a3be598-2f51-426f-95a5-b63d1d7c1b43,2020-11-06,1,-0,75.007,75.008,3.744,195.3,57,23.62,5,7
TeamA-5a3be598-2f51-426f-95a5-b63d1d7c1b43,2020-11-07,1,-0,207.055,207.057,9.36,650.7,172.1,23.51,6,13
TeamA-5a3be598-2f51-426f-95a5-b63d1d7c1b43,2020-11-09,1,2e-4,89.863,89.847,4.237,122.7,16,22.4,2,8
TeamA-5a3be598-2f51-426f-95a5-b63d1d7c1b43,2020-11-11,1,2e-4,101.422,101.403,5.755,155.6,16.7,21.18,2,11
TeamA-5a3be598-2f51-426f-95a5-b63d1d7c1b43,2020-11-13,1,2e-4,96.872,96.853,5.438,366.3,106,24.63,3,10
TeamA-5a3be598-2f51-426f-95a5-b63d1d7c1b43,2020-11-14,1,-0,58.137,58.138,3.867,410.5,152.8,26.09,2,9
TeamA-5a3be598-2f51-426f-95a5-b63d1d7c1b43,2020-11-17,1,-0,76.92,76.922,5.134,184.5,14.6,22.24,3,6
TeamA-5a3be598-2f51-426f-95a5-b63d1d7c1b43,2020-11-20,1,-0,67.338,67.34,4.899,288.6,43.7,23.03,1,7
TeamA-5a3be598-2f51-426f-95a5-b63d1d7c1b43,2020-11-27,1,-0,84.507,84.508,5.084,468.5,106.1,23.25,4,7
TeamA-5a3be598-2f51-426f-95a5-b63d1d7c1b43,2020-11-30,1,-0,82.658,82.66,4.145,265.6,79,23.62,5,12
TeamA-5a3be598-2f51-426f-95a5-b63d1d7c1b43,2020-12-03,1,-0,72.172,72.173,4.101,123.2,16.3,23.77,3,6
TeamA-5a3be598-2f51-426f-95a5-b63d1d7c1b43,2020-12-05,1,3e-4,72.722,72.703,4.244,352.9,122.4,25.54,1,5
TeamA-5a3be598-2f51-426f-95a5-b63d1d7c1b43,2020-12-06,1,1e-4,154.275,154.258,4.81,295.8,75,21.95,6,3
TeamA-5a3be598-2f51-426f-95a5-b63d1d7c1b43,2021-02-01,1,2e-4,90.537,90.518,5.469,252,15.6,21.6,3,9
TeamA-5a3be598-2f51-426f-95a5-b63d1d7c1b43,2021-02-15,1,-0,40.005,40.007,2.316,11.2,0,17.44,1,1
TeamA-5a3be598-2f51-426f-95a5-b63d1d7c1b43,2021-02-22,1,-0,67.507,67.508,4.424,433.2,110.2,23.63,2,15
TeamA-5a3be598-2f51-426f-95a5-b63d1d7c1b43,2021-02-25,1,2e-4,108.872,108.852,6.37,361,126.6,25.36,3,9
TeamA-5a3be598-2f51-426f-95a5-b63d1d7c1b43,2021-03-01,1,2e-4,81.767,81.748,5.457,238.6,58.2,22.4,2,7
TeamA-5a3be598-2f51-426f-95a5-b63d1d7c1b43,2021-03-12,1,2e-4,106.592,106.573,10.067,1326.7,227.3,23.54,3,15
TeamA-5a3be598-2f51-426f-95a5-b63d1d7c1b43,2021-03-15,1,2e-4,95.543,95.525,4.901,137.1,3.5,20.13,2,11
TeamA-5a3be598-2f51-426f-95a5-b63d1d7c1b43,2021-03-19,1,-0,112.057,112.058,9.412,1216.4,348.8,25.61,7,20
TeamA-5a3be598-2f51-426f-95a5-b63d1d7c1b43,2021-03-22,1,-0,81.742,81.743,5.519,261.4,41.7,22.63,3,13
TeamA-5a3be598-2f51-426f-95a5-b63d1d7c1b43,2021-03-23,1,-1e-4,15.52,15.522,0.961,0,0,11.97,0,0
TeamA-5a3be598-2f51-426f-95a5-b63d1d7c1b43,2021-04-05,1,4e-4,42.983,42.965,2.565,65,0,18.58,2,1
TeamA-5a3be598-2f51-426f-95a5-b63d1d7c1b43,2021-04-06,1,-0,86.94,86.942,4.551,60.8,2.3,20.21,0,4
TeamA-5a3be598-2f51-426f-95a5-b63d1d7c1b43,2021-04-07,1,-0,95.837,95.838,6.447,267.7,31.3,22.45,2,9
TeamA-5a3be598-2f51-426f-95a5-b63d1d7c1b43,2021-04-09,1,-0,94.39,94.392,5.642,312.4,87.3,23.63,2,14
TeamA-5a3be598-2f51-426f-95a5-b63d1d7c1b43,2021-04-10,1,-0,93.687,93.688,4.324,746.6,426.4,24.38,13,8
TeamA-5a3be598-2f51-426f-95a5-b63d1d7c1b43,2021-04-12,1,2e-4,116.077,116.057,7.043,417.8,63,22.41,6,16
TeamA-5a3be598-2f51-426f-95a5-b63d1d7c1b43,2021-04-13,1,2e-4,104.472,104.452,5.414,138.8,7.1,21.69,0,5
TeamA-5a3be598-2f51-426f-95a5-b63d1d7c1b43,2021-04-14,1,-0,114.405,114.407,7.867,683.9,205.9,25.94,1,15
TeamA-5a3be598-2f51-426f-95a5-b63d1d7c1b43,2021-04-16,1,-0,83.47,83.472,3.54,198.5,73.6,23.21,5,6
TeamA-5a3be598-2f51-426f-95a5-b63d1d7c1b43,2021-04-17,1,-0,167.405,167.407,7.147,605.9,231.6,24.78,3,3
TeamA-5a3be598-2f51-426f-95a5-b63d1d7c1b43,2021-04-19,1,-0,114.67,114.672,5.055,265.1,34,22.9,4,9
TeamA-5a3be598-2f51-426f-95a5-b63d1d7c1b43,2021-04-20,1,2e-4,111.39,111.37,6.941,284.5,74.2,24.29,6,6
TeamA-5a3be598-2f51-426f-95a5-b63d1d7c1b43,2021-04-21,1,2e-4,92.538,92.517,5.546,337,65.6,23.74,3,7
TeamA-5a3be598-2f51-426f-95a5-b63d1d7c1b43,2021-04-22,1,-0,65.69,65.692,3.735,310.7,90.9,24.69,3,7
TeamA-5a3be598-2f51-426f-95a5-b63d1d7c1b43,2021-04-23,1,-0,193.02,193.022,9.518,565.9,103.6,23.56,6,16
TeamA-5a3be598-2f51-426f-95a5-b63d1d7c1b43,2021-04-26,1,2e-4,91.555,91.537,4.453,176.7,20.1,22.78,5,10
TeamA-5a3be598-2f51-426f-95a5-b63d1d7c1b43,2021-04-27,1,2e-4,89.538,89.518,5.414,320.4,77.9,24.16,3,10
TeamA-5a3be598-2f51-426f-95a5-b63d1d7c1b43,2021-04-28,1,-0,130.903,130.905,7.563,627.2,155.6,23.46,2,19
TeamA-5a3be598-2f51-426f-95a5-b63d1d7c1b43,2021-04-30,1,-0,86.87,86.872,4.104,388.9,116.9,23.65,2,10
TeamA-5a3be598-2f51-426f-95a5-b63d1d7c1b43,2021-05-01,1,1e-4,174.09,174.073,5.973,377.7,96,23.34,0,3
TeamA-5a3be598-2f51-426f-95a5-b63d1d7c1b43,2021-05-03,1,4e-4,47.155,47.135,2.06,54.9,9.9,21.61,0,6
TeamA-5a3be598-2f51-426f-95a5-b63d1d7c1b43,2021-05-04,1,3e-4,64.523,64.503,3.693,243.7,46.5,22.98,5,3
TeamA-5a3be598-2f51-426f-95a5-b63d1d7c1b43,2021-05-05,1,1e-4,160.54,160.52,6.975,559.4,94.5,23.5,6,10
TeamA-5a3be598-2f51-426f-95a5-b63d1d7c1b43,2021-05-11,1,2e-4,104.353,104.333,5.341,98.4,5.7,20.73,5,10
TeamA-5a3be598-2f51-426f-95a5-b63d1d7c1b43,2021-05-13,1,2e-4,74.007,73.99,3.815,101.7,39.7,22.21,4,1
TeamA-5a3be598-2f51-426f-95a5-b63d1d7c1b43,2021-05-15,1,1e-4,157.7,157.682,4.577,221.2,38.2,24.33,2,3
TeamA-5a3be598-2f51-426f-95a5-b63d1d7c1b43,2021-05-18,1,-0,95.488,95.49,5.317,268.2,34.1,21.42,3,9
TeamA-5a3be598-2f51-426f-95a5-b63d1d7c1b43,2021-05-19,1,2e-4,97.605,97.585,7.759,952.6,281.3,26.5,4,8
TeamA-5a3be598-2f51-426f-95a5-b63d1d7c1b43,2021-05-22,1,-0,167.197,167.198,6.195,805.7,336.4,24.99,2,7
TeamA-5a3be598-2f51-426f-95a5-b63d1d7c1b43,2021-05-24,1,4e-4,60.607,60.585,1.762,0,0,12.96,3,1
TeamA-5a3be598-2f51-426f-95a5-b63d1d7c1b43,2021-05-26,1,2e-4,110.055,110.038,6.302,709.3,277,24.26,3,4
TeamA-5a3be598-2f51-426f-95a5-b63d1d7c1b43,2021-05-27,1,2e-4,75.988,75.97,3.79,167.7,19.5,21.1,3,4
TeamA-5a3be598-2f51-426f-95a5-b63d1d7c1b43,2021-05-28,1,2e-4,70.53,70.513,3.697,418.2,94.7,24.84,4,5
TeamA-5a3be598-2f51-426f-95a5-b63d1d7c1b43,2021-05-29,1,1e-4,182.022,182.002,6.095,842.7,378.2,27.18,9,11
TeamA-5a3be598-2f51-426f-95a5-b63d1d7c1b43,2021-05-31,1,2e-4,88.522,88.5,4.107,102.9,1.2,19.1,6,13
TeamA-5a3be598-2f51-426f-95a5-b63d1d7c1b43,2021-06-01,1,2e-4,94.007,93.988,4.694,281.3,55.3,22.13,7,18
TeamA-5a3be598-2f51-426f-95a5-b63d1d7c1b43,2021-06-02,1,2e-4,113.488,113.47,6.955,492.1,66.8,25.05,7,8
TeamA-5a3be598-2f51-426f-95a5-b63d1d7c1b43,2021-06-04,1,-0,65.407,65.408,3.654,362.8,136.9,25.64,5,8
TeamA-5a3be598-2f51-426f-95a5-b63d1d7c1b43,2021-06-05,1,1e-4,190.543,190.52,7.545,1337.8,356.4,25.24,12,8
TeamA-5a3be598-2f51-426f-95a5-b63d1d7c1b43,2021-06-07,1,2e-4,107.338,107.317,4.848,169.4,3.4,19.81,6,10
TeamA-5a3be598-2f51-426f-95a5-b63d1d7c1b43,2021-06-18,1,-0,68.59,68.592,1.911,0,0,14.7,2,1
TeamA-5a3be598-2f51-426f-95a5-b63d1d7c1b43,2021-06-19,1,2e-4,85.238,85.222,5.003,214.5,53.9,23.88,3,6
TeamA-5a3be598-2f51-426f-95a5-b63d1d7c1b43,2021-06-21,1,2e-4,70.888,70.872,3.429,163.8,22.4,21.79,2,8
TeamA-5a3be598-2f51-426f-95a5-b63d1d7c1b43,2021-06-23,1,3e-4,74.065,74.043,4.22,4.6,0,16.5,8,7
TeamA-5a3be598-2f51-426f-95a5-b63d1d7c1b43,2021-06-24,1,2e-4,85.905,85.887,3.926,91.7,5.8,21.45,3,9
TeamA-5a3be598-2f51-426f-95a5-b63d1d7c1b43,2021-06-25,1,2e-4,70.082,70.065,2.944,212.2,55,24.03,3,3
TeamA-5a3be598-2f51-426f-95a5-b63d1d7c1b43,2021-06-28,1,3e-4,80.503,80.482,4.174,142,16.8,22.42,2,3
TeamA-5a3be598-2f51-426f-95a5-b63d1d7c1b43,2021-06-29,1,3e-4,86.022,86,3.594,282.3,81.2,24.79,0,3
TeamA-5a3be598-2f51-426f-95a5-b63d1d7c1b43,2021-07-02,1,-0,55.137,55.138,3.035,213.1,41.2,23.08,5,4
TeamA-5a3be598-2f51-426f-95a5-b63d1d7c1b43,2021-07-03,1,5e-4,46.242,46.22,2.583,183.9,60.8,24.23,1,3
TeamA-5a3be598-2f51-426f-95a5-b63d1d7c1b43,2021-07-05,1,2e-4,88.207,88.19,4.234,105.9,27,23.47,0,5
TeamA-5a3be598-2f51-426f-95a5-b63d1d7c1b43,2021-07-07,1,2e-4,94.32,94.302,5.085,166.8,27,22.53,3,6
TeamA-5a3be598-2f51-426f-95a5-b63d1d7c1b43,2021-07-08,1,3e-4,77.488,77.467,3.137,143.2,34,22.8,2,2
TeamA-5a3be598-2f51-426f-95a5-b63d1d7c1b43,2021-07-09,1,-0,57.537,57.538,3.351,288.4,77.5,24.72,0,4
TeamA-5a3be598-2f51-426f-95a5-b63d1d7c1b43,2021-07-10,1,1e-4,170.87,170.848,4.648,321,196.4,24.59,3,1
TeamA-5a3be598-2f51-426f-95a5-b63d1d7c1b43,2021-07-12,1,2e-4,92.44,92.418,4.026,165.7,21.1,22.09,4,7
TeamA-5a3be598-2f51-426f-95a5-b63d1d7c1b43,2021-07-13,1,2e-4,93.553,93.532,5.447,179.5,6.9,20.46,8,13
TeamA-5a3be598-2f51-426f-95a5-b63d1d7c1b43,2021-07-14,1,2e-4,95.387,95.363,6.28,460.2,124.5,25.02,2,9
TeamA-5a3be598-2f51-426f-95a5-b63d1d7c1b43,2021-07-16,1,-0,78.388,78.39,3.211,266.9,58.4,23.14,5,4
TeamA-5a3be598-2f51-426f-95a5-b63d1d7c1b43,2021-07-17,1,1e-4,194.118,194.095,6.757,1273.9,484.5,25.73,7,3
TeamA-5a3be598-2f51-426f-95a5-b63d1d7c1b43,2021-07-28,1,-0,76.055,76.057,4.734,191.7,31.7,23.02,4,2
TeamA-5a3be598-2f51-426f-95a5-b63d1d7c1b43,2021-07-29,1,2e-4,114.59,114.568,5.178,888,431,35.7,0,5
TeamA-5a3be598-2f51-426f-95a5-b63d1d7c1b43,2021-07-30,1,1e-4,174.005,173.983,8.915,550.9,148.7,23.4,1,9
TeamA-5a3be598-2f51-426f-95a5-b63d1d7c1b43,2021-08-02,1,2e-4,135.473,135.452,6.635,598.4,128,23.73,5,19
TeamA-5a3be598-2f51-426f-95a5-b63d1d7c1b43,2021-08-03,1,2e-4,92.888,92.87,5.84,228.2,38.3,21.88,3,14
TeamA-5a3be598-2f51-426f-95a5-b63d1d7c1b43,2021-08-04,1,2e-4,105.903,105.882,7.822,723.7,233.4,26.17,5,7
TeamA-5a3be598-2f51-426f-95a5-b63d1d7c1b43,2021-08-06,1,-0,67.038,67.04,2.783,222.1,52.2,23.99,1,1
TeamA-5a3be598-2f51-426f-95a5-b63d1d7c1b43,2021-08-07,1,1e-4,148.247,148.228,6.141,398.8,99.7,22.94,1,4
TeamA-5a3be598-2f51-426f-95a5-b63d1d7c1b43,2021-08-09,1,3e-4,84.038,84.017,3.077,42.6,0,18.25,3,8
TeamA-5a3be598-2f51-426f-95a5-b63d1d7c1b43,2021-08-10,1,2e-4,92.088,92.07,4.707,234.6,45.1,22.99,6,15
TeamA-5a3be598-2f51-426f-95a5-b63d1d7c1b43,2021-08-11,1,1e-4,164.99,164.968,14.198,751.9,152.1,24.64,8,12
TeamA-5a3be598-2f51-426f-95a5-b63d1d7c1b43,2021-08-13,1,-0,69.488,69.49,2.824,261,92.8,24.26,6,4
TeamA-5a3be598-2f51-426f-95a5-b63d1d7c1b43,2021-08-14,1,1e-4,189.92,189.898,7.076,1012.6,90.1,22.41,9,11
TeamA-5a3be598-2f51-426f-95a5-b63d1d7c1b43,2021-08-16,1,2e-4,91.388,91.367,4.602,108.5,0.6,19.85,3,15
TeamA-5a3be598-2f51-426f-95a5-b63d1d7c1b43,2021-08-17,1,-0,72.472,72.473,3.686,204.8,50.7,24.36,4,6
TeamA-5a3be598-2f51-426f-95a5-b63d1d7c1b43,2021-08-18,1,1e-4,218.888,218.867,8.012,357.5,54.2,22.79,5,7
TeamA-5a3be598-2f51-426f-95a5-b63d1d7c1b43,2021-08-20,1,4e-4,63.073,63.05,4.295,209,23.4,21.13,7,3
TeamA-5a3be598-2f51-426f-95a5-b63d1d7c1b43,2021-08-21,1,1e-4,206.253,206.235,6.35,224.9,6.8,19.57,13,9
TeamA-5a3be598-2f51-426f-95a5-b63d1d7c1b43,2021-08-22,1,2e-4,109.828,109.805,8.225,577.7,169.6,26.54,6,8
TeamA-5a3be598-2f51-426f-95a5-b63d1d7c1b43,2021-08-23,1,3e-4,83.472,83.45,3.03,8.3,0,17.3,0,3
TeamA-5a3be598-2f51-426f-95a5-b63d1d7c1b43,2021-08-24,1,3e-4,74.607,74.585,3.987,376.7,116.6,25.66,7,11
TeamA-5a3be598-2f51-426f-95a5-b63d1d7c1b43,2021-08-25,1,-0,165.7,165.702,14.944,1168.4,367.1,26.58,9,21
TeamA-5a3be598-2f51-426f-95a5-b63d1d7c1b43,2021-08-26,1,3e-4,70.373,70.352,2.834,45.3,5.2,20.48,1,4
TeamA-5a3be598-2f51-426f-95a5-b63d1d7c1b43,2021-08-27,1,-0,75.473,75.475,3.404,263.6,62.9,23.16,3,4
TeamA-5a3be598-2f51-426f-95a5-b63d1d7c1b43,2021-08-28,1,1e-4,183.507,183.485,6.53,404.9,117.7,25.44,4,4
TeamA-5a3be598-2f51-426f-95a5-b63d1d7c1b43,2021-08-30,1,-0,112.648,112.65,4.177,148.8,34.2,22.05,4,10
TeamA-5a3be598-2f51-426f-95a5-b63d1d7c1b43,2021-08-31,1,2e-4,93.69,93.672,5.507,170.1,2.3,20.01,2,12
TeamA-5a3be598-2f51-426f-95a5-b63d1d7c1b43,2021-09-01,1,3e-4,100.72,100.693,6.895,512.1,171.1,24.98,6,12
TeamA-5a3be598-2f51-426f-95a5-b63d1d7c1b43,2021-09-03,1,2e-4,81.572,81.552,3.796,282.6,57.1,24.68,6,1
TeamA-5a3be598-2f51-426f-95a5-b63d1d7c1b43,2021-09-04,1,1e-4,177.538,177.517,6.591,485.1,158.4,23.34,6,4
TeamA-5a3be598-2f51-426f-95a5-b63d1d7c1b43,2021-09-07,1,2e-4,108.538,108.512,6.41,203.8,21.9,22.22,10,13
TeamA-5a3be598-2f51-426f-95a5-b63d1d7c1b43,2021-09-08,1,2e-4,100.855,100.833,7.309,533.8,86.3,25.34,0,12
TeamA-5a3be598-2f51-426f-95a5-b63d1d7c1b43,2021-09-11,1,3e-4,67.538,67.517,3.716,396.9,186.8,23.21,1,1
TeamA-5a3be598-2f51-426f-95a5-b63d1d7c1b43,2021-09-14,1,2e-4,128.37,128.35,4.018,14.8,0.6,19.02,4,2
TeamA-5a3be598-2f51-426f-95a5-b63d1d7c1b43,2021-09-15,1,2e-4,130.137,130.115,6.162,190.4,16.9,21.92,5,12
TeamA-5a3be598-2f51-426f-95a5-b63d1d7c1b43,2021-09-16,1,2e-4,101.92,101.9,6.951,355.1,60.8,21.73,10,11
TeamA-5a3be598-2f51-426f-95a5-b63d1d7c1b43,2021-09-20,1,-0,98.64,98.642,4.662,347,90.1,23.49,4,12
TeamA-5a3be598-2f51-426f-95a5-b63d1d7c1b43,2021-09-21,1,2e-4,124.372,124.345,6.556,313.9,73.5,23.63,3,15
TeamA-5a3be598-2f51-426f-95a5-b63d1d7c1b43,2021-09-22,1,2e-4,115.055,115.035,6.737,391.4,26.8,20.8,6,13
TeamA-5a3be598-2f51-426f-95a5-b63d1d7c1b43,2021-09-24,1,4e-4,61.805,61.783,3.956,322.7,66.7,23.06,2,8
TeamA-5a3be598-2f51-426f-95a5-b63d1d7c1b43,2021-09-25,1,2e-4,167.12,167.093,11.912,845.8,212,25.6,3,11
TeamA-5a3be598-2f51-426f-95a5-b63d1d7c1b43,2021-09-27,1,5e-4,57.422,57.395,2.478,44.5,0,18.65,1,7
TeamA-5a3be598-2f51-426f-95a5-b63d1d7c1b43,2021-09-28,1,2e-4,128.967,128.945,7.641,443.3,103.9,23.21,7,26
TeamA-5a3be598-2f51-426f-95a5-b63d1d7c1b43,2021-09-29,1,2e-4,117.855,117.835,6.715,359.7,117.6,24.84,5,13
TeamA-5a3be598-2f51-426f-95a5-b63d1d7c1b43,2021-10-01,1,3e-4,63.04,63.02,3.309,306.8,69.3,24.96,2,5
TeamA-5a3be598-2f51-426f-95a5-b63d1d7c1b43,2021-10-02,1,1e-4,164.525,164.505,7.416,477.3,149.8,27.02,4,12
TeamA-5a3be598-2f51-426f-95a5-b63d1d7c1b43,2021-10-04,1,2e-4,92.13,92.11,4.341,154.9,29.7,22.51,2,7
TeamA-5a3be598-2f51-426f-95a5-b63d1d7c1b43,2021-10-05,1,2e-4,121.505,121.485,6.478,227.6,22.5,22.64,5,23
TeamA-5a3be598-2f51-426f-95a5-b63d1d7c1b43,2021-10-06,1,2e-4,110.775,110.755,7.656,781.3,196.4,25.06,5,11
TeamA-5a3be598-2f51-426f-95a5-b63d1d7c1b43,2021-10-08,1,3e-4,81.905,81.878,4.435,420.7,111.8,23.54,2,6
TeamA-5a3be598-2f51-426f-95a5-b63d1d7c1b43,2021-10-09,1,1e-4,195.167,195.14,8.67,849.1,378.1,25.46,4,6
TeamA-5a3be598-2f51-426f-95a5-b63d1d7c1b43,2021-10-11,1,2e-4,85.855,85.835,4.218,104,6.9,20.83,3,9
TeamA-5a3be598-2f51-426f-95a5-b63d1d7c1b43,2021-10-12,1,3e-4,81.522,81.495,4.572,386.5,87.1,24.77,5,10
TeamA-5a3be598-2f51-426f-95a5-b63d1d7c1b43,2021-10-13,1,1e-4,221.972,221.952,10.554,1443.5,519.9,25.84,7,6
TeamA-5a3be598-2f51-426f-95a5-b63d1d7c1b43,2021-10-15,1,4e-4,50.333,50.313,3.525,220.5,49.6,21.46,4,3
TeamA-5a3be598-2f51-426f-95a5-b63d1d7c1b43,2021-10-16,1,1e-4,199.49,199.462,10.243,2114.9,530,25.86,13,14
TeamA-5a3be598-2f51-426f-95a5-b63d1d7c1b43,2021-10-18,1,2e-4,107.133,107.113,4.431,135.9,9.5,22.23,4,10
TeamA-5a3be598-2f51-426f-95a5-b63d1d7c1b43,2021-10-19,1,4e-4,74.472,74.445,5.463,216.8,41.1,21.96,7,11
TeamA-5a3be598-2f51-426f-95a5-b63d1d7c1b43,2021-10-20,1,2e-4,118.973,118.952,8.108,587.3,179.8,24.59,10,24
TeamA-5a3be598-2f51-426f-95a5-b63d1d7c1b43,2021-10-25,1,2e-4,110.023,110.003,5.876,217.8,30.2,22.16,6,13
TeamA-5a3be598-2f51-426f-95a5-b63d1d7c1b43,2021-10-26,1,2e-4,118.782,118.76,7.989,199.9,25,22.3,7,22
TeamA-5a3be598-2f51-426f-95a5-b63d1d7c1b43,2021-10-27,1,2e-4,109.857,109.835,6.593,323.9,48.1,23.39,6,12
TeamA-5a3be598-2f51-426f-95a5-b63d1d7c1b43,2021-10-28,1,2e-4,115.038,115.012,6.562,256.8,12.7,21.33,1,9
TeamA-5a3be598-2f51-426f-95a5-b63d1d7c1b43,2021-10-29,1,2e-4,129.317,129.295,10.06,783,79,22.6,3,18
TeamA-5a3be598-2f51-426f-95a5-b63d1d7c1b43,2021-11-02,1,3e-4,103.503,103.475,5.834,103.9,2.3,19.51,5,13
TeamA-5a3be598-2f51-426f-95a5-b63d1d7c1b43,2021-11-03,1,2e-4,123.988,123.968,7.564,333,34.8,22.63,5,10
TeamA-5a3be598-2f51-426f-95a5-b63d1d7c1b43,2021-11-04,1,3e-4,105.537,105.508,8.51,662.3,135.8,24.86,0,5
TeamA-5a3be598-2f51-426f-95a5-b63d1d7c1b43,2021-11-06,1,4e-4,50.605,50.583,2.857,337.9,136.6,24.06,2,3
TeamA-5a3be598-2f51-426f-95a5-b63d1d7c1b43,2021-11-07,1,1e-4,177.873,177.852,8.892,1359.3,167.4,21.97,4,5
TeamA-5a3be598-2f51-426f-95a5-b63d1d7c1b43,2021-11-08,1,3e-4,65.597,65.575,4.778,167.8,6.3,20.96,3,15
TeamA-5a3be598-2f51-426f-95a5-b63d1d7c1b43,2021-11-09,1,2e-4,92.403,92.382,4.944,307.1,36.6,21.68,5,10
TeamA-5a3be598-2f51-426f-95a5-b63d1d7c1b43,2021-11-10,1,2e-4,105.038,105.017,7.687,592.6,121.9,24.96,3,16
TeamA-5a3be598-2f51-426f-95a5-b63d1d7c1b43,2021-11-12,1,3e-4,62.022,62,3.606,385.6,81.3,24.2,3,1
TeamA-5a3be598-2f51-426f-95a5-b63d1d7c1b43,2021-11-13,1,1e-4,191.97,191.942,6.136,442.1,283.1,25.22,4,6
TeamA-5a5b135d-d146-4b4c-b3da-efcd4d203f95,2020-06-09,1,-0,126.49,126.492,6.742,344.2,43,24.71,19,24
TeamA-5a5b135d-d146-4b4c-b3da-efcd4d203f95,2020-06-10,1,-0,78.022,78.023,1.025,0,0,11.79,0,0
TeamA-5a5b135d-d146-4b4c-b3da-efcd4d203f95,2020-06-11,1,-0,84.14,84.142,4.399,647.1,367.4,26.49,5,17
TeamA-5a5b135d-d146-4b4c-b3da-efcd4d203f95,2020-06-13,1,-0,141.39,141.392,9.184,849.9,236,24.95,9,16
TeamA-5a5b135d-d146-4b4c-b3da-efcd4d203f95,2020-06-15,1,-0,125.872,125.873,6.335,352.7,85.4,24.22,16,12
TeamA-5a5b135d-d146-4b4c-b3da-efcd4d203f95,2020-06-16,1,-0,126.74,126.742,2.752,46.4,2.8,19.71,1,1
TeamA-5a5b135d-d146-4b4c-b3da-efcd4d203f95,2020-06-17,1,-0,145.89,145.892,7.989,1087.8,350.6,28.25,6,14
TeamA-5a5b135d-d146-4b4c-b3da-efcd4d203f95,2020-06-20,1,-0,165.35,165.352,9.673,1022.3,231.5,27.87,20,25
TeamA-5a5b135d-d146-4b4c-b3da-efcd4d203f95,2020-06-22,1,-0,96.257,96.258,5.122,209.1,27.4,22.25,19,18
TeamA-5a5b135d-d146-4b4c-b3da-efcd4d203f95,2020-06-24,1,-0,115.048,115.05,6.846,626,169.2,26.64,17,23
TeamA-5a5b135d-d146-4b4c-b3da-efcd4d203f95,2020-06-27,1,-0,100.553,100.555,7.197,646.7,208.9,27.64,7,6
TeamA-5a5b135d-d146-4b4c-b3da-efcd4d203f95,2020-06-29,1,-0,105.023,105.025,4.473,194.2,65,24.75,11,13
TeamA-5a5b135d-d146-4b4c-b3da-efcd4d203f95,2020-06-30,1,-0,125.505,125.507,7.933,736,224.6,26.4,7,16
TeamA-5a5b135d-d146-4b4c-b3da-efcd4d203f95,2020-07-02,1,-0,77.905,77.907,2.849,342.2,136.5,26.54,9,8
TeamA-5a5b135d-d146-4b4c-b3da-efcd4d203f95,2020-07-03,1,-0,122.055,122.057,10.134,1219.9,374.2,28,19,20
TeamA-5a5b135d-d146-4b4c-b3da-efcd4d203f95,2020-07-06,1,-0,100.677,100.678,5.801,155.6,22.8,21.76,22,26
TeamA-5a5b135d-d146-4b4c-b3da-efcd4d203f95,2020-07-07,1,-0,112.903,112.905,4.273,288,41.6,23.97,16,15
TeamA-5a5b135d-d146-4b4c-b3da-efcd4d203f95,2020-07-08,1,-0,113.523,113.525,8.386,1182.7,531.3,28.41,17,28
TeamA-5a5b135d-d146-4b4c-b3da-efcd4d203f95,2020-07-10,1,-0,70.223,70.225,2.576,268.4,75.7,23.97,8,13
TeamA-5a5b135d-d146-4b4c-b3da-efcd4d203f95,2020-07-11,1,-0,93.488,93.49,7.155,829.5,288.4,24.74,6,18
TeamA-5a5b135d-d146-4b4c-b3da-efcd4d203f95,2020-07-13,1,-0,71.755,71.757,3.469,224,50.1,22.35,13,11
TeamA-5a5b135d-d146-4b4c-b3da-efcd4d203f95,2020-07-14,1,-0,111.907,111.908,6.24,402.4,43.7,21.54,9,22
TeamA-5a5b135d-d146-4b4c-b3da-efcd4d203f95,2020-07-15,1,-0,131.87,131.872,6.968,1176.8,501.1,28.04,6,9
TeamA-5a5b135d-d146-4b4c-b3da-efcd4d203f95,2020-07-16,1,-0,107.973,107.975,4.788,553.3,221.6,25.75,11,15
TeamA-5a5b135d-d146-4b4c-b3da-efcd4d203f95,2020-07-18,1,-0,80.142,80.143,3.326,478,184,25.44,12,13
TeamA-5a5b135d-d146-4b4c-b3da-efcd4d203f95,2020-07-19,1,-0,109.527,109.528,7.32,1021.7,238.6,24.07,9,22
TeamA-5a5b135d-d146-4b4c-b3da-efcd4d203f95,2020-07-21,1,-0,93.04,93.042,4.744,217.4,65.6,24.19,25,12
TeamA-5a5b135d-d146-4b4c-b3da-efcd4d203f95,2020-07-22,1,-0,103.287,103.288,5.118,772.2,335.4,28.9,9,14
TeamA-5a5b135d-d146-4b4c-b3da-efcd4d203f95,2020-07-25,1,-0,90.69,90.692,7.328,788.8,250,27.33,6,23
TeamA-5a5b135d-d146-4b4c-b3da-efcd4d203f95,2020-07-27,1,-0,72.467,72.468,1.524,14.8,0,18.14,4,6
TeamA-5a5b135d-d146-4b4c-b3da-efcd4d203f95,2020-07-29,1,-0,120.422,120.423,7.102,352.2,58.6,23.01,14,25
TeamA-5a5b135d-d146-4b4c-b3da-efcd4d203f95,2020-07-30,1,-0,141.812,141.813,7.871,977.4,350.8,25.47,10,23
TeamA-5a5b135d-d146-4b4c-b3da-efcd4d203f95,2020-08-02,1,-0,172.357,172.358,7.816,862.4,314,27.31,15,9
TeamA-5a5b135d-d146-4b4c-b3da-efcd4d203f95,2020-08-03,1,-0,70.422,70.423,3.212,43.3,0,19.08,6,8
TeamA-5a5b135d-d146-4b4c-b3da-efcd4d203f95,2020-08-05,1,-0,105.988,105.99,5.881,464,74.7,24.55,10,15
TeamA-5a5b135d-d146-4b4c-b3da-efcd4d203f95,2020-08-06,1,-0,94.52,94.522,4.214,276.4,72.2,23.63,6,13
TeamA-5a5b135d-d146-4b4c-b3da-efcd4d203f95,2020-08-07,1,-0,63.538,63.54,3.351,237.1,70.3,22.36,9,6
TeamA-5a5b135d-d146-4b4c-b3da-efcd4d203f95,2020-08-08,1,-0,125.443,125.445,5.125,520.6,152.7,25.22,12,4
TeamA-5a5b135d-d146-4b4c-b3da-efcd4d203f95,2020-08-11,1,-0,109.555,109.557,3.205,92,10.3,20.88,15,14
TeamA-5a5b135d-d146-4b4c-b3da-efcd4d203f95,2020-08-13,1,-0,109.09,109.092,3.382,232.8,46.1,22.5,16,17
TeamA-5a5b135d-d146-4b4c-b3da-efcd4d203f95,2020-08-16,1,-0,167.723,167.725,2.548,0,0,14.73,3,1
TeamA-5a5b135d-d146-4b4c-b3da-efcd4d203f95,2020-08-17,1,-0,78.973,78.975,5.168,143.5,8.7,21.39,10,10
TeamA-5a5b135d-d146-4b4c-b3da-efcd4d203f95,2020-08-19,1,-0,109.878,109.88,5.691,294.7,56,24.54,7,6
TeamA-5a5b135d-d146-4b4c-b3da-efcd4d203f95,2020-08-21,1,-0,51.472,51.473,2.777,434.3,159.5,26.31,7,4
TeamA-5a5b135d-d146-4b4c-b3da-efcd4d203f95,2020-08-22,1,-0,182.405,182.407,6.204,465.4,211.7,26.47,4,4
TeamA-5a5b135d-d146-4b4c-b3da-efcd4d203f95,2020-08-25,1,-0,56.423,56.425,3.856,252.6,53.3,25.21,6,9
TeamA-5a5b135d-d146-4b4c-b3da-efcd4d203f95,2020-08-26,1,-0,156.888,156.89,5.226,319.6,108.9,27.57,1,6
TeamA-5a5b135d-d146-4b4c-b3da-efcd4d203f95,2020-08-27,1,-0,59.555,59.557,3.38,79.1,8.8,22.05,9,11
TeamA-5a5b135d-d146-4b4c-b3da-efcd4d203f95,2020-08-29,1,-0,52.013,52.015,1.826,196.8,78.2,24.19,14,14
TeamA-5a5b135d-d146-4b4c-b3da-efcd4d203f95,2020-08-30,1,-0,154.09,154.092,4.423,477.4,151.6,26.99,4,1
TeamA-5a5b135d-d146-4b4c-b3da-efcd4d203f95,2020-08-31,1,-0,69.853,69.855,4.559,175.9,25.4,21.46,9,10
TeamA-5a5b135d-d146-4b4c-b3da-efcd4d203f95,2020-09-02,1,-0,96.922,96.923,6.362,414.5,130.3,25.19,6,15
TeamA-5a5b135d-d146-4b4c-b3da-efcd4d203f95,2020-09-04,1,-0,67.903,67.905,2.74,277,71.5,23.36,11,12
TeamA-5a5b135d-d146-4b4c-b3da-efcd4d203f95,2020-09-05,1,-0,190.56,190.562,0.384,0,0,6.15,0,0
TeamA-5a5b135d-d146-4b4c-b3da-efcd4d203f95,2020-09-07,1,-0,67.922,67.923,4.752,123.8,14.5,22.7,7,14
TeamA-5a5b135d-d146-4b4c-b3da-efcd4d203f95,2020-09-09,1,-0,94.438,94.44,6.544,380.5,56.7,22.6,8,16
TeamA-5a5b135d-d146-4b4c-b3da-efcd4d203f95,2020-09-11,1,-0,62.503,62.505,3.526,305.1,74,22.59,6,8
TeamA-5a5b135d-d146-4b4c-b3da-efcd4d203f95,2020-09-12,1,-0,180.385,180.387,5.894,568.5,259.1,28.05,5,1
TeamA-5a5b135d-d146-4b4c-b3da-efcd4d203f95,2020-09-15,1,-0,97.053,97.055,4.258,177.8,42.7,23.38,1,11
TeamA-5a5b135d-d146-4b4c-b3da-efcd4d203f95,2020-09-16,1,-0,124.088,124.09,8.113,502.1,216.6,25.64,14,21
TeamA-5a5b135d-d146-4b4c-b3da-efcd4d203f95,2020-09-21,1,-0,120.037,120.038,5.595,526.5,204.9,24.42,7,15
TeamA-5a5b135d-d146-4b4c-b3da-efcd4d203f95,2020-09-23,1,-0,107.757,107.758,6.089,338.5,99.3,25.24,14,8
TeamA-5a5b135d-d146-4b4c-b3da-efcd4d203f95,2020-09-25,1,-0,76.205,76.207,3.899,217.7,20.9,22.25,2,9
TeamA-5a5b135d-d146-4b4c-b3da-efcd4d203f95,2020-09-26,1,-0,171.082,171.083,5.589,224.2,31.9,22.11,4,1
TeamA-5a5b135d-d146-4b4c-b3da-efcd4d203f95,2020-09-28,1,-0,70.905,70.907,4.107,342.8,117.5,23.75,17,5
TeamA-5a5b135d-d146-4b4c-b3da-efcd4d203f95,2020-09-30,1,-0,108.093,108.095,7.416,852.8,294.2,26.76,9,22
TeamA-5a5b135d-d146-4b4c-b3da-efcd4d203f95,2020-10-01,1,-0,95.507,95.508,5.916,541.3,190.9,27.6,10,11
TeamA-5a5b135d-d146-4b4c-b3da-efcd4d203f95,2020-10-03,1,-0,109.052,109.053,3.803,347,87.1,23.11,14,21
TeamA-5a5b135d-d146-4b4c-b3da-efcd4d203f95,2020-10-04,1,-0,177.795,177.797,6.015,638.2,211.7,26.89,5,6
TeamA-5a5b135d-d146-4b4c-b3da-efcd4d203f95,2020-10-05,1,-0,78.283,78.285,4.156,72.4,11.8,22.39,3,9
TeamA-5a5b135d-d146-4b4c-b3da-efcd4d203f95,2020-10-06,1,-0,69.153,69.155,3.546,184,17.3,21.69,6,13
TeamA-5a5b135d-d146-4b4c-b3da-efcd4d203f95,2020-10-07,1,-0,160.487,160.488,5.358,608.4,229.9,28.17,4,4
TeamA-5a5b135d-d146-4b4c-b3da-efcd4d203f95,2020-10-10,1,-0,93.355,93.357,5.797,1113.3,712.3,27.86,19,8
TeamA-5a5b135d-d146-4b4c-b3da-efcd4d203f95,2020-10-12,1,-0,77.905,77.907,5.187,267.6,23.6,21.47,10,10
TeamA-5a5b135d-d146-4b4c-b3da-efcd4d203f95,2020-10-14,1,-0,187.838,187.84,7.883,895.5,258.2,27.47,12,15
TeamA-5a5b135d-d146-4b4c-b3da-efcd4d203f95,2020-10-17,1,-0,54.905,54.907,3.716,269.9,43.5,24.12,6,5
TeamA-5a5b135d-d146-4b4c-b3da-efcd4d203f95,2020-10-18,1,-0,166.798,166.8,6.265,717.9,177.7,24.92,4,4
TeamA-5a5b135d-d146-4b4c-b3da-efcd4d203f95,2020-10-20,1,-0,78.1,78.102,3.877,104.5,9.6,20.56,8,6
TeamA-5a5b135d-d146-4b4c-b3da-efcd4d203f95,2020-10-21,1,-0,85.37,85.372,5.651,271.4,34.7,21.96,8,9
TeamA-5a5b135d-d146-4b4c-b3da-efcd4d203f95,2020-10-22,1,-0,98.905,98.907,7.296,833.5,200.2,27.95,15,10
TeamA-5a5b135d-d146-4b4c-b3da-efcd4d203f95,2020-10-23,1,-0,87.688,87.69,5.453,567.7,240.6,26.4,7,12
TeamA-5a5b135d-d146-4b4c-b3da-efcd4d203f95,2020-10-26,1,-0,85.905,85.907,5.436,297.3,56.8,23.06,10,14
TeamA-5a5b135d-d146-4b4c-b3da-efcd4d203f95,2020-10-27,1,-0,116.888,116.89,3.623,330.7,148.6,27.53,7,3
TeamA-5a5b135d-d146-4b4c-b3da-efcd4d203f95,2020-10-28,1,-0,98.522,98.523,7.214,699,206.4,25.91,7,13
TeamA-5a5b135d-d146-4b4c-b3da-efcd4d203f95,2020-10-29,1,-0,116.642,116.643,5.847,441.6,133.7,25.15,12,34
TeamA-5a5b135d-d146-4b4c-b3da-efcd4d203f95,2020-10-31,1,-0,83.972,83.973,3.915,265.9,49.3,22.57,4,6
TeamA-5a5b135d-d146-4b4c-b3da-efcd4d203f95,2020-11-01,1,-0,166.685,166.687,5.677,847,339.3,26.41,4,14
TeamA-5a5b135d-d146-4b4c-b3da-efcd4d203f95,2020-11-02,1,-0,84.748,84.75,5.737,204.5,30.2,25.01,10,10
TeamA-5a5b135d-d146-4b4c-b3da-efcd4d203f95,2020-11-04,1,-0,111.022,111.023,8.014,702.5,107.9,26.24,9,12
TeamA-5a5b135d-d146-4b4c-b3da-efcd4d203f95,2020-11-06,1,-0,74.855,74.857,3.899,318.3,83.4,24.78,7,8
TeamA-5a5b135d-d146-4b4c-b3da-efcd4d203f95,2020-11-07,1,-0,194.267,194.268,9.204,812.1,175,25.41,11,12
TeamA-5a5b135d-d146-4b4c-b3da-efcd4d203f95,2020-11-09,1,-0,82.21,82.212,3.961,151.2,18.7,21.6,10,6
TeamA-5a5b135d-d146-4b4c-b3da-efcd4d203f95,2020-11-11,1,-0,98.05,98.052,6.108,289.9,58.7,22.78,12,18
TeamA-5a5b135d-d146-4b4c-b3da-efcd4d203f95,2020-11-13,1,-0,96.84,96.842,5.872,633.4,165.2,26.01,11,11
TeamA-5a5b135d-d146-4b4c-b3da-efcd4d203f95,2020-11-17,1,-0,72.122,72.123,4.147,211.5,30.9,25.21,5,8
TeamA-5a5b135d-d146-4b4c-b3da-efcd4d203f95,2020-11-20,1,-0,67.798,67.8,5.086,390.2,103.4,24.42,1,7
TeamA-5a5b135d-d146-4b4c-b3da-efcd4d203f95,2020-11-23,1,-0,75.478,75.48,4.508,254.1,49.7,23.82,7,12
TeamA-5a5b135d-d146-4b4c-b3da-efcd4d203f95,2020-11-27,1,-0,86.388,86.39,4.885,647.3,271.2,26.45,7,16
TeamA-5a5b135d-d146-4b4c-b3da-efcd4d203f95,2020-11-30,1,-0,79.388,79.39,3.92,258.3,74.7,22.18,18,12
TeamA-5a5b135d-d146-4b4c-b3da-efcd4d203f95,2020-12-03,1,-0,48.183,48.185,2.779,202.5,124.2,27.7,6,3
TeamA-5a5b135d-d146-4b4c-b3da-efcd4d203f95,2020-12-06,1,-0,183.057,183.058,7.625,785,237.8,27.95,7,9
TeamA-5a5b135d-d146-4b4c-b3da-efcd4d203f95,2021-02-01,1,-0,101.538,101.54,2.477,80.8,0,19.01,0,3
TeamA-5a5b135d-d146-4b4c-b3da-efcd4d203f95,2021-02-08,1,-0,113.497,113.498,5.554,205.7,31.8,23.24,11,14
TeamA-5a5b135d-d146-4b4c-b3da-efcd4d203f95,2021-02-15,1,-0,96.472,96.473,6.491,359,21.5,21.77,5,15
TeamA-5a5b135d-d146-4b4c-b3da-efcd4d203f95,2021-02-19,1,-0,76.023,76.025,3.615,225.9,60.7,23.13,9,4
TeamA-5a5b135d-d146-4b4c-b3da-efcd4d203f95,2021-02-20,1,-0,127.137,127.138,9.969,1472.3,426.4,25.57,6,21
TeamA-5a5b135d-d146-4b4c-b3da-efcd4d203f95,2021-02-22,1,-0,75.538,75.54,5.277,191.5,48.2,23.67,4,11
TeamA-5a5b135d-d146-4b4c-b3da-efcd4d203f95,2021-02-25,1,-0,135.873,135.875,7.317,566.7,116.6,22.81,6,21
TeamA-5a5b135d-d146-4b4c-b3da-efcd4d203f95,2021-03-01,1,-0,75.053,75.055,5.519,163.3,8.7,20.08,8,11
TeamA-5a5b135d-d146-4b4c-b3da-efcd4d203f95,2021-03-12,1,-0,117.482,117.483,9.619,1383.6,380.8,26.37,10,22
TeamA-5a5b135d-d146-4b4c-b3da-efcd4d203f95,2021-03-15,1,-0,119.522,119.523,5.614,241.4,32.3,22.24,10,10
TeamA-5a5b135d-d146-4b4c-b3da-efcd4d203f95,2021-03-19,1,-0,133.072,133.073,9.842,1260.6,447.2,27.09,4,13
TeamA-5a5b135d-d146-4b4c-b3da-efcd4d203f95,2021-03-23,1,-0,93.055,93.057,5.394,253.3,15.7,21.27,9,14
TeamA-5a5b135d-d146-4b4c-b3da-efcd4d203f95,2021-03-24,1,2e-4,107,106.983,7.286,829.6,268.2,28.23,14,15
TeamA-5a5b135d-d146-4b4c-b3da-efcd4d203f95,2021-03-26,1,2e-4,114.133,114.115,5.323,856.2,370.2,27.04,13,21
TeamA-5a5b135d-d146-4b4c-b3da-efcd4d203f95,2021-03-27,1,-0,118.192,118.193,10.188,1288.4,593.2,26.09,12,11
TeamA-5a5b135d-d146-4b4c-b3da-efcd4d203f95,2021-03-30,1,-0,93.972,93.973,5.588,253.4,17.3,21.31,6,13
TeamA-5a5b135d-d146-4b4c-b3da-efcd4d203f95,2021-04-05,1,-0,90.405,90.407,5.609,1714.8,1491.8,35.86,12,9
TeamA-5a5b135d-d146-4b4c-b3da-efcd4d203f95,2021-04-07,1,2e-4,95.448,95.432,6.705,579.6,157.9,26.03,4,11
TeamA-5a5b135d-d146-4b4c-b3da-efcd4d203f95,2021-04-08,1,2e-4,101.438,101.422,5.605,783,311.5,25.38,6,21
TeamA-5a5b135d-d146-4b4c-b3da-efcd4d203f95,2021-04-09,1,-0,96.922,96.923,6.5,506.1,104,23.88,7,19
TeamA-5a5b135d-d146-4b4c-b3da-efcd4d203f95,2021-04-10,1,3e-4,64.055,64.038,3.386,859.6,634.8,27.02,17,30
TeamA-5a5b135d-d146-4b4c-b3da-efcd4d203f95,2021-04-12,1,-0,113.497,113.498,6.774,469.2,70.9,22.68,15,12
TeamA-5a5b135d-d146-4b4c-b3da-efcd4d203f95,2021-04-13,1,-0,105.537,105.538,6.178,436.6,110.6,26.25,9,14
TeamA-5a5b135d-d146-4b4c-b3da-efcd4d203f95,2021-04-16,1,2e-4,90.907,90.888,4.035,206.1,37.3,22.21,9,5
TeamA-5a5b135d-d146-4b4c-b3da-efcd4d203f95,2021-04-17,1,-0,177.905,177.907,11.703,1232.9,358.3,28.27,11,14
TeamA-5a5b135d-d146-4b4c-b3da-efcd4d203f95,2021-04-19,1,-0,111.687,111.688,4.722,243.6,34.4,22.63,7,11
TeamA-5a5b135d-d146-4b4c-b3da-efcd4d203f95,2021-04-20,1,-0,137.853,137.855,7.47,480.4,111.4,25.76,16,9
TeamA-5a5b135d-d146-4b4c-b3da-efcd4d203f95,2021-04-21,1,-0,67.373,67.375,4.675,315.6,117.6,24.46,6,9
TeamA-5a5b135d-d146-4b4c-b3da-efcd4d203f95,2021-04-22,1,-0,97.64,97.642,5.148,412.7,130,24.1,10,18
TeamA-5a5b135d-d146-4b4c-b3da-efcd4d203f95,2021-04-23,1,-0,86.372,86.373,7.541,753.7,230.5,28.48,9,17
TeamA-5a5b135d-d146-4b4c-b3da-efcd4d203f95,2021-04-26,1,-0,90.038,90.04,4.446,308.9,37.5,22.86,16,10
TeamA-5a5b135d-d146-4b4c-b3da-efcd4d203f95,2021-04-27,1,-0,90.463,90.465,5.399,434.8,88.3,24.99,7,9
TeamA-5a5b135d-d146-4b4c-b3da-efcd4d203f95,2021-04-28,1,-0,126.923,126.925,6.587,639.2,182.2,24.85,13,18
TeamA-5a5b135d-d146-4b4c-b3da-efcd4d203f95,2021-04-30,1,-0,61.37,61.372,2.781,462,178.6,25.05,9,10
TeamA-5a5b135d-d146-4b4c-b3da-efcd4d203f95,2021-05-01,1,-0,110.338,110.34,6.378,790.2,223.5,25.43,6,7
TeamA-5a5b135d-d146-4b4c-b3da-efcd4d203f95,2021-05-03,1,-0,97.89,97.892,4.147,236.8,34.6,22.95,5,13
TeamA-5a5b135d-d146-4b4c-b3da-efcd4d203f95,2021-05-04,1,-0,51.032,51.033,2.725,335,109.3,25.8,8,10
TeamA-5a5b135d-d146-4b4c-b3da-efcd4d203f95,2021-05-05,1,-0,168.007,168.008,6.225,539.1,229.3,27.56,7,2
TeamA-5a5b135d-d146-4b4c-b3da-efcd4d203f95,2021-05-10,1,2e-4,111.053,111.037,5.308,363.3,25.2,21.67,12,21
TeamA-5a5b135d-d146-4b4c-b3da-efcd4d203f95,2021-05-11,1,-0,101.955,101.957,4.802,252.6,45,24.55,2,19
TeamA-5a5b135d-d146-4b4c-b3da-efcd4d203f95,2021-05-14,1,-0,72.835,72.837,1.99,181.1,58.9,24.52,5,2
TeamA-5a5b135d-d146-4b4c-b3da-efcd4d203f95,2021-05-15,1,-0,156.723,156.725,6.245,408.8,113.9,24.87,6,3
TeamA-5a5b135d-d146-4b4c-b3da-efcd4d203f95,2021-05-17,1,0.0018,321.17,320.578,4.674,160.1,7.4,19.95,13,5
TeamA-5a5b135d-d146-4b4c-b3da-efcd4d203f95,2021-05-18,1,-1e-4,26.77,26.772,1.559,49.1,1.7,19.69,0,1
TeamA-5a5b135d-d146-4b4c-b3da-efcd4d203f95,2021-05-19,1,-0,50.49,50.492,3.693,443.5,186.5,24.75,5,10
TeamA-5a5b135d-d146-4b4c-b3da-efcd4d203f95,2021-05-21,1,-0,153.64,153.642,4.73,428.1,96.6,24.77,11,11
TeamA-5a5b135d-d146-4b4c-b3da-efcd4d203f95,2021-05-22,1,1e-4,183.005,182.988,5.445,632.4,183.9,27.63,14,19
TeamA-5a5b135d-d146-4b4c-b3da-efcd4d203f95,2021-05-24,1,2e-4,101.017,101,3.653,135.5,8.7,21.13,3,12
TeamA-5a5b135d-d146-4b4c-b3da-efcd4d203f95,2021-05-28,1,-0,66.837,66.838,2.759,100.6,14.3,20.85,0,1
TeamA-5a5b135d-d146-4b4c-b3da-efcd4d203f95,2021-05-31,1,-0,97.485,97.487,4.226,121.4,12.8,21.87,7,7
TeamA-5a5b135d-d146-4b4c-b3da-efcd4d203f95,2021-06-01,1,2e-4,103.988,103.97,5.058,274.9,60.9,24.39,9,12
TeamA-5a5b135d-d146-4b4c-b3da-efcd4d203f95,2021-06-02,1,-0,147.047,147.048,7.969,789.2,175.5,26.14,10,10
TeamA-5a5b135d-d146-4b4c-b3da-efcd4d203f95,2021-06-04,1,-0,67.538,67.54,3.361,231.4,30.6,21.26,10,10
TeamA-5a5b135d-d146-4b4c-b3da-efcd4d203f95,2021-06-05,1,-0,179.907,179.908,7.315,1266.8,438.1,26.78,11,6
TeamA-5a5b135d-d146-4b4c-b3da-efcd4d203f95,2021-06-07,1,-0,112.488,112.49,5.374,257.3,11.2,21.92,10,13
TeamA-5a5b135d-d146-4b4c-b3da-efcd4d203f95,2021-06-08,1,2e-4,86.738,86.72,4.529,225,41.4,23.33,4,7
TeamA-5a5b135d-d146-4b4c-b3da-efcd4d203f95,2021-06-09,1,-0,169.707,169.708,6.893,593,94.1,24.56,7,8
TeamA-5a5b135d-d146-4b4c-b3da-efcd4d203f95,2021-06-10,1,-0,121.92,121.922,6.088,487.6,77.8,23.75,3,10
TeamA-5a5b135d-d146-4b4c-b3da-efcd4d203f95,2021-06-19,1,-1e-4,29.09,29.092,1.131,0.9,0,14.58,0,0
TeamA-5a5b135d-d146-4b4c-b3da-efcd4d203f95,2021-08-16,1,-0,95.205,95.207,4.263,54.1,0,17.26,0,4
TeamA-5a5b135d-d146-4b4c-b3da-efcd4d203f95,2021-08-18,1,-0,49.247,49.248,2.628,156.5,6.3,20.98,16,3
TeamA-5a5b135d-d146-4b4c-b3da-efcd4d203f95,2021-08-20,1,-0,82.023,82.025,2.588,116,80.8,26.7,2,5
TeamA-5a5b135d-d146-4b4c-b3da-efcd4d203f95,2021-08-23,1,-0,83.405,83.407,2.596,3.2,0,16.49,0,2
TeamA-5a5b135d-d146-4b4c-b3da-efcd4d203f95,2021-08-24,1,-0,74.777,74.778,2.969,214.9,25.7,22.08,1,1
TeamA-5a5b135d-d146-4b4c-b3da-efcd4d203f95,2021-08-26,1,-0,84.738,84.74,3.993,149.5,32.5,22,6,8
TeamA-5a5b135d-d146-4b4c-b3da-efcd4d203f95,2021-08-27,1,-0,85.255,85.257,4.064,421.4,154.7,25.96,7,4
TeamA-5a5b135d-d146-4b4c-b3da-efcd4d203f95,2021-08-30,1,-0,122.888,122.89,2.615,56.7,9.5,22.1,3,7
TeamA-5a5b135d-d146-4b4c-b3da-efcd4d203f95,2021-08-31,1,-0,97.003,97.005,4.417,270.3,52.9,23.26,9,13
TeamA-5a5b135d-d146-4b4c-b3da-efcd4d203f95,2021-09-01,1,-0,45.087,45.088,1.984,118.7,62,23.77,4,1
TeamA-5a5b135d-d146-4b4c-b3da-efcd4d203f95,2021-09-03,1,-0,96.507,96.508,4.809,1281.1,877.3,35.43,8,9
TeamA-5a5b135d-d146-4b4c-b3da-efcd4d203f95,2021-09-07,1,-0,82.372,82.373,3.252,43,0,18.84,12,6
TeamA-5a5b135d-d146-4b4c-b3da-efcd4d203f95,2021-09-08,1,3e-4,102.888,102.862,5.935,433.4,128.1,24.49,3,6
TeamA-5a5b135d-d146-4b4c-b3da-efcd4d203f95,2021-09-10,1,4e-4,39.388,39.372,1.708,33.6,1.8,19.49,1,1
TeamA-5a5b135d-d146-4b4c-b3da-efcd4d203f95,2021-09-11,1,2e-4,77.077,77.06,3.302,336.5,146.6,27.78,10,6
TeamA-5a5b135d-d146-4b4c-b3da-efcd4d203f95,2021-09-14,1,-0,139.35,139.352,5.508,59,0,19.61,7,12
TeamA-5a5b135d-d146-4b4c-b3da-efcd4d203f95,2021-09-15,1,1e-4,140.922,140.902,6.688,419.6,78,23.93,6,19
TeamA-5a5b135d-d146-4b4c-b3da-efcd4d203f95,2021-09-16,1,-0,97.007,97.008,6.698,379.5,47.1,23.31,16,16
TeamA-5a5b135d-d146-4b4c-b3da-efcd4d203f95,2021-09-20,1,-0,120.598,120.6,4.622,357.8,143.2,25.45,7,8
TeamA-5a5b135d-d146-4b4c-b3da-efcd4d203f95,2021-09-21,1,1e-4,141.855,141.838,7.446,516,93,24.08,10,19
TeamA-5a5b135d-d146-4b4c-b3da-efcd4d203f95,2021-09-22,1,-0,120.572,120.573,6.087,323.2,74.7,24.57,11,18
TeamA-5a5b135d-d146-4b4c-b3da-efcd4d203f95,2021-09-24,1,-0,64.838,64.84,4.001,274.9,25.6,22.94,4,7
TeamA-5a5b135d-d146-4b4c-b3da-efcd4d203f95,2021-09-25,1,7e-4,200.05,199.905,6.267,352.5,118.5,27.51,7,6
TeamA-5a5b135d-d146-4b4c-b3da-efcd4d203f95,2021-09-27,1,2e-4,95.353,95.337,4.211,170.1,29.2,21.88,13,10
TeamA-5a5b135d-d146-4b4c-b3da-efcd4d203f95,2021-09-28,1,-0,125.972,125.973,4.262,313.6,58.8,22.66,7,9
TeamA-5a5b135d-d146-4b4c-b3da-efcd4d203f95,2021-09-29,1,-0,110.537,110.538,7.161,559.9,179.7,26.32,5,13
TeamA-5a5b135d-d146-4b4c-b3da-efcd4d203f95,2021-10-01,1,-0,76.568,76.57,3.483,224.1,37,21.6,4,5
TeamA-5a5b135d-d146-4b4c-b3da-efcd4d203f95,2021-10-02,1,1e-4,159.227,159.21,5.672,376.1,151.7,25.23,8,7
TeamA-5a5b135d-d146-4b4c-b3da-efcd4d203f95,2021-10-04,1,2e-4,83.52,83.5,4.522,134.6,34,23.25,6,7
TeamA-5a5b135d-d146-4b4c-b3da-efcd4d203f95,2021-10-05,1,-0,126.422,126.423,6.903,276.3,52.1,24.1,11,19
TeamA-5a5b135d-d146-4b4c-b3da-efcd4d203f95,2021-10-06,1,-0,130.872,130.873,8.251,987.5,229.6,25.83,15,19
TeamA-5a5b135d-d146-4b4c-b3da-efcd4d203f95,2021-10-08,1,2e-4,85.488,85.468,4.291,456.6,135.1,24.63,13,5
TeamA-5a5b135d-d146-4b4c-b3da-efcd4d203f95,2021-10-09,1,-0,171.425,171.427,5.999,374.3,91,28.19,5,7
TeamA-5a5b135d-d146-4b4c-b3da-efcd4d203f95,2021-10-11,1,1e-4,128.277,128.26,4.456,146.2,8.6,20.43,6,14
TeamA-5a5b135d-d146-4b4c-b3da-efcd4d203f95,2021-10-13,1,1e-4,222.423,222.403,8.712,879.5,636.4,29.99,21,2
TeamA-5a5b135d-d146-4b4c-b3da-efcd4d203f95,2021-10-15,1,3e-4,56.99,56.973,3.422,144.5,27.3,24,3,4
TeamA-5a5b135d-d146-4b4c-b3da-efcd4d203f95,2021-10-16,1,1e-4,201.607,201.587,8.845,1525.8,554.9,29.15,10,13
TeamA-5a5b135d-d146-4b4c-b3da-efcd4d203f95,2021-10-18,1,2e-4,94.503,94.483,5.194,175.8,9.3,21.64,5,12
TeamA-5a5b135d-d146-4b4c-b3da-efcd4d203f95,2021-10-19,1,0.0078,106.522,105.692,6.728,203.5,18.6,21.89,15,18
TeamA-5a5b135d-d146-4b4c-b3da-efcd4d203f95,2021-10-20,1,2e-4,115.633,115.613,8.326,691.7,186.1,24.83,11,24
TeamA-5a5b135d-d146-4b4c-b3da-efcd4d203f95,2021-10-25,1,2e-4,88.887,88.87,5.759,180.3,38.3,22.84,14,21
TeamA-5a5b135d-d146-4b4c-b3da-efcd4d203f95,2021-10-26,1,2e-4,130.538,130.518,7.735,214.3,14.8,22.19,11,17
TeamA-5a5b135d-d146-4b4c-b3da-efcd4d203f95,2021-10-27,1,1e-4,131.988,131.972,7.209,368.4,71.4,24.55,17,19
TeamA-5a5b135d-d146-4b4c-b3da-efcd4d203f95,2021-10-28,1,-0,120.388,120.39,7.142,330.1,50.5,22.86,7,21
TeamA-5a5b135d-d146-4b4c-b3da-efcd4d203f95,2021-10-29,1,1e-4,116.472,116.455,9.512,921.5,184.4,25.41,26,12
TeamA-5a5b135d-d146-4b4c-b3da-efcd4d203f95,2021-11-02,1,-0,113.053,113.055,6.257,232.9,41.8,23.92,7,17
TeamA-5a5b135d-d146-4b4c-b3da-efcd4d203f95,2021-11-03,1,1e-4,120.022,120.005,7.637,412.9,75.5,23.81,6,14
TeamA-5a5b135d-d146-4b4c-b3da-efcd4d203f95,2021-11-04,1,2e-4,113.005,112.983,8.326,885.2,304,26.91,3,10
TeamA-5a5b135d-d146-4b4c-b3da-efcd4d203f95,2021-11-06,1,4e-4,51.902,51.88,3.037,292.5,91.3,24.97,5,5
TeamA-5a5b135d-d146-4b4c-b3da-efcd4d203f95,2021-11-07,1,-0,178.555,178.557,8.003,1183.7,436.3,28.57,9,10
TeamA-5a5b135d-d146-4b4c-b3da-efcd4d203f95,2021-11-08,1,-0,65.422,65.423,5.108,203,15.5,21.02,4,9
TeamA-5a5b135d-d146-4b4c-b3da-efcd4d203f95,2021-11-09,1,-0,93.503,93.505,5.268,287.8,25.4,21.84,4,9
TeamA-5a5b135d-d146-4b4c-b3da-efcd4d203f95,2021-11-10,1,-0,118.522,118.523,7.751,612.4,161,25.2,6,13
TeamA-5a5b135d-d146-4b4c-b3da-efcd4d203f95,2021-11-12,1,3e-4,80.887,80.86,3.791,345.4,95.7,24.06,5,8
TeamA-5a5b135d-d146-4b4c-b3da-efcd4d203f95,2021-11-13,1,-0,191.89,191.892,7.407,764.8,293.5,27.37,1,12
TeamA-5a5b135d-d146-4b4c-b3da-efcd4d203f95,2021-11-16,1,1e-4,115.622,115.605,5.721,339.8,60.3,23.16,9,11
TeamA-5cd7a61b-88b2-46d2-94f8-5a0d4f682d93,2020-06-01,1,-0,114.992,114.993,6.596,257.1,35,25.64,3,12
TeamA-5cd7a61b-88b2-46d2-94f8-5a0d4f682d93,2020-06-02,1,-0,122.922,122.923,5.834,103.1,8.1,21.77,7,14
TeamA-5cd7a61b-88b2-46d2-94f8-5a0d4f682d93,2020-06-03,1,-0,128.41,128.412,8.457,920.9,312.4,26.12,7,19
TeamA-5cd7a61b-88b2-46d2-94f8-5a0d4f682d93,2020-06-04,1,-0,112.022,112.023,4.389,477,172.5,26.37,10,9
TeamA-5cd7a61b-88b2-46d2-94f8-5a0d4f682d93,2020-06-05,1,-0,110.538,110.54,5.088,379.4,131.7,23.97,14,16
TeamA-5cd7a61b-88b2-46d2-94f8-5a0d4f682d93,2020-06-06,1,-0,137.273,137.275,8.401,751.4,248,28.63,5,23
TeamA-5cd7a61b-88b2-46d2-94f8-5a0d4f682d93,2020-06-08,1,-0,120.372,120.373,6.186,168.6,28.7,24.96,7,18
TeamA-5cd7a61b-88b2-46d2-94f8-5a0d4f682d93,2020-06-12,1,-0,62.357,62.358,4.204,172.1,0,17.52,0,0
TeamA-5cd7a61b-88b2-46d2-94f8-5a0d4f682d93,2020-06-15,1,-0,130.605,130.607,6.485,96.8,8.1,21.28,2,6
TeamA-5cd7a61b-88b2-46d2-94f8-5a0d4f682d93,2020-06-16,1,-0,148.005,148.007,7.733,208.6,15.1,21.63,5,9
TeamA-5cd7a61b-88b2-46d2-94f8-5a0d4f682d93,2020-06-17,1,-0,144.14,144.142,7.038,837.7,226.4,26.04,5,17
TeamA-5cd7a61b-88b2-46d2-94f8-5a0d4f682d93,2020-06-19,1,-0,74.583,74.585,2.442,256,63.9,23.16,8,12
TeamA-5cd7a61b-88b2-46d2-94f8-5a0d4f682d93,2020-06-20,1,-0,268.888,268.89,7.629,1543.1,920.9,35.8,3,9
TeamA-5cd7a61b-88b2-46d2-94f8-5a0d4f682d93,2020-06-22,1,-0,110.337,110.338,5.75,227.3,16.3,21.81,7,17
TeamA-5cd7a61b-88b2-46d2-94f8-5a0d4f682d93,2020-06-23,1,-0,132.387,132.388,6.701,318.1,99.9,24.31,10,19
TeamA-5cd7a61b-88b2-46d2-94f8-5a0d4f682d93,2020-06-24,1,-0,135.887,135.888,7.741,623.8,135,25.35,5,21
TeamA-5cd7a61b-88b2-46d2-94f8-5a0d4f682d93,2020-06-26,1,-0,70.64,70.642,2.727,262.9,107.5,25.08,10,6
TeamA-5cd7a61b-88b2-46d2-94f8-5a0d4f682d93,2020-06-27,1,-0,153.053,153.055,7.443,675.7,244.5,27.75,12,7
TeamA-5cd7a61b-88b2-46d2-94f8-5a0d4f682d93,2020-06-29,1,-0,102.94,102.942,4.91,151.2,56,24.75,5,11
TeamA-5cd7a61b-88b2-46d2-94f8-5a0d4f682d93,2020-06-30,1,-0,126.605,126.607,8.573,740.7,139.4,26.38,8,17
TeamA-5cd7a61b-88b2-46d2-94f8-5a0d4f682d93,2020-07-03,1,-0,159.518,159.52,6.411,545.6,112.8,26.94,2,9
TeamA-5cd7a61b-88b2-46d2-94f8-5a0d4f682d93,2020-07-04,1,-0,144.988,144.99,9.224,599.1,158.2,25.3,5,16
TeamA-5cd7a61b-88b2-46d2-94f8-5a0d4f682d93,2020-07-06,1,-0,83.355,83.357,5.23,131,15.5,21.33,5,17
TeamA-5cd7a61b-88b2-46d2-94f8-5a0d4f682d93,2020-07-07,1,-0,110.838,110.84,5.912,278.5,37,23.9,14,22
TeamA-5cd7a61b-88b2-46d2-94f8-5a0d4f682d93,2020-07-08,1,-0,115.168,115.17,7.721,856.2,344.8,31.75,13,19
TeamA-5cd7a61b-88b2-46d2-94f8-5a0d4f682d93,2020-07-10,1,-0,75.572,75.573,2.763,270,68.4,24.94,6,9
TeamA-5cd7a61b-88b2-46d2-94f8-5a0d4f682d93,2020-07-11,1,-0,161.42,161.422,12.57,1217.2,352.2,26.92,12,24
TeamA-5cd7a61b-88b2-46d2-94f8-5a0d4f682d93,2020-07-13,1,-0,75.672,75.673,2.562,69.6,0,18.95,6,13
TeamA-5cd7a61b-88b2-46d2-94f8-5a0d4f682d93,2020-07-14,1,-0,113.373,113.375,6.651,195.8,38,22.92,9,11
TeamA-5cd7a61b-88b2-46d2-94f8-5a0d4f682d93,2020-07-15,1,-0,133.853,133.855,6.761,850.6,349.2,26.23,3,11
TeamA-5cd7a61b-88b2-46d2-94f8-5a0d4f682d93,2020-07-16,1,-0,120.972,120.973,4.241,291.9,90,23.54,3,18
TeamA-5cd7a61b-88b2-46d2-94f8-5a0d4f682d93,2020-07-18,1,-0,70.872,70.873,3.087,238.5,78.9,26.03,5,7
TeamA-5cd7a61b-88b2-46d2-94f8-5a0d4f682d93,2020-07-19,1,-0,165.37,165.372,2.037,22.6,0,18.37,0,1
TeamA-5cd7a61b-88b2-46d2-94f8-5a0d4f682d93,2020-07-20,1,-0,66.255,66.257,3.83,51.1,7.9,20.38,5,13
TeamA-5cd7a61b-88b2-46d2-94f8-5a0d4f682d93,2020-07-21,1,-0,93.138,93.14,4.956,134.1,18.9,22.05,6,18
TeamA-5cd7a61b-88b2-46d2-94f8-5a0d4f682d93,2020-07-22,1,-0,113.073,113.075,7.716,575.1,192,27.26,3,7
TeamA-5cd7a61b-88b2-46d2-94f8-5a0d4f682d93,2020-07-25,1,-0,163.522,163.523,2.352,0.5,0,15.48,0,2
TeamA-5cd7a61b-88b2-46d2-94f8-5a0d4f682d93,2020-07-27,1,-0,86.973,86.975,4.043,119.6,18.6,21.66,8,7
TeamA-5cd7a61b-88b2-46d2-94f8-5a0d4f682d93,2020-07-29,1,-0,126.673,126.675,7.278,212.8,19.1,21.4,7,21
TeamA-5cd7a61b-88b2-46d2-94f8-5a0d4f682d93,2020-07-30,1,-0,115.717,115.718,6.347,654.5,183.1,26.12,9,17
TeamA-5cd7a61b-88b2-46d2-94f8-5a0d4f682d93,2020-08-01,1,-0,97.467,97.468,3.342,308.6,107.9,28,4,9
TeamA-5cd7a61b-88b2-46d2-94f8-5a0d4f682d93,2020-08-02,1,-0,193.45,193.452,5.455,842.8,597.7,25.98,22,23
TeamA-5cd7a61b-88b2-46d2-94f8-5a0d4f682d93,2020-08-03,1,-0,78.585,78.587,4.004,89.9,7.1,22.14,2,10
TeamA-5cd7a61b-88b2-46d2-94f8-5a0d4f682d93,2020-08-05,1,-0,114.108,114.11,5.337,93.9,19.1,21.43,4,5
TeamA-5cd7a61b-88b2-46d2-94f8-5a0d4f682d93,2020-08-06,1,-0,95.52,95.522,4.654,160.2,29.9,23.54,6,8
TeamA-5cd7a61b-88b2-46d2-94f8-5a0d4f682d93,2020-08-07,1,-0,58.905,58.907,2.687,169.7,63,24.93,3,9
TeamA-5cd7a61b-88b2-46d2-94f8-5a0d4f682d93,2020-08-08,1,-0,181.405,181.407,6.94,868,119.9,23.13,6,18
TeamA-5cd7a61b-88b2-46d2-94f8-5a0d4f682d93,2020-08-10,1,-0,86.905,86.907,4.566,49.2,0.6,18.84,6,9
TeamA-5cd7a61b-88b2-46d2-94f8-5a0d4f682d93,2020-08-11,1,-0,90.522,90.523,5.329,74.4,6.5,21.52,6,10
TeamA-5cd7a61b-88b2-46d2-94f8-5a0d4f682d93,2020-08-12,1,-0,140.03,140.032,6.684,669.9,199.5,28.1,2,6
TeamA-5cd7a61b-88b2-46d2-94f8-5a0d4f682d93,2020-08-13,1,-0,113.825,113.827,5.083,299.8,84.1,23.82,11,20
TeamA-5cd7a61b-88b2-46d2-94f8-5a0d4f682d93,2020-08-15,1,-0,110.85,110.852,5.406,382.9,147.2,28.85,8,12
TeamA-5cd7a61b-88b2-46d2-94f8-5a0d4f682d93,2020-08-16,1,-0,186.155,186.157,4.098,681.5,450,24.91,15,20
TeamA-5cd7a61b-88b2-46d2-94f8-5a0d4f682d93,2020-08-17,1,-0,73.223,73.225,5.133,50.6,0.6,19.65,6,8
TeamA-5cd7a61b-88b2-46d2-94f8-5a0d4f682d93,2020-08-19,1,-0,106.038,106.04,5.742,113.6,7.4,20.88,3,9
TeamA-5cd7a61b-88b2-46d2-94f8-5a0d4f682d93,2020-08-20,1,-0,130.753,130.755,4.548,153,55.9,25.38,3,11
TeamA-5cd7a61b-88b2-46d2-94f8-5a0d4f682d93,2020-08-21,1,-0,56.555,56.557,2.847,249.8,77.4,24.46,2,7
TeamA-5cd7a61b-88b2-46d2-94f8-5a0d4f682d93,2020-08-22,1,-0,142.883,142.885,3.277,152.8,60.9,23.22,0,1
TeamA-5cd7a61b-88b2-46d2-94f8-5a0d4f682d93,2020-08-25,1,-0,56.507,56.508,3.618,112.5,51.1,24.23,5,8
TeamA-5cd7a61b-88b2-46d2-94f8-5a0d4f682d93,2020-08-26,1,-0,175.422,175.423,3.988,295.8,119.2,24.91,0,8
TeamA-5cd7a61b-88b2-46d2-94f8-5a0d4f682d93,2020-08-27,1,-0,57.888,57.89,3.009,37.7,0,18.79,3,7
TeamA-5cd7a61b-88b2-46d2-94f8-5a0d4f682d93,2020-08-29,1,-0,56.873,56.875,2.955,404.3,116.6,25.48,0,10
TeamA-5cd7a61b-88b2-46d2-94f8-5a0d4f682d93,2020-08-30,1,-0,121.555,121.557,10.73,1280,403.2,29.88,6,26
TeamA-5cd7a61b-88b2-46d2-94f8-5a0d4f682d93,2020-09-01,1,-0,70.853,70.855,3.277,190.3,56.6,23.79,2,1
TeamA-5cd7a61b-88b2-46d2-94f8-5a0d4f682d93,2020-09-02,1,-0,98.898,98.9,6.445,176.3,75,26.08,2,6
TeamA-5cd7a61b-88b2-46d2-94f8-5a0d4f682d93,2020-09-03,1,-0,100.022,100.023,4.379,327.7,73.3,24.38,2,14
TeamA-5cd7a61b-88b2-46d2-94f8-5a0d4f682d93,2020-09-04,1,-0,70.09,70.092,3.648,214.8,27.1,23.24,4,14
TeamA-5cd7a61b-88b2-46d2-94f8-5a0d4f682d93,2020-09-05,1,-0,114.035,114.037,0.325,5.5,0,16.54,0,0
TeamA-5cd7a61b-88b2-46d2-94f8-5a0d4f682d93,2020-09-07,1,-0,69.238,69.24,4.853,139.6,10.4,21.44,7,19
TeamA-5cd7a61b-88b2-46d2-94f8-5a0d4f682d93,2020-09-08,1,-0,80.838,80.84,4.869,391.9,128.8,26.93,5,17
TeamA-5cd7a61b-88b2-46d2-94f8-5a0d4f682d93,2020-09-09,1,-0,94.853,94.855,6.39,343,96.7,24.36,3,17
TeamA-5cd7a61b-88b2-46d2-94f8-5a0d4f682d93,2020-09-11,1,-0,64.705,64.707,3.183,202,43.2,23.87,6,10
TeamA-5cd7a61b-88b2-46d2-94f8-5a0d4f682d93,2020-09-12,1,-0,166.99,166.992,9.132,821.1,247.4,28.76,6,10
TeamA-5cd7a61b-88b2-46d2-94f8-5a0d4f682d93,2020-09-14,1,-0,76.907,76.908,4.274,117.9,21.1,25.71,5,11
TeamA-5cd7a61b-88b2-46d2-94f8-5a0d4f682d93,2020-09-15,1,-0,109.838,109.84,5.865,244,41.8,23.71,8,15
TeamA-5cd7a61b-88b2-46d2-94f8-5a0d4f682d93,2020-09-16,1,-0,111.157,111.158,6.882,361.3,118.6,25.42,9,19
TeamA-5cd7a61b-88b2-46d2-94f8-5a0d4f682d93,2020-09-21,1,-0,74.903,74.905,4.834,421.9,177.7,23.49,8,19
TeamA-5cd7a61b-88b2-46d2-94f8-5a0d4f682d93,2020-09-22,1,-0,120.657,120.658,6.116,279.3,74.1,23.38,9,12
TeamA-5cd7a61b-88b2-46d2-94f8-5a0d4f682d93,2020-09-23,1,-0,110.617,110.618,6.831,401.5,100.9,24.36,9,23
TeamA-5cd7a61b-88b2-46d2-94f8-5a0d4f682d93,2020-09-25,1,-0,62.34,62.342,3.493,287.2,40.4,25.36,8,11
TeamA-5cd7a61b-88b2-46d2-94f8-5a0d4f682d93,2020-09-26,1,-0,171.403,171.405,14.097,1305.3,375.5,26.08,12,22
TeamA-5cd7a61b-88b2-46d2-94f8-5a0d4f682d93,2020-09-29,1,-0,96.053,96.055,4.434,76.9,7.4,20.81,6,11
TeamA-5cd7a61b-88b2-46d2-94f8-5a0d4f682d93,2020-09-30,1,-0,114.043,114.045,7.646,851.3,345.7,28.4,4,14
TeamA-5cd7a61b-88b2-46d2-94f8-5a0d4f682d93,2020-10-01,1,-0,96.938,96.94,5.853,487.9,197.3,27.78,3,13
TeamA-5cd7a61b-88b2-46d2-94f8-5a0d4f682d93,2020-10-03,1,-0,63.055,63.057,2.635,290.7,82.9,24.47,1,13
TeamA-5cd7a61b-88b2-46d2-94f8-5a0d4f682d93,2020-10-04,1,-0,165.585,165.587,12.361,1428.1,579.2,27.69,9,12
TeamA-5cd7a61b-88b2-46d2-94f8-5a0d4f682d93,2020-10-06,1,-0,67.37,67.372,3.211,234.2,50,22.4,1,12
TeamA-5cd7a61b-88b2-46d2-94f8-5a0d4f682d93,2020-10-07,1,-0,133.038,133.04,10.683,1186.3,420.2,27.03,8,19
TeamA-5cd7a61b-88b2-46d2-94f8-5a0d4f682d93,2020-10-12,1,-0,81.888,81.89,4.603,134.5,22,22.51,6,11
TeamA-5cd7a61b-88b2-46d2-94f8-5a0d4f682d93,2020-10-13,1,-0,99.355,99.357,5.667,86.4,6.5,21.61,2,13
TeamA-5cd7a61b-88b2-46d2-94f8-5a0d4f682d93,2020-10-14,1,-0,109.638,109.64,7.343,601.4,187.5,26.74,3,8
TeamA-5cd7a61b-88b2-46d2-94f8-5a0d4f682d93,2020-10-15,1,-0,90.338,90.34,4.209,85.6,9.5,22.34,9,17
TeamA-5cd7a61b-88b2-46d2-94f8-5a0d4f682d93,2020-10-17,1,-0,52.588,52.59,2.947,154.9,27.3,23.06,3,4
TeamA-5cd7a61b-88b2-46d2-94f8-5a0d4f682d93,2020-10-18,1,-0,163.273,163.275,3.81,479.6,286.8,25.72,9,1
TeamA-5cd7a61b-88b2-46d2-94f8-5a0d4f682d93,2020-10-19,1,-0,67.488,67.49,4.206,42.4,2.8,20.05,8,17
TeamA-5cd7a61b-88b2-46d2-94f8-5a0d4f682d93,2020-10-20,1,-0,64.005,64.007,3.808,104.2,0,18.01,3,5
TeamA-5cd7a61b-88b2-46d2-94f8-5a0d4f682d93,2020-10-21,1,-0,91.655,91.657,5.112,105.2,8.1,21.34,1,15
TeamA-5cd7a61b-88b2-46d2-94f8-5a0d4f682d93,2020-10-22,1,-0,102.87,102.872,6.888,459.9,79.7,26.69,8,11
TeamA-5cd7a61b-88b2-46d2-94f8-5a0d4f682d93,2020-10-23,1,-0,82.372,82.373,5.088,448.3,209.6,24.64,3,14
TeamA-5cd7a61b-88b2-46d2-94f8-5a0d4f682d93,2020-10-26,1,-0,66.187,66.188,3.782,167.3,15.5,21.13,2,8
TeamA-5cd7a61b-88b2-46d2-94f8-5a0d4f682d93,2020-10-27,1,-0,107.522,107.523,5.57,314.5,64.1,23.4,11,17
TeamA-5cd7a61b-88b2-46d2-94f8-5a0d4f682d93,2020-10-28,1,-0,98.472,98.473,7.295,544,161.4,25.44,2,12
TeamA-5cd7a61b-88b2-46d2-94f8-5a0d4f682d93,2020-10-29,1,-0,95.405,95.407,4.889,198.4,42,22.23,5,13
TeamA-5cd7a61b-88b2-46d2-94f8-5a0d4f682d93,2020-10-31,1,-0,69.155,69.157,4.012,237.3,55.3,23.44,6,13
TeamA-5cd7a61b-88b2-46d2-94f8-5a0d4f682d93,2020-11-01,1,-0,166.748,166.75,6.133,1201.3,679.4,25.24,11,17
TeamA-5cd7a61b-88b2-46d2-94f8-5a0d4f682d93,2020-11-02,1,-0,83.927,83.928,5.114,103.6,2.3,20.82,7,16
TeamA-5cd7a61b-88b2-46d2-94f8-5a0d4f682d93,2020-11-04,1,-0,99.988,99.99,7.286,341.5,51,23.1,5,10
TeamA-5cd7a61b-88b2-46d2-94f8-5a0d4f682d93,2020-11-06,1,-0,79.223,79.225,3.704,146.3,29.9,24.25,6,9
TeamA-5cd7a61b-88b2-46d2-94f8-5a0d4f682d93,2020-11-07,1,-0,199.028,199.03,6.65,360.6,189.8,25.99,12,18
TeamA-5cd7a61b-88b2-46d2-94f8-5a0d4f682d93,2020-11-09,1,-0,85.038,85.04,3.665,85.9,4.5,20.03,4,13
TeamA-5cd7a61b-88b2-46d2-94f8-5a0d4f682d93,2020-11-13,1,-0,95.722,95.723,5.129,292.1,81,25.69,9,10
TeamA-5cd7a61b-88b2-46d2-94f8-5a0d4f682d93,2020-11-14,1,-0,56.037,56.038,3.088,269.2,142.3,26.87,3,14
TeamA-5cd7a61b-88b2-46d2-94f8-5a0d4f682d93,2020-11-17,1,-0,74.987,74.988,4.24,82.2,16.1,24.17,8,6
TeamA-5cd7a61b-88b2-46d2-94f8-5a0d4f682d93,2020-11-20,1,-0,74.537,74.538,4.625,156.3,5.7,20.71,3,6
TeamA-5cd7a61b-88b2-46d2-94f8-5a0d4f682d93,2020-11-27,1,-0,86.473,86.475,4.758,569.7,233.4,25.48,6,10
TeamA-5cd7a61b-88b2-46d2-94f8-5a0d4f682d93,2020-11-30,1,-0,79.567,79.568,3.602,268.3,100,23.51,10,10
TeamA-5cd7a61b-88b2-46d2-94f8-5a0d4f682d93,2020-12-03,1,-0,72.04,72.042,3.889,78.2,3.4,20.17,4,0
TeamA-5cd7a61b-88b2-46d2-94f8-5a0d4f682d93,2020-12-05,1,-0,68.488,68.49,3.616,335.9,73.8,24.89,9,12
TeamA-5cd7a61b-88b2-46d2-94f8-5a0d4f682d93,2020-12-06,1,-0,173.555,173.557,13.438,1569.2,522.5,28.41,13,20
TeamA-5cd7a61b-88b2-46d2-94f8-5a0d4f682d93,2021-02-01,1,-0,89.005,89.007,5.363,225.6,72.3,23.9,7,7
TeamA-5cd7a61b-88b2-46d2-94f8-5a0d4f682d93,2021-02-08,1,-0,81.365,81.367,5.591,260.3,58.9,22.87,5,13
TeamA-5cd7a61b-88b2-46d2-94f8-5a0d4f682d93,2021-02-22,1,-0,63.873,63.875,3.474,355.8,151.5,24.1,7,15
TeamA-5cd7a61b-88b2-46d2-94f8-5a0d4f682d93,2021-02-25,1,2e-4,104.573,104.557,6.395,228,28,20.96,7,12
TeamA-5cd7a61b-88b2-46d2-94f8-5a0d4f682d93,2021-03-01,1,-0,78.338,78.34,4.309,301.4,79.5,24.59,6,16
TeamA-5cd7a61b-88b2-46d2-94f8-5a0d4f682d93,2021-03-12,1,-0,117.448,117.45,8.353,776.6,192.1,26.91,4,23
TeamA-5cd7a61b-88b2-46d2-94f8-5a0d4f682d93,2021-03-15,1,-0,93.52,93.522,5.018,130.8,9.9,22.49,2,15
TeamA-5cd7a61b-88b2-46d2-94f8-5a0d4f682d93,2021-03-19,1,-0,80.72,80.722,5.736,576.9,208.4,28.59,7,4
TeamA-5cd7a61b-88b2-46d2-94f8-5a0d4f682d93,2021-03-22,1,-0,87.538,87.54,4.377,191.6,26.1,22.85,8,22
TeamA-5cd7a61b-88b2-46d2-94f8-5a0d4f682d93,2021-03-23,1,-0,82.403,82.405,4.794,88,22.9,23.15,2,19
TeamA-5cd7a61b-88b2-46d2-94f8-5a0d4f682d93,2021-03-24,1,-0,111.003,111.005,6.943,630.3,215.9,26.23,12,18
TeamA-5cd7a61b-88b2-46d2-94f8-5a0d4f682d93,2021-03-26,1,-0,80.773,80.775,4.034,381.4,164.7,26.85,7,27
TeamA-5cd7a61b-88b2-46d2-94f8-5a0d4f682d93,2021-03-27,1,-0,114.055,114.057,9.062,975.5,327.8,27.98,11,23
TeamA-5cd7a61b-88b2-46d2-94f8-5a0d4f682d93,2021-03-30,1,-0,89.048,89.05,4.876,159.7,37.7,22.71,6,14
TeamA-5cd7a61b-88b2-46d2-94f8-5a0d4f682d93,2021-04-05,1,-0,61.372,61.373,4.214,130.1,12.9,22.4,10,13
TeamA-5cd7a61b-88b2-46d2-94f8-5a0d4f682d93,2021-04-06,1,-0,95.003,95.005,5.828,200.5,46,24.29,13,13
TeamA-5cd7a61b-88b2-46d2-94f8-5a0d4f682d93,2021-04-07,1,-0,99.855,99.857,6.057,291.5,38.5,22.08,6,19
TeamA-5cd7a61b-88b2-46d2-94f8-5a0d4f682d93,2021-04-08,1,-0,100.872,100.873,4.017,269.6,67.3,23.17,9,38
TeamA-5cd7a61b-88b2-46d2-94f8-5a0d4f682d93,2021-04-09,1,-0,97.523,97.525,5.808,271.7,82.4,23.48,11,19
TeamA-5cd7a61b-88b2-46d2-94f8-5a0d4f682d93,2021-04-10,1,-0,61.472,61.473,2.373,490,349.5,26.88,10,5
TeamA-5cd7a61b-88b2-46d2-94f8-5a0d4f682d93,2021-04-12,1,-0,114.388,114.39,6.238,206,23.9,22.01,10,14
TeamA-5cd7a61b-88b2-46d2-94f8-5a0d4f682d93,2021-04-13,1,-0,105.39,105.392,5.207,154.7,21,22.06,3,22
TeamA-5cd7a61b-88b2-46d2-94f8-5a0d4f682d93,2021-04-14,1,-0,113.555,113.557,6.983,453,148.8,25.28,6,25
TeamA-5cd7a61b-88b2-46d2-94f8-5a0d4f682d93,2021-04-16,1,-0,89.538,89.54,3.49,231.5,105.3,23.96,9,13
TeamA-5cd7a61b-88b2-46d2-94f8-5a0d4f682d93,2021-04-17,1,-0,163.555,163.557,12.563,1051.3,279.2,28.19,12,27
TeamA-5cd7a61b-88b2-46d2-94f8-5a0d4f682d93,2021-04-19,1,-0,96.338,96.34,3.743,157.6,44.3,22.48,8,6
TeamA-5cd7a61b-88b2-46d2-94f8-5a0d4f682d93,2021-04-20,1,-0,109.87,109.872,6.858,333.3,74.8,24.56,4,28
TeamA-5cd7a61b-88b2-46d2-94f8-5a0d4f682d93,2021-04-21,1,-0,98.688,98.69,5.842,220,75.1,24.46,5,14
TeamA-5cd7a61b-88b2-46d2-94f8-5a0d4f682d93,2021-04-22,1,-0,68.417,68.418,3.7,294.4,100.1,25.43,2,14
TeamA-5cd7a61b-88b2-46d2-94f8-5a0d4f682d93,2021-04-23,1,-0,187.92,187.922,9.186,552.2,120.1,24.85,15,18
TeamA-5cd7a61b-88b2-46d2-94f8-5a0d4f682d93,2021-04-26,1,-0,83.99,83.992,4.252,111.7,0,19.57,5,9
TeamA-5cd7a61b-88b2-46d2-94f8-5a0d4f682d93,2021-04-27,1,-0,89.92,89.922,5.099,274.7,66.7,23.09,11,19
TeamA-5cd7a61b-88b2-46d2-94f8-5a0d4f682d93,2021-04-28,1,-0,131.905,131.907,6.759,572.2,200.2,26.83,11,10
TeamA-5cd7a61b-88b2-46d2-94f8-5a0d4f682d93,2021-04-30,1,-0,54.692,54.693,2.591,399.4,178.5,25.5,6,12
TeamA-5cd7a61b-88b2-46d2-94f8-5a0d4f682d93,2021-05-01,1,-0,174.422,174.423,7.007,633.9,268.2,28.23,5,13
TeamA-5cd7a61b-88b2-46d2-94f8-5a0d4f682d93,2021-05-03,1,-0,68.387,68.388,3.151,85.8,6.2,20.85,8,4
TeamA-5cd7a61b-88b2-46d2-94f8-5a0d4f682d93,2021-05-04,1,-0,35.85,35.852,1.66,313.9,120.2,25.22,2,11
TeamA-5cd7a61b-88b2-46d2-94f8-5a0d4f682d93,2021-05-10,1,1e-4,111.855,111.838,4.566,270.5,40.7,23.13,8,12
TeamA-5cd7a61b-88b2-46d2-94f8-5a0d4f682d93,2021-05-11,1,-0,101.355,101.357,5.196,166.8,18.1,21.68,7,19
TeamA-5cd7a61b-88b2-46d2-94f8-5a0d4f682d93,2021-05-14,1,-0,79.472,79.473,2.619,175.3,62.3,24.41,5,9
TeamA-5cd7a61b-88b2-46d2-94f8-5a0d4f682d93,2021-05-15,1,-0,157.622,157.623,4.206,151.6,44.1,25.1,0,3
TeamA-5cd7a61b-88b2-46d2-94f8-5a0d4f682d93,2021-05-17,1,-0,109.123,109.125,4.105,124.1,15.6,21.73,8,20
TeamA-5cd7a61b-88b2-46d2-94f8-5a0d4f682d93,2021-05-18,1,-0,94.353,94.355,4.738,144.7,37.9,24.09,5,30
TeamA-5cd7a61b-88b2-46d2-94f8-5a0d4f682d93,2021-05-19,1,-0,94.987,94.988,7.01,927.7,326.8,26.83,7,20
TeamA-5cd7a61b-88b2-46d2-94f8-5a0d4f682d93,2021-05-21,1,-0,83.457,83.458,3.323,346,97.6,26.2,12,8
TeamA-5cd7a61b-88b2-46d2-94f8-5a0d4f682d93,2021-05-22,1,-0,177.605,177.607,5.919,990.3,424.9,28.01,7,15
TeamA-5cd7a61b-88b2-46d2-94f8-5a0d4f682d93,2021-05-24,1,-0,80.555,80.557,3.788,126.5,11.7,21.89,9,16
TeamA-5cd7a61b-88b2-46d2-94f8-5a0d4f682d93,2021-05-25,1,-0,97.388,97.39,5.041,218.1,21,23.73,9,19
TeamA-5cd7a61b-88b2-46d2-94f8-5a0d4f682d93,2021-05-26,1,-0,97.97,97.972,4.031,643.2,350.4,26.5,5,12
TeamA-5cd7a61b-88b2-46d2-94f8-5a0d4f682d93,2021-05-28,1,-0,70.237,70.238,3.776,344.9,139.6,24.16,2,5
TeamA-5cd7a61b-88b2-46d2-94f8-5a0d4f682d93,2021-05-29,1,-0,187.122,187.123,5.444,649.4,331.3,27.21,8,15
TeamA-5cd7a61b-88b2-46d2-94f8-5a0d4f682d93,2021-05-31,1,-0,67.922,67.923,3.243,113.2,2.8,19.87,6,13
TeamA-5cd7a61b-88b2-46d2-94f8-5a0d4f682d93,2021-06-01,1,-0,95.557,95.558,4.363,243.3,58.5,23.05,12,22
TeamA-5cd7a61b-88b2-46d2-94f8-5a0d4f682d93,2021-06-02,1,-0,101.557,101.558,6.794,643,192,26.11,5,21
TeamA-5cd7a61b-88b2-46d2-94f8-5a0d4f682d93,2021-06-04,1,-0,64.538,64.54,3.195,241.8,72.8,24.42,4,11
TeamA-5cd7a61b-88b2-46d2-94f8-5a0d4f682d93,2021-06-05,1,-0,182.355,182.357,7.081,1063.9,323.4,28.22,9,6
TeamA-5cd7a61b-88b2-46d2-94f8-5a0d4f682d93,2021-06-07,1,-0,98.522,98.523,4.906,163.6,4,20.63,10,18
TeamA-5cd7a61b-88b2-46d2-94f8-5a0d4f682d93,2021-06-08,1,2e-4,83.953,83.935,4.45,111.5,7.4,20.67,11,10
TeamA-5cd7a61b-88b2-46d2-94f8-5a0d4f682d93,2021-06-09,1,-0,90.223,90.225,5.824,328.5,76.5,26.39,4,6
TeamA-5cd7a61b-88b2-46d2-94f8-5a0d4f682d93,2021-06-10,1,-0,108.257,108.258,5.247,209.7,34.8,23.01,7,26
TeamA-5cd7a61b-88b2-46d2-94f8-5a0d4f682d93,2021-06-14,1,-0,78.487,78.488,4.606,214.2,45.4,23.59,7,9
TeamA-5cd7a61b-88b2-46d2-94f8-5a0d4f682d93,2021-06-15,1,-0,101.405,101.407,5.749,174.9,27,23.66,5,17
TeamA-5cd7a61b-88b2-46d2-94f8-5a0d4f682d93,2021-06-16,1,-0,126.338,126.34,5.211,416.1,174.7,27.84,4,6
TeamA-5cd7a61b-88b2-46d2-94f8-5a0d4f682d93,2021-06-18,1,-0,65.87,65.872,2.92,102.6,3.4,20.55,8,9
TeamA-5cd7a61b-88b2-46d2-94f8-5a0d4f682d93,2021-06-19,1,-0,104.388,104.39,6.39,439.6,108.9,24.9,5,23
TeamA-5cd7a61b-88b2-46d2-94f8-5a0d4f682d93,2021-06-21,1,3e-4,66.055,66.037,3.312,223.2,43.8,23.33,5,8
TeamA-5cd7a61b-88b2-46d2-94f8-5a0d4f682d93,2021-06-22,1,-0,200.672,200.673,6.621,313.6,131.3,25.1,5,15
TeamA-5cd7a61b-88b2-46d2-94f8-5a0d4f682d93,2021-06-24,1,-0,77.888,77.89,3.689,119.4,9.1,20.93,5,16
TeamA-5cd7a61b-88b2-46d2-94f8-5a0d4f682d93,2021-06-25,1,-0,63.922,63.923,3.003,215.7,65.6,24.6,5,3
TeamA-5cd7a61b-88b2-46d2-94f8-5a0d4f682d93,2021-06-28,1,-0,82.022,82.023,3.701,35.1,1.1,19.6,6,4
TeamA-5cd7a61b-88b2-46d2-94f8-5a0d4f682d93,2021-06-29,1,-0,80.838,80.84,3.064,206.7,72.7,23.78,1,7
TeamA-5cd7a61b-88b2-46d2-94f8-5a0d4f682d93,2021-06-30,1,-0,193.123,193.125,6.411,1027.9,354.7,28.16,8,7
TeamA-5cd7a61b-88b2-46d2-94f8-5a0d4f682d93,2021-07-02,1,2e-4,102.957,102.932,3.782,184.5,44.1,22.5,3,7
TeamA-5cd7a61b-88b2-46d2-94f8-5a0d4f682d93,2021-07-03,1,-0,82.187,82.188,5.458,2442.3,2062,35.94,3,6
TeamA-5cd7a61b-88b2-46d2-94f8-5a0d4f682d93,2021-07-04,1,2e-4,164.722,164.693,3.774,86.5,13.7,20.97,4,9
TeamA-5cd7a61b-88b2-46d2-94f8-5a0d4f682d93,2021-07-05,1,2e-4,82.638,82.62,3.711,39.8,14,21.81,3,6
TeamA-5cd7a61b-88b2-46d2-94f8-5a0d4f682d93,2021-07-07,1,-0,89.005,89.007,4.257,60.5,8.9,22.21,1,5
TeamA-5cd7a61b-88b2-46d2-94f8-5a0d4f682d93,2021-07-08,1,-0,83.205,83.207,3.717,115.2,34.2,22.61,7,8
TeamA-5cd7a61b-88b2-46d2-94f8-5a0d4f682d93,2021-07-09,1,-0,60.838,60.84,2.927,229.9,44.3,22.55,2,6
TeamA-5cd7a61b-88b2-46d2-94f8-5a0d4f682d93,2021-07-10,1,-0,170.47,170.472,4.376,267.7,169.6,26.14,1,3
TeamA-5cd7a61b-88b2-46d2-94f8-5a0d4f682d93,2021-07-12,1,-0,118.74,118.742,3.446,119.3,13.3,21.42,9,14
TeamA-5cd7a61b-88b2-46d2-94f8-5a0d4f682d93,2021-07-13,1,2e-4,106.007,105.988,5.146,105.2,3.4,20.06,5,10
TeamA-5cd7a61b-88b2-46d2-94f8-5a0d4f682d93,2021-07-14,1,4e-4,96.638,96.598,5.756,441.2,138.1,26.1,4,8
TeamA-5cd7a61b-88b2-46d2-94f8-5a0d4f682d93,2021-07-16,1,-0,113.838,113.84,3.021,182.2,48.5,22.97,4,5
TeamA-5cd7a61b-88b2-46d2-94f8-5a0d4f682d93,2021-07-17,1,-0,197.355,197.357,6.893,1043.2,370,28.18,10,12
TeamA-5cd7a61b-88b2-46d2-94f8-5a0d4f682d93,2021-07-28,1,-0,86.372,86.373,4.698,112.2,17.7,22.7,1,6
TeamA-5cd7a61b-88b2-46d2-94f8-5a0d4f682d93,2021-07-29,1,-0,97.24,97.242,4.025,223,54.1,24.35,4,8
TeamA-5cd7a61b-88b2-46d2-94f8-5a0d4f682d93,2021-07-30,1,1e-4,166.337,166.318,7.212,421.5,148.1,27.55,1,7
TeamA-5cd7a61b-88b2-46d2-94f8-5a0d4f682d93,2021-08-02,1,1e-4,140.038,140.022,6.42,403.2,43.7,22.69,16,15
TeamA-5cd7a61b-88b2-46d2-94f8-5a0d4f682d93,2021-08-03,1,2e-4,99.957,99.94,5.426,305.9,79.7,23.73,8,19
TeamA-5cd7a61b-88b2-46d2-94f8-5a0d4f682d93,2021-08-04,1,-0,128.738,128.74,7.16,794.5,249.7,26.29,4,8
TeamA-5cd7a61b-88b2-46d2-94f8-5a0d4f682d93,2021-08-06,1,4e-4,60.388,60.365,2.628,176.2,60.5,23.26,2,6
TeamA-5cd7a61b-88b2-46d2-94f8-5a0d4f682d93,2021-08-07,1,1e-4,147.557,147.54,3.791,207.7,90.8,22.86,0,1
TeamA-5cd7a61b-88b2-46d2-94f8-5a0d4f682d93,2021-08-09,1,2e-4,87.688,87.668,1.933,36.8,0,18.36,7,7
TeamA-5cd7a61b-88b2-46d2-94f8-5a0d4f682d93,2021-08-10,1,2e-4,89.007,88.988,4.648,302.6,58.9,22.96,5,29
TeamA-5cd7a61b-88b2-46d2-94f8-5a0d4f682d93,2021-08-11,1,1e-4,172.49,172.47,13.51,1062.5,304.6,25.22,12,19
TeamA-5cd7a61b-88b2-46d2-94f8-5a0d4f682d93,2021-08-13,1,-0,83.073,83.075,2.95,166.1,40.9,22.47,5,3
TeamA-5cd7a61b-88b2-46d2-94f8-5a0d4f682d93,2021-08-16,1,2e-4,82.523,82.503,3.265,72.9,0,18.6,5,9
TeamA-5cd7a61b-88b2-46d2-94f8-5a0d4f682d93,2021-08-17,1,-0,77.038,77.04,3.237,241.4,65.7,22.99,5,9
TeamA-5cd7a61b-88b2-46d2-94f8-5a0d4f682d93,2021-08-18,1,-0,165.972,165.973,3.893,92,13.1,20.76,3,9
TeamA-5cd7a61b-88b2-46d2-94f8-5a0d4f682d93,2021-08-20,1,3e-4,68.353,68.333,4.099,83.1,9.2,21.06,3,6
TeamA-5cd7a61b-88b2-46d2-94f8-5a0d4f682d93,2021-08-21,1,1e-4,216.64,216.622,5.74,236,42.2,22.72,3,26
TeamA-5cd7a61b-88b2-46d2-94f8-5a0d4f682d93,2021-08-22,1,2e-4,114.488,114.468,10.653,1134.3,271.5,26.25,7,14
TeamA-5cd7a61b-88b2-46d2-94f8-5a0d4f682d93,2021-08-23,1,2e-4,110.005,109.987,2.599,27.2,3.4,20.37,1,1
TeamA-5cd7a61b-88b2-46d2-94f8-5a0d4f682d93,2021-08-24,1,3e-4,70.207,70.187,3.89,289.9,73.1,25.23,6,3
TeamA-5cd7a61b-88b2-46d2-94f8-5a0d4f682d93,2021-08-25,1,-0,165.023,165.025,14.549,1228.2,412.4,26.86,9,24
TeamA-5cd7a61b-88b2-46d2-94f8-5a0d4f682d93,2021-08-26,1,3e-4,76.337,76.317,2.787,41.7,1.7,20.35,3,1
TeamA-5cd7a61b-88b2-46d2-94f8-5a0d4f682d93,2021-08-27,1,-0,97.52,97.522,4.106,251.4,56,21.36,1,11
TeamA-5cd7a61b-88b2-46d2-94f8-5a0d4f682d93,2021-08-28,1,-0,182.622,182.623,6.864,549.3,299.1,28.15,7,3
TeamA-5cd7a61b-88b2-46d2-94f8-5a0d4f682d93,2021-08-30,1,-0,115.005,115.007,4.086,224.6,42,22.16,6,8
TeamA-5cd7a61b-88b2-46d2-94f8-5a0d4f682d93,2021-08-31,1,-0,96.257,96.258,5.303,181.2,40.3,22.54,4,15
TeamA-5cd7a61b-88b2-46d2-94f8-5a0d4f682d93,2021-09-01,1,2e-4,111.005,110.982,6.257,470.2,165.7,25.78,5,12
TeamA-5cd7a61b-88b2-46d2-94f8-5a0d4f682d93,2021-09-03,1,-0,86.57,86.572,3.289,215.9,33.7,23.73,4,4
TeamA-5cd7a61b-88b2-46d2-94f8-5a0d4f682d93,2021-09-04,1,-0,169.42,169.422,4.084,264,54.7,24.34,1,5
TeamA-5cd7a61b-88b2-46d2-94f8-5a0d4f682d93,2021-09-06,1,-0,126.973,126.975,5.059,130.4,7.4,20.34,5,19
TeamA-5cd7a61b-88b2-46d2-94f8-5a0d4f682d93,2021-09-07,1,2e-4,105.758,105.742,5.218,249.6,39.8,23.2,5,15
TeamA-5cd7a61b-88b2-46d2-94f8-5a0d4f682d93,2021-09-08,1,2e-4,101.425,101.405,7.073,542,117,26.06,10,11
TeamA-5cd7a61b-88b2-46d2-94f8-5a0d4f682d93,2021-09-09,1,-0,97.022,97.023,4.853,92.2,19.9,21.81,2,17
TeamA-5cd7a61b-88b2-46d2-94f8-5a0d4f682d93,2021-09-11,1,-0,64.888,64.89,2.954,257.9,49.5,24.38,6,4
TeamA-5cd7a61b-88b2-46d2-94f8-5a0d4f682d93,2021-09-12,1,1e-4,206.473,206.455,7.428,1191.6,378.5,25.65,1,8
TeamA-5cd7a61b-88b2-46d2-94f8-5a0d4f682d93,2021-09-14,1,-0,146.25,146.252,5.389,238,83.4,23.12,9,11
TeamA-5cd7a61b-88b2-46d2-94f8-5a0d4f682d93,2021-09-15,1,-0,121.917,121.918,6.385,313.4,66.4,22.9,5,22
TeamA-5cd7a61b-88b2-46d2-94f8-5a0d4f682d93,2021-09-16,1,-1e-4,26.758,26.76,1.048,4.5,0,16.26,0,1
TeamA-5cd7a61b-88b2-46d2-94f8-5a0d4f682d93,2021-09-20,1,-0,94.338,94.34,4.413,297.9,125.9,24.75,4,6
TeamA-5cd7a61b-88b2-46d2-94f8-5a0d4f682d93,2021-09-21,1,2e-4,119.555,119.537,5.724,241,47.1,21.81,6,10
TeamA-5cd7a61b-88b2-46d2-94f8-5a0d4f682d93,2021-09-22,1,1e-4,121.205,121.188,5.086,188.9,65.1,24.47,5,10
TeamA-5cd7a61b-88b2-46d2-94f8-5a0d4f682d93,2021-09-24,1,-0,73.703,73.705,2.573,85.9,4.7,21.33,4,8
TeamA-5cd7a61b-88b2-46d2-94f8-5a0d4f682d93,2021-09-26,1,1e-4,178.872,178.85,12.669,1218.7,451.1,27.67,19,26
TeamA-5cd7a61b-88b2-46d2-94f8-5a0d4f682d93,2021-09-27,1,0.0017,70.538,70.422,2.309,75.8,15.2,21.99,3,1
TeamA-5cd7a61b-88b2-46d2-94f8-5a0d4f682d93,2021-09-28,1,2e-4,100.04,100.018,5.713,440.4,77.3,24.29,6,13
TeamA-5cd7a61b-88b2-46d2-94f8-5a0d4f682d93,2021-09-29,1,2e-4,107.973,107.948,6.206,427.6,168.8,25.83,6,18
TeamA-5cd7a61b-88b2-46d2-94f8-5a0d4f682d93,2021-10-01,1,-0,93.922,93.923,3.35,50.8,2.9,19.54,1,6
TeamA-5cd7a61b-88b2-46d2-94f8-5a0d4f682d93,2021-10-03,1,1e-4,175.523,175.502,11.617,892.4,277.1,26.04,11,22
TeamA-5cd7a61b-88b2-46d2-94f8-5a0d4f682d93,2021-10-04,1,3e-4,84.555,84.533,2.575,50,0,18.9,5,3
TeamA-5cd7a61b-88b2-46d2-94f8-5a0d4f682d93,2021-10-05,1,0.0078,96.422,95.673,5.874,308.6,115.9,27.96,5,12
TeamA-5cd7a61b-88b2-46d2-94f8-5a0d4f682d93,2021-10-06,1,2e-4,114.37,114.348,7.326,910.5,335.2,25.57,6,8
TeamA-5cd7a61b-88b2-46d2-94f8-5a0d4f682d93,2021-10-08,1,2e-4,107.053,107.032,2.716,35.8,0,18.85,4,7
TeamA-5cd7a61b-88b2-46d2-94f8-5a0d4f682d93,2021-10-09,1,1e-4,161.387,161.365,11.082,689.4,243.5,29.49,11,11
TeamA-5cd7a61b-88b2-46d2-94f8-5a0d4f682d93,2021-10-11,1,3e-4,78.522,78.5,3.068,23.7,0,18.09,3,5
TeamA-5cd7a61b-88b2-46d2-94f8-5a0d4f682d93,2021-10-12,1,-0,99.007,99.008,4.573,186,73.1,27.39,8,10
TeamA-5cd7a61b-88b2-46d2-94f8-5a0d4f682d93,2021-10-13,1,2e-4,129.562,129.54,5.57,1024.4,807.1,35.44,1,2
TeamA-5cd7a61b-88b2-46d2-94f8-5a0d4f682d93,2021-10-15,1,3e-4,70.388,70.367,3.33,31.7,0,19.12,1,1
TeamA-5cd7a61b-88b2-46d2-94f8-5a0d4f682d93,2021-10-16,1,2e-4,164.832,164.807,11.844,855.8,198.4,28.87,6,21
TeamA-5cd7a61b-88b2-46d2-94f8-5a0d4f682d93,2021-10-18,1,2e-4,89.89,89.868,3.032,19.9,0,17.74,6,3
TeamA-5cd7a61b-88b2-46d2-94f8-5a0d4f682d93,2021-10-19,1,-0,109.038,109.04,6.341,231.3,53.5,22.51,5,15
TeamA-5cd7a61b-88b2-46d2-94f8-5a0d4f682d93,2021-10-20,1,2e-4,114.24,114.217,7.793,578.2,177.1,26.77,8,15
TeamA-5cd7a61b-88b2-46d2-94f8-5a0d4f682d93,2021-10-25,1,-0,109.355,109.357,5.207,89.7,4.6,21.08,4,17
TeamA-5cd7a61b-88b2-46d2-94f8-5a0d4f682d93,2021-10-26,1,-0,116.687,116.688,6.556,337.4,129.3,23.63,5,19
TeamA-5cd7a61b-88b2-46d2-94f8-5a0d4f682d93,2021-10-27,1,-0,97.758,97.76,4.537,332.3,20.9,22.44,2,10
TeamA-5cd7a61b-88b2-46d2-94f8-5a0d4f682d93,2021-10-29,1,1e-4,162.732,162.71,12.263,1145.5,282.3,26.83,8,17
TeamA-5cd7a61b-88b2-46d2-94f8-5a0d4f682d93,2021-11-01,1,2e-4,110.327,110.302,6.429,360,96.3,22.96,7,8
TeamA-5cd7a61b-88b2-46d2-94f8-5a0d4f682d93,2021-11-02,1,3e-4,101.643,101.617,5.382,228.4,90.9,25.24,4,11
TeamA-5cd7a61b-88b2-46d2-94f8-5a0d4f682d93,2021-11-03,1,0.0046,124.838,124.265,7.237,244.9,53.2,24.67,9,18
TeamA-5cd7a61b-88b2-46d2-94f8-5a0d4f682d93,2021-11-05,1,4e-4,59.005,58.98,2.615,28.3,0,18.38,3,3
TeamA-5cd7a61b-88b2-46d2-94f8-5a0d4f682d93,2021-11-07,1,4e-4,56.407,56.382,5.192,569.3,179.7,29.21,3,6
TeamA-5cd7a61b-88b2-46d2-94f8-5a0d4f682d93,2021-11-09,1,2e-4,130.805,130.783,6.219,116.9,11.9,22.68,7,9
TeamA-5cd7a61b-88b2-46d2-94f8-5a0d4f682d93,2021-11-10,1,2e-4,102.605,102.58,6.623,465.3,172.3,24.58,2,9
TeamA-67961019-dbb5-464b-839e-08e5896c2c42,2020-06-10,1,-0,85.387,85.388,6.96,705.5,243.7,25.35,2,16
TeamA-67961019-dbb5-464b-839e-08e5896c2c42,2020-06-13,1,-0,132.972,132.973,8.855,675.9,180.3,27.39,8,16
TeamA-67961019-dbb5-464b-839e-08e5896c2c42,2020-06-15,1,-0,131.372,131.373,6.224,117.3,23.9,23.5,3,6
TeamA-67961019-dbb5-464b-839e-08e5896c2c42,2020-06-16,1,-0,136.505,136.507,8.299,239.1,59.6,23.51,3,8
TeamA-67961019-dbb5-464b-839e-08e5896c2c42,2020-06-17,1,-0,148.422,148.423,7.531,741.4,252.4,27.75,6,8
TeamA-67961019-dbb5-464b-839e-08e5896c2c42,2020-06-19,1,-0,90.978,90.98,3.534,192.6,50.2,25.03,1,3
TeamA-67961019-dbb5-464b-839e-08e5896c2c42,2020-06-20,1,-0,168.553,168.555,4.83,347.3,83.7,22.71,1,6
TeamA-67961019-dbb5-464b-839e-08e5896c2c42,2020-06-22,1,-0,104.338,104.34,6.645,211,23.1,22.72,5,6
TeamA-67961019-dbb5-464b-839e-08e5896c2c42,2020-06-23,1,-0,127.405,127.407,6.94,338.4,101,23.69,7,14
TeamA-67961019-dbb5-464b-839e-08e5896c2c42,2020-06-24,1,-0,143.223,143.225,8.259,578,217.1,25.67,7,13
TeamA-67961019-dbb5-464b-839e-08e5896c2c42,2020-06-26,1,-0,90.273,90.275,3.285,202.7,69.7,24.34,2,5
TeamA-67961019-dbb5-464b-839e-08e5896c2c42,2020-06-27,1,-0,150.988,150.99,5.293,674.7,172,23.24,4,2
TeamA-67961019-dbb5-464b-839e-08e5896c2c42,2020-06-29,1,-0,97.388,97.39,6.056,358.5,144.4,24.84,6,11
TeamA-67961019-dbb5-464b-839e-08e5896c2c42,2020-06-30,1,-0,120.022,120.023,8.642,797.6,180.5,25.34,5,7
TeamA-67961019-dbb5-464b-839e-08e5896c2c42,2020-07-02,1,-0,76.917,76.918,2.593,217,104.7,25.26,3,4
TeamA-67961019-dbb5-464b-839e-08e5896c2c42,2020-07-04,1,-0,399.42,399.422,10.797,1136.7,311.8,26.11,7,1
TeamA-67961019-dbb5-464b-839e-08e5896c2c42,2020-07-06,1,-0,104.462,104.463,5.691,152.3,28.5,22,3,11
TeamA-67961019-dbb5-464b-839e-08e5896c2c42,2020-07-07,1,-0,109.057,109.058,5.984,243.8,55.8,23.65,5,6
TeamA-67961019-dbb5-464b-839e-08e5896c2c42,2020-07-08,1,-0,119.92,119.922,7.786,829.4,321.4,25.42,5,5
TeamA-67961019-dbb5-464b-839e-08e5896c2c42,2020-07-10,1,-0,88.232,88.233,2.902,202.8,67.7,24.06,3,1
TeamA-67961019-dbb5-464b-839e-08e5896c2c42,2020-07-13,1,-0,74.538,74.54,4.197,130.5,5.4,21.94,3,4
TeamA-67961019-dbb5-464b-839e-08e5896c2c42,2020-07-14,1,-0,99.038,99.04,6.586,239,29.8,23.28,3,8
TeamA-67961019-dbb5-464b-839e-08e5896c2c42,2020-07-15,1,-0,129.42,129.422,6.61,907.2,313.8,26.76,1,5
TeamA-67961019-dbb5-464b-839e-08e5896c2c42,2020-07-16,1,-0,114.472,114.473,4.582,352.6,156.1,25.21,4,8
TeamA-67961019-dbb5-464b-839e-08e5896c2c42,2020-07-18,1,-0,75.723,75.725,3.173,370.3,115.3,26.41,3,3
TeamA-67961019-dbb5-464b-839e-08e5896c2c42,2020-07-19,1,-0,165.69,165.692,2.049,1.4,0,15.53,0,0
TeamA-67961019-dbb5-464b-839e-08e5896c2c42,2020-07-20,1,-0,58.005,58.007,3.264,146.1,18.6,21.68,4,7
TeamA-67961019-dbb5-464b-839e-08e5896c2c42,2020-07-29,1,-0,104.618,104.62,2.626,28.5,0,18.44,5,2
TeamA-67961019-dbb5-464b-839e-08e5896c2c42,2020-07-30,1,-1e-4,23.438,23.44,0.751,49.1,13.9,21.71,3,1
TeamA-67961019-dbb5-464b-839e-08e5896c2c42,2020-08-10,1,-0,36.623,36.625,2.342,43.7,7.2,22.78,1,4
TeamA-67961019-dbb5-464b-839e-08e5896c2c42,2020-08-12,1,-0,95.353,95.355,4.71,195,61.7,24.94,3,7
TeamA-67961019-dbb5-464b-839e-08e5896c2c42,2020-08-17,1,-0,69.187,69.188,4.862,113.5,22.1,22.34,1,4
TeamA-67961019-dbb5-464b-839e-08e5896c2c42,2020-08-19,1,-0,122.09,122.092,6.309,265.5,42.3,25.1,2,5
TeamA-67961019-dbb5-464b-839e-08e5896c2c42,2020-08-21,1,-0,55.888,55.89,2.652,314.4,135,23.16,6,3
TeamA-67961019-dbb5-464b-839e-08e5896c2c42,2020-08-25,1,-0,58.628,58.63,3.886,133.1,48.6,25.69,4,2
TeamA-67961019-dbb5-464b-839e-08e5896c2c42,2020-08-27,1,-0,59.353,59.355,3.448,48.5,7.6,21.43,3,8
TeamA-67961019-dbb5-464b-839e-08e5896c2c42,2020-08-29,1,-0,43.372,43.373,2.44,279.9,94.3,23.86,2,4
TeamA-67961019-dbb5-464b-839e-08e5896c2c42,2020-08-31,1,-0,74.737,74.738,4.41,101.8,13,21.99,2,5
TeamA-67961019-dbb5-464b-839e-08e5896c2c42,2020-09-01,1,-0,71.353,71.355,3.366,117.5,22.4,23.36,1,7
TeamA-67961019-dbb5-464b-839e-08e5896c2c42,2020-09-02,1,-0,96.855,96.857,6.283,291.6,106.2,24.59,0,6
TeamA-67961019-dbb5-464b-839e-08e5896c2c42,2020-09-03,1,-0,97.573,97.575,5.303,388.9,92.6,23.75,2,16
TeamA-67961019-dbb5-464b-839e-08e5896c2c42,2020-09-04,1,-0,52.353,52.355,2.217,171,31.8,21.38,1,2
TeamA-67961019-dbb5-464b-839e-08e5896c2c42,2020-09-07,1,-0,69.922,69.923,5.246,155.5,11.4,20.98,1,6
TeamA-67961019-dbb5-464b-839e-08e5896c2c42,2020-09-08,1,-0,80.103,80.105,5.567,239.9,51.7,22.21,1,11
TeamA-67961019-dbb5-464b-839e-08e5896c2c42,2020-09-09,1,-0,106.555,106.557,5.157,373.3,119.4,25.07,6,16
TeamA-67961019-dbb5-464b-839e-08e5896c2c42,2020-09-11,1,-0,56.853,56.855,3.387,249.9,69.9,23.57,1,5
TeamA-67961019-dbb5-464b-839e-08e5896c2c42,2020-09-12,1,-0,188.073,188.075,4.57,639.5,453.2,25.77,7,23
TeamA-67961019-dbb5-464b-839e-08e5896c2c42,2020-09-14,1,-0,81.053,81.055,5.66,180.6,10.4,21.2,3,5
TeamA-67961019-dbb5-464b-839e-08e5896c2c42,2020-09-15,1,-0,93.855,93.857,5.585,244,10.3,20.77,6,18
TeamA-67961019-dbb5-464b-839e-08e5896c2c42,2020-09-16,1,-0,124.47,124.472,7.75,340.3,93.1,23.58,8,4
TeamA-67961019-dbb5-464b-839e-08e5896c2c42,2020-09-21,1,-0,74.02,74.022,5.633,357.3,202.3,25.21,4,5
TeamA-67961019-dbb5-464b-839e-08e5896c2c42,2020-09-23,1,-0,109.57,109.572,6.878,501.7,96.4,23.07,2,13
TeamA-67961019-dbb5-464b-839e-08e5896c2c42,2020-09-25,1,-0,59.538,59.54,3.682,244.8,82.2,23.7,2,3
TeamA-67961019-dbb5-464b-839e-08e5896c2c42,2020-09-26,1,-0,173.222,173.223,6.009,470.2,312,24.95,4,17
TeamA-67961019-dbb5-464b-839e-08e5896c2c42,2020-09-28,1,-0,83.805,83.807,3.819,435.3,289,26.47,8,7
TeamA-67961019-dbb5-464b-839e-08e5896c2c42,2020-09-29,1,-0,96.738,96.74,5.644,186.9,19.2,21.72,5,16
TeamA-67961019-dbb5-464b-839e-08e5896c2c42,2020-09-30,1,-0,85.537,85.538,5.193,1091.9,635,25.17,7,41
TeamA-67961019-dbb5-464b-839e-08e5896c2c42,2020-10-01,1,-0,97.318,97.32,5.606,395.9,165.7,26.12,1,11
TeamA-67961019-dbb5-464b-839e-08e5896c2c42,2020-10-03,1,-0,74.252,74.253,3.472,310.3,89.9,23.58,3,7
TeamA-67961019-dbb5-464b-839e-08e5896c2c42,2020-10-04,1,-0,180.422,180.423,5.198,758,549.5,26.78,5,18
TeamA-67961019-dbb5-464b-839e-08e5896c2c42,2020-10-05,1,-0,76.615,76.617,4.299,77.1,18.4,22.76,3,10
TeamA-67961019-dbb5-464b-839e-08e5896c2c42,2020-10-07,1,-0,171.933,171.935,4.215,672.4,510.3,24.99,6,4
TeamA-67961019-dbb5-464b-839e-08e5896c2c42,2020-10-08,1,-0,128.903,128.905,7.228,317.9,77.9,23.38,1,9
TeamA-705923a2-378f-4f8e-8a29-464837b88cdc,2020-06-24,1,-0,148.963,148.965,7.377,884.8,342.6,25.92,10,14
TeamA-705923a2-378f-4f8e-8a29-464837b88cdc,2020-06-26,1,-0,68.105,68.107,2.831,223.5,63.8,26.25,2,10
TeamA-705923a2-378f-4f8e-8a29-464837b88cdc,2020-06-29,1,-0,96.923,96.925,4.612,236.1,70.9,25.27,9,12
TeamA-705923a2-378f-4f8e-8a29-464837b88cdc,2020-06-30,1,-0,121.405,121.407,8.502,1162.4,336.6,25.48,7,17
TeamA-705923a2-378f-4f8e-8a29-464837b88cdc,2020-07-02,1,-0,96.855,96.857,2.583,96.2,17.4,21.51,0,3
TeamA-705923a2-378f-4f8e-8a29-464837b88cdc,2020-07-03,1,-0,172.538,172.54,8.289,1236,401.9,26.61,8,13
TeamA-705923a2-378f-4f8e-8a29-464837b88cdc,2020-07-07,1,-0,111.388,111.39,6.613,444.3,62.3,22.05,6,29
TeamA-705923a2-378f-4f8e-8a29-464837b88cdc,2020-07-08,1,-0,122.238,122.24,8.19,1277.5,419.4,25.14,6,21
TeamA-705923a2-378f-4f8e-8a29-464837b88cdc,2020-07-10,1,-0,70.973,70.975,2.673,102.6,15.1,21.95,3,4
TeamA-705923a2-378f-4f8e-8a29-464837b88cdc,2020-07-11,1,-0,189.37,189.372,8.671,962.7,327.7,27.76,11,12
TeamA-705923a2-378f-4f8e-8a29-464837b88cdc,2020-07-13,1,-0,88.745,88.747,6.208,402.1,21.3,21.82,10,26
TeamA-705923a2-378f-4f8e-8a29-464837b88cdc,2020-07-14,1,-0,122.42,122.422,8.379,659,111.7,23.74,11,22
TeamA-705923a2-378f-4f8e-8a29-464837b88cdc,2020-07-15,1,-0,135.942,135.943,6.83,1343.8,498.7,26.14,6,18
TeamA-705923a2-378f-4f8e-8a29-464837b88cdc,2020-07-16,1,-0,107.587,107.588,5.032,441.7,94.5,25.15,7,15
TeamA-705923a2-378f-4f8e-8a29-464837b88cdc,2020-07-18,1,-0,71.917,71.918,3.203,287.4,62.6,23.4,9,5
TeamA-705923a2-378f-4f8e-8a29-464837b88cdc,2020-07-19,1,-0,164.403,164.405,10.051,1503.7,488.9,27.52,13,25
TeamA-705923a2-378f-4f8e-8a29-464837b88cdc,2020-07-20,1,-0,71.472,71.473,4.334,168.2,5.7,20.11,11,8
TeamA-705923a2-378f-4f8e-8a29-464837b88cdc,2020-07-21,1,-0,114.988,114.99,5.116,209.9,31.5,23.02,13,14
TeamA-705923a2-378f-4f8e-8a29-464837b88cdc,2020-07-22,1,-0,109.117,109.118,7.388,1145.5,398.2,25.39,2,11
TeamA-705923a2-378f-4f8e-8a29-464837b88cdc,2020-07-25,1,-0,127.888,127.89,9.354,1526.9,505.1,25.69,5,16
TeamA-705923a2-378f-4f8e-8a29-464837b88cdc,2020-07-29,1,-0,126.543,126.545,8.265,496.9,82.3,23.39,12,22
TeamA-705923a2-378f-4f8e-8a29-464837b88cdc,2020-07-30,1,-0,145.342,145.343,9.525,1506.3,542.3,26.45,7,31
TeamA-705923a2-378f-4f8e-8a29-464837b88cdc,2020-08-01,1,-0,84.087,84.088,3.295,651.9,286.4,25.74,8,11
TeamA-705923a2-378f-4f8e-8a29-464837b88cdc,2020-08-02,1,-0,175.048,175.05,15.348,2797.5,929.4,26.45,17,24
TeamA-705923a2-378f-4f8e-8a29-464837b88cdc,2020-08-03,1,-0,66.555,66.557,3.359,70.8,10.9,22.18,2,4
TeamA-705923a2-378f-4f8e-8a29-464837b88cdc,2020-08-05,1,-0,106.277,106.278,6.017,577.7,123.3,24.16,12,16
TeamA-705923a2-378f-4f8e-8a29-464837b88cdc,2020-08-06,1,-0,158.215,158.217,5.98,605.7,128,24.12,11,19
TeamA-705923a2-378f-4f8e-8a29-464837b88cdc,2020-08-07,1,-0,58.372,58.373,2.841,418.8,182.1,25.02,8,11
TeamA-705923a2-378f-4f8e-8a29-464837b88cdc,2020-08-08,1,-0,151.508,151.51,10.912,1668.4,468,27.42,8,23
TeamA-705923a2-378f-4f8e-8a29-464837b88cdc,2020-08-11,1,-0,114.538,114.54,5.588,182.6,20.7,21.09,6,20
TeamA-705923a2-378f-4f8e-8a29-464837b88cdc,2020-08-12,1,-0,124.053,124.055,7.275,1322.1,422.1,26.26,9,19
TeamA-705923a2-378f-4f8e-8a29-464837b88cdc,2020-08-13,1,-0,116.342,116.343,7.28,1059.8,341.4,24.7,14,20
TeamA-705923a2-378f-4f8e-8a29-464837b88cdc,2020-08-15,1,-0,82.472,82.473,4.656,472.6,204.2,26.36,8,9
TeamA-705923a2-378f-4f8e-8a29-464837b88cdc,2020-08-16,1,-0,135.96,135.962,9.893,1428,402.2,26.54,7,17
TeamA-705923a2-378f-4f8e-8a29-464837b88cdc,2020-08-19,1,-0,125.073,125.075,6.007,396.9,51.4,22.4,8,8
TeamA-705923a2-378f-4f8e-8a29-464837b88cdc,2020-08-20,1,-0,79.638,79.64,3.948,397.4,173.7,26.42,3,2
TeamA-705923a2-378f-4f8e-8a29-464837b88cdc,2020-08-21,1,-0,51.207,51.208,1.706,161.9,63.2,26.56,1,1
TeamA-705923a2-378f-4f8e-8a29-464837b88cdc,2020-08-22,1,-0,187.255,187.257,11.351,1655.4,391,25.16,7,13
TeamA-705923a2-378f-4f8e-8a29-464837b88cdc,2020-08-25,1,-0,57.922,57.923,3.858,345.3,72.7,24.89,4,9
TeamA-705923a2-378f-4f8e-8a29-464837b88cdc,2020-08-26,1,-0,157.388,157.39,12.678,1633.9,491.9,28.12,10,16
TeamA-705923a2-378f-4f8e-8a29-464837b88cdc,2020-08-29,1,-0,44.005,44.007,2.11,381.2,156.4,24.42,7,2
TeamA-705923a2-378f-4f8e-8a29-464837b88cdc,2020-08-30,1,-0,105.505,105.507,9.492,1551,436.6,24.62,7,13
TeamA-705923a2-378f-4f8e-8a29-464837b88cdc,2020-09-02,1,-0,95.872,95.873,6.099,501.7,94.6,22.88,7,13
TeamA-705923a2-378f-4f8e-8a29-464837b88cdc,2020-09-03,1,-0,98.473,98.475,6.16,521.7,134.6,23.74,10,11
TeamA-705923a2-378f-4f8e-8a29-464837b88cdc,2020-09-04,1,-0,59.153,59.155,2.803,367.2,101.9,25.15,8,4
TeamA-705923a2-378f-4f8e-8a29-464837b88cdc,2020-09-05,1,-0,181.037,181.038,0.466,0,0,13.39,0,0
TeamA-705923a2-378f-4f8e-8a29-464837b88cdc,2020-09-08,1,-0,81.537,81.538,4.57,243.5,40.4,22.72,6,9
TeamA-705923a2-378f-4f8e-8a29-464837b88cdc,2020-09-11,1,-0,60.505,60.507,2.921,340.2,64.3,23.27,3,6
TeamA-705923a2-378f-4f8e-8a29-464837b88cdc,2020-09-12,1,-0,174.888,174.89,14.119,2266.2,709.5,25.34,9,11
TeamA-705923a2-378f-4f8e-8a29-464837b88cdc,2020-09-26,1,-0,174.958,174.96,12.42,1867.2,485.4,25.54,11,17
TeamA-705923a2-378f-4f8e-8a29-464837b88cdc,2020-09-29,1,-0,96.083,96.085,5.801,267.6,46.9,22.51,9,21
TeamA-705923a2-378f-4f8e-8a29-464837b88cdc,2020-09-30,1,-0,192.208,192.21,7.681,1061.5,411.7,26.52,6,15
TeamA-705923a2-378f-4f8e-8a29-464837b88cdc,2020-10-01,1,-0,115.105,115.107,5.541,368.2,93.8,25.54,5,11
TeamA-705923a2-378f-4f8e-8a29-464837b88cdc,2020-10-03,1,-0,63.817,63.818,3.022,365.1,102.6,24.08,4,5
TeamA-705923a2-378f-4f8e-8a29-464837b88cdc,2020-10-04,1,-0,118.838,118.84,11.781,2157.1,647.7,25.58,5,24
TeamA-705923a2-378f-4f8e-8a29-464837b88cdc,2020-10-06,1,-0,84.373,84.375,4.405,458.2,125.9,24.53,8,8
TeamA-705923a2-378f-4f8e-8a29-464837b88cdc,2020-10-07,1,-0,114.505,114.507,10.339,1720.8,506,27.11,9,12
TeamA-705923a2-378f-4f8e-8a29-464837b88cdc,2020-10-12,1,-0,87.905,87.907,4.49,308.2,32.3,22.57,8,7
TeamA-705923a2-378f-4f8e-8a29-464837b88cdc,2020-10-14,1,-0,131.922,131.923,7.402,1142.2,410.5,25.93,12,12
TeamA-705923a2-378f-4f8e-8a29-464837b88cdc,2020-10-15,1,-0,95.855,95.857,4.963,218.4,44.7,23.82,6,14
TeamA-705923a2-378f-4f8e-8a29-464837b88cdc,2020-10-17,1,-0,55.167,55.168,3.2,354.2,134.7,24.82,4,4
TeamA-705923a2-378f-4f8e-8a29-464837b88cdc,2020-10-29,1,-0,115.47,115.472,6.655,376.2,58.9,23.55,5,12
TeamA-705923a2-378f-4f8e-8a29-464837b88cdc,2020-10-31,1,-0,72.105,72.107,4.292,522.4,171.8,25.63,5,7
TeamA-705923a2-378f-4f8e-8a29-464837b88cdc,2020-11-01,1,-0,124.262,124.263,11.95,2175.9,686.9,26.05,8,15
TeamA-705923a2-378f-4f8e-8a29-464837b88cdc,2020-11-04,1,-0,107.388,107.39,8.16,902.9,225.6,26.54,8,12
TeamA-705923a2-378f-4f8e-8a29-464837b88cdc,2020-11-06,1,-0,109.337,109.338,4.638,1539,1136.3,35.85,8,6
TeamA-705923a2-378f-4f8e-8a29-464837b88cdc,2020-11-07,1,-0,124.9,124.902,12.233,2165.5,515.3,26.27,11,13
TeamA-705923a2-378f-4f8e-8a29-464837b88cdc,2020-11-09,1,-0,177.332,177.333,4.059,189.7,33.1,23.27,4,8
TeamA-705923a2-378f-4f8e-8a29-464837b88cdc,2020-11-17,1,-0,70.42,70.422,4.072,144.9,5.1,20.35,5,6
TeamA-705923a2-378f-4f8e-8a29-464837b88cdc,2020-11-20,1,-0,64.043,64.045,4.859,414.8,34.7,21.82,5,16
TeamA-705923a2-378f-4f8e-8a29-464837b88cdc,2020-11-23,1,-0,74.433,74.435,4.841,310.5,68.4,25.21,5,8
TeamA-705923a2-378f-4f8e-8a29-464837b88cdc,2020-11-27,1,-0,96.47,96.472,5.727,693.2,214.7,24.51,9,15
TeamA-705923a2-378f-4f8e-8a29-464837b88cdc,2020-11-30,1,-0,82.62,82.622,3.749,315.8,135.9,24.44,6,6
TeamA-705923a2-378f-4f8e-8a29-464837b88cdc,2020-12-03,1,-0,80.35,80.352,4.327,265.9,38.8,22.37,8,5
TeamA-705923a2-378f-4f8e-8a29-464837b88cdc,2020-12-05,1,-0,96.505,96.507,3.47,333.1,97.6,24.5,5,8
TeamA-705923a2-378f-4f8e-8a29-464837b88cdc,2021-02-01,1,-0,90.555,90.557,5.44,304,72,22.56,4,13
TeamA-705923a2-378f-4f8e-8a29-464837b88cdc,2021-02-08,1,-0,85.075,85.077,5.672,414.5,117.7,24.87,12,14
TeamA-705923a2-378f-4f8e-8a29-464837b88cdc,2021-02-20,1,-0,124.405,124.407,9.968,1611.4,525.8,25.28,4,16
TeamA-705923a2-378f-4f8e-8a29-464837b88cdc,2021-02-22,1,-0,77.123,77.125,4.345,221.2,85.1,23.2,6,8
TeamA-705923a2-378f-4f8e-8a29-464837b88cdc,2021-02-25,1,-0,107.54,107.542,7.036,560.4,136,23.49,9,15
TeamA-705923a2-378f-4f8e-8a29-464837b88cdc,2021-03-01,1,-0,84.488,84.49,5.058,293.4,34.3,23.13,11,17
TeamA-705923a2-378f-4f8e-8a29-464837b88cdc,2021-03-12,1,-0,104.69,104.692,9.43,1632.7,507.7,24.82,11,17
TeamA-705923a2-378f-4f8e-8a29-464837b88cdc,2021-03-15,1,-0,70.638,70.64,4.194,156.4,14,21.9,3,10
TeamA-705923a2-378f-4f8e-8a29-464837b88cdc,2021-03-19,1,-0,106.69,106.692,9.31,1585.9,530.4,26.45,13,17
TeamA-705923a2-378f-4f8e-8a29-464837b88cdc,2021-03-22,1,-0,91.522,91.523,5.014,458.3,94.4,24.33,12,23
TeamA-705923a2-378f-4f8e-8a29-464837b88cdc,2021-03-23,1,-0,143.707,143.708,5.913,358.1,25.1,20.72,6,21
TeamA-705923a2-378f-4f8e-8a29-464837b88cdc,2021-03-26,1,-0,98.622,98.623,5.258,551.7,238.2,25.95,9,17
TeamA-705923a2-378f-4f8e-8a29-464837b88cdc,2021-03-27,1,-0,122.188,122.19,9.701,1462.6,442.9,26.26,6,27
TeamA-705923a2-378f-4f8e-8a29-464837b88cdc,2021-03-30,1,-0,107.07,107.072,5.114,232.5,20,20.9,9,15
TeamA-705923a2-378f-4f8e-8a29-464837b88cdc,2021-04-14,1,-0,226.6,226.602,0.71,0,0,5.39,0,0
TeamA-705923a2-378f-4f8e-8a29-464837b88cdc,2021-04-16,1,-0,78.388,78.39,5.027,546.7,160.7,23.53,2,4
TeamA-705923a2-378f-4f8e-8a29-464837b88cdc,2021-04-19,1,-0,82.19,82.192,4.385,342.2,103.8,27.23,5,12
TeamA-705923a2-378f-4f8e-8a29-464837b88cdc,2021-04-20,1,-0,88.523,88.525,5.846,666.9,204.7,24.29,0,6
TeamA-705923a2-378f-4f8e-8a29-464837b88cdc,2021-04-22,1,-0,65.857,65.858,3.527,276.6,41.6,22.94,7,8
TeamA-705923a2-378f-4f8e-8a29-464837b88cdc,2021-04-23,1,-0,133.355,133.357,7.688,833.7,242,26.73,7,9
TeamA-705923a2-378f-4f8e-8a29-464837b88cdc,2021-04-26,1,-0,107.923,107.925,6.328,379.9,37,21.85,9,13
TeamA-705923a2-378f-4f8e-8a29-464837b88cdc,2021-04-27,1,-0,83.037,83.038,4.994,299.5,43.2,23.42,10,10
TeamA-705923a2-378f-4f8e-8a29-464837b88cdc,2021-04-28,1,-0,119.44,119.442,6.763,511.6,109,25.6,9,18
TeamA-705923a2-378f-4f8e-8a29-464837b88cdc,2021-04-30,1,-0,86.02,86.022,3.511,337.7,94.1,24.65,3,7
TeamA-705923a2-378f-4f8e-8a29-464837b88cdc,2021-05-01,1,-0,173.355,173.357,9.172,1248.9,409.8,25.44,12,18
TeamA-705923a2-378f-4f8e-8a29-464837b88cdc,2021-05-03,1,-0,92.537,92.538,4.307,218,22.1,23.4,7,11
TeamA-705923a2-378f-4f8e-8a29-464837b88cdc,2021-05-04,1,-0,65.205,65.207,3.513,194.2,46.1,23.85,3,7
TeamA-705923a2-378f-4f8e-8a29-464837b88cdc,2021-05-05,1,-0,160.473,160.475,10.925,1383.9,442.5,25.71,3,15
TeamA-705923a2-378f-4f8e-8a29-464837b88cdc,2021-05-10,1,-0,111.238,111.24,5.304,369.6,30.9,22.31,9,14
TeamA-705923a2-378f-4f8e-8a29-464837b88cdc,2021-05-11,1,-0,119.053,119.055,6.906,1655.4,1327,35.87,12,16
TeamA-705923a2-378f-4f8e-8a29-464837b88cdc,2021-05-14,1,-0,146.903,146.905,4.876,924.4,630.6,35.92,12,11
TeamA-705923a2-378f-4f8e-8a29-464837b88cdc,2021-05-15,1,-0,155.295,155.297,11.984,1710.2,522.6,25.81,13,14
TeamA-705923a2-378f-4f8e-8a29-464837b88cdc,2021-05-18,1,-0,94.44,94.442,4.823,353.4,60.9,22.93,10,10
TeamA-705923a2-378f-4f8e-8a29-464837b88cdc,2021-05-19,1,-0,90.97,90.972,7.492,1058.8,347.2,26.89,4,18
TeamA-705923a2-378f-4f8e-8a29-464837b88cdc,2021-05-21,1,-0,91.923,91.925,4.228,509.3,168,25,2,5
TeamA-705923a2-378f-4f8e-8a29-464837b88cdc,2021-05-22,1,-0,184.755,184.757,13.766,1818.8,501.7,26.84,15,23
TeamA-705923a2-378f-4f8e-8a29-464837b88cdc,2021-05-24,1,2e-4,100.122,100.103,2.678,40.5,11.5,22.77,8,6
TeamA-705923a2-378f-4f8e-8a29-464837b88cdc,2021-05-25,1,-0,112.49,112.492,5.048,234.1,21.8,21.2,10,12
TeamA-705923a2-378f-4f8e-8a29-464837b88cdc,2021-05-26,1,1e-4,112.383,112.367,7.738,897.2,270.9,25.01,11,25
TeamA-705923a2-378f-4f8e-8a29-464837b88cdc,2021-05-29,1,-0,172.022,172.023,12.89,1653.6,471,25.46,9,25
TeamA-705923a2-378f-4f8e-8a29-464837b88cdc,2021-05-31,1,-0,87.872,87.873,2.721,62.9,0.6,19.68,4,6
TeamA-705923a2-378f-4f8e-8a29-464837b88cdc,2021-06-01,1,-0,97.553,97.555,5.492,333.1,121.5,25.45,7,11
TeamA-705923a2-378f-4f8e-8a29-464837b88cdc,2021-06-02,1,-0,112.907,112.908,7.34,811.6,182.9,25.76,12,22
TeamA-705923a2-378f-4f8e-8a29-464837b88cdc,2021-06-04,1,-0,93.837,93.838,3.329,214.7,82.3,25.4,3,9
TeamA-705923a2-378f-4f8e-8a29-464837b88cdc,2021-06-05,1,-0,188.972,188.973,14.66,1855.7,587.5,25.73,17,18
TeamA-705923a2-378f-4f8e-8a29-464837b88cdc,2021-06-19,1,-0,117.872,117.873,7.843,781,201.6,26.07,5,15
TeamA-705923a2-378f-4f8e-8a29-464837b88cdc,2021-06-21,1,-0,75.355,75.357,4.083,231.1,58,23.44,4,9
TeamA-705923a2-378f-4f8e-8a29-464837b88cdc,2021-06-22,1,-0,157.038,157.04,13.637,1914.3,521.8,28.1,15,31
TeamA-705923a2-378f-4f8e-8a29-464837b88cdc,2021-06-24,1,-0,56.335,56.337,2.433,66,1.1,19.75,0,9
TeamA-705923a2-378f-4f8e-8a29-464837b88cdc,2021-06-25,1,-0,67.37,67.372,2.527,157,49.1,23.14,2,3
TeamA-705923a2-378f-4f8e-8a29-464837b88cdc,2021-06-28,1,-0,80.708,80.71,2.864,10.5,0,16.45,6,3
TeamA-705923a2-378f-4f8e-8a29-464837b88cdc,2021-06-29,1,-0,78.697,78.698,3.266,239.7,61.7,22.83,3,7
TeamA-705923a2-378f-4f8e-8a29-464837b88cdc,2021-06-30,1,-0,183.345,183.347,7.015,672,247.8,26.99,4,10
TeamA-705923a2-378f-4f8e-8a29-464837b88cdc,2021-07-02,1,-0,133.525,133.527,7.285,3176.6,2685.3,35.91,9,11
TeamA-705923a2-378f-4f8e-8a29-464837b88cdc,2021-07-03,1,-0,92.81,92.812,3.905,1084,857.7,35.73,2,3
TeamA-705923a2-378f-4f8e-8a29-464837b88cdc,2021-07-04,1,-0,162.065,162.067,11.537,1378.2,228.2,24.78,14,23
TeamA-705923a2-378f-4f8e-8a29-464837b88cdc,2021-07-07,1,-0,94.052,94.053,4.858,304.6,47.8,23.23,7,7
TeamA-705923a2-378f-4f8e-8a29-464837b88cdc,2021-07-08,1,-0,85.64,85.642,4.293,211.5,63.4,25.2,6,6
TeamA-705923a2-378f-4f8e-8a29-464837b88cdc,2021-07-09,1,-0,65.403,65.405,1.996,158.1,52.5,24.26,6,8
TeamA-705923a2-378f-4f8e-8a29-464837b88cdc,2021-07-10,1,-0,165.472,165.473,14.277,1860.8,524.6,27.05,11,19
TeamA-705923a2-378f-4f8e-8a29-464837b88cdc,2021-07-13,1,-0,104.405,104.407,5.688,293.5,52,22.98,5,22
TeamA-705923a2-378f-4f8e-8a29-464837b88cdc,2021-07-14,1,-0,96.888,96.89,6.817,1048.3,309.1,27.63,6,13
TeamA-705923a2-378f-4f8e-8a29-464837b88cdc,2021-07-16,1,-0,104.837,104.838,3.608,194.7,17.1,21.17,3,7
TeamA-705923a2-378f-4f8e-8a29-464837b88cdc,2021-07-17,1,-0,150.173,150.175,13.558,2009,378.5,24.42,15,13
TeamA-705923a2-378f-4f8e-8a29-464837b88cdc,2021-07-28,1,-0,76.837,76.838,5.016,362.3,40.5,23.78,4,12
TeamA-705923a2-378f-4f8e-8a29-464837b88cdc,2021-07-29,1,2e-4,105.972,105.953,4.799,346.7,31.1,22.74,2,4
TeamA-705923a2-378f-4f8e-8a29-464837b88cdc,2021-07-30,1,1e-4,166.203,166.185,10.985,1205.6,292.5,26.7,9,10
TeamA-705923a2-378f-4f8e-8a29-464837b88cdc,2021-08-02,1,-0,138.99,138.992,6.857,510.4,98,22.14,7,15
TeamA-705923a2-378f-4f8e-8a29-464837b88cdc,2021-08-03,1,0.0013,100.338,100.212,5.801,442.7,178.1,24.77,4,18
TeamA-705923a2-378f-4f8e-8a29-464837b88cdc,2021-08-04,1,3e-4,87.903,87.875,6.899,1108.6,358.6,26.94,7,11
TeamA-705923a2-378f-4f8e-8a29-464837b88cdc,2021-08-06,1,-0,61.888,61.89,2.94,159.5,24.6,21.18,7,3
TeamA-705923a2-378f-4f8e-8a29-464837b88cdc,2021-08-07,1,-0,163.17,163.172,11.552,1482,404.8,25.2,15,24
TeamA-705923a2-378f-4f8e-8a29-464837b88cdc,2021-08-09,1,-0,77.853,77.855,1.063,1.4,0,15.93,6,4
TeamA-705923a2-378f-4f8e-8a29-464837b88cdc,2021-08-14,1,-0,155.99,155.992,11.194,1329.4,346,27.29,11,18
TeamA-705923a2-378f-4f8e-8a29-464837b88cdc,2021-08-17,1,-0,70.73,70.732,2.692,100.6,17.6,24.74,4,13
TeamA-705923a2-378f-4f8e-8a29-464837b88cdc,2021-08-18,1,1e-4,167.472,167.453,13.218,1647.8,396.9,25.49,19,33
TeamA-705923a2-378f-4f8e-8a29-464837b88cdc,2021-08-21,1,-0,213.672,213.673,17.871,2520.8,644.1,24.27,25,38
TeamA-705923a2-378f-4f8e-8a29-464837b88cdc,2021-08-24,1,-0,80.172,80.173,4.325,494.3,145.1,26.08,3,9
TeamA-705923a2-378f-4f8e-8a29-464837b88cdc,2021-08-25,1,-0,165.407,165.408,2.969,0,0,14.67,1,0
TeamA-705923a2-378f-4f8e-8a29-464837b88cdc,2021-08-26,1,2e-4,84.967,84.947,2.614,76.7,3.4,19.77,11,14
TeamA-705923a2-378f-4f8e-8a29-464837b88cdc,2021-08-27,1,-0,56.333,56.335,2.429,217,60.2,23.26,2,5
TeamA-705923a2-378f-4f8e-8a29-464837b88cdc,2021-08-28,1,-0,194.358,194.36,10.68,1317.3,331.7,25.71,12,14
TeamA-705923a2-378f-4f8e-8a29-464837b88cdc,2021-08-30,1,-0,76.338,76.34,2.303,64.2,8.7,21.23,7,5
TeamA-705923a2-378f-4f8e-8a29-464837b88cdc,2021-08-31,1,-0,94.612,94.613,5.554,389.7,63.8,23.28,5,14
TeamA-705923a2-378f-4f8e-8a29-464837b88cdc,2021-09-01,1,2e-4,101.623,101.605,6.878,674,185.9,25.51,5,11
TeamA-705923a2-378f-4f8e-8a29-464837b88cdc,2021-09-03,1,-0,83.74,83.742,3.357,205.1,31.9,24.07,2,4
TeamA-705923a2-378f-4f8e-8a29-464837b88cdc,2021-09-04,1,1e-4,127.095,127.077,7.42,593.3,138.5,24.55,18,29
TeamA-705923a2-378f-4f8e-8a29-464837b88cdc,2021-09-25,1,-0,194.1,194.102,13.02,1633.6,409.1,25.87,8,14
TeamA-705923a2-378f-4f8e-8a29-464837b88cdc,2021-09-27,1,-0,79.143,79.145,3.314,106.8,15.3,22.5,5,3
TeamA-705923a2-378f-4f8e-8a29-464837b88cdc,2021-09-28,1,-0,114.362,114.363,5.273,322.5,50.3,22.68,20,38
TeamA-705923a2-378f-4f8e-8a29-464837b88cdc,2021-09-29,1,-0,112.198,112.2,6.203,792.2,209.7,25.25,4,26
TeamA-705923a2-378f-4f8e-8a29-464837b88cdc,2021-10-01,1,-0,79.555,79.557,3.668,1135.8,891.1,35.72,4,2
TeamA-705923a2-378f-4f8e-8a29-464837b88cdc,2021-10-02,1,-0,127.378,127.38,9.168,1195.8,428.1,26.63,11,10
TeamA-705923a2-378f-4f8e-8a29-464837b88cdc,2021-10-06,1,-0,90.075,90.077,4.728,884.7,294.5,25.71,3,10
TeamA-705923a2-378f-4f8e-8a29-464837b88cdc,2021-10-08,1,-0,83.953,83.955,2.73,246.2,51.5,23.8,5,4
TeamA-705923a2-378f-4f8e-8a29-464837b88cdc,2021-10-09,1,-0,130.013,130.015,9.786,1418.2,465.9,26.12,11,23
TeamA-705923a2-378f-4f8e-8a29-464837b88cdc,2021-10-11,1,-0,71.867,71.868,2.242,57.8,6.8,20.29,3,7
TeamA-705923a2-378f-4f8e-8a29-464837b88cdc,2021-10-12,1,-0,87.317,87.318,3.171,312.4,99.3,24.06,2,9
TeamA-705923a2-378f-4f8e-8a29-464837b88cdc,2021-10-13,1,-0,132.647,132.648,10.884,1781.1,451.5,25.96,10,21
TeamA-705923a2-378f-4f8e-8a29-464837b88cdc,2021-10-15,1,-0,46.878,46.88,1.992,120.5,15,20.88,1,3
TeamA-705923a2-378f-4f8e-8a29-464837b88cdc,2021-10-29,1,-0,119.988,119.99,9.199,1016.5,271,24.88,5,14
TeamA-705923a2-378f-4f8e-8a29-464837b88cdc,2021-11-02,1,-0,118.962,118.963,6.22,203.7,23.9,22.41,6,14
TeamA-705923a2-378f-4f8e-8a29-464837b88cdc,2021-11-03,1,-0,123.938,123.94,5.837,321.7,28.7,22.08,2,14
TeamA-705923a2-378f-4f8e-8a29-464837b88cdc,2021-11-04,1,-0,94.247,94.248,7.198,1068.1,387.2,24.09,4,11
TeamA-705923a2-378f-4f8e-8a29-464837b88cdc,2021-11-07,1,-0,148.985,148.987,13.365,1917.3,506.7,25.13,10,22
TeamA-705923a2-378f-4f8e-8a29-464837b88cdc,2021-11-09,1,-0,84.49,84.492,2.344,44.5,0,17.91,5,4
TeamA-705923a2-378f-4f8e-8a29-464837b88cdc,2021-11-10,1,-0,65.893,65.895,4.354,480.8,97.5,22.62,2,9
TeamA-705923a2-378f-4f8e-8a29-464837b88cdc,2021-11-13,1,-0,133.588,133.59,10.656,1406.9,432.5,24.26,9,22
TeamA-74afe68c-f348-414c-9754-6d6f9df12587,2020-06-01,1,-0,109.403,109.405,3.802,101.6,16,21.13,0,4
TeamA-74afe68c-f348-414c-9754-6d6f9df12587,2020-06-03,1,-0,85.405,85.407,4.757,144.3,63.7,24.46,5,8
TeamA-74afe68c-f348-414c-9754-6d6f9df12587,2020-06-08,1,-0,105.387,105.388,5.134,24.1,0,18.3,2,5
TeamA-74afe68c-f348-414c-9754-6d6f9df12587,2020-06-11,1,-0,92.02,92.022,2.983,86.2,64.6,26.82,2,0
TeamA-74afe68c-f348-414c-9754-6d6f9df12587,2020-06-13,1,-0,119.855,119.857,6.027,76,1.1,19.92,2,8
TeamA-74afe68c-f348-414c-9754-6d6f9df12587,2020-06-15,1,-0,123.423,123.425,5.626,105.7,5.1,20.24,2,18
TeamA-74afe68c-f348-414c-9754-6d6f9df12587,2020-06-17,1,-0,132.355,132.357,4.721,561,191.4,25.17,6,6
TeamA-74afe68c-f348-414c-9754-6d6f9df12587,2020-06-19,1,-0,84.738,84.74,3.076,24.4,0,19.31,1,1
TeamA-74afe68c-f348-414c-9754-6d6f9df12587,2020-06-29,1,-0,59.487,59.488,2.505,69.2,3.4,20.4,1,8
TeamA-74afe68c-f348-414c-9754-6d6f9df12587,2020-06-30,1,-0,126.473,126.475,6.786,666.8,203.8,25.77,10,19
TeamA-74afe68c-f348-414c-9754-6d6f9df12587,2020-09-28,1,-0,85.472,85.473,3.338,638.4,458.5,26.9,14,16
TeamA-74afe68c-f348-414c-9754-6d6f9df12587,2020-09-30,1,-0,94.122,94.123,4.779,440.1,209.1,26.51,3,14
TeamA-74afe68c-f348-414c-9754-6d6f9df12587,2020-10-01,1,-0,98.167,98.168,5.367,336.6,99.2,24.8,2,19
TeamA-74afe68c-f348-414c-9754-6d6f9df12587,2020-10-03,1,-0,69.855,69.857,2.842,190.7,61.5,25.27,4,3
TeamA-74afe68c-f348-414c-9754-6d6f9df12587,2020-10-05,1,-0,77.223,77.225,4.31,147.3,23,22.74,5,9
TeamA-74afe68c-f348-414c-9754-6d6f9df12587,2020-10-06,1,-0,99.905,99.907,5.486,395.6,93.1,23.85,6,5
TeamA-74afe68c-f348-414c-9754-6d6f9df12587,2020-10-08,1,-0,117.022,117.023,6.482,325.1,69,23.25,13,23
TeamA-74afe68c-f348-414c-9754-6d6f9df12587,2020-10-10,1,-0,93.837,93.838,5.053,694.3,422.2,26.18,12,19
TeamA-74afe68c-f348-414c-9754-6d6f9df12587,2020-10-12,1,-0,81.353,81.355,4.323,224,12.5,20.53,8,7
TeamA-74afe68c-f348-414c-9754-6d6f9df12587,2020-10-13,1,-0,98.417,98.418,5.336,122.7,10.9,21.08,5,19
TeamA-74afe68c-f348-414c-9754-6d6f9df12587,2020-10-14,1,-0,125.47,125.472,7.76,816.4,357.6,26.87,8,18
TeamA-74afe68c-f348-414c-9754-6d6f9df12587,2020-10-15,1,-0,94.738,94.74,4.661,110.2,4,20.73,5,8
TeamA-74afe68c-f348-414c-9754-6d6f9df12587,2020-10-17,1,-0,60.605,60.607,3.445,347.3,91.5,24.47,5,11
TeamA-74afe68c-f348-414c-9754-6d6f9df12587,2020-10-19,1,-0,71.872,71.873,4.287,75.4,5.3,21.67,10,8
TeamA-74afe68c-f348-414c-9754-6d6f9df12587,2020-10-20,1,-0,75.405,75.407,3.857,37,0,19.52,1,1
TeamA-74afe68c-f348-414c-9754-6d6f9df12587,2020-10-21,1,-0,92.417,92.418,5.197,256.2,24.2,21.56,5,12
TeamA-74afe68c-f348-414c-9754-6d6f9df12587,2020-10-22,1,-0,102.005,102.007,7.045,589.3,106.3,26.08,9,9
TeamA-74afe68c-f348-414c-9754-6d6f9df12587,2020-10-23,1,-0,103.903,103.905,5.773,445,191.2,26.55,4,12
TeamA-74afe68c-f348-414c-9754-6d6f9df12587,2020-10-26,1,-0,81.388,81.39,4.27,149.8,24.5,23.56,4,7
TeamA-74afe68c-f348-414c-9754-6d6f9df12587,2020-10-27,1,-0,108.522,108.523,5.41,246.6,19.7,22.46,11,15
TeamA-74afe68c-f348-414c-9754-6d6f9df12587,2020-10-28,1,-0,98.387,98.388,7.169,667.5,180.3,23.85,6,17
TeamA-74afe68c-f348-414c-9754-6d6f9df12587,2020-10-29,1,-0,104.872,104.873,4.616,92,7.9,20.75,7,3
TeamA-74afe68c-f348-414c-9754-6d6f9df12587,2020-10-31,1,-0,91.337,91.338,4.976,300.5,52.6,23.79,9,17
TeamA-74afe68c-f348-414c-9754-6d6f9df12587,2020-11-01,1,-0,175.023,175.025,5.373,881.5,454.8,25.28,9,14
TeamA-74afe68c-f348-414c-9754-6d6f9df12587,2020-11-02,1,-0,91.678,91.68,5.16,210,17.5,22.54,9,7
TeamA-74afe68c-f348-414c-9754-6d6f9df12587,2020-11-04,1,-0,114.582,114.583,8.555,710.5,165.5,25.44,5,18
TeamA-74afe68c-f348-414c-9754-6d6f9df12587,2020-11-06,1,-0,92.883,92.885,4.313,305.5,107.4,25.47,3,11
TeamA-74afe68c-f348-414c-9754-6d6f9df12587,2020-11-07,1,-0,201.262,201.263,8.835,732,290.1,25.24,8,21
TeamA-74afe68c-f348-414c-9754-6d6f9df12587,2020-11-09,1,-0,88.555,88.557,3.975,121.6,9.3,21.32,6,3
TeamA-74afe68c-f348-414c-9754-6d6f9df12587,2020-11-11,1,-0,97.74,97.742,5.483,294.3,42.6,22.75,5,5
TeamA-74afe68c-f348-414c-9754-6d6f9df12587,2020-11-13,1,-0,99.522,99.523,4.807,378.3,121,27.09,3,7
TeamA-74afe68c-f348-414c-9754-6d6f9df12587,2020-11-14,1,-0,58.833,58.835,3.385,359,140.2,27.37,2,8
TeamA-74afe68c-f348-414c-9754-6d6f9df12587,2020-11-17,1,-0,80.905,80.907,4.884,180.3,6.3,20.78,5,9
TeamA-74afe68c-f348-414c-9754-6d6f9df12587,2020-11-20,1,-0,69.122,69.123,4.42,277.7,19.5,21.17,4,12
TeamA-74afe68c-f348-414c-9754-6d6f9df12587,2020-11-23,1,-0,75.622,75.623,4.108,269.2,41.5,22.67,9,13
TeamA-74afe68c-f348-414c-9754-6d6f9df12587,2020-11-27,1,-0,85.23,85.232,4.649,464.2,162.5,24.85,6,10
TeamA-74afe68c-f348-414c-9754-6d6f9df12587,2020-11-30,1,-0,90.355,90.357,4.282,341.6,107.9,25.32,12,14
TeamA-74afe68c-f348-414c-9754-6d6f9df12587,2020-12-03,1,-0,77.798,77.8,3.853,237.3,21.2,22.94,9,9
TeamA-74afe68c-f348-414c-9754-6d6f9df12587,2020-12-05,1,-0,81.158,81.16,4.348,387.4,133.4,26.32,11,16
TeamA-74afe68c-f348-414c-9754-6d6f9df12587,2020-12-06,1,-0,176.072,176.073,5.885,622.3,324.5,24.71,14,18
TeamA-74afe68c-f348-414c-9754-6d6f9df12587,2021-02-01,1,-0,95.923,95.925,4.887,251.7,92,21.76,13,12
TeamA-74afe68c-f348-414c-9754-6d6f9df12587,2021-02-08,1,-0,89.055,89.057,5.409,349.6,50.9,22.18,6,14
TeamA-74afe68c-f348-414c-9754-6d6f9df12587,2021-02-15,1,-0,99.422,99.423,5.694,398.1,66.1,22.66,10,16
TeamA-74afe68c-f348-414c-9754-6d6f9df12587,2021-02-19,1,-0,80.553,80.555,3.621,347.6,137,25.09,1,5
TeamA-74afe68c-f348-414c-9754-6d6f9df12587,2021-02-20,1,-0,121.52,121.522,9.979,1515.8,386.3,24.13,6,10
TeamA-74afe68c-f348-414c-9754-6d6f9df12587,2021-02-22,1,-0,76.972,76.973,4.416,172.3,31.6,23.02,4,12
TeamA-74afe68c-f348-414c-9754-6d6f9df12587,2021-02-25,1,-0,126.005,126.007,8.312,568.1,112.2,24.7,4,17
TeamA-74afe68c-f348-414c-9754-6d6f9df12587,2021-03-01,1,-0,80.322,80.323,4.763,248.9,24.2,23.07,5,11
TeamA-74afe68c-f348-414c-9754-6d6f9df12587,2021-03-12,1,-0,114.94,114.942,9.378,1110.5,207.5,26.92,4,21
TeamA-74afe68c-f348-414c-9754-6d6f9df12587,2021-03-15,1,-0,93.072,93.073,4.923,281.5,36.7,21.25,5,15
TeamA-74afe68c-f348-414c-9754-6d6f9df12587,2021-09-27,1,2e-4,80.627,80.608,3.102,180.4,0,19,4,13
TeamA-74afe68c-f348-414c-9754-6d6f9df12587,2021-11-16,1,3e-4,77.103,77.082,4.647,68,2.3,19.7,2,7
TeamA-78f2ae2c-caf7-47eb-9e84-521f7820182e,2020-06-01,1,-0,122.922,122.923,6.912,274.8,66.1,24.24,9,16
TeamA-78f2ae2c-caf7-47eb-9e84-521f7820182e,2020-06-02,1,-0,119.987,119.988,6.231,311.1,46.5,24.3,13,25
TeamA-78f2ae2c-caf7-47eb-9e84-521f7820182e,2020-06-03,1,-0,133.887,133.888,9.688,1413.7,451.1,26.13,18,18
TeamA-78f2ae2c-caf7-47eb-9e84-521f7820182e,2020-06-04,1,-0,103.988,103.99,4.224,463.8,121,22.97,8,6
TeamA-78f2ae2c-caf7-47eb-9e84-521f7820182e,2020-06-05,1,-0,108.737,108.738,5.759,516.7,180.6,23.69,13,20
TeamA-78f2ae2c-caf7-47eb-9e84-521f7820182e,2020-06-06,1,-0,126.903,126.905,9.062,1106.8,303.8,27.13,20,21
TeamA-78f2ae2c-caf7-47eb-9e84-521f7820182e,2020-06-08,1,-0,128.572,128.573,7.493,208.2,38.7,21.96,21,19
TeamA-78f2ae2c-caf7-47eb-9e84-521f7820182e,2020-06-09,1,-0,125.637,125.638,6.959,360.2,90,26.8,10,21
TeamA-78f2ae2c-caf7-47eb-9e84-521f7820182e,2020-06-10,1,-0,147.337,147.338,9.857,1275.5,279.6,23.76,17,20
TeamA-78f2ae2c-caf7-47eb-9e84-521f7820182e,2020-06-11,1,-0,84.055,84.057,3.78,407.7,126.7,25.15,0,9
TeamA-78f2ae2c-caf7-47eb-9e84-521f7820182e,2020-06-12,1,-0,115.488,115.49,4.497,632.6,230.3,26.05,7,10
TeamA-78f2ae2c-caf7-47eb-9e84-521f7820182e,2020-06-13,1,-0,147.057,147.058,10.409,1469.3,486,26.96,17,20
TeamA-78f2ae2c-caf7-47eb-9e84-521f7820182e,2020-06-15,1,-0,330.905,330.907,6.852,288.5,41.2,22.6,8,9
TeamA-78f2ae2c-caf7-47eb-9e84-521f7820182e,2020-06-16,1,-0,137.337,137.338,9.251,379.7,63.8,22.37,7,18
TeamA-78f2ae2c-caf7-47eb-9e84-521f7820182e,2020-06-17,1,-0,126.04,126.042,7.427,1215.1,482.9,26.18,2,17
TeamA-78f2ae2c-caf7-47eb-9e84-521f7820182e,2020-06-19,1,-0,83.038,83.04,3.504,240.4,55.1,23.69,13,11
TeamA-78f2ae2c-caf7-47eb-9e84-521f7820182e,2020-06-20,1,-0,268.522,268.523,16.378,3573.4,2159,35.83,17,25
TeamA-78f2ae2c-caf7-47eb-9e84-521f7820182e,2020-06-22,1,-0,100.903,100.905,5.804,239.1,13.2,20.43,11,11
TeamA-78f2ae2c-caf7-47eb-9e84-521f7820182e,2020-06-23,1,-0,145.89,145.892,7.098,334.1,178.2,26.19,6,8
TeamA-78f2ae2c-caf7-47eb-9e84-521f7820182e,2020-06-24,1,-0,137.403,137.405,8.319,986,305,26.17,11,20
TeamA-78f2ae2c-caf7-47eb-9e84-521f7820182e,2020-06-26,1,-0,94.997,94.998,3.535,367.7,114.3,25.92,4,10
TeamA-78f2ae2c-caf7-47eb-9e84-521f7820182e,2020-06-27,1,-0,158.538,158.54,12.579,1275.8,370.2,26.1,14,16
TeamA-78f2ae2c-caf7-47eb-9e84-521f7820182e,2020-06-29,1,-0,136.39,136.392,4.279,255,92.3,25.96,12,19
TeamA-78f2ae2c-caf7-47eb-9e84-521f7820182e,2020-06-30,1,-0,118.038,118.04,8.654,1210.3,271.6,24.04,11,17
TeamA-78f2ae2c-caf7-47eb-9e84-521f7820182e,2020-07-02,1,-0,74.088,74.09,2.84,313.6,145.9,24.99,8,9
TeamA-78f2ae2c-caf7-47eb-9e84-521f7820182e,2020-07-03,1,-0,167.14,167.142,13.73,1500.2,395.5,26.26,14,22
TeamA-78f2ae2c-caf7-47eb-9e84-521f7820182e,2020-07-06,1,-0,90.483,90.485,5.395,120.6,11.7,21.89,8,10
TeamA-78f2ae2c-caf7-47eb-9e84-521f7820182e,2020-07-07,1,-0,111.502,111.503,6.12,230.2,6.9,20.83,14,26
TeamA-78f2ae2c-caf7-47eb-9e84-521f7820182e,2020-07-08,1,-0,115.04,115.042,7.967,1013.6,303.6,25.36,6,7
TeamA-78f2ae2c-caf7-47eb-9e84-521f7820182e,2020-07-10,1,-0,77.088,77.09,2.669,256.5,97.6,25.83,1,9
TeamA-78f2ae2c-caf7-47eb-9e84-521f7820182e,2020-07-11,1,-0,165.423,165.425,13.461,1398.8,410.1,27.98,10,22
TeamA-78f2ae2c-caf7-47eb-9e84-521f7820182e,2020-07-13,1,-0,77.338,77.34,3.326,58.1,5.9,22.06,10,12
TeamA-78f2ae2c-caf7-47eb-9e84-521f7820182e,2020-07-14,1,-0,123.887,123.888,7.433,420,79.5,24.89,17,32
TeamA-78f2ae2c-caf7-47eb-9e84-521f7820182e,2020-07-15,1,-0,131.188,131.19,6.51,946.2,358.8,25.65,11,13
TeamA-78f2ae2c-caf7-47eb-9e84-521f7820182e,2020-07-16,1,-0,114.788,114.79,4.633,418.8,143,24.3,11,18
TeamA-78f2ae2c-caf7-47eb-9e84-521f7820182e,2020-07-18,1,-0,69.847,69.848,2.574,329,96.8,25.11,5,6
TeamA-78f2ae2c-caf7-47eb-9e84-521f7820182e,2020-07-19,1,-0,165.802,165.803,12.514,1171.5,337.2,26.49,16,25
TeamA-78f2ae2c-caf7-47eb-9e84-521f7820182e,2020-07-21,1,-0,87.05,87.052,4.448,164.1,6.9,21.02,5,8
TeamA-78f2ae2c-caf7-47eb-9e84-521f7820182e,2020-07-22,1,-0,110.69,110.692,7.092,771.4,263.7,26.37,6,13
TeamA-78f2ae2c-caf7-47eb-9e84-521f7820182e,2020-07-25,1,-0,171.022,171.023,14.394,1426.3,444.3,26.9,16,30
TeamA-78f2ae2c-caf7-47eb-9e84-521f7820182e,2020-07-29,1,-0,128.148,128.15,7.982,278.3,11.3,20.9,9,21
TeamA-78f2ae2c-caf7-47eb-9e84-521f7820182e,2020-07-30,1,-0,112.372,112.373,6.869,1014.2,396.2,27.27,7,16
TeamA-78f2ae2c-caf7-47eb-9e84-521f7820182e,2020-08-01,1,-0,87.437,87.438,3.297,265.9,110.7,25.1,6,7
TeamA-78f2ae2c-caf7-47eb-9e84-521f7820182e,2020-08-02,1,-0,175.053,175.055,12.955,1316.3,369.2,27.67,13,15
TeamA-78f2ae2c-caf7-47eb-9e84-521f7820182e,2020-08-03,1,-0,43.367,43.368,2.104,20.8,2.3,20.56,3,4
TeamA-78f2ae2c-caf7-47eb-9e84-521f7820182e,2020-08-05,1,-0,106.138,106.14,5.361,295.6,42.2,21.93,4,7
TeamA-78f2ae2c-caf7-47eb-9e84-521f7820182e,2020-08-06,1,-0,97.903,97.905,3.718,67.9,2.3,19.89,10,7
TeamA-78f2ae2c-caf7-47eb-9e84-521f7820182e,2020-08-07,1,-0,62.607,62.608,2.727,252.8,72.8,23.95,8,9
TeamA-78f2ae2c-caf7-47eb-9e84-521f7820182e,2020-08-11,1,-0,88.155,88.157,5.348,108.4,8.6,21,7,10
TeamA-78f2ae2c-caf7-47eb-9e84-521f7820182e,2020-08-12,1,-0,124.82,124.822,6.674,695.9,186,26.2,14,10
TeamA-78f2ae2c-caf7-47eb-9e84-521f7820182e,2020-08-15,1,-0,87.005,87.007,4.144,449.4,197.2,27.03,7,8
TeamA-78f2ae2c-caf7-47eb-9e84-521f7820182e,2020-08-16,1,-0,180.617,180.618,14.139,1305.9,366.8,27.14,12,25
TeamA-78f2ae2c-caf7-47eb-9e84-521f7820182e,2020-08-17,1,-0,77.683,77.685,2.48,0,0,15.3,3,3
TeamA-78f2ae2c-caf7-47eb-9e84-521f7820182e,2020-08-19,1,-0,110.432,110.433,6.056,196,39,25.12,7,18
TeamA-78f2ae2c-caf7-47eb-9e84-521f7820182e,2020-08-20,1,-0,83.09,83.092,4.185,301.7,92.2,24.28,3,18
TeamA-78f2ae2c-caf7-47eb-9e84-521f7820182e,2020-08-21,1,-0,59.838,59.84,2.569,303.8,114.3,24.75,7,6
TeamA-78f2ae2c-caf7-47eb-9e84-521f7820182e,2020-08-22,1,-0,185.455,185.457,13.166,1119.5,262.2,26.07,11,19
TeamA-78f2ae2c-caf7-47eb-9e84-521f7820182e,2020-08-25,1,-0,56.485,56.487,3.517,110.8,25.1,23.6,7,8
TeamA-78f2ae2c-caf7-47eb-9e84-521f7820182e,2020-08-26,1,-0,164.905,164.907,13.081,1325.9,443.4,26.47,10,17
TeamA-78f2ae2c-caf7-47eb-9e84-521f7820182e,2020-08-29,1,-0,52.838,52.84,2.183,221.1,64.5,24.09,5,7
TeamA-78f2ae2c-caf7-47eb-9e84-521f7820182e,2020-08-30,1,-0,117.248,117.25,10.161,821.9,182.5,26.31,15,18
TeamA-78f2ae2c-caf7-47eb-9e84-521f7820182e,2020-09-01,1,-0,72.205,72.207,3.537,193.8,50.5,22.87,7,8
TeamA-78f2ae2c-caf7-47eb-9e84-521f7820182e,2020-09-02,1,-0,96.533,96.535,5.747,269.4,69.3,26.98,12,5
TeamA-78f2ae2c-caf7-47eb-9e84-521f7820182e,2020-09-03,1,-0,98.405,98.407,5.285,375.3,66.7,23.21,7,10
TeamA-78f2ae2c-caf7-47eb-9e84-521f7820182e,2020-09-04,1,-0,59.205,59.207,2.413,203.4,35.8,23.04,3,4
TeamA-78f2ae2c-caf7-47eb-9e84-521f7820182e,2020-09-05,1,-0,188.338,188.34,0.521,0,0,6.97,0,0
TeamA-78f2ae2c-caf7-47eb-9e84-521f7820182e,2020-09-07,1,-0,38.52,38.522,2.733,19.3,0,16.89,1,1
TeamA-78f2ae2c-caf7-47eb-9e84-521f7820182e,2020-09-08,1,-0,81.47,81.472,5.028,457,175.3,24.57,7,17
TeamA-78f2ae2c-caf7-47eb-9e84-521f7820182e,2020-09-09,1,-0,95.295,95.297,6.444,398.3,98.3,24.33,15,17
TeamA-78f2ae2c-caf7-47eb-9e84-521f7820182e,2020-09-11,1,-0,62.487,62.488,3.672,496.4,160.9,23.64,10,11
TeamA-78f2ae2c-caf7-47eb-9e84-521f7820182e,2020-09-12,1,-0,163.105,163.107,13.118,1272.7,358.9,27.26,14,16
TeamA-78f2ae2c-caf7-47eb-9e84-521f7820182e,2020-09-14,1,-0,59.987,59.988,2.67,84.5,7.9,20.17,9,9
TeamA-78f2ae2c-caf7-47eb-9e84-521f7820182e,2020-09-15,1,-0,93.835,93.837,4.682,91.4,1.2,19.33,7,17
TeamA-78f2ae2c-caf7-47eb-9e84-521f7820182e,2020-09-16,1,-0,123.922,123.923,7.488,505.7,195.3,25.31,10,18
TeamA-78f2ae2c-caf7-47eb-9e84-521f7820182e,2020-09-21,1,-0,59.57,59.572,4.232,479.2,238.3,24.81,15,11
TeamA-78f2ae2c-caf7-47eb-9e84-521f7820182e,2020-09-22,1,-0,103.638,103.64,4.829,129.9,23.4,22.24,14,9
TeamA-78f2ae2c-caf7-47eb-9e84-521f7820182e,2020-09-23,1,-0,112.388,112.39,6.816,433.9,92.1,24.48,20,13
TeamA-78f2ae2c-caf7-47eb-9e84-521f7820182e,2020-09-26,1,-0,124.595,124.597,9.807,626.4,186.9,25.3,8,4
TeamA-78f2ae2c-caf7-47eb-9e84-521f7820182e,2020-09-28,1,-0,80.687,80.688,2.805,35.6,0,19.69,3,5
TeamA-78f2ae2c-caf7-47eb-9e84-521f7820182e,2020-09-29,1,-0,98.005,98.007,5.313,148.2,6.2,20.21,17,11
TeamA-78f2ae2c-caf7-47eb-9e84-521f7820182e,2020-09-30,1,-0,114.388,114.39,6.934,531.1,180.7,27.26,9,13
TeamA-78f2ae2c-caf7-47eb-9e84-521f7820182e,2020-10-01,1,-0,97.588,97.59,4.794,100.9,40.8,25.4,8,20
TeamA-78f2ae2c-caf7-47eb-9e84-521f7820182e,2020-10-03,1,-0,75.01,75.012,3.083,193.9,67,23.12,10,7
TeamA-78f2ae2c-caf7-47eb-9e84-521f7820182e,2020-10-04,1,-0,162.038,162.04,12.116,834.8,254.3,25.81,17,23
TeamA-78f2ae2c-caf7-47eb-9e84-521f7820182e,2020-10-05,1,-0,67.885,67.887,4.015,36.3,3.4,20.25,8,6
TeamA-78f2ae2c-caf7-47eb-9e84-521f7820182e,2020-10-06,1,-0,62.872,62.873,3.491,150.7,22.6,22.15,8,5
TeamA-78f2ae2c-caf7-47eb-9e84-521f7820182e,2020-10-07,1,-0,122.74,122.742,10.227,823.3,224.7,24.46,10,10
TeamA-78f2ae2c-caf7-47eb-9e84-521f7820182e,2020-10-12,1,-0,74.523,74.525,4.448,220.6,36.9,22.14,7,17
TeamA-78f2ae2c-caf7-47eb-9e84-521f7820182e,2020-10-13,1,-0,97.588,97.59,6.12,117.7,0.6,19.86,9,22
TeamA-78f2ae2c-caf7-47eb-9e84-521f7820182e,2020-10-14,1,-0,112.088,112.09,7.598,866.7,263,27.06,12,12
TeamA-78f2ae2c-caf7-47eb-9e84-521f7820182e,2020-10-15,1,-0,83.988,83.99,3.845,146.7,12.7,21.81,6,11
TeamA-78f2ae2c-caf7-47eb-9e84-521f7820182e,2020-10-17,1,-0,389.588,389.59,6.932,2783.2,2135.3,35.96,6,8
TeamA-78f2ae2c-caf7-47eb-9e84-521f7820182e,2020-10-18,1,-0,82.975,82.977,7.236,776.6,192.6,24.69,8,17
TeamA-78f2ae2c-caf7-47eb-9e84-521f7820182e,2020-10-20,1,-0,65.055,65.057,4.016,66.7,1.1,18.76,11,7
TeamA-78f2ae2c-caf7-47eb-9e84-521f7820182e,2020-10-21,1,-0,85.65,85.652,5.312,201.9,35.6,24.68,16,17
TeamA-78f2ae2c-caf7-47eb-9e84-521f7820182e,2020-10-22,1,-0,102.275,102.277,7.535,661.1,94.2,24.51,19,17
TeamA-78f2ae2c-caf7-47eb-9e84-521f7820182e,2020-10-26,1,-0,62.905,62.907,3.858,220.8,21.9,21.23,10,6
TeamA-78f2ae2c-caf7-47eb-9e84-521f7820182e,2020-10-27,1,-0,69.388,69.39,3.379,329.7,136.5,24.91,9,17
TeamA-78f2ae2c-caf7-47eb-9e84-521f7820182e,2020-10-28,1,-0,102.92,102.922,6.937,557.5,119.1,23.97,5,15
TeamA-78f2ae2c-caf7-47eb-9e84-521f7820182e,2020-10-29,1,-0,94.938,94.94,5.153,65.1,0,18.81,12,8
TeamA-78f2ae2c-caf7-47eb-9e84-521f7820182e,2020-10-31,1,-0,75.723,75.725,4.609,227.1,23.2,23.04,9,9
TeamA-78f2ae2c-caf7-47eb-9e84-521f7820182e,2020-11-01,1,-0,173.947,173.948,13.011,1283.8,424.1,25.59,18,29
TeamA-78f2ae2c-caf7-47eb-9e84-521f7820182e,2020-11-02,1,3e-4,64.308,64.292,2.661,49.4,0,18.78,7,4
TeamA-78f2ae2c-caf7-47eb-9e84-521f7820182e,2020-11-04,1,-0,99.838,99.84,7.39,608,156.7,23.52,9,15
TeamA-78f2ae2c-caf7-47eb-9e84-521f7820182e,2020-11-06,1,-0,65.903,65.905,2.938,243.8,79.4,24.53,9,9
TeamA-78f2ae2c-caf7-47eb-9e84-521f7820182e,2020-11-07,1,-0,134.922,134.923,10.843,1098.5,319.4,25.58,15,14
TeamA-78f2ae2c-caf7-47eb-9e84-521f7820182e,2020-11-09,1,-0,85.057,85.058,3.622,76.7,0,19.24,5,12
TeamA-78f2ae2c-caf7-47eb-9e84-521f7820182e,2020-11-13,1,2e-4,90.005,89.988,4.084,309.6,88.1,24.18,9,23
TeamA-78f2ae2c-caf7-47eb-9e84-521f7820182e,2020-11-14,1,-0,43.527,43.528,1.565,145.8,51.7,26.68,5,12
TeamA-78f2ae2c-caf7-47eb-9e84-521f7820182e,2020-11-17,1,-0,75.372,75.373,3.918,167.4,14,22.31,6,9
TeamA-78f2ae2c-caf7-47eb-9e84-521f7820182e,2020-11-20,1,-0,70.988,70.99,4.481,165.1,11,21.01,6,3
TeamA-78f2ae2c-caf7-47eb-9e84-521f7820182e,2020-11-23,1,-0,79.24,79.242,4.802,266.7,62.1,23.08,9,4
TeamA-78f2ae2c-caf7-47eb-9e84-521f7820182e,2020-11-27,1,-0,84.872,84.873,4.736,426.8,80.7,24.55,7,14
TeamA-78f2ae2c-caf7-47eb-9e84-521f7820182e,2020-11-30,1,2e-4,77.422,77.405,3.557,224.7,76.9,23.39,8,13
TeamA-78f2ae2c-caf7-47eb-9e84-521f7820182e,2020-12-03,1,2e-4,70.388,70.372,4.123,158.8,18.5,22.91,11,4
TeamA-78f2ae2c-caf7-47eb-9e84-521f7820182e,2020-12-06,1,-0,132.488,132.49,10.203,846.7,261.6,27.6,11,9
TeamA-78f2ae2c-caf7-47eb-9e84-521f7820182e,2021-02-01,1,-0,85.897,85.898,5.383,163.7,18.8,20.69,10,9
TeamA-78f2ae2c-caf7-47eb-9e84-521f7820182e,2021-02-08,1,-0,82.372,82.373,5.863,452.2,64.5,22.86,10,14
TeamA-78f2ae2c-caf7-47eb-9e84-521f7820182e,2021-02-15,1,-0,92.357,92.358,5.86,381.1,66.7,25.28,8,16
TeamA-78f2ae2c-caf7-47eb-9e84-521f7820182e,2021-02-18,1,-0,76.125,76.127,2.924,80.1,8.6,23.28,6,7
TeamA-78f2ae2c-caf7-47eb-9e84-521f7820182e,2021-02-19,1,-0,70.208,70.21,3.259,331.9,124.5,25.98,14,9
TeamA-78f2ae2c-caf7-47eb-9e84-521f7820182e,2021-02-20,1,-0,123.1,123.102,9.377,1532,575.2,26.81,9,27
TeamA-78f2ae2c-caf7-47eb-9e84-521f7820182e,2021-02-22,1,-0,68.905,68.907,4.187,178,75.9,26.52,10,12
TeamA-78f2ae2c-caf7-47eb-9e84-521f7820182e,2021-02-25,1,-0,107.395,107.397,6.392,312.9,104.4,25.11,8,16
TeamA-78f2ae2c-caf7-47eb-9e84-521f7820182e,2021-03-01,1,2e-4,77.17,77.153,5.261,232.3,20.6,20.77,11,12
TeamA-78f2ae2c-caf7-47eb-9e84-521f7820182e,2021-03-12,1,-0,104.423,104.425,8.995,1401.6,410.8,26.87,13,21
TeamA-78f2ae2c-caf7-47eb-9e84-521f7820182e,2021-03-15,1,-0,90.757,90.758,5.537,211.6,32.4,23.24,4,16
TeamA-78f2ae2c-caf7-47eb-9e84-521f7820182e,2021-03-19,1,-0,113.337,113.338,9.608,1271.3,392.2,27.12,12,23
TeamA-78f2ae2c-caf7-47eb-9e84-521f7820182e,2021-03-22,1,-0,87.24,87.242,5.145,354.8,67.7,23.07,12,13
TeamA-78f2ae2c-caf7-47eb-9e84-521f7820182e,2021-03-23,1,1e-4,120.99,120.973,5.151,232.3,61.9,25.08,5,13
TeamA-78f2ae2c-caf7-47eb-9e84-521f7820182e,2021-03-24,1,-0,108.837,108.838,6.831,577.8,110.4,23.2,15,21
TeamA-78f2ae2c-caf7-47eb-9e84-521f7820182e,2021-03-26,1,-0,86.333,86.335,4.171,501.2,327.5,25.5,7,14
TeamA-78f2ae2c-caf7-47eb-9e84-521f7820182e,2021-03-27,1,2e-4,107.848,107.83,10.082,1322.8,342.1,25.57,13,16
TeamA-78f2ae2c-caf7-47eb-9e84-521f7820182e,2021-03-30,1,-0,87.205,87.207,5.051,173,16.2,22.15,11,14
TeamA-78f2ae2c-caf7-47eb-9e84-521f7820182e,2021-04-05,1,3e-4,69.823,69.805,5.049,118.8,10.7,21.96,15,6
TeamA-78f2ae2c-caf7-47eb-9e84-521f7820182e,2021-04-06,1,-0,96.503,96.505,5.859,129.3,8.6,21.02,8,9
TeamA-78f2ae2c-caf7-47eb-9e84-521f7820182e,2021-04-07,1,-0,97.602,97.603,5.913,436.7,61.4,22.26,12,16
TeamA-78f2ae2c-caf7-47eb-9e84-521f7820182e,2021-04-08,1,-0,101.422,101.423,5.067,520.4,209.1,25.53,6,24
TeamA-78f2ae2c-caf7-47eb-9e84-521f7820182e,2021-04-09,1,-0,95.388,95.39,5.301,260,82.8,22.69,8,10
TeamA-78f2ae2c-caf7-47eb-9e84-521f7820182e,2021-04-10,1,-0,63.388,63.39,2.73,846.4,606.7,26.49,39,37
TeamA-78f2ae2c-caf7-47eb-9e84-521f7820182e,2021-04-12,1,-0,115.353,115.355,6.624,403.8,58.7,23.12,12,11
TeamA-78f2ae2c-caf7-47eb-9e84-521f7820182e,2021-04-13,1,2e-4,109.248,109.225,5.807,283.8,43.9,22.98,7,16
TeamA-78f2ae2c-caf7-47eb-9e84-521f7820182e,2021-04-14,1,-0,114.688,114.69,7.05,739.4,362.1,26.8,9,22
TeamA-78f2ae2c-caf7-47eb-9e84-521f7820182e,2021-04-16,1,-0,76.855,76.857,2.974,217.2,60.6,25.19,5,5
TeamA-78f2ae2c-caf7-47eb-9e84-521f7820182e,2021-04-17,1,-0,162.888,162.89,13.69,1467.3,459.1,26.55,17,26
TeamA-78f2ae2c-caf7-47eb-9e84-521f7820182e,2021-04-21,1,-0,94.905,94.907,5.371,420.8,108.2,23.57,8,5
TeamA-78f2ae2c-caf7-47eb-9e84-521f7820182e,2021-04-22,1,-0,93.517,93.518,4.787,348.4,118.6,26.68,10,15
TeamA-78f2ae2c-caf7-47eb-9e84-521f7820182e,2021-04-23,1,-0,155.405,155.407,14.347,1976.6,625.3,25.4,18,20
TeamA-78f2ae2c-caf7-47eb-9e84-521f7820182e,2021-04-26,1,-0,141.023,141.025,7.661,1040.9,700.6,35.45,12,26
TeamA-78f2ae2c-caf7-47eb-9e84-521f7820182e,2021-04-27,1,-0,87.403,87.405,4.778,294.7,77,23.66,8,7
TeamA-78f2ae2c-caf7-47eb-9e84-521f7820182e,2021-04-28,1,-0,124.957,124.958,7.071,667,225.8,25.52,12,19
TeamA-78f2ae2c-caf7-47eb-9e84-521f7820182e,2021-04-30,1,-0,87.288,87.29,3.348,376.3,157,24.36,13,6
TeamA-78f2ae2c-caf7-47eb-9e84-521f7820182e,2021-05-01,1,1e-4,157.157,157.138,14.264,1943.5,688.4,26.66,13,24
TeamA-78f2ae2c-caf7-47eb-9e84-521f7820182e,2021-05-03,1,-0,95.997,95.998,2.441,21.5,0,18.49,2,6
TeamA-78f2ae2c-caf7-47eb-9e84-521f7820182e,2021-05-04,1,3e-4,52.903,52.885,3.09,276.2,140.9,24.53,6,6
TeamA-78f2ae2c-caf7-47eb-9e84-521f7820182e,2021-05-05,1,-0,163.723,163.725,13.615,1295.7,415.6,26.91,13,11
TeamA-78f2ae2c-caf7-47eb-9e84-521f7820182e,2021-05-10,1,2e-4,112.738,112.718,4.912,257.3,34.4,23.61,12,12
TeamA-78f2ae2c-caf7-47eb-9e84-521f7820182e,2021-05-11,1,2e-4,100.472,100.452,4.918,162.2,24.9,21.61,9,16
TeamA-78f2ae2c-caf7-47eb-9e84-521f7820182e,2021-05-14,1,-0,104.532,104.533,3.068,192.3,47.3,22.02,13,7
TeamA-78f2ae2c-caf7-47eb-9e84-521f7820182e,2021-05-15,1,-0,159.5,159.502,14.077,1374.5,446.6,26.77,18,28
TeamA-78f2ae2c-caf7-47eb-9e84-521f7820182e,2021-05-17,1,-0,108.388,108.39,3.137,83.6,6.3,21.08,7,9
TeamA-78f2ae2c-caf7-47eb-9e84-521f7820182e,2021-05-18,1,-0,94.47,94.472,5.057,298.9,109.3,22.99,5,12
TeamA-78f2ae2c-caf7-47eb-9e84-521f7820182e,2021-05-19,1,-0,93.022,93.023,7.346,1129.9,378.4,26.32,9,12
TeamA-78f2ae2c-caf7-47eb-9e84-521f7820182e,2021-05-21,1,-0,95.35,95.352,3.075,258.2,60.3,23.8,12,7
TeamA-78f2ae2c-caf7-47eb-9e84-521f7820182e,2021-05-22,1,-0,160.005,160.007,13.444,1533.2,428.1,25.26,8,15
TeamA-78f2ae2c-caf7-47eb-9e84-521f7820182e,2021-05-24,1,-0,63.023,63.025,1.971,17.5,0,18.12,4,9
TeamA-78f2ae2c-caf7-47eb-9e84-521f7820182e,2021-05-25,1,-0,108.99,108.992,4.964,240.7,41.6,22.6,17,19
TeamA-78f2ae2c-caf7-47eb-9e84-521f7820182e,2021-05-26,1,-0,61.608,61.61,1.845,21,0,17.44,10,5
TeamA-78f2ae2c-caf7-47eb-9e84-521f7820182e,2021-05-28,1,-0,68.007,68.008,3.558,450.4,164.9,26.16,10,3
TeamA-78f2ae2c-caf7-47eb-9e84-521f7820182e,2021-05-29,1,-0,174.605,174.607,13.624,1447.8,536.6,26.77,15,35
TeamA-78f2ae2c-caf7-47eb-9e84-521f7820182e,2021-05-31,1,-0,86.903,86.905,2.102,60.8,5.1,20.65,10,6
TeamA-78f2ae2c-caf7-47eb-9e84-521f7820182e,2021-06-01,1,2e-4,94.502,94.482,4.771,228.1,79.1,23.44,11,7
TeamA-78f2ae2c-caf7-47eb-9e84-521f7820182e,2021-06-02,1,1e-4,113.422,113.405,7.197,708.6,196.3,24.9,8,20
TeamA-78f2ae2c-caf7-47eb-9e84-521f7820182e,2021-06-04,1,-0,67.303,67.305,3.662,244.3,71.6,24.22,12,6
TeamA-78f2ae2c-caf7-47eb-9e84-521f7820182e,2021-06-05,1,-0,176.793,176.795,14.442,1793.8,624,26.85,24,17
TeamA-78f2ae2c-caf7-47eb-9e84-521f7820182e,2021-06-07,1,-0,97.922,97.923,2.542,50.8,1.7,19.5,5,5
TeamA-78f2ae2c-caf7-47eb-9e84-521f7820182e,2021-06-08,1,2e-4,87.872,87.855,5.097,199.2,36.5,24.2,6,12
TeamA-78f2ae2c-caf7-47eb-9e84-521f7820182e,2021-06-09,1,2e-4,97.137,97.118,6.653,647.3,228,26.14,9,11
TeamA-78f2ae2c-caf7-47eb-9e84-521f7820182e,2021-06-10,1,-0,85.588,85.59,4.073,296.3,77.4,25.09,5,15
TeamA-78f2ae2c-caf7-47eb-9e84-521f7820182e,2021-06-14,1,-0,108.837,108.838,5.21,309.1,67.8,24.6,6,6
TeamA-78f2ae2c-caf7-47eb-9e84-521f7820182e,2021-06-15,1,-0,99.623,99.625,5.352,204.5,29.5,23.47,7,10
TeamA-78f2ae2c-caf7-47eb-9e84-521f7820182e,2021-06-16,1,1e-4,121.872,121.855,10.214,1194,409.2,26.02,14,15
TeamA-78f2ae2c-caf7-47eb-9e84-521f7820182e,2021-06-18,1,-0,83.022,83.023,4.058,183.8,40.5,23.11,15,12
TeamA-78f2ae2c-caf7-47eb-9e84-521f7820182e,2021-06-19,1,-0,104.872,104.873,6.679,454.2,160.7,26.23,4,19
TeamA-78f2ae2c-caf7-47eb-9e84-521f7820182e,2021-06-21,1,3e-4,74.052,74.032,4.005,372.4,107.5,23.52,9,10
TeamA-78f2ae2c-caf7-47eb-9e84-521f7820182e,2021-06-22,1,1e-4,176.693,176.67,13.647,1310.6,434.6,28.08,11,26
TeamA-78f2ae2c-caf7-47eb-9e84-521f7820182e,2021-06-24,1,-0,78.97,78.972,3.602,32.1,5.1,20.59,5,5
TeamA-78f2ae2c-caf7-47eb-9e84-521f7820182e,2021-06-28,1,-0,56.433,56.435,2.632,39.2,6.9,21.08,3,1
TeamA-78f2ae2c-caf7-47eb-9e84-521f7820182e,2021-06-29,1,-0,83.622,83.623,4.103,364.5,154.5,25.49,8,8
TeamA-78f2ae2c-caf7-47eb-9e84-521f7820182e,2021-06-30,1,-0,182.292,182.293,13.838,1312.4,392.7,26.81,12,15
TeamA-78f2ae2c-caf7-47eb-9e84-521f7820182e,2021-07-02,1,-0,70.572,70.573,3.228,58.7,1.7,19.63,5,3
TeamA-78f2ae2c-caf7-47eb-9e84-521f7820182e,2021-07-03,1,-0,57.65,57.652,2.948,264.7,94.3,25.04,5,6
TeamA-78f2ae2c-caf7-47eb-9e84-521f7820182e,2021-07-04,1,1e-4,166.04,166.022,12.299,1121.4,382.8,26.37,17,24
TeamA-78f2ae2c-caf7-47eb-9e84-521f7820182e,2021-07-07,1,-0,94.687,94.688,4.728,186.6,49.2,24.3,9,6
TeamA-78f2ae2c-caf7-47eb-9e84-521f7820182e,2021-07-08,1,2e-4,82.005,81.988,4.152,191.4,39.5,22.04,12,6
TeamA-78f2ae2c-caf7-47eb-9e84-521f7820182e,2021-07-09,1,-0,57.52,57.522,2.78,185.9,43.1,22.76,5,10
TeamA-78f2ae2c-caf7-47eb-9e84-521f7820182e,2021-07-10,1,-0,172.502,172.503,13.763,1341.2,367.7,25.69,16,22
TeamA-78f2ae2c-caf7-47eb-9e84-521f7820182e,2021-07-12,1,-0,89.607,89.608,2.185,51.9,2.3,19.62,8,7
TeamA-78f2ae2c-caf7-47eb-9e84-521f7820182e,2021-07-13,1,0.0036,102.955,102.583,5.116,178.9,16.8,21.98,8,12
TeamA-78f2ae2c-caf7-47eb-9e84-521f7820182e,2021-07-14,1,2e-4,102.155,102.138,6.136,736.2,300.7,26.23,5,2
TeamA-78f2ae2c-caf7-47eb-9e84-521f7820182e,2021-07-16,1,-0,92.888,92.89,3.858,229.3,66.7,23.45,9,8
TeamA-78f2ae2c-caf7-47eb-9e84-521f7820182e,2021-07-17,1,1e-4,181.337,181.313,13.677,1058.7,202.6,23.84,17,23
TeamA-78f2ae2c-caf7-47eb-9e84-521f7820182e,2021-07-28,1,2e-4,79.695,79.678,4.297,174.1,20.4,22.69,8,7
TeamA-78f2ae2c-caf7-47eb-9e84-521f7820182e,2021-07-29,1,2e-4,99.422,99.405,4.812,283.6,49.8,23.34,12,7
TeamA-78f2ae2c-caf7-47eb-9e84-521f7820182e,2021-07-30,1,1e-4,176.805,176.785,14.567,1496.8,451.9,27.1,14,29
TeamA-78f2ae2c-caf7-47eb-9e84-521f7820182e,2021-08-02,1,1e-4,144.44,144.42,6.811,391.5,57,22.42,17,17
TeamA-78f2ae2c-caf7-47eb-9e84-521f7820182e,2021-08-03,1,2e-4,105.472,105.45,6.383,408.7,125,24.07,10,19
TeamA-78f2ae2c-caf7-47eb-9e84-521f7820182e,2021-08-04,1,-0,115.162,115.163,6.505,916.9,322.2,28.15,4,16
TeamA-78f2ae2c-caf7-47eb-9e84-521f7820182e,2021-08-06,1,2e-4,76.038,76.022,3.285,233.9,71.3,25.08,7,6
TeamA-78f2ae2c-caf7-47eb-9e84-521f7820182e,2021-08-07,1,1e-4,163.545,163.525,13.925,1255.4,357.1,23.91,20,24
TeamA-78f2ae2c-caf7-47eb-9e84-521f7820182e,2021-08-09,1,3e-4,75.405,75.385,1.967,83.3,4,20.16,2,6
TeamA-78f2ae2c-caf7-47eb-9e84-521f7820182e,2021-08-11,1,2e-4,103.05,103.032,6.61,458.8,175.6,26.37,24,21
TeamA-78f2ae2c-caf7-47eb-9e84-521f7820182e,2021-08-13,1,-0,76.588,76.59,3.768,247.2,51.8,23.83,5,11
TeamA-78f2ae2c-caf7-47eb-9e84-521f7820182e,2021-08-14,1,1e-4,166.815,166.793,13.988,1398.2,350.9,24.42,20,23
TeamA-78f2ae2c-caf7-47eb-9e84-521f7820182e,2021-08-16,1,-0,93.657,93.658,3.552,229.8,69.6,22.85,13,11
TeamA-78f2ae2c-caf7-47eb-9e84-521f7820182e,2021-08-17,1,-0,71.872,71.873,3.66,232.4,84.5,24.95,4,4
TeamA-78f2ae2c-caf7-47eb-9e84-521f7820182e,2021-08-18,1,-0,126.31,126.312,10.959,1008.6,316.5,26.28,18,16
TeamA-78f2ae2c-caf7-47eb-9e84-521f7820182e,2021-08-20,1,4e-4,71.553,71.527,4.371,207.8,41.7,22.89,2,12
TeamA-78f2ae2c-caf7-47eb-9e84-521f7820182e,2021-08-21,1,1e-4,204.505,204.483,17.376,2046.5,733.8,29.41,19,42
TeamA-78f2ae2c-caf7-47eb-9e84-521f7820182e,2021-08-23,1,-0,78.768,78.77,2.559,0,0,13.17,3,6
TeamA-78f2ae2c-caf7-47eb-9e84-521f7820182e,2021-08-24,1,3e-4,78.888,78.867,3.671,253.9,70.9,22.67,6,7
TeamA-78f2ae2c-caf7-47eb-9e84-521f7820182e,2021-08-25,1,1e-4,166.492,166.473,15.084,1445,508,26.52,22,19
TeamA-78f2ae2c-caf7-47eb-9e84-521f7820182e,2021-08-27,1,2e-4,83.487,83.47,3.558,317.4,91.6,24.65,7,11
TeamA-78f2ae2c-caf7-47eb-9e84-521f7820182e,2021-08-28,1,1e-4,173.157,173.137,13.339,1593.6,419.3,27.22,21,29
TeamA-78f2ae2c-caf7-47eb-9e84-521f7820182e,2021-08-30,1,-0,99.97,99.972,3.363,111.7,24.5,22.81,12,12
TeamA-78f2ae2c-caf7-47eb-9e84-521f7820182e,2021-08-31,1,-0,95.573,95.575,5.213,146.9,19.6,21.55,6,11
TeamA-78f2ae2c-caf7-47eb-9e84-521f7820182e,2021-09-03,1,2e-4,87.04,87.018,4.297,364.7,92.4,25.65,8,11
TeamA-78f2ae2c-caf7-47eb-9e84-521f7820182e,2021-09-04,1,1e-4,176.54,176.522,13.379,1226.9,419,26.39,17,22
TeamA-78f2ae2c-caf7-47eb-9e84-521f7820182e,2021-09-06,1,2e-4,116.055,116.037,2.375,76.8,1.7,19.68,12,8
TeamA-78f2ae2c-caf7-47eb-9e84-521f7820182e,2021-09-07,1,2e-4,104.005,103.983,5.786,245.2,40.6,21.87,12,16
TeamA-78f2ae2c-caf7-47eb-9e84-521f7820182e,2021-09-08,1,2e-4,101.453,101.433,7.104,563.4,86.3,24.31,11,16
TeamA-78f2ae2c-caf7-47eb-9e84-521f7820182e,2021-09-09,1,-0,93.675,93.677,5.335,365,103,25.43,8,10
TeamA-78f2ae2c-caf7-47eb-9e84-521f7820182e,2021-09-11,1,-0,73.472,73.473,3.941,390.5,123.3,27.36,3,5
TeamA-78f2ae2c-caf7-47eb-9e84-521f7820182e,2021-09-12,1,1e-4,168.47,168.453,13.72,1625,643.6,26.75,15,23
TeamA-78f2ae2c-caf7-47eb-9e84-521f7820182e,2021-09-14,1,2e-4,98.28,98.262,3.497,15.9,2.8,20.05,11,11
TeamA-78f2ae2c-caf7-47eb-9e84-521f7820182e,2021-09-15,1,2e-4,123.367,123.345,5.538,211.3,35.1,23.56,12,18
TeamA-78f2ae2c-caf7-47eb-9e84-521f7820182e,2021-09-16,1,2e-4,100.372,100.352,6.943,426.1,40.8,21.56,19,26
TeamA-78f2ae2c-caf7-47eb-9e84-521f7820182e,2021-09-20,1,-0,98.007,98.008,4.692,305.3,136.9,24.89,11,9
TeamA-78f2ae2c-caf7-47eb-9e84-521f7820182e,2021-09-21,1,2e-4,117.538,117.517,6.382,369,94.9,24.21,9,19
TeamA-78f2ae2c-caf7-47eb-9e84-521f7820182e,2021-09-22,1,2e-4,112.723,112.705,6.939,463.2,115.9,23.86,7,18
TeamA-78f2ae2c-caf7-47eb-9e84-521f7820182e,2021-09-24,1,3e-4,61.828,61.81,3.53,187.8,50.2,25.47,8,4
TeamA-78f2ae2c-caf7-47eb-9e84-521f7820182e,2021-09-25,1,1e-4,179.82,179.797,13.895,1670,537.4,27.61,7,22
TeamA-78f2ae2c-caf7-47eb-9e84-521f7820182e,2021-09-27,1,2e-4,99.173,99.155,2.473,106.4,10.4,21.3,2,4
TeamA-78f2ae2c-caf7-47eb-9e84-521f7820182e,2021-09-28,1,2e-4,132.34,132.318,7.261,436.9,159.4,25.59,17,28
TeamA-78f2ae2c-caf7-47eb-9e84-521f7820182e,2021-09-29,1,2e-4,105.007,104.987,5.786,531.7,219.6,25.11,6,10
TeamA-78f2ae2c-caf7-47eb-9e84-521f7820182e,2021-10-01,1,-0,72.472,72.473,3.261,216.8,55.8,22.06,3,6
TeamA-78f2ae2c-caf7-47eb-9e84-521f7820182e,2021-10-02,1,1e-4,158.615,158.593,12.257,1235.8,436.5,25.21,9,18
TeamA-78f2ae2c-caf7-47eb-9e84-521f7820182e,2021-10-04,1,2e-4,84.055,84.035,2.806,103.3,31.8,21.97,9,11
TeamA-78f2ae2c-caf7-47eb-9e84-521f7820182e,2021-10-05,1,-0,118.473,118.475,6.237,221.4,38.7,22.22,12,9
TeamA-78f2ae2c-caf7-47eb-9e84-521f7820182e,2021-10-06,1,-0,109.54,109.542,5.66,830.3,337.8,26.17,11,17
TeamA-78f2ae2c-caf7-47eb-9e84-521f7820182e,2021-10-08,1,-0,81.872,81.873,4.197,307,98.9,24.08,6,6
TeamA-78f2ae2c-caf7-47eb-9e84-521f7820182e,2021-10-09,1,1e-4,172.003,171.982,14.125,1564.1,595.4,27.59,15,19
TeamA-78f2ae2c-caf7-47eb-9e84-521f7820182e,2021-10-11,1,3e-4,73.24,73.22,2.172,96.2,44.3,24.45,5,3
TeamA-78f2ae2c-caf7-47eb-9e84-521f7820182e,2021-10-12,1,0.003,86.44,86.178,4.205,297.1,83.9,23.55,12,5
TeamA-78f2ae2c-caf7-47eb-9e84-521f7820182e,2021-10-13,1,1e-4,172.972,172.952,13.471,1328.1,536.2,26.54,14,20
TeamA-78f2ae2c-caf7-47eb-9e84-521f7820182e,2021-10-15,1,4e-4,55.505,55.485,3.128,196.9,34.6,21.52,5,5
TeamA-78f2ae2c-caf7-47eb-9e84-521f7820182e,2021-10-16,1,1e-4,162.905,162.885,14.152,1429.9,433.1,26.07,17,12
TeamA-78f2ae2c-caf7-47eb-9e84-521f7820182e,2021-10-18,1,2e-4,94.507,94.485,2.895,69.9,1.7,19.96,4,8
TeamA-78f2ae2c-caf7-47eb-9e84-521f7820182e,2021-10-19,1,2e-4,91.655,91.635,5.348,73.5,12.8,21.41,3,9
TeamA-78f2ae2c-caf7-47eb-9e84-521f7820182e,2021-10-20,1,2e-4,110.14,110.12,7.672,563.8,133.2,25.26,5,27
TeamA-78f2ae2c-caf7-47eb-9e84-521f7820182e,2021-10-25,1,2e-4,104.888,104.872,4.276,107.5,12.7,21.59,14,17
TeamA-78f2ae2c-caf7-47eb-9e84-521f7820182e,2021-10-26,1,2e-4,114.365,114.345,6.523,295.7,49.2,22.19,9,16
TeamA-78f2ae2c-caf7-47eb-9e84-521f7820182e,2021-10-27,1,2e-4,102.855,102.833,5.99,373.7,83.4,25,12,12
TeamA-78f2ae2c-caf7-47eb-9e84-521f7820182e,2021-10-28,1,2e-4,106.503,106.482,5.705,264.4,41.5,22.43,7,15
TeamA-78f2ae2c-caf7-47eb-9e84-521f7820182e,2021-10-29,1,2e-4,114.187,114.16,9.305,1048,296.9,26.43,18,23
TeamA-78f2ae2c-caf7-47eb-9e84-521f7820182e,2021-11-02,1,2e-4,110.383,110.363,5.56,125.8,13.8,21.54,8,10
TeamA-78f2ae2c-caf7-47eb-9e84-521f7820182e,2021-11-03,1,2e-4,118.038,118.018,7.167,213.7,36.8,23.04,4,16
TeamA-78f2ae2c-caf7-47eb-9e84-521f7820182e,2021-11-04,1,3e-4,100.155,100.128,7.864,1014.8,362.2,25.54,5,15
TeamA-78f2ae2c-caf7-47eb-9e84-521f7820182e,2021-11-06,1,4e-4,51.97,51.95,3.154,382.7,137,28.23,6,9
TeamA-78f2ae2c-caf7-47eb-9e84-521f7820182e,2021-11-07,1,1e-4,160.802,160.782,13.944,1479.1,391,25.66,14,24
TeamA-78f2ae2c-caf7-47eb-9e84-521f7820182e,2021-11-09,1,2e-4,87.497,87.477,2.679,35.4,2.3,20.17,5,5
TeamA-78f2ae2c-caf7-47eb-9e84-521f7820182e,2021-11-10,1,2e-4,103.907,103.888,7.032,582.7,227.5,25.22,7,11
TeamA-78f2ae2c-caf7-47eb-9e84-521f7820182e,2021-11-12,1,-0,65.995,65.997,3.362,348.6,107.7,25.72,7,7
TeamA-78f2ae2c-caf7-47eb-9e84-521f7820182e,2021-11-13,1,1e-4,202.955,202.933,13.915,1649.8,700.6,27.1,14,17
TeamA-78f2ae2c-caf7-47eb-9e84-521f7820182e,2021-11-16,1,2e-4,88.503,88.483,5.016,265.4,79.1,23.57,9,9
TeamA-82a0cc6a-a398-4c89-b5fb-34bc4b53dbea,2020-07-13,1,-0,84.327,84.328,4.379,248.2,66.6,25.98,10,14
TeamA-82a0cc6a-a398-4c89-b5fb-34bc4b53dbea,2020-07-14,1,-0,112.673,112.675,5.993,429,111.5,25.02,15,24
TeamA-82a0cc6a-a398-4c89-b5fb-34bc4b53dbea,2020-07-15,1,-0,134.42,134.422,6.632,1268.3,567.7,27.7,11,15
TeamA-82a0cc6a-a398-4c89-b5fb-34bc4b53dbea,2020-07-16,1,-0,115.34,115.342,1.656,118.2,6.3,20.34,3,3
TeamA-82a0cc6a-a398-4c89-b5fb-34bc4b53dbea,2020-07-18,1,-0,69.337,69.338,2.731,330.2,129.9,26.8,13,8
TeamA-82a0cc6a-a398-4c89-b5fb-34bc4b53dbea,2020-07-19,1,-0,161.657,161.658,12.768,1650.9,559.9,27.77,10,37
TeamA-82a0cc6a-a398-4c89-b5fb-34bc4b53dbea,2020-07-21,1,-0,88.89,88.892,3.913,139.1,22.9,21,6,7
TeamA-82a0cc6a-a398-4c89-b5fb-34bc4b53dbea,2020-07-22,1,-0,108.37,108.372,7.655,981.3,334.9,28.65,9,21
TeamA-82a0cc6a-a398-4c89-b5fb-34bc4b53dbea,2020-07-25,1,-0,172.405,172.407,13.907,1614.4,576.6,27.12,17,29
TeamA-82a0cc6a-a398-4c89-b5fb-34bc4b53dbea,2020-07-27,1,-0,79.372,79.373,0.983,13.2,0,17.64,4,6
TeamA-82a0cc6a-a398-4c89-b5fb-34bc4b53dbea,2020-07-29,1,-0,127.505,127.507,6.829,428,144.7,25.83,25,23
TeamA-82a0cc6a-a398-4c89-b5fb-34bc4b53dbea,2020-07-30,1,-0,112.69,112.692,6.704,1055.9,423.7,27.24,7,16
TeamA-82a0cc6a-a398-4c89-b5fb-34bc4b53dbea,2020-08-01,1,-0,84.738,84.74,3.078,336.3,111.9,23.9,4,8
TeamA-82a0cc6a-a398-4c89-b5fb-34bc4b53dbea,2020-08-02,1,-0,170.505,170.507,12.35,1643.9,625,29.65,17,31
TeamA-82a0cc6a-a398-4c89-b5fb-34bc4b53dbea,2020-08-03,1,-0,70.473,70.475,2.685,45.3,4,20.42,9,4
TeamA-82a0cc6a-a398-4c89-b5fb-34bc4b53dbea,2020-08-05,1,-0,106.47,106.472,5.131,290.3,68.5,26.27,6,14
TeamA-82a0cc6a-a398-4c89-b5fb-34bc4b53dbea,2020-08-06,1,-0,90.505,90.507,3.924,165.2,26.4,21.85,7,13
TeamA-82a0cc6a-a398-4c89-b5fb-34bc4b53dbea,2020-08-07,1,-0,60.972,60.973,2.171,127.8,30.6,25.18,6,3
TeamA-82a0cc6a-a398-4c89-b5fb-34bc4b53dbea,2020-08-08,1,-0,162.837,162.838,12.198,1259.6,526.4,29.03,14,29
TeamA-82a0cc6a-a398-4c89-b5fb-34bc4b53dbea,2020-08-11,1,-0,95.355,95.357,4.764,143.8,35,23.06,6,16
TeamA-82a0cc6a-a398-4c89-b5fb-34bc4b53dbea,2020-08-12,1,-0,122.337,122.338,6.494,940.1,354.6,27.97,13,16
TeamA-82a0cc6a-a398-4c89-b5fb-34bc4b53dbea,2020-08-13,1,-0,112.872,112.873,5.094,579.4,169,24.94,10,25
TeamA-82a0cc6a-a398-4c89-b5fb-34bc4b53dbea,2020-08-15,1,-0,84.27,84.272,4.177,423.1,169.7,26.52,10,4
TeamA-82a0cc6a-a398-4c89-b5fb-34bc4b53dbea,2020-08-16,1,-0,167.903,167.905,12.843,1614.2,594.3,27.31,11,37
TeamA-82a0cc6a-a398-4c89-b5fb-34bc4b53dbea,2020-08-19,1,-0,106.205,106.207,5.235,149.9,27.8,21.57,8,8
TeamA-82a0cc6a-a398-4c89-b5fb-34bc4b53dbea,2020-08-20,1,-0,91.372,91.373,4.046,394.7,161.6,25.19,15,25
TeamA-82a0cc6a-a398-4c89-b5fb-34bc4b53dbea,2020-08-21,1,-0,46.622,46.623,2.282,296.4,104.5,24.64,7,8
TeamA-82a0cc6a-a398-4c89-b5fb-34bc4b53dbea,2020-08-22,1,-0,164.422,164.423,12.725,1735,748.5,30.44,11,20
TeamA-82a0cc6a-a398-4c89-b5fb-34bc4b53dbea,2020-08-25,1,-0,57.938,57.94,3.254,183.1,54.7,23.51,6,11
TeamA-82a0cc6a-a398-4c89-b5fb-34bc4b53dbea,2020-08-26,1,-0,161.89,161.892,12.168,1460.6,745.2,30.04,18,28
TeamA-82a0cc6a-a398-4c89-b5fb-34bc4b53dbea,2020-08-29,1,-0,45.468,45.47,2.004,261.5,106.5,24.56,7,1
TeamA-82a0cc6a-a398-4c89-b5fb-34bc4b53dbea,2020-08-30,1,-0,120.503,120.505,10.51,1648.4,623.9,26.99,14,29
TeamA-82a0cc6a-a398-4c89-b5fb-34bc4b53dbea,2020-09-02,1,-0,97.355,97.357,5.472,456.8,106.2,28.05,13,21
TeamA-82a0cc6a-a398-4c89-b5fb-34bc4b53dbea,2020-09-03,1,-0,87.92,87.922,4.414,388.6,139.3,24.19,7,16
TeamA-82a0cc6a-a398-4c89-b5fb-34bc4b53dbea,2020-09-04,1,-0,54.215,54.217,1.343,8.3,0,16.86,4,2
TeamA-82a0cc6a-a398-4c89-b5fb-34bc4b53dbea,2020-09-09,1,-0,96.088,96.09,5.235,424.8,198.2,26.39,12,11
TeamA-82a0cc6a-a398-4c89-b5fb-34bc4b53dbea,2020-09-11,1,-0,57.338,57.34,2.699,254.1,98.7,27.27,7,9
TeamA-82a0cc6a-a398-4c89-b5fb-34bc4b53dbea,2020-09-12,1,-0,161.407,161.408,12.18,1407.9,618,29.52,17,23
TeamA-82a0cc6a-a398-4c89-b5fb-34bc4b53dbea,2020-09-25,1,-0,57.495,57.497,2.899,202.9,45.7,23.25,7,10
TeamA-82a0cc6a-a398-4c89-b5fb-34bc4b53dbea,2020-09-26,1,-0,165.39,165.392,13.336,1588.5,712.1,30.51,15,22
TeamA-82a0cc6a-a398-4c89-b5fb-34bc4b53dbea,2020-09-29,1,-0,100.122,100.123,4.989,206,14.3,23.16,14,30
TeamA-82a0cc6a-a398-4c89-b5fb-34bc4b53dbea,2020-09-30,1,-0,105.688,105.69,7.142,983.6,449.2,28.37,10,17
TeamA-82a0cc6a-a398-4c89-b5fb-34bc4b53dbea,2020-10-01,1,-0,97.388,97.39,4.974,554.6,293.8,26.73,8,23
TeamA-82a0cc6a-a398-4c89-b5fb-34bc4b53dbea,2020-10-03,1,-0,66.517,66.518,2.835,263.3,106.1,25.78,10,6
TeamA-82a0cc6a-a398-4c89-b5fb-34bc4b53dbea,2020-10-04,1,-0,163.057,163.058,12.511,1825,851.1,30.1,18,41
TeamA-82a0cc6a-a398-4c89-b5fb-34bc4b53dbea,2020-10-06,1,-0,48.52,48.522,2.458,298.7,131.8,25.86,2,6
TeamA-82a0cc6a-a398-4c89-b5fb-34bc4b53dbea,2020-10-07,1,-0,161.838,161.84,12.957,1771.3,648.7,28.58,19,37
TeamA-82a0cc6a-a398-4c89-b5fb-34bc4b53dbea,2020-10-12,1,-0,73.512,73.513,4.199,277.6,81.5,27.33,15,10
TeamA-82a0cc6a-a398-4c89-b5fb-34bc4b53dbea,2020-10-13,1,-0,94.855,94.857,5.524,266.5,44.7,22.85,15,19
TeamA-82a0cc6a-a398-4c89-b5fb-34bc4b53dbea,2020-10-14,1,-0,108.855,108.857,6.756,900.6,402.7,27.21,21,13
TeamA-82a0cc6a-a398-4c89-b5fb-34bc4b53dbea,2020-10-15,1,-0,87.517,87.518,4.558,479.4,261.5,29.41,1,16
TeamA-82a0cc6a-a398-4c89-b5fb-34bc4b53dbea,2020-10-17,1,-0,54.54,54.542,2.83,298.8,131.4,26.31,4,7
TeamA-82a0cc6a-a398-4c89-b5fb-34bc4b53dbea,2020-10-18,1,-0,164.223,164.225,12.914,1800.8,738.1,30.03,27,32
TeamA-82a0cc6a-a398-4c89-b5fb-34bc4b53dbea,2020-10-29,1,-0,87.44,87.442,5.158,399.9,109.6,26.93,11,18
TeamA-82a0cc6a-a398-4c89-b5fb-34bc4b53dbea,2020-10-31,1,-0,74.822,74.823,4.147,345.4,153.7,25.54,8,9
TeamA-82a0cc6a-a398-4c89-b5fb-34bc4b53dbea,2020-11-01,1,-0,161.538,161.54,11.77,1441.1,645.4,29.09,19,28
TeamA-82a0cc6a-a398-4c89-b5fb-34bc4b53dbea,2020-11-04,1,-0,101.067,101.068,6.693,636.3,232.7,27.69,16,21
TeamA-82a0cc6a-a398-4c89-b5fb-34bc4b53dbea,2020-11-06,1,-0,62.19,62.192,2.662,272.6,85.3,25.36,5,7
TeamA-82a0cc6a-a398-4c89-b5fb-34bc4b53dbea,2020-11-07,1,-0,163.122,163.123,12.437,1602.2,599.6,30.4,13,27
TeamA-82a0cc6a-a398-4c89-b5fb-34bc4b53dbea,2020-11-09,1,-0,75.522,75.523,2.982,120.9,26.7,22.6,6,10
TeamA-82a0cc6a-a398-4c89-b5fb-34bc4b53dbea,2020-11-13,1,-0,94.387,94.388,4.806,570.9,207.2,26.94,11,23
TeamA-82a0cc6a-a398-4c89-b5fb-34bc4b53dbea,2020-11-14,1,-0,51.488,51.49,2.779,395.6,219.1,26.28,6,6
TeamA-82a0cc6a-a398-4c89-b5fb-34bc4b53dbea,2020-11-17,1,-0,72.887,72.888,3.77,227.2,62.4,25.97,6,8
TeamA-82a0cc6a-a398-4c89-b5fb-34bc4b53dbea,2020-11-20,1,-0,67.503,67.505,6.262,690.5,191.5,26.67,4,17
TeamA-82a0cc6a-a398-4c89-b5fb-34bc4b53dbea,2020-11-23,1,-0,75.105,75.107,4.328,389.2,122.6,24.8,11,23
TeamA-82a0cc6a-a398-4c89-b5fb-34bc4b53dbea,2020-11-27,1,-0,91.583,91.585,5.337,752.6,283.6,26.85,10,30
TeamA-82a0cc6a-a398-4c89-b5fb-34bc4b53dbea,2020-11-30,1,-0,78.138,78.14,3.438,384,197.3,25.74,22,9
TeamA-82a0cc6a-a398-4c89-b5fb-34bc4b53dbea,2020-12-03,1,-0,44.538,44.54,2.367,152.6,72.4,23.86,4,1
TeamA-82a0cc6a-a398-4c89-b5fb-34bc4b53dbea,2020-12-05,1,-0,54.522,54.523,3.547,316,116.3,25.06,3,10
TeamA-82a0cc6a-a398-4c89-b5fb-34bc4b53dbea,2020-12-06,1,-0,173.372,173.373,13.527,2363.7,976.1,27.92,15,35
TeamA-82a0cc6a-a398-4c89-b5fb-34bc4b53dbea,2021-02-01,1,-0,86.067,86.068,5.042,370.9,102.4,23.61,8,24
TeamA-82a0cc6a-a398-4c89-b5fb-34bc4b53dbea,2021-02-08,1,-0,89.42,89.422,5.378,286.4,63.9,24.31,11,24
TeamA-82a0cc6a-a398-4c89-b5fb-34bc4b53dbea,2021-02-15,1,-0,93.017,93.018,4.439,212.8,19.4,23.33,8,21
TeamA-82a0cc6a-a398-4c89-b5fb-34bc4b53dbea,2021-02-19,1,-0,66.855,66.857,2.907,345.8,111.2,24.6,4,5
TeamA-82a0cc6a-a398-4c89-b5fb-34bc4b53dbea,2021-02-20,1,-0,118.208,118.21,9.027,1599.6,741.4,28.48,13,32
TeamA-82a0cc6a-a398-4c89-b5fb-34bc4b53dbea,2021-02-22,1,-0,72.49,72.492,4.188,230.5,46.2,24.91,10,22
TeamA-82a0cc6a-a398-4c89-b5fb-34bc4b53dbea,2021-02-25,1,-0,107.54,107.542,5.95,521.9,179.9,24.92,10,28
TeamA-82a0cc6a-a398-4c89-b5fb-34bc4b53dbea,2021-03-01,1,-0,91.555,91.557,5.596,302.5,49.9,23.24,27,31
TeamA-82a0cc6a-a398-4c89-b5fb-34bc4b53dbea,2021-03-12,1,-0,105.665,105.667,8.214,1278.7,510.5,27.72,10,24
TeamA-82a0cc6a-a398-4c89-b5fb-34bc4b53dbea,2021-03-15,1,-0,83.472,83.473,4.374,118.9,27.7,23.62,6,9
TeamA-82a0cc6a-a398-4c89-b5fb-34bc4b53dbea,2021-03-19,1,-0,112.647,112.648,7.807,1268.4,509.2,26.83,8,31
TeamA-82a0cc6a-a398-4c89-b5fb-34bc4b53dbea,2021-03-22,1,-0,82.657,82.658,4.34,367.4,101.3,24.67,15,15
TeamA-82a0cc6a-a398-4c89-b5fb-34bc4b53dbea,2021-03-23,1,-0,98.372,98.373,5.441,242.9,48.2,25.38,6,33
TeamA-82a0cc6a-a398-4c89-b5fb-34bc4b53dbea,2021-03-24,1,-0,109.103,109.105,6.476,504.1,184.8,25.17,9,21
TeamA-82a0cc6a-a398-4c89-b5fb-34bc4b53dbea,2021-03-26,1,-0,74.507,74.508,3.675,543.3,312.5,24.84,9,24
TeamA-82a0cc6a-a398-4c89-b5fb-34bc4b53dbea,2021-03-27,1,-0,112.355,112.357,8.991,1109,405.2,27.15,11,23
TeamA-82a0cc6a-a398-4c89-b5fb-34bc4b53dbea,2021-03-30,1,-0,87.338,87.34,4.797,184.9,21.3,21.54,7,19
TeamA-82a0cc6a-a398-4c89-b5fb-34bc4b53dbea,2021-04-05,1,-0,66.355,66.357,3.2,36.6,0,17.44,4,7
TeamA-82a0cc6a-a398-4c89-b5fb-34bc4b53dbea,2021-04-06,1,-0,92.738,92.74,4.63,23.5,0,17.83,1,0
TeamA-82a0cc6a-a398-4c89-b5fb-34bc4b53dbea,2021-04-08,1,-0,111.505,111.507,4.867,405.4,187.5,26.61,4,7
TeamA-82a0cc6a-a398-4c89-b5fb-34bc4b53dbea,2021-04-09,1,-0,60.888,60.89,2.612,161.7,72.8,24.31,3,3
TeamA-82a0cc6a-a398-4c89-b5fb-34bc4b53dbea,2021-04-12,1,-0,113.055,113.057,4.341,125.8,0.6,19.51,11,13
TeamA-82a0cc6a-a398-4c89-b5fb-34bc4b53dbea,2021-04-16,1,-0,86.505,86.507,3.236,7,0,17.36,3,7
TeamA-82a0cc6a-a398-4c89-b5fb-34bc4b53dbea,2021-04-19,1,-0,98.488,98.49,2.886,20,0,17.61,2,7
TeamA-82a0cc6a-a398-4c89-b5fb-34bc4b53dbea,2021-04-20,1,-0,92.837,92.838,2.957,0,0,14.28,1,8
TeamA-82a0cc6a-a398-4c89-b5fb-34bc4b53dbea,2021-04-22,1,-0,92.59,92.592,4.086,117.5,26.2,22.11,4,3
TeamA-82a0cc6a-a398-4c89-b5fb-34bc4b53dbea,2021-04-26,1,-0,102.42,102.422,2.576,0,0,14.94,5,4
TeamA-82a0cc6a-a398-4c89-b5fb-34bc4b53dbea,2021-04-27,1,3e-4,86.537,86.512,3.802,55.2,0,18.72,5,3
TeamA-82a0cc6a-a398-4c89-b5fb-34bc4b53dbea,2021-05-03,1,-0,97.405,97.407,2.128,0,0,13.83,0,2
TeamA-82a0cc6a-a398-4c89-b5fb-34bc4b53dbea,2021-05-04,1,-0,61.338,61.34,3.009,0,0,14.74,5,11
TeamA-82a0cc6a-a398-4c89-b5fb-34bc4b53dbea,2021-05-10,1,-0,114.672,114.673,3.306,0,0,13.38,1,7
TeamA-82a0cc6a-a398-4c89-b5fb-34bc4b53dbea,2021-05-13,1,-0,90.667,90.668,2.751,148.8,29,22.95,3,7
TeamA-82a0cc6a-a398-4c89-b5fb-34bc4b53dbea,2021-05-14,1,-0,94.472,94.473,2.548,42.5,36.3,34.59,4,8
TeamA-82a0cc6a-a398-4c89-b5fb-34bc4b53dbea,2021-05-17,1,-0,106.553,106.555,2.856,0,0,14.44,6,12
TeamA-82a0cc6a-a398-4c89-b5fb-34bc4b53dbea,2021-05-18,1,-0,97.355,97.357,2.147,26.6,0,18.4,2,3
TeamA-82a0cc6a-a398-4c89-b5fb-34bc4b53dbea,2021-05-21,1,-0,67.688,67.69,1.432,0,0,12.26,0,3
TeamA-82a0cc6a-a398-4c89-b5fb-34bc4b53dbea,2021-05-24,1,-0,96.92,96.922,2.201,0,0,14.18,3,2
TeamA-82a0cc6a-a398-4c89-b5fb-34bc4b53dbea,2021-05-25,1,-0,100.353,100.355,2.27,0,0,14.65,2,2
TeamA-82a0cc6a-a398-4c89-b5fb-34bc4b53dbea,2021-05-27,1,-0,75.422,75.423,2.32,0,0,13.79,3,3
TeamA-82a0cc6a-a398-4c89-b5fb-34bc4b53dbea,2021-05-28,1,-1e-4,23.1,23.102,0.53,0,0,11.74,4,1
TeamA-82a0cc6a-a398-4c89-b5fb-34bc4b53dbea,2021-05-31,1,-0,91.387,91.388,1.626,0,0,14.24,0,0
TeamA-82a0cc6a-a398-4c89-b5fb-34bc4b53dbea,2021-06-01,1,-0,73.007,73.008,1.508,7,2.9,20.77,1,1
TeamA-82a0cc6a-a398-4c89-b5fb-34bc4b53dbea,2021-06-04,1,-0,67.422,67.423,1.831,0,0,15.09,2,0
TeamA-82a0cc6a-a398-4c89-b5fb-34bc4b53dbea,2021-06-07,1,-0,80.987,80.988,2.193,0,0,15.37,0,6
TeamA-82a0cc6a-a398-4c89-b5fb-34bc4b53dbea,2021-06-08,1,-0,79.138,79.14,2.871,0.9,0,15.92,4,2
TeamA-82a0cc6a-a398-4c89-b5fb-34bc4b53dbea,2021-06-10,1,-0,117.337,117.338,3.188,4.1,0,16.23,2,1
TeamA-82a0cc6a-a398-4c89-b5fb-34bc4b53dbea,2021-06-14,1,-0,109.372,109.373,3.18,0,0,14.04,3,3
TeamA-82a0cc6a-a398-4c89-b5fb-34bc4b53dbea,2021-06-15,1,-0,50.638,50.64,1.768,0.5,0,15.79,0,4
TeamA-82a0cc6a-a398-4c89-b5fb-34bc4b53dbea,2021-06-19,1,-0,41.607,41.608,1.667,0,0,11.51,0,1
TeamA-82a0cc6a-a398-4c89-b5fb-34bc4b53dbea,2021-06-21,1,-1e-4,18.853,18.855,0.98,0,0,14.2,0,0
TeamA-82a0cc6a-a398-4c89-b5fb-34bc4b53dbea,2021-06-29,1,-0,84.087,84.088,1.72,16,0,18.12,1,2
TeamA-82a0cc6a-a398-4c89-b5fb-34bc4b53dbea,2021-07-03,1,-0,57.672,57.673,1.575,23.9,0,17.63,1,0
TeamA-82a0cc6a-a398-4c89-b5fb-34bc4b53dbea,2021-07-07,1,-0,87.105,87.107,1.449,0,0,11.37,2,0
TeamA-82a0cc6a-a398-4c89-b5fb-34bc4b53dbea,2021-07-08,1,-0,69.09,69.092,1.478,0,0,15.29,0,0
TeamA-82a0cc6a-a398-4c89-b5fb-34bc4b53dbea,2021-07-12,1,-0,98.972,98.973,1.496,0,0,10.86,1,0
TeamA-82a0cc6a-a398-4c89-b5fb-34bc4b53dbea,2021-07-16,1,-0,80.403,80.405,1.843,0,0,14.89,2,0
TeamA-82a0cc6a-a398-4c89-b5fb-34bc4b53dbea,2021-11-16,1,-0,78.133,78.135,3.766,14.1,0,18.11,3,14
TeamA-af719df9-3e6c-4ad4-9e8e-0c0c45f4f76a,2020-06-01,1,-0,118.04,118.042,6.509,242.1,27.3,21.78,4,13
TeamA-af719df9-3e6c-4ad4-9e8e-0c0c45f4f76a,2020-06-02,1,-0,134.182,134.183,5.407,144.8,28.1,22.85,5,24
TeamA-af719df9-3e6c-4ad4-9e8e-0c0c45f4f76a,2020-06-03,1,-0,133.633,133.635,7.584,708.2,239.4,27,5,17
TeamA-af719df9-3e6c-4ad4-9e8e-0c0c45f4f76a,2020-06-04,1,-0,103.11,103.112,4.09,189.6,35,22.14,2,6
TeamA-af719df9-3e6c-4ad4-9e8e-0c0c45f4f76a,2020-06-05,1,-0,113.555,113.557,5.226,437.8,166,24.1,6,23
TeamA-af719df9-3e6c-4ad4-9e8e-0c0c45f4f76a,2020-06-06,1,-0,130.737,130.738,7.781,458.6,118.9,26.95,10,18
TeamA-af719df9-3e6c-4ad4-9e8e-0c0c45f4f76a,2020-06-08,1,-0,113.047,113.048,5.91,230.7,47.5,23.14,9,20
TeamA-af719df9-3e6c-4ad4-9e8e-0c0c45f4f76a,2020-06-09,1,-0,129.837,129.838,6.427,165.3,14.7,22.1,6,9
TeamA-af719df9-3e6c-4ad4-9e8e-0c0c45f4f76a,2020-06-10,1,-0,149.103,149.105,7.909,553.8,151.6,26.33,14,17
TeamA-af719df9-3e6c-4ad4-9e8e-0c0c45f4f76a,2020-06-11,1,-0,82.972,82.973,2.358,65.4,44.9,25.1,3,0
TeamA-af719df9-3e6c-4ad4-9e8e-0c0c45f4f76a,2020-06-12,1,-0,103.555,103.557,4.205,451.6,202.6,26.63,3,9
TeamA-af719df9-3e6c-4ad4-9e8e-0c0c45f4f76a,2020-06-13,1,-0,132.555,132.557,8.193,775.1,268.5,26.62,8,11
TeamA-af719df9-3e6c-4ad4-9e8e-0c0c45f4f76a,2020-06-15,1,-0,144.172,144.173,5.852,216.6,48.7,22.87,4,28
TeamA-af719df9-3e6c-4ad4-9e8e-0c0c45f4f76a,2020-06-16,1,-0,137.47,137.472,7.976,428.8,91.6,24.38,4,25
TeamA-af719df9-3e6c-4ad4-9e8e-0c0c45f4f76a,2020-06-17,1,-0,135.137,135.138,7.143,784.7,250.7,26.1,3,13
TeamA-af719df9-3e6c-4ad4-9e8e-0c0c45f4f76a,2020-06-19,1,-0,74.867,74.868,2.486,238.9,78.9,24.13,8,9
TeamA-af719df9-3e6c-4ad4-9e8e-0c0c45f4f76a,2020-06-20,1,-0,163.747,163.748,11.022,835.6,213,26.1,7,14
TeamA-af719df9-3e6c-4ad4-9e8e-0c0c45f4f76a,2020-06-22,1,-0,105.32,105.322,4.127,183.8,56.5,22.5,7,6
TeamA-af719df9-3e6c-4ad4-9e8e-0c0c45f4f76a,2020-06-23,1,-0,139.107,139.108,6.317,106.8,19.9,22.38,4,19
TeamA-af719df9-3e6c-4ad4-9e8e-0c0c45f4f76a,2020-06-24,1,-0,145.853,145.855,7.061,563.9,227.5,25.02,6,12
TeamA-af719df9-3e6c-4ad4-9e8e-0c0c45f4f76a,2020-06-26,1,-0,82.09,82.092,3.058,252.6,93.9,25.46,4,5
TeamA-af719df9-3e6c-4ad4-9e8e-0c0c45f4f76a,2020-06-27,1,-0,152.205,152.207,10.634,859.6,143.7,26.78,3,21
TeamA-af719df9-3e6c-4ad4-9e8e-0c0c45f4f76a,2020-06-29,1,-0,107.888,107.89,4.28,126,42.5,24.93,10,13
TeamA-af719df9-3e6c-4ad4-9e8e-0c0c45f4f76a,2020-06-30,1,-0,122.84,122.842,7.872,788.4,201.6,26.97,8,9
TeamA-af719df9-3e6c-4ad4-9e8e-0c0c45f4f76a,2020-07-02,1,-0,83.633,83.635,2.461,231.1,94.4,24.3,8,7
TeamA-af719df9-3e6c-4ad4-9e8e-0c0c45f4f76a,2020-07-03,1,-0,173.487,173.488,11.741,1024.8,307,28.06,6,16
TeamA-af719df9-3e6c-4ad4-9e8e-0c0c45f4f76a,2020-07-06,1,-0,99.355,99.357,4.442,130.8,13.2,21.48,3,8
TeamA-af719df9-3e6c-4ad4-9e8e-0c0c45f4f76a,2020-07-07,1,-0,114.665,114.667,5.568,207.2,42.6,22.99,8,21
TeamA-af719df9-3e6c-4ad4-9e8e-0c0c45f4f76a,2020-07-08,1,-0,117.883,117.885,7.253,578.4,132.5,23.32,5,11
TeamA-af719df9-3e6c-4ad4-9e8e-0c0c45f4f76a,2020-07-10,1,-0,74.07,74.072,2.425,226.2,87.2,24.93,7,5
TeamA-af719df9-3e6c-4ad4-9e8e-0c0c45f4f76a,2020-07-11,1,-0,169.405,169.407,11.913,1027.7,241.2,29.2,13,26
TeamA-af719df9-3e6c-4ad4-9e8e-0c0c45f4f76a,2020-07-14,1,-0,111.45,111.452,5.194,248.7,60.9,22.9,10,15
TeamA-af719df9-3e6c-4ad4-9e8e-0c0c45f4f76a,2020-07-15,1,-0,104.257,104.258,5.703,742,256.5,24.34,3,8
TeamA-af719df9-3e6c-4ad4-9e8e-0c0c45f4f76a,2020-07-16,1,-0,82.838,82.84,3.344,143.9,26.7,23.04,4,3
TeamA-af719df9-3e6c-4ad4-9e8e-0c0c45f4f76a,2020-07-18,1,-0,70.77,70.772,2.825,391.9,135.9,26.28,4,7
TeamA-af719df9-3e6c-4ad4-9e8e-0c0c45f4f76a,2020-07-19,1,-0,171.71,171.712,12.3,1020.7,231.7,24.45,8,17
TeamA-af719df9-3e6c-4ad4-9e8e-0c0c45f4f76a,2020-07-21,1,-0,107.387,107.388,4.474,201.5,51,23.25,2,9
TeamA-af719df9-3e6c-4ad4-9e8e-0c0c45f4f76a,2020-07-22,1,-0,108.455,108.457,3.552,237.1,58.7,23.37,1,3
TeamA-af719df9-3e6c-4ad4-9e8e-0c0c45f4f76a,2020-07-25,1,-0,182.857,182.858,12.798,848.1,224,26.86,7,16
TeamA-af719df9-3e6c-4ad4-9e8e-0c0c45f4f76a,2020-07-29,1,-0,133.422,133.423,6.801,234,18.4,21.1,11,19
TeamA-af719df9-3e6c-4ad4-9e8e-0c0c45f4f76a,2020-07-30,1,-0,127.372,127.373,6.157,615.8,192.4,25.36,8,12
TeamA-af719df9-3e6c-4ad4-9e8e-0c0c45f4f76a,2020-08-01,1,-0,96.188,96.19,3.197,317.3,161.2,25.49,3,8
TeamA-af719df9-3e6c-4ad4-9e8e-0c0c45f4f76a,2020-08-02,1,-0,174.505,174.507,11.555,1096.2,280.3,27.21,15,19
TeamA-af719df9-3e6c-4ad4-9e8e-0c0c45f4f76a,2020-08-03,1,-0,76.52,76.522,3.018,72.3,6.9,21.02,3,10
TeamA-af719df9-3e6c-4ad4-9e8e-0c0c45f4f76a,2020-08-05,1,-0,107.89,107.892,5.163,164.9,36,22.32,3,10
TeamA-af719df9-3e6c-4ad4-9e8e-0c0c45f4f76a,2020-08-06,1,-0,81.538,81.54,3.634,73.7,4.6,20.21,5,8
TeamA-af719df9-3e6c-4ad4-9e8e-0c0c45f4f76a,2020-08-07,1,-0,63.705,63.707,2.444,205.8,75.1,24.32,8,8
TeamA-af719df9-3e6c-4ad4-9e8e-0c0c45f4f76a,2020-08-08,1,-0,172.872,172.873,11.684,776.9,281.3,28.08,10,23
TeamA-af719df9-3e6c-4ad4-9e8e-0c0c45f4f76a,2020-08-11,1,-0,101.005,101.007,4.972,97.8,4.6,21.23,5,8
TeamA-af719df9-3e6c-4ad4-9e8e-0c0c45f4f76a,2020-08-12,1,-0,116.722,116.723,5.824,384.8,81.8,24.21,5,8
TeamA-af719df9-3e6c-4ad4-9e8e-0c0c45f4f76a,2020-08-13,1,-0,118.52,118.522,6.092,494.9,100.8,24.89,9,21
TeamA-af719df9-3e6c-4ad4-9e8e-0c0c45f4f76a,2020-08-15,1,-0,91.338,91.34,4.662,316.3,125.7,27.09,7,14
TeamA-af719df9-3e6c-4ad4-9e8e-0c0c45f4f76a,2020-08-16,1,-0,182.555,182.557,11.698,798,192.3,26.45,8,24
TeamA-af719df9-3e6c-4ad4-9e8e-0c0c45f4f76a,2020-08-17,1,-0,41.873,41.875,1.734,0.4,0,13.92,2,0
TeamA-af719df9-3e6c-4ad4-9e8e-0c0c45f4f76a,2020-08-19,1,-0,119.973,119.975,5.759,104.8,20.6,24.98,1,5
TeamA-af719df9-3e6c-4ad4-9e8e-0c0c45f4f76a,2020-08-20,1,-0,84.99,84.992,2.921,146.6,42.2,23.81,2,12
TeamA-af719df9-3e6c-4ad4-9e8e-0c0c45f4f76a,2020-08-21,1,-0,57.972,57.973,2.605,205.5,72,24.64,3,11
TeamA-af719df9-3e6c-4ad4-9e8e-0c0c45f4f76a,2020-08-22,1,-0,126.945,126.947,9.324,699.9,187,26.05,4,13
TeamA-af719df9-3e6c-4ad4-9e8e-0c0c45f4f76a,2020-08-25,1,-0,60.562,60.563,3.721,231.1,69,26.53,3,9
TeamA-af719df9-3e6c-4ad4-9e8e-0c0c45f4f76a,2020-08-26,1,-0,162.905,162.907,11.027,622.4,142.1,26.21,8,13
TeamA-af719df9-3e6c-4ad4-9e8e-0c0c45f4f76a,2020-08-29,1,-0,45.873,45.875,2.228,200,58.8,26.16,3,6
TeamA-af719df9-3e6c-4ad4-9e8e-0c0c45f4f76a,2020-08-31,1,-0,67.405,67.407,3.924,132.5,30.1,23.08,7,15
TeamA-af719df9-3e6c-4ad4-9e8e-0c0c45f4f76a,2020-09-01,1,-0,72.703,72.705,3.287,40.2,12.2,20.73,5,12
TeamA-af719df9-3e6c-4ad4-9e8e-0c0c45f4f76a,2020-09-02,1,-0,96.62,96.622,5.62,154.1,48.1,24.54,6,4
TeamA-af719df9-3e6c-4ad4-9e8e-0c0c45f4f76a,2020-09-03,1,-0,102.838,102.84,4.555,285.2,99.2,24.33,3,13
TeamA-af719df9-3e6c-4ad4-9e8e-0c0c45f4f76a,2020-09-04,1,-0,77.19,77.192,3.045,151.9,29.2,22.56,3,5
TeamA-af719df9-3e6c-4ad4-9e8e-0c0c45f4f76a,2020-09-09,1,-0,95.137,95.138,5.182,201.5,34.1,22.87,2,12
TeamA-af719df9-3e6c-4ad4-9e8e-0c0c45f4f76a,2020-09-11,1,3e-4,60.403,60.387,2.778,214.4,58.6,25.71,3,5
TeamA-af719df9-3e6c-4ad4-9e8e-0c0c45f4f76a,2020-09-12,1,-0,123.37,123.372,7.135,499.3,148.2,25.78,8,12
TeamA-af719df9-3e6c-4ad4-9e8e-0c0c45f4f76a,2020-09-28,1,-1e-4,26.988,26.99,1.051,4.6,0,16.87,2,0
TeamA-af719df9-3e6c-4ad4-9e8e-0c0c45f4f76a,2020-09-30,1,-0,94.838,94.84,5.173,351.9,85.7,24.43,5,12
TeamA-af719df9-3e6c-4ad4-9e8e-0c0c45f4f76a,2020-10-03,1,-0,79.072,79.073,2.67,72.1,27.8,22.49,2,3
TeamA-af719df9-3e6c-4ad4-9e8e-0c0c45f4f76a,2020-10-05,1,-0,79.722,79.723,4.013,51.8,4,20.39,8,5
TeamA-af719df9-3e6c-4ad4-9e8e-0c0c45f4f76a,2020-10-06,1,-0,66.357,66.358,3.133,163.5,16.4,22.25,0,3
TeamA-af719df9-3e6c-4ad4-9e8e-0c0c45f4f76a,2020-10-07,1,-0,172.037,172.038,5.39,244.8,78,24.36,5,4
TeamA-af719df9-3e6c-4ad4-9e8e-0c0c45f4f76a,2020-10-08,1,-0,94.005,94.007,4.833,172,41.5,23.61,3,8
TeamA-af719df9-3e6c-4ad4-9e8e-0c0c45f4f76a,2020-10-12,1,-0,83.02,83.022,4.47,207.4,34.2,23.99,7,9
TeamA-af719df9-3e6c-4ad4-9e8e-0c0c45f4f76a,2020-10-14,1,-0,115.003,115.005,7.068,516,160.1,26.39,4,6
TeamA-af719df9-3e6c-4ad4-9e8e-0c0c45f4f76a,2020-10-17,1,-0,53.117,53.118,3.038,207.5,49.2,22.73,4,3
TeamA-af719df9-3e6c-4ad4-9e8e-0c0c45f4f76a,2020-10-18,1,-0,167.96,167.962,11.397,844.7,258.2,27.69,5,14
TeamA-af719df9-3e6c-4ad4-9e8e-0c0c45f4f76a,2020-10-20,1,-0,60.682,60.683,3.431,159.5,20,20.84,3,7
TeamA-af719df9-3e6c-4ad4-9e8e-0c0c45f4f76a,2020-10-21,1,3e-4,56.97,56.953,2.291,62.6,13.3,20.78,2,11
TeamA-af719df9-3e6c-4ad4-9e8e-0c0c45f4f76a,2020-10-22,1,-0,101.055,101.057,6.465,431,121.3,27.22,5,5
TeamA-af719df9-3e6c-4ad4-9e8e-0c0c45f4f76a,2020-10-26,1,3e-4,62.972,62.955,3.502,124.7,11.5,22.86,3,8
TeamA-af719df9-3e6c-4ad4-9e8e-0c0c45f4f76a,2020-10-28,1,-0,96.972,96.973,6.164,388.5,96.6,25.06,4,18
TeamA-af719df9-3e6c-4ad4-9e8e-0c0c45f4f76a,2020-10-31,1,-0,74.153,74.155,4.03,210.3,39.8,25.68,5,11
TeamA-af719df9-3e6c-4ad4-9e8e-0c0c45f4f76a,2020-11-01,1,-0,170.303,170.305,11.126,967.1,248.5,26.86,10,17
TeamA-af719df9-3e6c-4ad4-9e8e-0c0c45f4f76a,2020-11-04,1,-0,106.003,106.005,6.736,296.9,32.9,25.79,6,10
TeamA-af719df9-3e6c-4ad4-9e8e-0c0c45f4f76a,2020-11-06,1,3e-4,57.888,57.872,2.612,142.7,12.7,20.6,3,10
TeamA-af719df9-3e6c-4ad4-9e8e-0c0c45f4f76a,2020-11-07,1,1e-4,121.855,121.838,9.71,800.9,189.8,26.49,3,6
TeamA-af719df9-3e6c-4ad4-9e8e-0c0c45f4f76a,2020-11-14,1,-0,55.505,55.507,3.041,219.3,82.8,25.22,3,8
TeamA-af719df9-3e6c-4ad4-9e8e-0c0c45f4f76a,2021-02-01,1,-0,92.4,92.402,4.319,229.7,65.6,22.29,7,15
TeamA-af719df9-3e6c-4ad4-9e8e-0c0c45f4f76a,2021-02-08,1,-0,86.872,86.873,4.897,323.2,106.4,24.17,6,11
TeamA-af719df9-3e6c-4ad4-9e8e-0c0c45f4f76a,2021-02-15,1,2e-4,89.022,89.005,4.95,186,28.1,21.6,5,15
TeamA-af719df9-3e6c-4ad4-9e8e-0c0c45f4f76a,2021-02-19,1,-0,74.59,74.592,2.753,252.7,128.2,25.33,8,7
TeamA-af719df9-3e6c-4ad4-9e8e-0c0c45f4f76a,2021-02-20,1,-0,130.953,130.955,8.426,1081,366.5,26.38,3,16
TeamA-af719df9-3e6c-4ad4-9e8e-0c0c45f4f76a,2021-02-22,1,2e-4,73.022,73.005,3.591,88.8,6.3,20.84,3,11
TeamA-af719df9-3e6c-4ad4-9e8e-0c0c45f4f76a,2021-02-25,1,2e-4,102.872,102.855,5.883,205,57.8,25.53,10,12
TeamA-af719df9-3e6c-4ad4-9e8e-0c0c45f4f76a,2021-03-01,1,-0,77.04,77.042,4.658,129,16.8,21.53,4,19
TeamA-af719df9-3e6c-4ad4-9e8e-0c0c45f4f76a,2021-03-12,1,-0,108.94,108.942,8.414,935.9,253.6,26.61,6,16
TeamA-af719df9-3e6c-4ad4-9e8e-0c0c45f4f76a,2021-03-15,1,-0,85.677,85.678,4.475,215.3,38.6,23.31,1,13
TeamA-af719df9-3e6c-4ad4-9e8e-0c0c45f4f76a,2021-03-19,1,-0,100.49,100.492,8.228,905,271.5,27.11,5,11
TeamA-af719df9-3e6c-4ad4-9e8e-0c0c45f4f76a,2021-03-22,1,-0,118.607,118.608,8.37,3400,2752.7,35.82,8,15
TeamA-af719df9-3e6c-4ad4-9e8e-0c0c45f4f76a,2021-03-23,1,-0,84.888,84.89,4.469,177.8,55.4,22.86,4,9
TeamA-af719df9-3e6c-4ad4-9e8e-0c0c45f4f76a,2021-03-24,1,-0,102.922,102.923,6.706,644.5,162.9,24.96,5,13
TeamA-af719df9-3e6c-4ad4-9e8e-0c0c45f4f76a,2021-03-26,1,-0,72.055,72.057,3.681,321.7,120.8,24.97,3,16
TeamA-af719df9-3e6c-4ad4-9e8e-0c0c45f4f76a,2021-03-27,1,2e-4,110.47,110.453,8.226,816.6,239.8,28.05,6,18
TeamA-af719df9-3e6c-4ad4-9e8e-0c0c45f4f76a,2021-03-30,1,-0,88.97,88.972,4.783,90.8,0.6,19.45,3,19
TeamA-af719df9-3e6c-4ad4-9e8e-0c0c45f4f76a,2021-04-14,1,-0,225,225.002,0.505,0,0,11.7,0,0
TeamA-af719df9-3e6c-4ad4-9e8e-0c0c45f4f76a,2021-04-16,1,3e-4,72.522,72.503,4.497,390.8,127.2,24.48,3,9
TeamA-af719df9-3e6c-4ad4-9e8e-0c0c45f4f76a,2021-04-19,1,-0,81.488,81.49,3.763,77.1,27.9,25.29,1,10
TeamA-af719df9-3e6c-4ad4-9e8e-0c0c45f4f76a,2021-04-20,1,-0,94.62,94.622,4.73,274,25.4,24.16,4,9
TeamA-af719df9-3e6c-4ad4-9e8e-0c0c45f4f76a,2021-04-22,1,-0,63.855,63.857,2.89,247,62.7,25.07,5,5
TeamA-af719df9-3e6c-4ad4-9e8e-0c0c45f4f76a,2021-04-23,1,-0,137.8,137.802,10.966,766.1,262.9,26.08,6,16
TeamA-af719df9-3e6c-4ad4-9e8e-0c0c45f4f76a,2021-04-26,1,-0,81.553,81.555,3.582,187.9,37.4,23.67,9,16
TeamA-af719df9-3e6c-4ad4-9e8e-0c0c45f4f76a,2021-04-27,1,-0,89.988,89.99,4.482,261.7,73.5,24.01,4,12
TeamA-af719df9-3e6c-4ad4-9e8e-0c0c45f4f76a,2021-04-28,1,-0,122.838,122.84,5.555,380.3,86.6,24.22,6,16
TeamA-af719df9-3e6c-4ad4-9e8e-0c0c45f4f76a,2021-04-30,1,-0,47.54,47.542,2.022,218.9,42.7,23.02,1,7
TeamA-af719df9-3e6c-4ad4-9e8e-0c0c45f4f76a,2021-05-01,1,-0,181.56,181.562,11.906,944.3,296.5,27.15,12,17
TeamA-af719df9-3e6c-4ad4-9e8e-0c0c45f4f76a,2021-05-03,1,-0,42.757,42.758,2.129,52.6,16.9,21.89,3,8
TeamA-af719df9-3e6c-4ad4-9e8e-0c0c45f4f76a,2021-05-04,1,-0,58.352,58.353,3.093,274.4,57.7,23.28,4,6
TeamA-af719df9-3e6c-4ad4-9e8e-0c0c45f4f76a,2021-05-05,1,-0,167.857,167.858,11.499,922.6,275.3,26.85,6,21
TeamA-af719df9-3e6c-4ad4-9e8e-0c0c45f4f76a,2021-05-10,1,2e-4,111.053,111.035,4.086,207.3,42.7,24.92,3,16
TeamA-af719df9-3e6c-4ad4-9e8e-0c0c45f4f76a,2021-05-13,1,3e-4,71.14,71.122,2.602,149.6,82.2,24.47,8,9
TeamA-af719df9-3e6c-4ad4-9e8e-0c0c45f4f76a,2021-05-14,1,2e-4,101.648,101.63,3.169,152.1,27.8,21.42,4,15
TeamA-af719df9-3e6c-4ad4-9e8e-0c0c45f4f76a,2021-05-15,1,-0,163.388,163.39,11.25,762.6,187.1,27.87,6,25
TeamA-af719df9-3e6c-4ad4-9e8e-0c0c45f4f76a,2021-05-17,1,5e-4,39.64,39.622,1.482,17.9,0.6,19.16,1,7
TeamA-af719df9-3e6c-4ad4-9e8e-0c0c45f4f76a,2021-05-18,1,-0,87.555,87.557,4.452,174.6,11,21.23,4,14
TeamA-af719df9-3e6c-4ad4-9e8e-0c0c45f4f76a,2021-05-19,1,-0,93.063,93.065,6.613,773.4,308.1,26.96,1,15
TeamA-af719df9-3e6c-4ad4-9e8e-0c0c45f4f76a,2021-05-21,1,-0,75.373,75.375,3.118,383.5,156.3,23.56,3,11
TeamA-af719df9-3e6c-4ad4-9e8e-0c0c45f4f76a,2021-05-22,1,-0,172.117,172.118,11.767,920.9,269.2,25.5,5,12
TeamA-af719df9-3e6c-4ad4-9e8e-0c0c45f4f76a,2021-05-24,1,-0,40.59,40.592,1.895,52,0.6,19.3,4,10
TeamA-af719df9-3e6c-4ad4-9e8e-0c0c45f4f76a,2021-05-25,1,-0,102.622,102.623,5.154,259.7,26.3,22.14,8,19
TeamA-af719df9-3e6c-4ad4-9e8e-0c0c45f4f76a,2021-05-26,1,-0,116.74,116.742,7.23,651.8,273.1,26.26,3,16
TeamA-af719df9-3e6c-4ad4-9e8e-0c0c45f4f76a,2021-05-28,1,-0,66.237,66.238,3.027,238.5,27.1,22.91,6,8
TeamA-af719df9-3e6c-4ad4-9e8e-0c0c45f4f76a,2021-05-29,1,-0,161.037,161.038,11.428,704.6,190.7,27.32,13,10
TeamA-af719df9-3e6c-4ad4-9e8e-0c0c45f4f76a,2021-06-01,1,-0,98.555,98.557,4.06,172.5,60.2,22.86,5,5
TeamA-af719df9-3e6c-4ad4-9e8e-0c0c45f4f76a,2021-06-02,1,-0,105.87,105.872,6.495,544.1,116.9,23.21,10,14
TeamA-af719df9-3e6c-4ad4-9e8e-0c0c45f4f76a,2021-06-04,1,-0,61.14,61.142,2.895,220,49.1,24.19,7,5
TeamA-af719df9-3e6c-4ad4-9e8e-0c0c45f4f76a,2021-06-05,1,-0,180.24,180.242,11.736,898.9,221.7,26.01,7,18
TeamA-af719df9-3e6c-4ad4-9e8e-0c0c45f4f76a,2021-06-18,1,-0,68.055,68.057,2.968,86.9,1.1,19.19,3,7
TeamA-af719df9-3e6c-4ad4-9e8e-0c0c45f4f76a,2021-06-19,1,-0,102.337,102.338,5.786,406.2,131.2,24.73,3,20
TeamA-af719df9-3e6c-4ad4-9e8e-0c0c45f4f76a,2021-06-21,1,-0,72.272,72.273,3.266,279.1,67.3,23.78,2,5
TeamA-af719df9-3e6c-4ad4-9e8e-0c0c45f4f76a,2021-06-22,1,-0,178.388,178.39,11.493,943.1,307.4,26.86,5,15
TeamA-af719df9-3e6c-4ad4-9e8e-0c0c45f4f76a,2021-06-24,1,3e-4,79.372,79.352,2.131,55.2,1.7,19.89,1,8
TeamA-af719df9-3e6c-4ad4-9e8e-0c0c45f4f76a,2021-06-25,1,-0,64.47,64.472,2.559,178.7,35.5,22.5,1,11
TeamA-af719df9-3e6c-4ad4-9e8e-0c0c45f4f76a,2021-06-28,1,-0,37.688,37.69,1.397,0,0,12.88,0,1
TeamA-af719df9-3e6c-4ad4-9e8e-0c0c45f4f76a,2021-06-29,1,-0,88.105,88.107,2.445,221.3,58.5,24.13,3,8
TeamA-af719df9-3e6c-4ad4-9e8e-0c0c45f4f76a,2021-06-30,1,-0,184.148,184.15,11.55,860.6,183.3,25.86,13,26
TeamA-af719df9-3e6c-4ad4-9e8e-0c0c45f4f76a,2021-07-02,1,2e-4,73.557,73.538,2.515,44.2,8.2,22.07,3,6
TeamA-af719df9-3e6c-4ad4-9e8e-0c0c45f4f76a,2021-07-03,1,-0,60.918,60.92,2.4,219.8,41.5,22.71,0,2
TeamA-af719df9-3e6c-4ad4-9e8e-0c0c45f4f76a,2021-07-04,1,1e-4,170.09,170.072,10.84,739.5,225.4,25.85,8,14
TeamA-af719df9-3e6c-4ad4-9e8e-0c0c45f4f76a,2021-07-07,1,-0,90.005,90.007,4.006,127,24.1,22.17,7,11
TeamA-af719df9-3e6c-4ad4-9e8e-0c0c45f4f76a,2021-07-08,1,-0,68.003,68.005,2.781,120.8,30.4,22.12,1,4
TeamA-af719df9-3e6c-4ad4-9e8e-0c0c45f4f76a,2021-07-09,1,2e-4,81.537,81.517,5.014,2202.4,1766.6,35.94,1,3
TeamA-af719df9-3e6c-4ad4-9e8e-0c0c45f4f76a,2021-07-10,1,-0,173.47,173.472,11.32,1006,405.4,26.36,11,26
TeamA-af719df9-3e6c-4ad4-9e8e-0c0c45f4f76a,2021-07-12,1,-0,62.688,62.69,1.922,48.7,13.5,21.97,4,3
TeamA-af719df9-3e6c-4ad4-9e8e-0c0c45f4f76a,2021-07-13,1,-0,124.487,124.488,4.269,104,11.7,21.69,4,12
TeamA-af719df9-3e6c-4ad4-9e8e-0c0c45f4f76a,2021-08-06,1,3e-4,64.738,64.718,2.306,111.1,18.3,22.03,0,2
TeamA-af719df9-3e6c-4ad4-9e8e-0c0c45f4f76a,2021-08-09,1,3e-4,60.022,60.002,0.926,18.1,0,18.52,1,4
TeamA-af719df9-3e6c-4ad4-9e8e-0c0c45f4f76a,2021-08-13,1,-0,80.07,80.072,2.27,201.3,72.9,24.34,2,4
TeamA-af719df9-3e6c-4ad4-9e8e-0c0c45f4f76a,2021-08-14,1,-0,177.983,177.985,6.351,529.1,153.1,25.48,7,14
TeamA-af719df9-3e6c-4ad4-9e8e-0c0c45f4f76a,2021-08-16,1,-0,97.838,97.84,3.87,120.9,16.1,20.88,5,19
TeamA-af719df9-3e6c-4ad4-9e8e-0c0c45f4f76a,2021-08-17,1,-0,70.153,70.155,3.297,242.4,48.7,25.26,3,4
TeamA-af719df9-3e6c-4ad4-9e8e-0c0c45f4f76a,2021-08-18,1,-0,166.338,166.34,11.642,786.5,165.4,27.02,7,16
TeamA-af719df9-3e6c-4ad4-9e8e-0c0c45f4f76a,2021-08-20,1,-0,74.437,74.438,3.43,206.9,9.1,20.08,7,7
TeamA-af719df9-3e6c-4ad4-9e8e-0c0c45f4f76a,2021-08-21,1,-0,205.84,205.842,15.878,1548.2,419,26.65,14,42
TeamA-af719df9-3e6c-4ad4-9e8e-0c0c45f4f76a,2021-08-23,1,2e-4,81.405,81.388,2.063,0,0,14.57,1,1
TeamA-af719df9-3e6c-4ad4-9e8e-0c0c45f4f76a,2021-08-24,1,-0,72.957,72.958,3.828,352.8,120.6,25.03,2,6
TeamA-af719df9-3e6c-4ad4-9e8e-0c0c45f4f76a,2021-08-25,1,-0,169.038,169.04,7.955,478.7,179.7,26.58,2,10
TeamA-af719df9-3e6c-4ad4-9e8e-0c0c45f4f76a,2021-08-26,1,3e-4,68.14,68.12,2.983,56.7,1.1,19.61,4,5
TeamA-af719df9-3e6c-4ad4-9e8e-0c0c45f4f76a,2021-08-27,1,0.0012,94.503,94.39,3.105,246.9,94.4,24.64,3,9
TeamA-af719df9-3e6c-4ad4-9e8e-0c0c45f4f76a,2021-08-28,1,-0,194.205,194.207,11.666,979,300.5,25.78,14,23
TeamA-af719df9-3e6c-4ad4-9e8e-0c0c45f4f76a,2021-08-30,1,-0,105.12,105.122,2.44,50.3,10.6,21.78,3,8
TeamA-af719df9-3e6c-4ad4-9e8e-0c0c45f4f76a,2021-08-31,1,2e-4,93.338,93.32,5.102,230.3,47.8,24.31,4,21
TeamA-af719df9-3e6c-4ad4-9e8e-0c0c45f4f76a,2021-09-01,1,2e-4,99.757,99.738,5.707,472.5,181.5,25.73,4,11
TeamA-af719df9-3e6c-4ad4-9e8e-0c0c45f4f76a,2021-09-03,1,-0,81.257,81.258,3.093,211.6,42.8,22.14,4,4
TeamA-af719df9-3e6c-4ad4-9e8e-0c0c45f4f76a,2021-09-04,1,-0,182.465,182.467,11.6,672.2,183.7,26.25,8,22
TeamA-af719df9-3e6c-4ad4-9e8e-0c0c45f4f76a,2021-09-06,1,2e-4,81.187,81.167,2.238,24.5,0,19.57,3,8
TeamA-af719df9-3e6c-4ad4-9e8e-0c0c45f4f76a,2021-09-07,1,2e-4,108.905,108.888,5.703,283.5,27.6,21.34,13,22
TeamA-af719df9-3e6c-4ad4-9e8e-0c0c45f4f76a,2021-09-08,1,2e-4,105.855,105.838,6.547,475.8,125.9,25.28,6,22
TeamA-af719df9-3e6c-4ad4-9e8e-0c0c45f4f76a,2021-09-09,1,2e-4,105.903,105.882,4.75,205.4,60.6,24.54,7,20
TeamA-af719df9-3e6c-4ad4-9e8e-0c0c45f4f76a,2021-09-11,1,3e-4,70.988,70.97,2.848,215.1,17.3,21.52,4,2
TeamA-af719df9-3e6c-4ad4-9e8e-0c0c45f4f76a,2021-09-12,1,1e-4,173.138,173.122,11.459,768.4,157.5,26.74,10,23
TeamA-af719df9-3e6c-4ad4-9e8e-0c0c45f4f76a,2021-09-24,1,3e-4,65.555,65.538,3.574,292.2,47.1,24.33,5,8
TeamA-af719df9-3e6c-4ad4-9e8e-0c0c45f4f76a,2021-09-25,1,1e-4,191.887,191.865,11.743,960.6,314.8,26.85,7,13
TeamA-af719df9-3e6c-4ad4-9e8e-0c0c45f4f76a,2021-09-27,1,2e-4,74.378,74.362,2.38,104.4,9.3,21.1,3,7
TeamA-af719df9-3e6c-4ad4-9e8e-0c0c45f4f76a,2021-09-28,1,0.0033,147.557,147.063,7.443,372.8,84.5,22.84,13,55
TeamA-af719df9-3e6c-4ad4-9e8e-0c0c45f4f76a,2021-09-29,1,2e-4,109.822,109.805,5.721,395.2,107.3,26.89,6,17
TeamA-af719df9-3e6c-4ad4-9e8e-0c0c45f4f76a,2021-10-01,1,2e-4,70.038,70.022,2.976,252.2,86.2,24.74,5,8
TeamA-af719df9-3e6c-4ad4-9e8e-0c0c45f4f76a,2021-10-02,1,1e-4,161.345,161.323,11.513,897.6,204.4,25.85,7,24
TeamA-af719df9-3e6c-4ad4-9e8e-0c0c45f4f76a,2021-10-04,1,-0,82.338,82.34,2.227,23.5,5.7,20.21,3,6
TeamA-af719df9-3e6c-4ad4-9e8e-0c0c45f4f76a,2021-10-05,1,2e-4,128.833,128.812,6.903,490.2,108.6,26.11,8,38
TeamA-af719df9-3e6c-4ad4-9e8e-0c0c45f4f76a,2021-10-06,1,-0,121.472,121.473,7.146,998.2,326.7,26.81,7,22
TeamA-af719df9-3e6c-4ad4-9e8e-0c0c45f4f76a,2021-10-08,1,-0,47.353,47.355,2.791,211.6,50.7,22.37,6,7
TeamA-af719df9-3e6c-4ad4-9e8e-0c0c45f4f76a,2021-10-09,1,-0,175.503,175.505,13.023,1168.1,271.5,26.21,9,34
TeamA-af719df9-3e6c-4ad4-9e8e-0c0c45f4f76a,2021-10-11,1,3e-4,62.338,62.318,2.165,29.9,0,18.8,3,6
TeamA-af719df9-3e6c-4ad4-9e8e-0c0c45f4f76a,2021-10-12,1,1e-4,130.638,130.62,4.249,208.4,17.2,21.39,4,4
TeamA-af719df9-3e6c-4ad4-9e8e-0c0c45f4f76a,2021-10-13,1,-0,179.557,179.558,12.518,1283.5,351.9,28.3,7,32
TeamA-af719df9-3e6c-4ad4-9e8e-0c0c45f4f76a,2021-10-15,1,4e-4,52.855,52.833,3.16,214.8,40.9,22.89,1,10
TeamA-af719df9-3e6c-4ad4-9e8e-0c0c45f4f76a,2021-10-16,1,1e-4,170.088,170.067,11.945,863.1,204.2,26.19,9,18
TeamA-af719df9-3e6c-4ad4-9e8e-0c0c45f4f76a,2021-10-28,1,-0,111.055,111.057,5.365,231.4,39.3,22.31,4,17
TeamA-af719df9-3e6c-4ad4-9e8e-0c0c45f4f76a,2021-10-29,1,2e-4,120.837,120.818,8.616,901.3,265.4,25.6,9,26
TeamA-af719df9-3e6c-4ad4-9e8e-0c0c45f4f76a,2021-11-02,1,2e-4,109.538,109.52,5.079,151.8,34,23.42,9,18
TeamA-af719df9-3e6c-4ad4-9e8e-0c0c45f4f76a,2021-11-03,1,1e-4,127.273,127.255,7.822,563.8,103.5,23.73,9,31
TeamA-af719df9-3e6c-4ad4-9e8e-0c0c45f4f76a,2021-11-04,1,2e-4,94.853,94.832,6.362,704.7,277.1,27.28,7,10
TeamA-af719df9-3e6c-4ad4-9e8e-0c0c45f4f76a,2021-11-06,1,4e-4,53.337,53.315,2.701,306.8,69.8,25.49,9,8
TeamA-af719df9-3e6c-4ad4-9e8e-0c0c45f4f76a,2021-11-07,1,1e-4,163.523,163.5,12.604,922,272.1,28.11,9,18
TeamA-af719df9-3e6c-4ad4-9e8e-0c0c45f4f76a,2021-11-09,1,3e-4,57.04,57.023,2.168,43.5,4.7,21.18,6,4
TeamA-af719df9-3e6c-4ad4-9e8e-0c0c45f4f76a,2021-11-10,1,-0,102.988,102.99,6.738,805,281.9,25.89,6,14
TeamA-af719df9-3e6c-4ad4-9e8e-0c0c45f4f76a,2021-11-12,1,-0,66.905,66.907,3.113,297.9,56.1,22.9,8,7
TeamA-af719df9-3e6c-4ad4-9e8e-0c0c45f4f76a,2021-11-13,1,1e-4,178.54,178.52,12.235,963.8,280.7,28,9,27
TeamA-af719df9-3e6c-4ad4-9e8e-0c0c45f4f76a,2021-11-16,1,-0,82.557,82.558,4.878,150.6,7.5,21.04,5,22
TeamA-affd6f1d-b364-4700-98bf-8f20896e5ac4,2020-09-28,1,-0,62.99,62.992,2.376,36.6,0,18.29,3,3
TeamA-affd6f1d-b364-4700-98bf-8f20896e5ac4,2020-10-06,1,-0,68.055,68.057,3.103,94.6,22.9,21.34,1,4
TeamA-affd6f1d-b364-4700-98bf-8f20896e5ac4,2020-10-08,1,-0,99.613,99.615,4.149,139.6,9.1,20.37,2,3
TeamA-affd6f1d-b364-4700-98bf-8f20896e5ac4,2020-10-12,1,-0,70.987,70.988,4.197,172,12.3,21.26,2,2
TeamA-affd6f1d-b364-4700-98bf-8f20896e5ac4,2020-10-14,1,-0,106.438,106.44,6.874,740.6,200.5,24.83,9,16
TeamA-affd6f1d-b364-4700-98bf-8f20896e5ac4,2020-10-17,1,-0,54.338,54.34,3.13,198,61.8,22.45,5,5
TeamA-affd6f1d-b364-4700-98bf-8f20896e5ac4,2020-10-19,1,-0,70.605,70.607,4.829,38.6,0,18.36,2,5
TeamA-affd6f1d-b364-4700-98bf-8f20896e5ac4,2020-10-26,1,-0,64.178,64.18,4.08,222.5,22.1,21.87,2,7
TeamA-affd6f1d-b364-4700-98bf-8f20896e5ac4,2020-10-28,1,-0,61.003,61.005,4.579,704.6,197.4,25.34,1,5
TeamA-affd6f1d-b364-4700-98bf-8f20896e5ac4,2020-10-29,1,-0,90.122,90.123,4.678,120.9,6.9,20.6,9,5
TeamA-affd6f1d-b364-4700-98bf-8f20896e5ac4,2020-10-31,1,-0,70.538,70.54,4.255,313.2,55.7,23.14,3,2
TeamA-affd6f1d-b364-4700-98bf-8f20896e5ac4,2020-11-02,1,-0,83.505,83.507,5.011,127.3,7.5,20.78,5,7
TeamA-affd6f1d-b364-4700-98bf-8f20896e5ac4,2020-11-04,1,-0,115.422,115.423,8.042,659,205.8,24.79,1,5
TeamA-affd6f1d-b364-4700-98bf-8f20896e5ac4,2020-11-06,1,-0,65.46,65.462,3.214,266.1,59.8,23.57,2,8
TeamA-affd6f1d-b364-4700-98bf-8f20896e5ac4,2020-11-09,1,-0,90.488,90.49,3.719,152.1,25.6,21.4,5,7
TeamA-affd6f1d-b364-4700-98bf-8f20896e5ac4,2020-11-13,1,-0,90.38,90.382,5.082,502.9,117.9,23.97,4,12
TeamA-affd6f1d-b364-4700-98bf-8f20896e5ac4,2020-11-23,1,-0,39.723,39.725,2.833,224.7,31.4,23.75,8,3
TeamA-affd6f1d-b364-4700-98bf-8f20896e5ac4,2020-11-27,1,-0,76.8,76.802,3.462,519.1,150.8,25.4,6,4
TeamA-affd6f1d-b364-4700-98bf-8f20896e5ac4,2020-11-30,1,-0,78.972,78.973,3.572,254.5,80.4,23.93,4,10
TeamA-affd6f1d-b364-4700-98bf-8f20896e5ac4,2020-12-03,1,-0,67.683,67.685,3.579,148.2,14,21.86,2,6
TeamA-affd6f1d-b364-4700-98bf-8f20896e5ac4,2021-02-01,1,-0,98.383,98.385,5.769,239.6,10.9,21.77,4,10
TeamA-affd6f1d-b364-4700-98bf-8f20896e5ac4,2021-02-08,1,-0,79.833,79.835,5.262,417.1,61.8,22.02,5,14
TeamA-affd6f1d-b364-4700-98bf-8f20896e5ac4,2021-02-18,1,-0,87.337,87.338,3.093,62.9,11.1,21.68,3,4
TeamA-affd6f1d-b364-4700-98bf-8f20896e5ac4,2021-02-20,1,-0,75.492,75.493,5.592,1109.6,484,25.55,6,7
TeamA-affd6f1d-b364-4700-98bf-8f20896e5ac4,2021-02-25,1,-0,111.73,111.732,7.541,721.3,134.1,23.92,2,17
TeamA-affd6f1d-b364-4700-98bf-8f20896e5ac4,2021-03-01,1,-0,65.49,65.492,4.364,217.2,43.3,23.29,4,7
TeamA-affd6f1d-b364-4700-98bf-8f20896e5ac4,2021-03-12,1,-0,101.993,101.995,9.266,1487.1,571.6,28.51,2,17
TeamA-affd6f1d-b364-4700-98bf-8f20896e5ac4,2021-03-15,1,-0,98.622,98.623,5.878,297,75.5,26.37,5,10
TeamA-affd6f1d-b364-4700-98bf-8f20896e5ac4,2021-03-19,1,-0,112.472,112.473,9.951,1750.5,693.1,27.29,8,9
TeamA-affd6f1d-b364-4700-98bf-8f20896e5ac4,2021-03-22,1,-0,107.938,107.94,7.242,520,103.3,23.89,19,32
TeamA-affd6f1d-b364-4700-98bf-8f20896e5ac4,2021-03-23,1,-0,99.57,99.572,4.845,186.8,22.6,22.15,7,4
TeamA-affd6f1d-b364-4700-98bf-8f20896e5ac4,2021-03-24,1,-0,42.905,42.907,2.455,303.1,120.9,27.13,9,7
TeamA-affd6f1d-b364-4700-98bf-8f20896e5ac4,2021-03-26,1,-0,87.325,87.327,4.287,511.6,273.1,26.55,10,6
TeamA-affd6f1d-b364-4700-98bf-8f20896e5ac4,2021-03-27,1,-0,109.458,109.46,9.983,1946.5,748.4,27.38,10,21
TeamA-affd6f1d-b364-4700-98bf-8f20896e5ac4,2021-03-30,1,-0,373.005,373.007,5.817,227.8,29.6,21.79,12,13
TeamA-affd6f1d-b364-4700-98bf-8f20896e5ac4,2021-04-05,1,-0,38.537,38.538,2.366,239.1,33.1,20.83,2,5
TeamA-affd6f1d-b364-4700-98bf-8f20896e5ac4,2021-04-06,1,-0,100.405,100.407,5.881,353.8,58.2,23.34,10,10
TeamA-affd6f1d-b364-4700-98bf-8f20896e5ac4,2021-04-07,1,-0,106.538,106.54,6.63,679.2,208,24.56,5,8
TeamA-affd6f1d-b364-4700-98bf-8f20896e5ac4,2021-04-09,1,-0,389.405,389.407,6.195,349.2,123.5,23.39,6,11
TeamA-affd6f1d-b364-4700-98bf-8f20896e5ac4,2021-04-12,1,-0,134.872,134.873,7.387,452.3,38.7,21.69,12,19
TeamA-affd6f1d-b364-4700-98bf-8f20896e5ac4,2021-04-13,1,-0,105.022,105.023,5.579,314.2,60.9,24.26,5,11
TeamA-affd6f1d-b364-4700-98bf-8f20896e5ac4,2021-04-14,1,-0,130.423,130.425,7.685,1056.4,485.2,27,5,8
TeamA-affd6f1d-b364-4700-98bf-8f20896e5ac4,2021-04-16,1,-0,93.338,93.34,3.693,355.7,121.9,25.28,8,15
TeamA-affd6f1d-b364-4700-98bf-8f20896e5ac4,2021-04-17,1,-0,164.287,164.288,14.067,2168.3,829.3,27.68,9,23
TeamA-affd6f1d-b364-4700-98bf-8f20896e5ac4,2021-04-19,1,-0,105.967,105.968,3.801,209.3,83.2,23.88,3,11
TeamA-affd6f1d-b364-4700-98bf-8f20896e5ac4,2021-04-20,1,-0,111.838,111.84,6.468,378.1,109.3,25.74,6,11
TeamA-affd6f1d-b364-4700-98bf-8f20896e5ac4,2021-04-21,1,-0,132.888,132.89,6.637,1364.5,1030.5,35.89,4,19
TeamA-affd6f1d-b364-4700-98bf-8f20896e5ac4,2021-04-22,1,-0,94.39,94.392,4.999,493.7,133.4,23.04,4,14
TeamA-affd6f1d-b364-4700-98bf-8f20896e5ac4,2021-04-23,1,-0,125.337,125.338,10.701,1602.2,752.9,28.11,6,14
TeamA-affd6f1d-b364-4700-98bf-8f20896e5ac4,2021-04-26,1,-0,135.522,135.523,5.919,414.3,80,23.81,9,23
TeamA-affd6f1d-b364-4700-98bf-8f20896e5ac4,2021-04-27,1,-0,105.522,105.523,5.305,311.5,61.2,25.5,5,6
TeamA-affd6f1d-b364-4700-98bf-8f20896e5ac4,2021-04-28,1,-0,125.757,125.758,7.391,892.3,300.3,25.99,11,22
TeamA-affd6f1d-b364-4700-98bf-8f20896e5ac4,2021-04-30,1,-0,84.988,84.99,3.597,430.2,184.7,26.47,3,9
TeamA-affd6f1d-b364-4700-98bf-8f20896e5ac4,2021-05-01,1,-0,175.388,175.39,12.575,1908.7,847.8,28.68,9,22
TeamA-affd6f1d-b364-4700-98bf-8f20896e5ac4,2021-05-03,1,-0,94.605,94.607,3.154,111.4,28.5,23.31,4,9
TeamA-affd6f1d-b364-4700-98bf-8f20896e5ac4,2021-05-04,1,-0,59.47,59.472,3.444,417.9,108.2,23.55,3,6
TeamA-affd6f1d-b364-4700-98bf-8f20896e5ac4,2021-05-05,1,-0,120.923,120.925,9.88,1787.6,831.6,29.13,5,20
TeamA-affd6f1d-b364-4700-98bf-8f20896e5ac4,2021-05-10,1,-0,110.553,110.555,5.084,347.3,81.3,22.99,8,9
TeamA-affd6f1d-b364-4700-98bf-8f20896e5ac4,2021-05-11,1,-0,102.805,102.807,5.529,239.4,18.3,20.99,8,11
TeamA-affd6f1d-b364-4700-98bf-8f20896e5ac4,2021-05-14,1,-0,105.503,105.505,3.305,247.8,79.7,25.56,3,4
TeamA-affd6f1d-b364-4700-98bf-8f20896e5ac4,2021-05-15,1,-0,122.562,122.563,10.509,1674.8,606.4,27.52,7,26
TeamA-affd6f1d-b364-4700-98bf-8f20896e5ac4,2021-05-17,1,-0,369.553,369.555,2.776,32.4,0,18.54,4,3
TeamA-affd6f1d-b364-4700-98bf-8f20896e5ac4,2021-05-18,1,-0,37.005,37.007,2.548,124.5,32.1,22.19,2,4
TeamA-affd6f1d-b364-4700-98bf-8f20896e5ac4,2021-05-19,1,-0,92.473,92.475,7.451,1185.2,538.3,29.05,6,10
TeamA-affd6f1d-b364-4700-98bf-8f20896e5ac4,2021-05-21,1,-0,76.223,76.225,3.415,550.2,182.4,25.22,6,8
TeamA-affd6f1d-b364-4700-98bf-8f20896e5ac4,2021-05-22,1,-0,191.192,191.193,14.12,2020.8,724.9,28.23,11,25
TeamA-affd6f1d-b364-4700-98bf-8f20896e5ac4,2021-05-24,1,-0,102.023,102.025,2.022,42.1,0.6,18.78,1,3
TeamA-affd6f1d-b364-4700-98bf-8f20896e5ac4,2021-05-25,1,-0,119.757,119.758,7.445,564.3,67.1,22.52,11,16
TeamA-affd6f1d-b364-4700-98bf-8f20896e5ac4,2021-05-26,1,-0,164.005,164.007,8.071,1016.3,394,26.78,8,17
TeamA-affd6f1d-b364-4700-98bf-8f20896e5ac4,2021-05-28,1,-0,67.722,67.723,3.483,511.8,177.8,27.51,5,4
TeamA-affd6f1d-b364-4700-98bf-8f20896e5ac4,2021-05-29,1,-0,186.007,186.008,13.758,1918.9,764.2,27.65,8,17
TeamA-affd6f1d-b364-4700-98bf-8f20896e5ac4,2021-06-04,1,-0,68.405,68.407,3.779,418.6,109.6,24.76,5,6
TeamA-affd6f1d-b364-4700-98bf-8f20896e5ac4,2021-06-05,1,-0,171.973,171.975,14.437,1971,686.8,29.04,12,16
TeamA-affd6f1d-b364-4700-98bf-8f20896e5ac4,2021-06-07,1,-0,98.933,98.935,2.778,47.6,0,18.52,3,8
TeamA-affd6f1d-b364-4700-98bf-8f20896e5ac4,2021-06-08,1,-0,80.988,80.99,4.781,162.4,18.3,21.2,4,6
TeamA-affd6f1d-b364-4700-98bf-8f20896e5ac4,2021-06-09,1,-0,97.257,97.258,6.742,792.3,287.1,25.3,6,17
TeamA-affd6f1d-b364-4700-98bf-8f20896e5ac4,2021-06-10,1,-0,111.922,111.923,5,511,125.7,24.57,6,11
TeamA-affd6f1d-b364-4700-98bf-8f20896e5ac4,2021-06-14,1,-0,94.7,94.702,6.696,644.9,113.5,24.7,10,7
TeamA-affd6f1d-b364-4700-98bf-8f20896e5ac4,2021-06-15,1,-0,92.49,92.492,5.499,464,92.8,22.45,7,14
TeamA-affd6f1d-b364-4700-98bf-8f20896e5ac4,2021-06-16,1,-0,121.372,121.373,8.859,1043.4,410.8,28.27,3,12
TeamA-affd6f1d-b364-4700-98bf-8f20896e5ac4,2021-06-18,1,-0,61.37,61.372,3.103,213.3,23,22.54,6,6
TeamA-affd6f1d-b364-4700-98bf-8f20896e5ac4,2021-06-19,1,-0,119.905,119.907,8.44,977.9,330.4,28.06,9,25
TeamA-affd6f1d-b364-4700-98bf-8f20896e5ac4,2021-06-21,1,-0,75.227,75.228,4.232,489,201.3,27.71,4,12
TeamA-affd6f1d-b364-4700-98bf-8f20896e5ac4,2021-06-22,1,-0,187.955,187.957,13.917,1822.7,690.5,28.68,7,32
TeamA-affd6f1d-b364-4700-98bf-8f20896e5ac4,2021-06-24,1,-0,67.488,67.49,3.662,42.6,0.6,19.38,1,8
TeamA-affd6f1d-b364-4700-98bf-8f20896e5ac4,2021-06-25,1,-0,70.58,70.582,3.23,285.3,109,23.38,1,2
TeamA-affd6f1d-b364-4700-98bf-8f20896e5ac4,2021-06-28,1,-0,81.555,81.557,2.415,63.8,25.1,23.28,0,2
TeamA-affd6f1d-b364-4700-98bf-8f20896e5ac4,2021-06-29,1,-0,81.988,81.99,3.536,395.6,152.8,24.81,8,5
TeamA-affd6f1d-b364-4700-98bf-8f20896e5ac4,2021-06-30,1,-0,188.697,188.698,11.993,1450.6,547.5,29.1,7,21
TeamA-affd6f1d-b364-4700-98bf-8f20896e5ac4,2021-07-02,1,-0,137.372,137.373,6.541,2925.5,2609.4,35.9,5,6
TeamA-affd6f1d-b364-4700-98bf-8f20896e5ac4,2021-07-03,1,-0,92.055,92.057,4.341,1169.7,906.9,35.85,4,4
TeamA-affd6f1d-b364-4700-98bf-8f20896e5ac4,2021-07-04,1,-0,169.66,169.662,12.472,1335.9,439.8,27.85,14,29
TeamA-affd6f1d-b364-4700-98bf-8f20896e5ac4,2021-07-07,1,-0,132.538,132.54,9.281,4040.4,3409.6,35.9,7,10
TeamA-affd6f1d-b364-4700-98bf-8f20896e5ac4,2021-07-08,1,-0,86.487,86.488,3.642,200.2,43.1,22.62,3,6
TeamA-affd6f1d-b364-4700-98bf-8f20896e5ac4,2021-07-09,1,-0,46.472,46.473,1.962,218.1,74.6,25.22,4,0
TeamA-affd6f1d-b364-4700-98bf-8f20896e5ac4,2021-07-10,1,-0,171.372,171.373,12.905,1762.3,628.2,27.89,13,18
TeamA-affd6f1d-b364-4700-98bf-8f20896e5ac4,2021-07-12,1,-0,103.388,103.39,2.387,97.8,16.9,21.56,4,6
TeamA-affd6f1d-b364-4700-98bf-8f20896e5ac4,2021-07-13,1,-0,124.872,124.873,5.438,231.4,66.6,25.16,4,6
TeamA-affd6f1d-b364-4700-98bf-8f20896e5ac4,2021-07-14,1,-0,108.067,108.068,6.134,848.5,434.8,27,6,10
TeamA-affd6f1d-b364-4700-98bf-8f20896e5ac4,2021-07-16,1,-0,80.537,80.538,3.303,294,67.2,24.27,5,5
TeamA-affd6f1d-b364-4700-98bf-8f20896e5ac4,2021-07-17,1,-0,173.078,173.08,14.47,1532,431.5,27.42,16,21
TeamA-affd6f1d-b364-4700-98bf-8f20896e5ac4,2021-07-28,1,3e-4,77.21,77.188,4.75,350.3,98.9,23.84,6,7
TeamA-affd6f1d-b364-4700-98bf-8f20896e5ac4,2021-07-29,1,-0,105.623,105.625,5.479,352.4,34.9,22.77,5,4
TeamA-affd6f1d-b364-4700-98bf-8f20896e5ac4,2021-07-30,1,-0,171.12,171.122,11.058,1339.8,500.3,27.29,10,13
TeamA-affd6f1d-b364-4700-98bf-8f20896e5ac4,2021-08-03,1,-0,117.857,117.858,7.545,1072.8,596.4,35.92,8,11
TeamA-affd6f1d-b364-4700-98bf-8f20896e5ac4,2021-08-04,1,-0,109.872,109.873,6.233,1046.2,412.1,27.05,4,9
TeamA-affd6f1d-b364-4700-98bf-8f20896e5ac4,2021-08-06,1,-0,55.722,55.723,2.544,218.5,53.1,23.04,2,7
TeamA-affd6f1d-b364-4700-98bf-8f20896e5ac4,2021-08-07,1,-0,169.623,169.625,14.089,1923.6,623.6,27.4,11,26
TeamA-affd6f1d-b364-4700-98bf-8f20896e5ac4,2021-08-09,1,-0,69.888,69.89,2.149,72.3,7.4,20.64,2,4
TeamA-affd6f1d-b364-4700-98bf-8f20896e5ac4,2021-08-10,1,-0,87.858,87.86,4.926,329.6,41.6,21.73,4,13
TeamA-affd6f1d-b364-4700-98bf-8f20896e5ac4,2021-08-11,1,-0,157.483,157.485,7.735,954,383.6,27.18,12,20
TeamA-affd6f1d-b364-4700-98bf-8f20896e5ac4,2021-08-14,1,-0,195.32,195.322,14.171,1858.1,720.4,27.56,10,20
TeamA-affd6f1d-b364-4700-98bf-8f20896e5ac4,2021-08-16,1,-0,85.488,85.49,2.879,92,4.5,19.86,5,7
TeamA-affd6f1d-b364-4700-98bf-8f20896e5ac4,2021-08-17,1,2e-4,73.305,73.288,4.223,437.8,86.5,24.81,6,12
TeamA-affd6f1d-b364-4700-98bf-8f20896e5ac4,2021-08-18,1,-0,165.555,165.557,15.036,2503.5,881.3,28.32,15,23
TeamA-affd6f1d-b364-4700-98bf-8f20896e5ac4,2021-08-21,1,-0,185.668,185.67,12.457,1867.6,694,27.86,6,14
TeamA-affd6f1d-b364-4700-98bf-8f20896e5ac4,2021-08-23,1,-0,90.167,90.168,2.822,16.1,0,18.75,4,1
TeamA-affd6f1d-b364-4700-98bf-8f20896e5ac4,2021-08-24,1,-0,81.402,81.403,4.091,346.4,95.9,24.37,1,8
TeamA-affd6f1d-b364-4700-98bf-8f20896e5ac4,2021-08-25,1,-0,180.865,180.867,2.682,0,0,13.47,0,0
TeamA-affd6f1d-b364-4700-98bf-8f20896e5ac4,2021-08-26,1,-0,86.838,86.84,4.335,215,26.2,22.77,2,7
TeamA-affd6f1d-b364-4700-98bf-8f20896e5ac4,2021-08-27,1,-0,113.055,113.057,4.077,459.2,164,24.26,4,5
TeamA-affd6f1d-b364-4700-98bf-8f20896e5ac4,2021-08-28,1,-0,202.007,202.008,13.876,2243.3,765.1,25.83,13,22
TeamA-affd6f1d-b364-4700-98bf-8f20896e5ac4,2021-08-30,1,-0,126.387,126.388,3.652,138.1,50.9,22.55,5,11
TeamA-affd6f1d-b364-4700-98bf-8f20896e5ac4,2021-08-31,1,-0,219.055,219.057,7.977,1900.8,1437.3,35.86,5,11
TeamA-affd6f1d-b364-4700-98bf-8f20896e5ac4,2021-09-01,1,1e-4,135.99,135.972,7.187,1775.6,1152.5,35.71,10,12
TeamA-affd6f1d-b364-4700-98bf-8f20896e5ac4,2021-09-03,1,-0,92.14,92.142,4.15,424.3,83.8,22.84,3,4
TeamA-affd6f1d-b364-4700-98bf-8f20896e5ac4,2021-09-04,1,-0,191.558,191.56,15.293,2264.4,779.2,28.3,15,16
TeamA-affd6f1d-b364-4700-98bf-8f20896e5ac4,2021-09-07,1,-0,114.08,114.082,6.003,425.9,87.3,25.44,11,11
TeamA-affd6f1d-b364-4700-98bf-8f20896e5ac4,2021-09-11,1,-0,77.132,77.133,3.223,401,145.1,24.79,3,8
TeamA-affd6f1d-b364-4700-98bf-8f20896e5ac4,2021-09-12,1,-0,186.053,186.055,14.301,2407.4,800.4,26.42,10,27
TeamA-affd6f1d-b364-4700-98bf-8f20896e5ac4,2021-09-14,1,-0,96.538,96.54,4.034,33.8,0,17.8,4,7
TeamA-affd6f1d-b364-4700-98bf-8f20896e5ac4,2021-09-15,1,-0,134.355,134.357,6.801,388.6,100.7,24.27,7,25
TeamA-affd6f1d-b364-4700-98bf-8f20896e5ac4,2021-09-16,1,-0,372.903,372.905,8.281,468.5,50.3,22.24,10,9
TeamA-affd6f1d-b364-4700-98bf-8f20896e5ac4,2021-09-20,1,-0,95.505,95.507,5.078,501.1,151.6,24.56,6,12
TeamA-affd6f1d-b364-4700-98bf-8f20896e5ac4,2021-09-21,1,2e-4,119.372,119.353,6.619,467.8,118.4,22.75,14,11
TeamA-affd6f1d-b364-4700-98bf-8f20896e5ac4,2021-09-22,1,-0,129.657,129.658,7.852,1959.5,1535.7,35.94,8,13
TeamA-affd6f1d-b364-4700-98bf-8f20896e5ac4,2021-09-24,1,2e-4,81.987,81.968,4.008,417.5,89.9,24.26,7,5
TeamA-affd6f1d-b364-4700-98bf-8f20896e5ac4,2021-09-25,1,-0,164.603,164.605,14.541,2160.3,695.3,25.73,7,24
TeamA-affd6f1d-b364-4700-98bf-8f20896e5ac4,2021-09-27,1,-0,72.855,72.857,2.715,122.4,22.9,22.6,4,4
TeamA-affd6f1d-b364-4700-98bf-8f20896e5ac4,2021-09-28,1,2e-4,118.457,118.438,7.681,755.4,146.2,23.24,12,9
TeamA-affd6f1d-b364-4700-98bf-8f20896e5ac4,2021-09-29,1,-0,107.715,107.717,6.372,788.5,246.2,25.98,4,11
TeamA-affd6f1d-b364-4700-98bf-8f20896e5ac4,2021-10-01,1,-0,72.522,72.523,3.471,247.8,56.8,22.72,5,4
TeamA-affd6f1d-b364-4700-98bf-8f20896e5ac4,2021-10-02,1,-0,158.015,158.017,12.89,1697,607,28.5,13,26
TeamA-affd6f1d-b364-4700-98bf-8f20896e5ac4,2021-10-04,1,-0,97.123,97.125,2.465,91.4,10.1,20.43,3,7
TeamA-affd6f1d-b364-4700-98bf-8f20896e5ac4,2021-10-05,1,-0,127.572,127.573,6.839,459.4,144.7,24.65,6,16
TeamA-affd6f1d-b364-4700-98bf-8f20896e5ac4,2021-10-06,1,-0,154.988,154.99,7.563,1455.9,552.2,26.18,7,18
TeamA-affd6f1d-b364-4700-98bf-8f20896e5ac4,2021-10-08,1,-0,92.122,92.123,4.134,454.2,133,24.24,6,6
TeamA-affd6f1d-b364-4700-98bf-8f20896e5ac4,2021-10-09,1,-0,184.422,184.423,14.455,2116.4,760.5,28.92,5,16
TeamA-affd6f1d-b364-4700-98bf-8f20896e5ac4,2021-10-11,1,-0,95.37,95.372,2.981,95.8,21.2,21.21,1,6
TeamA-affd6f1d-b364-4700-98bf-8f20896e5ac4,2021-10-12,1,-0,86.503,86.505,4.292,315.7,82.1,25.73,4,6
TeamA-affd6f1d-b364-4700-98bf-8f20896e5ac4,2021-10-13,1,-0,140.175,140.177,10.554,1592.3,524.3,27.63,3,33
TeamA-affd6f1d-b364-4700-98bf-8f20896e5ac4,2021-10-15,1,2e-4,89.465,89.448,2.722,71.7,5.2,20.98,2,3
TeamA-affd6f1d-b364-4700-98bf-8f20896e5ac4,2021-10-16,1,1e-4,175.13,175.11,11.773,1452.6,493.4,27.78,19,19
TeamA-affd6f1d-b364-4700-98bf-8f20896e5ac4,2021-10-29,1,-0,111.522,111.523,9.597,1567.5,615.5,27.74,6,18
TeamA-affd6f1d-b364-4700-98bf-8f20896e5ac4,2021-11-02,1,2e-4,106.482,106.465,5.291,223.3,44.6,24.05,4,10
TeamA-affd6f1d-b364-4700-98bf-8f20896e5ac4,2021-11-04,1,2e-4,87.538,87.52,6.352,997.2,394.2,25.82,5,11
TeamA-affd6f1d-b364-4700-98bf-8f20896e5ac4,2021-11-06,1,-0,55.053,55.055,3.337,444.6,128.1,24.24,4,6
TeamA-affd6f1d-b364-4700-98bf-8f20896e5ac4,2021-11-07,1,-0,162.675,162.677,14.51,1869.2,469.9,26.18,11,24
TeamA-affd6f1d-b364-4700-98bf-8f20896e5ac4,2021-11-09,1,-0,63.628,63.63,2.353,37.1,12.6,23.55,2,6
TeamA-affd6f1d-b364-4700-98bf-8f20896e5ac4,2021-11-10,1,2e-4,96.903,96.883,6.687,800,277.4,25.79,4,9
TeamA-affd6f1d-b364-4700-98bf-8f20896e5ac4,2021-11-12,1,-0,73.505,73.507,4.012,445.2,91.6,23.91,9,5
TeamA-affd6f1d-b364-4700-98bf-8f20896e5ac4,2021-11-13,1,-0,226.023,226.025,13.223,2219.5,921.1,27.77,10,28
TeamA-affd6f1d-b364-4700-98bf-8f20896e5ac4,2021-11-16,1,-0,76.672,76.673,5.003,180.1,29.9,21.39,3,8
TeamA-b4862b21-fb97-d435-8856-1712e8e5216a,2020-06-01,1,-0,113.775,113.777,6.948,242.6,23.1,21.73,6,6
TeamA-b4862b21-fb97-d435-8856-1712e8e5216a,2020-06-02,1,-0,120.403,120.405,7.077,272.4,24.9,22.25,3,4
TeamA-b4862b21-fb97-d435-8856-1712e8e5216a,2020-06-03,1,-0,129.225,129.227,8.952,780.8,220.1,25.19,6,10
TeamA-b4862b21-fb97-d435-8856-1712e8e5216a,2020-06-04,1,-0,109.672,109.673,4.867,181.9,6.3,20.24,3,1
TeamA-b4862b21-fb97-d435-8856-1712e8e5216a,2020-06-05,1,-0,107.388,107.39,5.213,421.6,127,23.16,4,2
TeamA-b4862b21-fb97-d435-8856-1712e8e5216a,2020-06-06,1,-0,130.503,130.505,8.285,585.9,84.8,24.18,3,4
TeamA-b4862b21-fb97-d435-8856-1712e8e5216a,2020-06-08,1,-0,140.85,140.852,8.028,1094.6,730.1,35.7,7,9
TeamA-b4862b21-fb97-d435-8856-1712e8e5216a,2020-06-09,1,-0,113.02,113.022,6.742,220.1,15.6,21.3,7,6
TeamA-b4862b21-fb97-d435-8856-1712e8e5216a,2020-06-10,1,-0,123.42,123.422,9.448,632.9,126,23.42,5,8
TeamA-b4862b21-fb97-d435-8856-1712e8e5216a,2020-06-11,1,-0,80.037,80.038,3.904,469.9,174.1,25.64,1,8
TeamA-b4862b21-fb97-d435-8856-1712e8e5216a,2020-06-12,1,-0,99.94,99.942,4.612,431,103.1,25.3,7,2
TeamA-b4862b21-fb97-d435-8856-1712e8e5216a,2020-06-13,1,-0,127.337,127.338,9.535,747.3,126.3,25.05,2,5
TeamA-b4862b21-fb97-d435-8856-1712e8e5216a,2020-06-15,1,-0,124.503,124.505,7.086,200.6,14.7,20.5,9,6
TeamA-b4862b21-fb97-d435-8856-1712e8e5216a,2020-06-16,1,-0,131.855,131.857,8.242,329.2,28.1,23.54,4,5
TeamA-b4862b21-fb97-d435-8856-1712e8e5216a,2020-06-17,1,-0,128.012,128.013,8.119,732.5,84.2,23.27,1,2
TeamA-b4862b21-fb97-d435-8856-1712e8e5216a,2020-06-19,1,-0,96.988,96.99,3.626,238.3,64.6,24.53,3,4
TeamA-b4862b21-fb97-d435-8856-1712e8e5216a,2020-06-20,1,-0,166.538,166.54,7.113,510.5,132.6,25.32,2,4
TeamA-b4862b21-fb97-d435-8856-1712e8e5216a,2020-06-24,1,-0,113.888,113.89,8.272,668.6,137.6,23.78,6,4
TeamA-b4862b21-fb97-d435-8856-1712e8e5216a,2020-06-26,1,-0,89.387,89.388,3.532,273.2,33.3,22.77,1,6
TeamA-b4862b21-fb97-d435-8856-1712e8e5216a,2020-06-29,1,-0,132.49,132.492,5.539,145.9,38.5,21.75,4,6
TeamA-b4862b21-fb97-d435-8856-1712e8e5216a,2020-06-30,1,-0,122.94,122.942,8.496,580.8,137.7,24.02,6,7
TeamA-b4862b21-fb97-d435-8856-1712e8e5216a,2020-07-04,1,-0,139.258,139.26,10.929,1131.8,314.1,27.26,7,10
TeamA-b4862b21-fb97-d435-8856-1712e8e5216a,2020-07-06,1,-0,85.005,85.007,5.45,126.2,17.7,22.62,9,10
TeamA-b4862b21-fb97-d435-8856-1712e8e5216a,2020-07-07,1,-0,115.023,115.025,6.874,247.6,19.5,22.76,6,6
TeamA-b4862b21-fb97-d435-8856-1712e8e5216a,2020-07-08,1,-0,119.505,119.507,8.349,907.3,151.8,25.23,3,4
TeamA-b4862b21-fb97-d435-8856-1712e8e5216a,2020-07-10,1,-0,126.355,126.357,4.49,1276.6,1075.1,35.89,3,4
TeamA-b4862b21-fb97-d435-8856-1712e8e5216a,2020-07-13,1,-0,70.522,70.523,4.451,56.5,5.8,21.29,5,2
TeamA-b4862b21-fb97-d435-8856-1712e8e5216a,2020-07-14,1,-0,92.972,92.973,6.581,289.6,17.3,22.1,6,2
TeamA-b4862b21-fb97-d435-8856-1712e8e5216a,2020-07-15,1,-0,100.423,100.425,6.51,777.1,154.8,23.56,1,4
TeamA-b4862b21-fb97-d435-8856-1712e8e5216a,2020-07-16,1,-0,109.903,109.905,5.646,285.6,56.5,21.35,7,9
TeamA-b4862b21-fb97-d435-8856-1712e8e5216a,2020-07-18,1,-0,71.072,71.073,3.554,273.2,80.4,23.55,3,6
TeamA-b4862b21-fb97-d435-8856-1712e8e5216a,2020-07-19,1,-0,167.357,167.358,5.387,189.4,83.4,24.69,4,1
TeamA-b4862b21-fb97-d435-8856-1712e8e5216a,2020-07-20,1,-0,66.757,66.758,4.667,122.6,10,22.12,3,5
TeamA-b4862b21-fb97-d435-8856-1712e8e5216a,2020-07-21,1,-0,97.055,97.057,4.759,170.7,1.1,19.86,4,5
TeamA-b4862b21-fb97-d435-8856-1712e8e5216a,2020-07-22,1,-0,112.055,112.057,7.884,587.2,76.6,22.93,3,3
TeamA-b4862b21-fb97-d435-8856-1712e8e5216a,2020-07-25,1,-0,173.388,173.39,6.012,137.8,38.1,24.07,8,1
TeamA-b4862b21-fb97-d435-8856-1712e8e5216a,2020-07-27,1,-0,86.638,86.64,4.439,113,5.1,20.07,0,3
TeamA-b4862b21-fb97-d435-8856-1712e8e5216a,2020-07-29,1,-0,119.55,119.552,7.438,341.2,35.7,23.04,6,8
TeamA-b4862b21-fb97-d435-8856-1712e8e5216a,2020-07-30,1,-0,112.537,112.538,6.913,749,252.5,27.11,8,11
TeamA-b4862b21-fb97-d435-8856-1712e8e5216a,2020-08-01,1,-0,86.038,86.04,3.377,183.1,64.2,25.41,3,4
TeamA-b4862b21-fb97-d435-8856-1712e8e5216a,2020-08-02,1,-0,196.487,196.488,5.038,533.6,267.5,23.47,14,12
TeamA-b4862b21-fb97-d435-8856-1712e8e5216a,2020-08-03,1,-0,79.173,79.175,5.112,102.2,2.3,20.01,4,4
TeamA-b4862b21-fb97-d435-8856-1712e8e5216a,2020-08-05,1,-0,105.055,105.057,6.149,301.6,66.4,24.37,4,8
TeamA-b4862b21-fb97-d435-8856-1712e8e5216a,2020-08-06,1,-0,98.403,98.405,4.576,134.5,7.7,22.54,2,5
TeamA-b4862b21-fb97-d435-8856-1712e8e5216a,2020-08-07,1,-0,66.238,66.24,3.232,54.7,7.5,20.72,3,2
TeamA-b4862b21-fb97-d435-8856-1712e8e5216a,2020-08-10,1,-0,83.988,83.99,5.107,137.5,5.6,20.29,5,7
TeamA-b4862b21-fb97-d435-8856-1712e8e5216a,2020-08-11,1,-0,89.503,89.505,5.601,93.7,5.1,20.4,6,9
TeamA-b4862b21-fb97-d435-8856-1712e8e5216a,2020-08-12,1,-0,91.973,91.975,6.51,610.2,130.4,25.89,3,4
TeamA-b4862b21-fb97-d435-8856-1712e8e5216a,2020-08-13,1,-0,107.12,107.122,6.166,457.5,80.5,23.78,6,9
TeamA-b4862b21-fb97-d435-8856-1712e8e5216a,2020-08-15,1,-0,81.388,81.39,4.701,216.6,76.2,27.83,2,1
TeamA-b4862b21-fb97-d435-8856-1712e8e5216a,2020-08-16,1,-0,193.537,193.538,5.036,592.5,247.6,23.33,12,9
TeamA-b4862b21-fb97-d435-8856-1712e8e5216a,2020-08-17,1,-0,78.687,78.688,4.711,151.1,10.8,20.84,3,7
TeamA-b4862b21-fb97-d435-8856-1712e8e5216a,2020-08-19,1,-0,106.607,106.608,6.181,271.5,58.4,24.02,2,5
TeamA-b4862b21-fb97-d435-8856-1712e8e5216a,2020-08-20,1,-0,98.505,98.507,4.826,240.1,45,23.27,2,3
TeamA-b4862b21-fb97-d435-8856-1712e8e5216a,2020-08-21,1,-0,55.333,55.335,2.572,139.5,51.4,25.04,2,0
TeamA-b4862b21-fb97-d435-8856-1712e8e5216a,2020-08-22,1,-0,161.422,161.423,3.507,37.6,6.8,20.73,2,0
TeamA-b4862b21-fb97-d435-8856-1712e8e5216a,2020-08-25,1,-0,57.19,57.192,4.102,295.1,74.8,26.17,3,2
TeamA-b4862b21-fb97-d435-8856-1712e8e5216a,2020-08-26,1,-0,177.873,177.875,4.714,237.8,70.1,22.29,3,0
TeamA-b4862b21-fb97-d435-8856-1712e8e5216a,2020-08-27,1,-0,57.87,57.872,3.491,57.5,4,20.01,4,4
TeamA-b4862b21-fb97-d435-8856-1712e8e5216a,2020-08-29,1,-0,45.922,45.923,2.358,219.5,76.8,24.61,3,0
TeamA-b4862b21-fb97-d435-8856-1712e8e5216a,2020-08-30,1,-0,146.45,146.452,4.457,957.5,94.1,22.2,3,2
TeamA-b4862b21-fb97-d435-8856-1712e8e5216a,2020-08-31,1,-0,60.988,60.99,4.27,185.6,18.7,23.87,3,4
TeamA-b4862b21-fb97-d435-8856-1712e8e5216a,2020-09-01,1,-0,71.14,71.142,3.583,95.2,34.7,24.45,1,1
TeamA-b4862b21-fb97-d435-8856-1712e8e5216a,2020-09-02,1,-0,97.553,97.555,6.569,333.8,77.2,25.5,1,2
TeamA-b4862b21-fb97-d435-8856-1712e8e5216a,2020-09-03,1,-0,90.622,90.623,4.725,199,28.4,21.94,5,3
TeamA-b4862b21-fb97-d435-8856-1712e8e5216a,2020-09-04,1,-0,77.505,77.507,3.464,149.6,22.6,21.83,7,6
TeamA-b4862b21-fb97-d435-8856-1712e8e5216a,2020-09-07,1,-0,70.87,70.872,4.976,75,9,22.46,3,4
TeamA-b4862b21-fb97-d435-8856-1712e8e5216a,2020-09-08,1,-0,83.353,83.355,4.314,143.2,6.9,20.57,5,4
TeamA-b4862b21-fb97-d435-8856-1712e8e5216a,2020-09-09,1,-0,89.005,89.007,6.273,310.9,68.5,23.94,3,2
TeamA-b58af410-da77-479e-b93c-e03617b9f36d,2020-06-01,1,-0,112.855,112.857,6.151,186.6,19.4,22.44,5,9
TeamA-b58af410-da77-479e-b93c-e03617b9f36d,2020-06-02,1,-0,124.838,124.84,6.616,226.4,37.5,22.96,5,9
TeamA-b58af410-da77-479e-b93c-e03617b9f36d,2020-06-03,1,-0,122.99,122.992,8.068,951,308.5,25.38,6,10
TeamA-b58af410-da77-479e-b93c-e03617b9f36d,2020-06-04,1,-0,111.857,111.858,1.772,0,0,12.2,1,1
TeamA-b58af410-da77-479e-b93c-e03617b9f36d,2020-06-05,1,-0,110.257,110.258,4.965,289.2,105.4,24.46,8,5
TeamA-b58af410-da77-479e-b93c-e03617b9f36d,2020-06-06,1,-0,136.238,136.24,8.186,557.9,144.6,26.25,4,15
TeamA-b58af410-da77-479e-b93c-e03617b9f36d,2020-06-08,1,-0,112.337,112.338,5.723,134.7,13.9,20.94,5,17
TeamA-b58af410-da77-479e-b93c-e03617b9f36d,2020-06-09,1,-0,125.4,125.402,6.467,134.5,18.6,21.56,10,9
TeamA-b58af410-da77-479e-b93c-e03617b9f36d,2020-06-10,1,-0,141.838,141.84,8.275,504.8,157.3,24.96,10,9
TeamA-b58af410-da77-479e-b93c-e03617b9f36d,2020-06-11,1,-0,80.373,80.375,2.159,60.3,37.8,23.37,3,1
TeamA-b58af410-da77-479e-b93c-e03617b9f36d,2020-06-12,1,-0,116.34,116.342,4.363,472.8,218.4,23.41,7,3
TeamA-b58af410-da77-479e-b93c-e03617b9f36d,2020-06-13,1,-0,141.573,141.575,8.337,594.8,144.8,24.75,6,12
TeamA-b58af410-da77-479e-b93c-e03617b9f36d,2020-06-15,1,-0,124.732,124.733,5.866,245.3,43.7,23.02,3,11
TeamA-b58af410-da77-479e-b93c-e03617b9f36d,2020-06-16,1,-0,139.95,139.952,7.697,303.3,62.9,24.86,2,18
TeamA-b58af410-da77-479e-b93c-e03617b9f36d,2020-06-17,1,-0,147.87,147.872,7.758,710.7,102.6,25.13,2,8
TeamA-b58af410-da77-479e-b93c-e03617b9f36d,2020-06-19,1,-0,75.875,75.877,2.603,179.9,45.4,23.55,7,9
TeamA-b58af410-da77-479e-b93c-e03617b9f36d,2020-06-20,1,-0,150.438,150.44,9.252,632.4,148.5,25.93,7,12
TeamA-b58af410-da77-479e-b93c-e03617b9f36d,2020-06-22,1,-0,106.32,106.322,5.779,216.1,28.9,21.77,6,15
TeamA-b58af410-da77-479e-b93c-e03617b9f36d,2020-06-23,1,-0,141.483,141.485,6.171,196.1,59.2,23.24,3,7
TeamA-b58af410-da77-479e-b93c-e03617b9f36d,2020-06-24,1,-0,145.84,145.842,7.674,549,116.9,23.69,3,4
TeamA-b58af410-da77-479e-b93c-e03617b9f36d,2020-06-26,1,-0,72.338,72.34,3.028,193,36.9,24.01,4,2
TeamA-b58af410-da77-479e-b93c-e03617b9f36d,2020-06-27,1,-0,147.338,147.34,8.362,453.1,96.6,23.4,4,8
TeamA-b58af410-da77-479e-b93c-e03617b9f36d,2020-06-29,1,-0,106.405,106.407,4.726,181.6,32.9,22.98,3,6
TeamA-b58af410-da77-479e-b93c-e03617b9f36d,2020-06-30,1,-0,123.872,123.873,8.111,683.5,117.4,23.38,6,4
TeamA-b58af410-da77-479e-b93c-e03617b9f36d,2020-07-02,1,-0,77.838,77.84,2.844,211.3,44.6,21.12,10,2
TeamA-b58af410-da77-479e-b93c-e03617b9f36d,2020-07-03,1,-0,174.47,174.472,13.542,1430.8,382.7,27.44,16,19
TeamA-b58af410-da77-479e-b93c-e03617b9f36d,2020-07-06,1,-0,91.37,91.372,5.421,172.1,36.2,22.59,3,9
TeamA-b58af410-da77-479e-b93c-e03617b9f36d,2020-07-07,1,-0,210.523,210.525,6.725,194.5,7.9,20.16,6,12
TeamA-b58af410-da77-479e-b93c-e03617b9f36d,2020-07-08,1,-0,120.573,120.575,7.691,595.8,166.7,26.78,3,8
TeamA-b58af410-da77-479e-b93c-e03617b9f36d,2020-07-10,1,-0,85.763,85.765,2.251,199,52.8,23.93,2,2
TeamA-b58af410-da77-479e-b93c-e03617b9f36d,2020-07-11,1,-0,94.487,94.488,6.618,445.6,71,23.3,4,3
TeamA-b58af410-da77-479e-b93c-e03617b9f36d,2020-07-13,1,-0,71.003,71.005,2.097,40.5,2.9,21.05,4,6
TeamA-b58af410-da77-479e-b93c-e03617b9f36d,2020-07-14,1,-0,104.138,104.14,5.155,175.1,19,21.46,5,8
TeamA-b58af410-da77-479e-b93c-e03617b9f36d,2020-07-15,1,-0,154.872,154.873,4.123,386.1,79.3,23.14,3,5
TeamA-b58af410-da77-479e-b93c-e03617b9f36d,2020-07-16,1,-0,116.457,116.458,4.556,194.3,41.9,23.47,6,17
TeamA-b58af410-da77-479e-b93c-e03617b9f36d,2020-07-18,1,-0,70.142,70.143,1.772,247.3,74.2,22.99,2,3
TeamA-b58af410-da77-479e-b93c-e03617b9f36d,2020-07-19,1,-0,399.957,399.958,10.113,730.5,138.4,24.79,14,11
TeamA-b58af410-da77-479e-b93c-e03617b9f36d,2020-07-21,1,-0,90.337,90.338,3.959,104.9,36.1,21.62,3,5
TeamA-b58af410-da77-479e-b93c-e03617b9f36d,2020-07-22,1,-0,88.388,88.39,6.114,391.1,81.1,23.75,4,4
TeamA-b58af410-da77-479e-b93c-e03617b9f36d,2020-07-25,1,-0,168.777,168.778,12.487,705.6,134.7,25.11,6,17
TeamA-b58af410-da77-479e-b93c-e03617b9f36d,2020-07-27,1,-0,69.522,69.523,1.289,18.4,2.3,19.93,2,3
TeamA-b58af410-da77-479e-b93c-e03617b9f36d,2020-07-29,1,-0,134.922,134.923,7.346,223.5,16.3,22.27,6,8
TeamA-b58af410-da77-479e-b93c-e03617b9f36d,2020-07-30,1,-0,118.405,118.407,6.978,616.9,199.1,24.89,8,13
TeamA-b58af410-da77-479e-b93c-e03617b9f36d,2020-08-01,1,-0,94.058,94.06,3.325,257.9,92.3,23.2,4,4
TeamA-b58af410-da77-479e-b93c-e03617b9f36d,2020-08-02,1,-0,105.15,105.152,8.905,781,198.2,27.33,4,12
TeamA-b58af410-da77-479e-b93c-e03617b9f36d,2020-08-03,1,-0,51.855,51.857,2.684,29,0.6,18.4,0,3
TeamA-b58af410-da77-479e-b93c-e03617b9f36d,2020-08-05,1,-0,99.515,99.517,5.714,124.4,21.8,25.04,0,7
TeamA-b58af410-da77-479e-b93c-e03617b9f36d,2020-08-06,1,-0,83.593,83.595,3.287,19,0,18.23,2,1
TeamA-b58af410-da77-479e-b93c-e03617b9f36d,2020-08-07,1,-0,65.023,65.025,2.573,215.9,27.9,22.07,2,3
TeamA-b58af410-da77-479e-b93c-e03617b9f36d,2020-08-08,1,-0,171.42,171.422,13.207,1210.7,189.1,24.66,12,18
TeamA-b58af410-da77-479e-b93c-e03617b9f36d,2020-08-11,1,-0,110.403,110.405,5.975,40,0,18.85,5,8
TeamA-b58af410-da77-479e-b93c-e03617b9f36d,2020-08-12,1,-0,92.372,92.373,6.21,449.2,52.5,21.9,1,4
TeamA-b58af410-da77-479e-b93c-e03617b9f36d,2020-08-13,1,-0,79.42,79.422,2.567,117.5,9.1,20.27,3,6
TeamA-b58af410-da77-479e-b93c-e03617b9f36d,2020-08-15,1,-0,83.87,83.872,4.335,318.3,76.6,23.93,4,3
TeamA-b58af410-da77-479e-b93c-e03617b9f36d,2020-08-16,1,-0,136.97,136.972,10.711,880.7,248.6,27.32,9,16
TeamA-b58af410-da77-479e-b93c-e03617b9f36d,2020-08-19,1,-0,104.755,104.757,5.925,238.9,45.3,24.11,4,9
TeamA-b58af410-da77-479e-b93c-e03617b9f36d,2020-08-20,1,-0,90.838,90.84,3.518,113.3,35.8,21.75,3,4
TeamA-b58af410-da77-479e-b93c-e03617b9f36d,2020-08-22,1,-0,125.563,125.565,6.672,544,103.4,22.94,2,6
TeamA-b58af410-da77-479e-b93c-e03617b9f36d,2020-08-25,1,-0,61.498,61.5,4.06,271.2,78.3,25.83,3,7
TeamA-b58af410-da77-479e-b93c-e03617b9f36d,2020-08-26,1,-0,169.873,169.875,12.794,951.3,213.5,25.05,9,11
TeamA-b58af410-da77-479e-b93c-e03617b9f36d,2020-08-29,1,-0,45.972,45.973,2.316,272.6,79.1,25.21,3,4
TeamA-b58af410-da77-479e-b93c-e03617b9f36d,2020-08-30,1,-0,123.538,123.54,11.134,1270.6,305.5,26.79,8,17
TeamA-b58af410-da77-479e-b93c-e03617b9f36d,2020-09-02,1,-0,93.572,93.573,5.704,257.2,74.5,22.43,2,5
TeamA-b58af410-da77-479e-b93c-e03617b9f36d,2020-09-03,1,-0,102.533,102.535,4.398,240.8,49,22,0,5
TeamA-b58af410-da77-479e-b93c-e03617b9f36d,2020-09-04,1,-0,60.553,60.555,2.528,157.2,34.8,22.88,4,1
TeamA-b58af410-da77-479e-b93c-e03617b9f36d,2020-09-05,1,-0,191.488,191.49,0.628,0,0,9.08,0,0
TeamA-b58af410-da77-479e-b93c-e03617b9f36d,2020-09-08,1,-0,65.872,65.873,3.638,146.6,15.6,21.28,4,4
TeamA-b58af410-da77-479e-b93c-e03617b9f36d,2020-09-09,1,-0,106.465,106.467,5.979,269.7,60.9,23.32,2,4
TeamA-b58af410-da77-479e-b93c-e03617b9f36d,2020-09-11,1,-0,66.838,66.84,3.086,182.7,23.1,24.03,2,2
TeamA-b58af410-da77-479e-b93c-e03617b9f36d,2020-09-12,1,-0,182.315,182.317,10.062,890.3,171.9,26.37,6,9
TeamA-b58af410-da77-479e-b93c-e03617b9f36d,2020-09-14,1,-0,73.038,73.04,3.498,112.2,13,21.77,5,6
TeamA-b58af410-da77-479e-b93c-e03617b9f36d,2020-09-15,1,-0,93.157,93.158,4.963,183.7,4.5,20.2,7,5
TeamA-b58af410-da77-479e-b93c-e03617b9f36d,2020-09-16,1,-0,111.187,111.188,5.744,134.5,32.8,22.46,4,4
TeamA-b58af410-da77-479e-b93c-e03617b9f36d,2020-09-21,1,-0,71.4,71.402,4.698,346.8,147.9,24.42,9,9
TeamA-b58af410-da77-479e-b93c-e03617b9f36d,2020-09-22,1,-0,107.89,107.892,4.642,104.7,1.2,19.62,2,5
TeamA-b58af410-da77-479e-b93c-e03617b9f36d,2020-09-23,1,-0,98.987,98.988,5.631,229.4,34,22.67,3,5
TeamA-b58af410-da77-479e-b93c-e03617b9f36d,2020-09-25,1,-0,83.837,83.838,3.008,235.3,51.1,21.73,6,5
TeamA-b58af410-da77-479e-b93c-e03617b9f36d,2020-09-26,1,-0,153.338,153.34,11.646,1076,325.6,27.22,6,16
TeamA-b58af410-da77-479e-b93c-e03617b9f36d,2020-09-30,1,-0,89.372,89.373,4.645,405.6,159.3,26.67,0,4
TeamA-b58af410-da77-479e-b93c-e03617b9f36d,2020-10-01,1,-0,53.338,53.34,2.853,113.4,36.9,25.7,2,2
TeamA-b58af410-da77-479e-b93c-e03617b9f36d,2020-10-03,1,-0,78.553,78.555,2.898,230.3,65.2,22.91,7,8
TeamA-b58af410-da77-479e-b93c-e03617b9f36d,2020-10-04,1,1e-4,262.525,262.503,12.557,1081.7,312.6,26.4,10,24
TeamA-b58af410-da77-479e-b93c-e03617b9f36d,2020-10-06,1,-0,59.888,59.89,2.669,149.4,33.1,23.1,6,2
TeamA-b58af410-da77-479e-b93c-e03617b9f36d,2020-10-07,1,-0,180.837,180.838,12.756,1222.1,420.4,28.1,9,12
TeamA-b58af410-da77-479e-b93c-e03617b9f36d,2020-10-10,1,-0,39.555,39.557,2.194,402.6,231.7,24.55,5,0
TeamA-b58af410-da77-479e-b93c-e03617b9f36d,2020-10-12,1,-0,80.753,80.755,4.506,239.6,6.3,20.01,7,11
TeamA-b58af410-da77-479e-b93c-e03617b9f36d,2020-10-13,1,-0,94.39,94.392,5.186,122.1,0,18.92,4,5
TeamA-b58af410-da77-479e-b93c-e03617b9f36d,2020-10-14,1,-0,113.053,113.055,7.005,569,151,25.72,2,4
TeamA-b58af410-da77-479e-b93c-e03617b9f36d,2020-10-15,1,-0,93.538,93.54,4.516,141.4,18.5,21.75,4,2
TeamA-b58af410-da77-479e-b93c-e03617b9f36d,2020-10-17,1,-0,51.872,51.873,3.042,138.7,10.9,21.43,3,2
TeamA-b58af410-da77-479e-b93c-e03617b9f36d,2020-10-18,1,-0,115.925,115.927,10.371,1279.2,392.5,26.81,4,14
TeamA-b58af410-da77-479e-b93c-e03617b9f36d,2020-10-21,1,-0,95.295,95.297,5.076,273.7,65.5,23.51,9,7
TeamA-b58af410-da77-479e-b93c-e03617b9f36d,2020-10-22,1,-0,112.338,112.34,7.001,624.2,167.8,24.48,9,5
TeamA-b58af410-da77-479e-b93c-e03617b9f36d,2020-10-23,1,-0,98.988,98.99,4.785,323.9,101.8,25.16,5,8
TeamA-b58af410-da77-479e-b93c-e03617b9f36d,2020-10-26,1,-0,69.538,69.54,3.744,85.5,18.9,24.51,3,7
TeamA-b58af410-da77-479e-b93c-e03617b9f36d,2020-10-27,1,-0,114.523,114.525,5.06,175.5,16.2,21.36,15,6
TeamA-b58af410-da77-479e-b93c-e03617b9f36d,2020-10-28,1,-0,48.488,48.49,2.886,32.6,3.4,20.34,2,2
TeamA-b58af410-da77-479e-b93c-e03617b9f36d,2020-10-31,1,-0,74.972,74.973,3.522,191.1,52.1,25.09,8,4
TeamA-b58af410-da77-479e-b93c-e03617b9f36d,2020-11-01,1,-0,177.527,177.528,12.251,1148.5,293.8,25.74,14,24
TeamA-b58af410-da77-479e-b93c-e03617b9f36d,2020-11-04,1,-0,101.005,101.007,6.716,246.8,78.6,23.06,5,4
TeamA-b58af410-da77-479e-b93c-e03617b9f36d,2020-11-06,1,-0,63.555,63.557,2.973,232.2,49,22.68,3,3
TeamA-b58af410-da77-479e-b93c-e03617b9f36d,2020-11-07,1,-0,140.822,140.823,10.681,1017.8,270.8,26.4,11,9
TeamA-b58af410-da77-479e-b93c-e03617b9f36d,2020-11-09,1,-0,101.622,101.623,3.638,170.4,66.7,27.15,2,2
TeamA-b58af410-da77-479e-b93c-e03617b9f36d,2020-11-11,1,-0,41.157,41.158,2.497,2.3,0,16.48,1,5
TeamA-b58af410-da77-479e-b93c-e03617b9f36d,2020-11-13,1,-0,62.853,62.855,3.083,264.9,76.7,25.85,3,3
TeamA-b58af410-da77-479e-b93c-e03617b9f36d,2020-11-14,1,-0,40.55,40.552,2.174,193.2,81.2,25.14,2,1
TeamA-b58af410-da77-479e-b93c-e03617b9f36d,2020-11-17,1,-0,80.553,80.555,3.964,108.4,10.8,20.69,4,4
TeamA-b58af410-da77-479e-b93c-e03617b9f36d,2020-11-20,1,-0,66.52,66.522,4.452,269.5,49.3,23.25,3,4
TeamA-b58af410-da77-479e-b93c-e03617b9f36d,2020-11-23,1,-0,90.065,90.067,3.891,197.4,60.3,24.24,7,10
TeamA-b58af410-da77-479e-b93c-e03617b9f36d,2020-11-27,1,-0,87.553,87.555,4.133,481.2,122.8,23.74,6,7
TeamA-b58af410-da77-479e-b93c-e03617b9f36d,2020-11-30,1,-0,74.553,74.555,3.365,197.8,39.9,25.3,9,7
TeamA-b58af410-da77-479e-b93c-e03617b9f36d,2020-12-03,1,-0,49.338,49.34,2.801,141.9,67.9,25.9,2,1
TeamA-b58af410-da77-479e-b93c-e03617b9f36d,2020-12-05,1,-0,64.173,64.175,2.919,110.9,19.2,22.03,4,4
TeamA-b58af410-da77-479e-b93c-e03617b9f36d,2020-12-06,1,-0,140.488,140.49,9.893,1011.5,204.7,24.42,5,8
TeamA-b58af410-da77-479e-b93c-e03617b9f36d,2021-02-01,1,-0,84.855,84.857,4.598,215.9,73,24.09,8,8
TeamA-b58af410-da77-479e-b93c-e03617b9f36d,2021-02-08,1,-0,87.057,87.058,5.363,308,98,24.88,7,6
TeamA-b58af410-da77-479e-b93c-e03617b9f36d,2021-02-15,1,2e-4,89.523,89.507,4.897,148.4,8,20.73,4,7
TeamA-b58af410-da77-479e-b93c-e03617b9f36d,2021-02-19,1,-0,88.522,88.523,3.263,223.8,56,23.48,4,7
TeamA-b58af410-da77-479e-b93c-e03617b9f36d,2021-02-20,1,-0,78.42,78.422,5.936,651.7,207.3,24.25,4,3
TeamA-b58af410-da77-479e-b93c-e03617b9f36d,2021-02-22,1,-0,69.557,69.558,4.006,115.2,30.9,23.52,7,8
TeamA-b58af410-da77-479e-b93c-e03617b9f36d,2021-02-25,1,1e-4,128.49,128.473,6.39,404.6,92.5,23.52,2,15
TeamA-b58af410-da77-479e-b93c-e03617b9f36d,2021-03-01,1,-0,78.532,78.533,4.953,133.8,0.6,19.5,5,5
TeamA-b58af410-da77-479e-b93c-e03617b9f36d,2021-03-12,1,-0,108.5,108.502,8.875,953.6,345.2,27.08,4,17
TeamA-b58af410-da77-479e-b93c-e03617b9f36d,2021-03-15,1,-0,110.617,110.618,4.426,157.9,16.7,21.44,1,6
TeamA-b58af410-da77-479e-b93c-e03617b9f36d,2021-03-19,1,-0,120.623,120.625,8.641,837.7,277.2,25.38,12,9
TeamA-b58af410-da77-479e-b93c-e03617b9f36d,2021-03-24,1,-0,110.757,110.758,6.479,461.3,74.4,23.12,2,4
TeamA-b58af410-da77-479e-b93c-e03617b9f36d,2021-03-26,1,-0,71.84,71.842,3.574,275.2,113,23.03,3,2
TeamA-b58af410-da77-479e-b93c-e03617b9f36d,2021-03-27,1,-0,111.838,111.84,8.788,595,140.2,25.83,3,8
TeamA-b58af410-da77-479e-b93c-e03617b9f36d,2021-03-30,1,-0,89.3,89.302,4.706,116.5,6.3,20.85,3,8
TeamA-b58af410-da77-479e-b93c-e03617b9f36d,2021-04-05,1,3e-4,72.838,72.82,4.517,78,11.2,21.86,7,5
TeamA-b58af410-da77-479e-b93c-e03617b9f36d,2021-04-06,1,-0,89.42,89.422,4.477,64,5.8,21.55,5,8
TeamA-b58af410-da77-479e-b93c-e03617b9f36d,2021-04-07,1,-0,127.022,127.023,7.087,1233,884.3,35.9,9,14
TeamA-b58af410-da77-479e-b93c-e03617b9f36d,2021-04-09,1,-0,95.633,95.635,5.225,283.8,52,21.46,3,3
TeamA-b58af410-da77-479e-b93c-e03617b9f36d,2021-04-10,1,-0,68.32,68.322,2.832,692.9,471.4,26.81,13,6
TeamA-b58af410-da77-479e-b93c-e03617b9f36d,2021-04-12,1,-0,106.337,106.338,5.788,252.9,49.7,22.9,8,7
TeamA-b58af410-da77-479e-b93c-e03617b9f36d,2021-04-13,1,-0,102.488,102.49,4.784,103.2,6.3,20.67,2,4
TeamA-b58af410-da77-479e-b93c-e03617b9f36d,2021-04-14,1,-0,116.038,116.04,6.559,602.6,260.2,26.81,3,0
TeamA-b58af410-da77-479e-b93c-e03617b9f36d,2021-04-16,1,2e-4,71.505,71.488,3.034,169.5,46.1,23.07,8,5
TeamA-b58af410-da77-479e-b93c-e03617b9f36d,2021-04-17,1,-0,162.372,162.373,10.667,754.9,127,25.49,8,12
TeamA-b58af410-da77-479e-b93c-e03617b9f36d,2021-04-19,1,-0,78.538,78.54,2.698,190.4,40.4,22.28,3,4
TeamA-b58af410-da77-479e-b93c-e03617b9f36d,2021-04-20,1,-0,109.488,109.49,5.769,271.4,92,23.44,6,5
TeamA-b58af410-da77-479e-b93c-e03617b9f36d,2021-04-21,1,-0,97.95,97.952,5.14,227.4,5.7,19.98,3,8
TeamA-b58af410-da77-479e-b93c-e03617b9f36d,2021-04-22,1,-0,65.523,65.525,3.11,187.7,49.6,23.94,0,0
TeamA-b58af410-da77-479e-b93c-e03617b9f36d,2021-04-23,1,-0,135.105,135.107,11.446,888,166.3,25.07,20,13
TeamA-b58af410-da77-479e-b93c-e03617b9f36d,2021-04-26,1,-0,85.24,85.242,2.997,82.2,2.9,20.15,7,4
TeamA-b58af410-da77-479e-b93c-e03617b9f36d,2021-04-27,1,-0,78.422,78.423,4.201,145.7,21.4,21.58,4,4
TeamA-b58af410-da77-479e-b93c-e03617b9f36d,2021-04-28,1,-0,126.022,126.023,6.376,410.3,91.3,26.2,4,9
TeamA-b58af410-da77-479e-b93c-e03617b9f36d,2021-04-30,1,-0,42.005,42.007,1.577,210.1,35.9,22.02,2,3
TeamA-b58af410-da77-479e-b93c-e03617b9f36d,2021-05-01,1,1e-4,166.372,166.355,12.204,1156.2,238.4,24.99,14,10
TeamA-b58af410-da77-479e-b93c-e03617b9f36d,2021-05-03,1,4e-4,69.077,69.048,2.413,52.5,4.6,20.59,2,2
TeamA-b58af410-da77-479e-b93c-e03617b9f36d,2021-05-04,1,-0,46.038,46.04,2.316,153.1,26.9,21.03,4,2
TeamA-b58af410-da77-479e-b93c-e03617b9f36d,2021-05-05,1,-0,126.873,126.875,7.245,639.6,160.1,25.92,3,9
TeamA-b58af410-da77-479e-b93c-e03617b9f36d,2021-05-10,1,2e-4,109.007,108.99,4.235,176.6,41.8,23.23,3,9
TeamA-b58af410-da77-479e-b93c-e03617b9f36d,2021-05-11,1,-0,96.472,96.473,4.648,86.8,8.8,21.24,3,8
TeamA-b58af410-da77-479e-b93c-e03617b9f36d,2021-05-14,1,-0,72.755,72.757,2.251,170.1,14.4,21.29,6,3
TeamA-b58af410-da77-479e-b93c-e03617b9f36d,2021-05-15,1,1e-4,172.398,172.38,12.028,840.8,202.9,26.78,11,18
TeamA-b58af410-da77-479e-b93c-e03617b9f36d,2021-05-18,1,-0,95.522,95.523,4.569,76.3,1.1,19.52,1,6
TeamA-b58af410-da77-479e-b93c-e03617b9f36d,2021-05-19,1,2e-4,94.487,94.467,6.955,677.4,194.1,24.91,3,9
TeamA-b58af410-da77-479e-b93c-e03617b9f36d,2021-05-21,1,1e-4,130.97,130.953,3.809,303.7,95.9,25.43,2,6
TeamA-b58af410-da77-479e-b93c-e03617b9f36d,2021-05-22,1,1e-4,137.172,137.155,10.133,664.5,111.1,27.03,3,7
TeamA-b58af410-da77-479e-b93c-e03617b9f36d,2021-05-24,1,2e-4,77.388,77.372,2.188,22.4,0,19.5,4,3
TeamA-b58af410-da77-479e-b93c-e03617b9f36d,2021-05-25,1,2e-4,99.02,99.003,4.785,137.8,6.8,20.61,2,3
TeamA-b58af410-da77-479e-b93c-e03617b9f36d,2021-05-26,1,2e-4,106.167,106.148,6.668,710.7,203.2,26.53,5,6
TeamA-b58af410-da77-479e-b93c-e03617b9f36d,2021-05-28,1,-0,68.387,68.388,3.196,178,55.5,25.09,1,3
TeamA-b58af410-da77-479e-b93c-e03617b9f36d,2021-05-29,1,-0,166.537,166.538,12.473,1212.9,310,25.65,11,11
TeamA-b58af410-da77-479e-b93c-e03617b9f36d,2021-05-31,1,-0,63.305,63.307,2.022,32.9,1.7,20.05,6,4
TeamA-b58af410-da77-479e-b93c-e03617b9f36d,2021-06-01,1,2e-4,98.557,98.54,4.522,147.6,29.9,22.37,5,14
TeamA-b58af410-da77-479e-b93c-e03617b9f36d,2021-06-02,1,2e-4,103.522,103.505,6.732,551.1,137.4,26.24,7,9
TeamA-b58af410-da77-479e-b93c-e03617b9f36d,2021-06-04,1,-0,69.02,69.022,3.068,156.3,26.4,24.21,8,2
TeamA-b58af410-da77-479e-b93c-e03617b9f36d,2021-06-05,1,-0,185.24,185.242,10.66,776.7,126.1,26.01,11,9
TeamA-b58af410-da77-479e-b93c-e03617b9f36d,2021-06-07,1,-0,69.47,69.472,2.292,40,3.4,20.56,6,5
TeamA-b58af410-da77-479e-b93c-e03617b9f36d,2021-06-08,1,3e-4,65.888,65.872,3.451,122.6,5.7,20.62,6,6
TeamA-b58af410-da77-479e-b93c-e03617b9f36d,2021-06-09,1,2e-4,96.422,96.403,6.057,339,60.5,22.31,12,6
TeamA-b58af410-da77-479e-b93c-e03617b9f36d,2021-06-10,1,-0,122.573,122.575,4.986,102.5,2.3,19.38,4,4
TeamA-b58af410-da77-479e-b93c-e03617b9f36d,2021-06-14,1,2e-4,84.92,84.902,4.473,302.3,42.1,23.19,6,8
TeamA-b58af410-da77-479e-b93c-e03617b9f36d,2021-06-15,1,-0,94.055,94.057,4.432,208.2,42.6,24.33,6,5
TeamA-b58af410-da77-479e-b93c-e03617b9f36d,2021-06-16,1,-0,81.372,81.373,7.197,525.6,91,24.49,2,11
TeamA-b58af410-da77-479e-b93c-e03617b9f36d,2021-06-18,1,-0,57.872,57.873,3.081,134.1,29,22.03,3,5
TeamA-b58af410-da77-479e-b93c-e03617b9f36d,2021-06-19,1,2e-4,94.138,94.12,5.821,441.5,135.7,25.16,7,9
TeamA-b58af410-da77-479e-b93c-e03617b9f36d,2021-06-21,1,-0,70.633,70.635,3.553,236.2,49.8,23.66,5,4
TeamA-b58af410-da77-479e-b93c-e03617b9f36d,2021-06-22,1,1e-4,180.538,180.52,13.033,1008.9,215.2,26.45,13,12
TeamA-b58af410-da77-479e-b93c-e03617b9f36d,2021-06-24,1,-0,58.653,58.655,2.725,27.9,0.6,19.43,4,6
TeamA-b58af410-da77-479e-b93c-e03617b9f36d,2021-06-25,1,3e-4,67.405,67.387,2.702,123.1,30.8,24.56,2,2
TeamA-b58af410-da77-479e-b93c-e03617b9f36d,2021-06-28,1,4e-4,48.97,48.952,1.73,0.5,0,15.68,0,1
TeamA-b58af410-da77-479e-b93c-e03617b9f36d,2021-06-29,1,-0,73.903,73.905,3.212,119.8,21.4,23.3,4,6
TeamA-b58af410-da77-479e-b93c-e03617b9f36d,2021-06-30,1,1e-4,138.555,138.537,9.354,605.7,130.3,26.07,10,11
TeamA-b58af410-da77-479e-b93c-e03617b9f36d,2021-07-02,1,-0,68.472,68.473,2.432,26.5,0,18.28,2,2
TeamA-b58af410-da77-479e-b93c-e03617b9f36d,2021-07-03,1,4e-4,56.557,56.537,2.458,147,26.8,23.42,2,3
TeamA-b58af410-da77-479e-b93c-e03617b9f36d,2021-07-04,1,-0,126.488,126.49,10.435,898.9,249.9,24.41,8,12
TeamA-b58af410-da77-479e-b93c-e03617b9f36d,2021-07-08,1,-0,72.037,72.038,3.186,117.1,36,21.98,5,1
TeamA-b58af410-da77-479e-b93c-e03617b9f36d,2021-07-09,1,3e-4,59.905,59.885,2.744,90.4,1.1,19.65,1,0
TeamA-b58af410-da77-479e-b93c-e03617b9f36d,2021-07-14,1,-0,76.055,76.057,3.855,203.8,60.7,26.99,4,1
TeamA-b58af410-da77-479e-b93c-e03617b9f36d,2021-07-16,1,-0,72.353,72.355,2.276,141.1,26.4,22.1,2,2
TeamA-b58af410-da77-479e-b93c-e03617b9f36d,2021-07-17,1,2e-4,131.71,131.688,10.656,672.5,173.5,26.75,11,15
TeamA-b58af410-da77-479e-b93c-e03617b9f36d,2021-07-28,1,-0,87.23,87.232,4.29,81.4,0.6,19.83,4,4
TeamA-b58af410-da77-479e-b93c-e03617b9f36d,2021-07-29,1,3e-4,78.007,77.987,3.942,209,12.6,20.95,5,2
TeamA-b58af410-da77-479e-b93c-e03617b9f36d,2021-07-30,1,1e-4,158.715,158.693,5.663,309,60.5,23.59,7,8
TeamA-b58af410-da77-479e-b93c-e03617b9f36d,2021-08-02,1,2e-4,96.422,96.403,2.313,25.5,0,17.26,1,0
TeamA-b58af410-da77-479e-b93c-e03617b9f36d,2021-08-03,1,4e-4,50.15,50.128,2.457,75.7,12.8,22.15,1,1
TeamA-b58af410-da77-479e-b93c-e03617b9f36d,2021-08-04,1,-0,105.853,105.855,5.274,399.4,101,24.65,4,11
TeamA-b58af410-da77-479e-b93c-e03617b9f36d,2021-08-06,1,-0,56.922,56.923,2.261,126.6,28,22.11,2,1
TeamA-b58af410-da77-479e-b93c-e03617b9f36d,2021-08-07,1,1e-4,162.02,162,10.587,528.4,86.5,27.35,7,18
TeamA-b58af410-da77-479e-b93c-e03617b9f36d,2021-08-09,1,0.0012,16.988,16.968,0.787,13.7,0,18.28,1,2
TeamA-b58af410-da77-479e-b93c-e03617b9f36d,2021-08-10,1,2e-4,130.505,130.485,3.702,116.6,13.3,21.45,2,5
TeamA-b58af410-da77-479e-b93c-e03617b9f36d,2021-08-11,1,1e-4,165.805,165.785,7.576,438.2,203.9,27.26,5,5
TeamA-b58af410-da77-479e-b93c-e03617b9f36d,2021-08-13,1,-0,83.557,83.558,2.35,137.3,18.9,21.14,2,2
TeamA-b58af410-da77-479e-b93c-e03617b9f36d,2021-08-14,1,1e-4,171.237,171.217,12.374,926.6,261.1,27.03,14,17
TeamA-b58af410-da77-479e-b93c-e03617b9f36d,2021-08-16,1,-0,57.848,57.85,1.896,27.2,0,18.89,0,5
TeamA-b58af410-da77-479e-b93c-e03617b9f36d,2021-08-17,1,-0,77.572,77.573,3.011,138,25.1,22.54,2,2
TeamA-b58af410-da77-479e-b93c-e03617b9f36d,2021-08-18,1,1e-4,166.488,166.468,12.892,1000.5,210.2,25.6,6,7
TeamA-b58af410-da77-479e-b93c-e03617b9f36d,2021-08-20,1,-0,92.872,92.873,3.213,76.6,1.7,19.47,3,3
TeamA-b58af410-da77-479e-b93c-e03617b9f36d,2021-08-21,1,1e-4,218.387,218.367,17.048,1472.4,348.7,25.67,16,25
TeamA-b58af410-da77-479e-b93c-e03617b9f36d,2021-08-23,1,-0,86.565,86.567,2.403,0,0,14.02,5,1
TeamA-b58af410-da77-479e-b93c-e03617b9f36d,2021-08-24,1,-0,72.688,72.69,3.702,310,100.5,25.67,2,3
TeamA-b58af410-da77-479e-b93c-e03617b9f36d,2021-08-25,1,1e-4,171.403,171.383,8.17,413.6,117.2,25.6,5,9
TeamA-b58af410-da77-479e-b93c-e03617b9f36d,2021-08-26,1,-0,88.365,88.367,2.405,26,0,18.25,3,3
TeamA-b58af410-da77-479e-b93c-e03617b9f36d,2021-08-27,1,3e-4,78.5,78.48,2.849,211.7,37.4,23.82,4,2
TeamA-b58af410-da77-479e-b93c-e03617b9f36d,2021-08-28,1,1e-4,181.872,181.852,11.64,903.1,185.2,25.14,6,17
TeamA-b58af410-da77-479e-b93c-e03617b9f36d,2021-08-30,1,3e-4,69.37,69.348,2.49,110.5,31,21.83,4,5
TeamA-b58af410-da77-479e-b93c-e03617b9f36d,2021-08-31,1,2e-4,89.207,89.188,4.789,91.1,0.6,19.47,3,5
TeamA-b58af410-da77-479e-b93c-e03617b9f36d,2021-09-01,1,2e-4,99.555,99.533,4.922,178.1,10.3,21.4,3,5
TeamA-b58af410-da77-479e-b93c-e03617b9f36d,2021-09-03,1,-0,81.057,81.058,3.112,182.1,13.1,20.78,1,6
TeamA-b58af410-da77-479e-b93c-e03617b9f36d,2021-09-04,1,-0,189.338,189.34,13.013,984.2,205.5,25.37,13,15
TeamA-b58af410-da77-479e-b93c-e03617b9f36d,2021-09-06,1,2e-4,92.988,92.968,2.038,24.6,0,18.62,2,2
TeamA-b58af410-da77-479e-b93c-e03617b9f36d,2021-09-07,1,3e-4,56.75,56.733,3.231,182,40.4,22.83,3,8
TeamA-b58af410-da77-479e-b93c-e03617b9f36d,2021-09-08,1,3e-4,75.773,75.753,4.826,445.5,116.2,26.42,2,5
TeamA-b58af410-da77-479e-b93c-e03617b9f36d,2021-09-09,1,2e-4,115.988,115.967,2.86,45.5,13.8,20.82,4,3
TeamA-b58af410-da77-479e-b93c-e03617b9f36d,2021-09-11,1,-0,49.038,49.04,2.465,108.5,17.7,22.99,4,1
TeamA-b58af410-da77-479e-b93c-e03617b9f36d,2021-09-12,1,2e-4,125.573,125.552,10.588,1120.5,360.1,25.75,5,17
TeamA-b58af410-da77-479e-b93c-e03617b9f36d,2021-09-20,1,-0,92.317,92.318,4.064,228,63.1,22.38,8,5
TeamA-b58af410-da77-479e-b93c-e03617b9f36d,2021-09-21,1,2e-4,124.872,124.85,5.685,203.5,49.9,22.41,4,7
TeamA-b58af410-da77-479e-b93c-e03617b9f36d,2021-09-22,1,2e-4,96.488,96.467,5.168,174.6,25.7,21.75,4,9
TeamA-b58af410-da77-479e-b93c-e03617b9f36d,2021-09-24,1,-0,62.837,62.838,3.218,151.2,35.8,23.53,3,1
TeamA-b58af410-da77-479e-b93c-e03617b9f36d,2021-09-25,1,-0,171.922,171.923,13.201,873.8,173.4,23.87,11,8
TeamA-b58af410-da77-479e-b93c-e03617b9f36d,2021-09-27,1,3e-4,61.49,61.47,2.514,91.4,2.3,19.8,5,1
TeamA-b58af410-da77-479e-b93c-e03617b9f36d,2021-09-28,1,2e-4,114.97,114.948,5.552,171.6,38.2,21.58,4,8
TeamA-b58af410-da77-479e-b93c-e03617b9f36d,2021-09-29,1,-0,84.872,84.873,3.432,109.7,17.4,21.97,1,2
TeamA-b58af410-da77-479e-b93c-e03617b9f36d,2021-10-01,1,3e-4,75.387,75.365,2.16,162.6,22.4,21.13,5,2
TeamA-b58af410-da77-479e-b93c-e03617b9f36d,2021-10-02,1,-0,112.92,112.922,10.033,722.8,130.9,23.7,3,16
TeamA-b58af410-da77-479e-b93c-e03617b9f36d,2021-10-04,1,-0,84.388,84.39,4.582,2872.1,2592.9,35.94,1,2
TeamA-b58af410-da77-479e-b93c-e03617b9f36d,2021-10-06,1,2e-4,107.588,107.565,5.834,415.1,108.1,25.1,5,6
TeamA-b58af410-da77-479e-b93c-e03617b9f36d,2021-10-08,1,-0,75.422,75.423,2.705,127.3,13.7,20.59,5,1
TeamA-b58af410-da77-479e-b93c-e03617b9f36d,2021-10-09,1,-0,174.522,174.523,10.119,677.2,143,24.97,13,12
TeamA-b58af410-da77-479e-b93c-e03617b9f36d,2021-10-11,1,-0,56.855,56.857,1.086,3.6,0,16.05,1,2
TeamA-b58af410-da77-479e-b93c-e03617b9f36d,2021-10-12,1,3e-4,86.638,86.617,3.197,128.1,21.4,21.78,3,3
TeamA-b58af410-da77-479e-b93c-e03617b9f36d,2021-10-13,1,-0,130.338,130.34,11.113,1204,333.6,27.64,6,13
TeamA-b58af410-da77-479e-b93c-e03617b9f36d,2021-10-15,1,5e-4,52.007,51.982,1.784,42.8,0,19.46,2,3
TeamA-b58af410-da77-479e-b93c-e03617b9f36d,2021-10-16,1,-0,132.367,132.368,10.755,895.4,196,25.59,8,12
TeamA-b58af410-da77-479e-b93c-e03617b9f36d,2021-10-19,1,2e-4,70.388,70.372,1.713,5,0,16.74,2,2
TeamA-b58af410-da77-479e-b93c-e03617b9f36d,2021-10-25,1,2e-4,112.805,112.787,4.535,96.1,6.9,20.89,4,1
TeamA-b58af410-da77-479e-b93c-e03617b9f36d,2021-10-26,1,-0,97.905,97.907,5.381,52.8,0.6,19.89,1,5
TeamA-b58af410-da77-479e-b93c-e03617b9f36d,2021-10-27,1,2e-4,100.903,100.878,5.211,198.3,42,22.37,7,3
TeamA-b58af410-da77-479e-b93c-e03617b9f36d,2021-10-28,1,2e-4,105.833,105.808,5.101,133.2,8.6,21.09,5,6
TeamA-b58af410-da77-479e-b93c-e03617b9f36d,2021-10-29,1,2e-4,117.407,117.388,7.484,516.6,47,22.05,7,8
TeamA-b58af410-da77-479e-b93c-e03617b9f36d,2021-11-02,1,-0,110.072,110.073,4.74,70,11.4,21.07,4,6
TeamA-b58af410-da77-479e-b93c-e03617b9f36d,2021-11-03,1,2e-4,110.888,110.87,5.169,116.8,12,23.05,3,8
TeamA-b58af410-da77-479e-b93c-e03617b9f36d,2021-11-04,1,3e-4,90.533,90.508,6.553,385.7,83.4,24.59,5,7
TeamA-b58af410-da77-479e-b93c-e03617b9f36d,2021-11-06,1,6e-4,40.522,40.498,1.76,221.9,85.9,24.35,2,2
TeamA-b58af410-da77-479e-b93c-e03617b9f36d,2021-11-07,1,1e-4,160.222,160.203,13.716,1294,318,27.47,13,17
TeamA-b58af410-da77-479e-b93c-e03617b9f36d,2021-11-09,1,5e-4,50.032,50.007,1.956,13,0,17.48,4,5
TeamA-b58af410-da77-479e-b93c-e03617b9f36d,2021-11-10,1,3e-4,99.553,99.528,5.545,257.4,41.9,23.88,3,12
TeamA-b58af410-da77-479e-b93c-e03617b9f36d,2021-11-12,1,3e-4,65.505,65.483,2.276,173.3,42,23.21,2,5
TeamA-b58af410-da77-479e-b93c-e03617b9f36d,2021-11-13,1,1e-4,194.903,194.885,13.603,1344.4,447.8,27.56,7,10
TeamA-b58af410-da77-479e-b93c-e03617b9f36d,2021-11-16,1,2e-4,71.64,71.623,3.693,100.3,5.7,20.36,6,4
TeamA-bcc03f81-2733-45d3-abf1-f7a709c63e68,2020-06-01,1,-0,50.487,50.488,3.305,274.7,31.5,22.77,3,9
TeamA-bcc03f81-2733-45d3-abf1-f7a709c63e68,2020-06-02,1,-0,139.55,139.552,6.51,298.4,36.3,22.99,9,27
TeamA-bcc03f81-2733-45d3-abf1-f7a709c63e68,2020-06-09,1,-0,126.808,126.81,6.686,303.7,39.7,23.79,13,17
TeamA-bcc03f81-2733-45d3-abf1-f7a709c63e68,2020-06-10,1,-0,143.05,143.052,8.961,801.8,124.9,24.56,16,17
TeamA-bcc03f81-2733-45d3-abf1-f7a709c63e68,2020-06-11,1,-0,78.707,78.708,1.057,0,0,15.19,4,2
TeamA-bcc03f81-2733-45d3-abf1-f7a709c63e68,2020-06-12,1,-0,105.037,105.038,4.727,532.8,184.5,26.14,13,7
TeamA-bcc03f81-2733-45d3-abf1-f7a709c63e68,2020-06-13,1,-0,133.215,133.217,9.275,1063.3,424.3,27.75,8,18
TeamA-bcc03f81-2733-45d3-abf1-f7a709c63e68,2020-06-15,1,-0,147.037,147.038,6.515,275,35.7,22.28,6,20
TeamA-bcc03f81-2733-45d3-abf1-f7a709c63e68,2020-06-16,1,-0,134.922,134.923,8.767,355.3,19.9,22.77,10,24
TeamA-bcc03f81-2733-45d3-abf1-f7a709c63e68,2020-06-17,1,-0,157.005,157.007,8.851,1108.4,284.5,27.87,1,8
TeamA-bcc03f81-2733-45d3-abf1-f7a709c63e68,2020-06-19,1,-0,75.257,75.258,2.277,120.6,16.8,21.24,2,4
TeamA-bcc03f81-2733-45d3-abf1-f7a709c63e68,2020-06-20,1,-0,168.957,168.958,6.397,799.3,259.7,26.47,5,12
TeamA-bcc03f81-2733-45d3-abf1-f7a709c63e68,2020-06-22,1,-0,99.84,99.842,3.605,193.8,33.3,24.91,8,12
TeamA-bcc03f81-2733-45d3-abf1-f7a709c63e68,2020-06-23,1,-0,137.487,137.488,7.313,275.2,12.5,20.23,9,21
TeamA-bcc03f81-2733-45d3-abf1-f7a709c63e68,2020-06-24,1,-0,148.42,148.422,7.802,963.3,369.5,26.28,4,16
TeamA-bcc03f81-2733-45d3-abf1-f7a709c63e68,2020-06-26,1,-0,86.405,86.407,3.73,168.2,56.1,26.51,4,3
TeamA-bcc03f81-2733-45d3-abf1-f7a709c63e68,2020-06-29,1,-0,120.355,120.357,5.236,272.2,110.4,24.78,14,18
TeamA-bcc03f81-2733-45d3-abf1-f7a709c63e68,2020-06-30,1,-0,124.453,124.455,9.022,1120.6,308.1,26.12,8,15
TeamA-bcc03f81-2733-45d3-abf1-f7a709c63e68,2020-07-03,1,-0,166.52,166.522,6.447,644.9,349.9,25.74,5,5
TeamA-bcc03f81-2733-45d3-abf1-f7a709c63e68,2020-07-04,1,-0,128.073,128.075,10.181,1268.2,343,24.81,17,18
TeamA-bcc03f81-2733-45d3-abf1-f7a709c63e68,2020-07-06,1,-0,88.405,88.407,5.29,274.1,9.2,20.99,8,24
TeamA-bcc03f81-2733-45d3-abf1-f7a709c63e68,2020-07-07,1,-0,112.353,112.355,6.333,418.7,63.2,23.79,18,25
TeamA-bcc03f81-2733-45d3-abf1-f7a709c63e68,2020-07-08,1,-0,159.372,159.373,8.483,1337.7,503.6,25.86,3,10
TeamA-bcc03f81-2733-45d3-abf1-f7a709c63e68,2020-07-10,1,-0,69.54,69.542,2.278,100.9,40,25.41,7,5
TeamA-bcc03f81-2733-45d3-abf1-f7a709c63e68,2020-07-11,1,-0,169.637,169.638,7.816,1052.1,450.9,25.39,11,22
TeamA-bcc03f81-2733-45d3-abf1-f7a709c63e68,2020-07-13,1,-0,92.488,92.49,4.459,183.8,19.8,22,9,16
TeamA-bcc03f81-2733-45d3-abf1-f7a709c63e68,2020-07-14,1,-0,112.855,112.857,6.404,538.7,78.4,23.89,5,11
TeamA-bcc03f81-2733-45d3-abf1-f7a709c63e68,2020-07-15,1,-0,140.553,140.555,6.519,1165,455.9,27.31,2,9
TeamA-bcc03f81-2733-45d3-abf1-f7a709c63e68,2020-07-16,1,-0,136.055,136.057,4.982,251,64.7,26.86,4,7
TeamA-bcc03f81-2733-45d3-abf1-f7a709c63e68,2020-07-18,1,-0,72.037,72.038,3.281,156.9,28.9,22.65,4,4
TeamA-bcc03f81-2733-45d3-abf1-f7a709c63e68,2020-07-19,1,-0,158.537,158.538,5.604,704.9,282.3,26.03,10,18
TeamA-bcc03f81-2733-45d3-abf1-f7a709c63e68,2020-07-22,1,-0,116.69,116.692,7.121,885.8,279.5,26.55,11,15
TeamA-bcc03f81-2733-45d3-abf1-f7a709c63e68,2020-07-25,1,-0,190.89,190.892,6.37,472.6,148.9,23.61,9,8
TeamA-bcc03f81-2733-45d3-abf1-f7a709c63e68,2020-07-27,1,-0,83.038,83.04,4.601,268.4,16,21.26,5,5
TeamA-bcc03f81-2733-45d3-abf1-f7a709c63e68,2020-07-29,1,-0,133.037,133.038,7.477,418.5,35.4,22.78,8,24
TeamA-bcc03f81-2733-45d3-abf1-f7a709c63e68,2020-07-30,1,-0,112.522,112.523,6.236,697.9,147,26.12,7,16
TeamA-bcc03f81-2733-45d3-abf1-f7a709c63e68,2020-08-01,1,-0,97.038,97.04,3.121,270,95.8,27.04,2,10
TeamA-bcc03f81-2733-45d3-abf1-f7a709c63e68,2020-08-02,1,-0,197.92,197.922,7.357,847.7,295.2,27.41,11,14
TeamA-bcc03f81-2733-45d3-abf1-f7a709c63e68,2020-08-03,1,-0,77.555,77.557,4.548,86,0,18.93,5,16
TeamA-bcc03f81-2733-45d3-abf1-f7a709c63e68,2020-08-05,1,-0,105.538,105.54,5.877,408.8,71.8,26.21,4,6
TeamA-bcc03f81-2733-45d3-abf1-f7a709c63e68,2020-08-06,1,-0,121.083,121.085,4.264,76.2,0,18.62,5,8
TeamA-bcc03f81-2733-45d3-abf1-f7a709c63e68,2020-08-07,1,-0,63.503,63.505,2.324,89.4,8,20.84,2,2
TeamA-bcc03f81-2733-45d3-abf1-f7a709c63e68,2020-08-08,1,-0,173.217,173.218,6.059,583.8,210.8,26.05,8,9
TeamA-bcc03f81-2733-45d3-abf1-f7a709c63e68,2020-08-10,1,-0,88.038,88.04,4.988,192.7,22.6,21.94,6,15
TeamA-bcc03f81-2733-45d3-abf1-f7a709c63e68,2020-08-11,1,-0,101.37,101.372,5.656,130.2,4.1,20.74,9,12
TeamA-bcc03f81-2733-45d3-abf1-f7a709c63e68,2020-08-12,1,-0,118.522,118.523,7.09,864.7,299.3,26.43,6,9
TeamA-bcc03f81-2733-45d3-abf1-f7a709c63e68,2020-08-15,1,-0,93.988,93.99,4.841,302.1,122.8,27.3,8,8
TeamA-bcc03f81-2733-45d3-abf1-f7a709c63e68,2020-08-16,1,-0,175.632,175.633,7.181,867.3,214.7,26.91,12,19
TeamA-bcc03f81-2733-45d3-abf1-f7a709c63e68,2020-08-17,1,-0,84.837,84.838,4.988,160.3,8,20.79,6,7
TeamA-bcc03f81-2733-45d3-abf1-f7a709c63e68,2020-08-19,1,-0,112.422,112.423,6.382,456.1,92.1,24.38,10,20
TeamA-bcc03f81-2733-45d3-abf1-f7a709c63e68,2020-08-20,1,-0,86.605,86.607,4.278,296.7,112.3,27.39,5,10
TeamA-bcc03f81-2733-45d3-abf1-f7a709c63e68,2020-08-21,1,-0,38.813,38.815,1.088,20.1,5.2,20.81,2,6
TeamA-bcc03f81-2733-45d3-abf1-f7a709c63e68,2020-08-22,1,-0,145.372,145.373,6.373,874.5,242.6,27.56,9,12
TeamA-bcc03f81-2733-45d3-abf1-f7a709c63e68,2020-08-25,1,-0,57.555,57.557,3.899,263,58.6,27.14,11,4
TeamA-bcc03f81-2733-45d3-abf1-f7a709c63e68,2020-08-26,1,-0,176.853,176.855,5.644,728.1,331.8,26.37,8,10
TeamA-bcc03f81-2733-45d3-abf1-f7a709c63e68,2020-08-27,1,-0,59.862,59.863,2.999,92,0.6,19.48,4,10
TeamA-bcc03f81-2733-45d3-abf1-f7a709c63e68,2020-08-29,1,-0,67.838,67.84,3.156,248.7,79.4,24.54,5,15
TeamA-bcc03f81-2733-45d3-abf1-f7a709c63e68,2020-08-30,1,-0,128.855,128.857,5.349,682.8,267.5,26.77,8,16
TeamA-bcc03f81-2733-45d3-abf1-f7a709c63e68,2020-08-31,1,-0,67.622,67.623,4,284.8,53.4,23.33,5,11
TeamA-bcc03f81-2733-45d3-abf1-f7a709c63e68,2020-09-01,1,-0,70.87,70.872,3.115,28.6,1.1,18.51,3,5
TeamA-bcc03f81-2733-45d3-abf1-f7a709c63e68,2020-09-02,1,-0,96.888,96.89,6.232,484.1,103.6,26.16,12,16
TeamA-bcc03f81-2733-45d3-abf1-f7a709c63e68,2020-09-03,1,-0,101.055,101.057,4.802,406.8,115.9,25.26,6,13
TeamA-bcc03f81-2733-45d3-abf1-f7a709c63e68,2020-09-04,1,-0,80.253,80.255,2.732,179.3,20.6,21.67,2,6
TeamA-bcc03f81-2733-45d3-abf1-f7a709c63e68,2020-09-07,1,-0,72.503,72.505,5.037,177.2,23.8,21.57,5,12
TeamA-bcc03f81-2733-45d3-abf1-f7a709c63e68,2020-09-08,1,-0,86.487,86.488,4.931,960.3,616.7,27.7,7,8
TeamA-bcc03f81-2733-45d3-abf1-f7a709c63e68,2020-09-09,1,-0,98.987,98.988,5.502,349.8,66.5,24.37,8,11
TeamA-bcc03f81-2733-45d3-abf1-f7a709c63e68,2020-09-11,1,-0,59.838,59.84,2.984,225.5,34.6,22.39,5,8
TeamA-bcc03f81-2733-45d3-abf1-f7a709c63e68,2020-09-12,1,-0,168.387,168.388,7.654,956.2,378,26.22,14,22
TeamA-bcc03f81-2733-45d3-abf1-f7a709c63e68,2020-09-14,1,-0,80.838,80.84,5.162,225.7,29.9,22.83,10,7
TeamA-bcc03f81-2733-45d3-abf1-f7a709c63e68,2020-09-15,1,-0,96.838,96.84,5.545,122.8,9,22.45,16,9
TeamA-bcc03f81-2733-45d3-abf1-f7a709c63e68,2020-09-16,1,-0,112.555,112.557,7.463,477.7,97.6,23.23,8,10
TeamA-bcc03f81-2733-45d3-abf1-f7a709c63e68,2020-09-21,1,-0,69.99,69.992,4.536,348.6,163.3,24.83,13,16
TeamA-bcc03f81-2733-45d3-abf1-f7a709c63e68,2020-09-22,1,-0,111.505,111.507,5.377,238.1,22.6,21.58,10,15
TeamA-bcc03f81-2733-45d3-abf1-f7a709c63e68,2020-09-23,1,-0,112.053,112.055,5.875,361.5,26.9,24.92,8,5
TeamA-bcc03f81-2733-45d3-abf1-f7a709c63e68,2020-09-25,1,-0,79.053,79.055,3.144,242.6,82.9,23.19,11,10
TeamA-bcc03f81-2733-45d3-abf1-f7a709c63e68,2020-09-26,1,-0,167.238,167.24,7.395,553,133.5,23.62,8,8
TeamA-bcc03f81-2733-45d3-abf1-f7a709c63e68,2020-09-28,1,-0,60.005,60.007,2.881,73.5,7.5,21.42,3,8
TeamA-bcc03f81-2733-45d3-abf1-f7a709c63e68,2020-09-30,1,-0,104.988,104.99,7.45,882,249.9,27.43,5,8
TeamA-bcc03f81-2733-45d3-abf1-f7a709c63e68,2020-10-01,1,-0,91.622,91.623,5.328,415,69.6,26.64,9,22
TeamA-bcc03f81-2733-45d3-abf1-f7a709c63e68,2020-10-03,1,-0,85.038,85.04,3.618,280.4,73.3,23.38,7,3
TeamA-bcc03f81-2733-45d3-abf1-f7a709c63e68,2020-10-04,1,-0,170.838,170.84,6.575,696.3,257.3,26.47,9,14
TeamA-bcc03f81-2733-45d3-abf1-f7a709c63e68,2020-10-05,1,-0,82.417,82.418,3.552,50.9,0,18.83,8,8
TeamA-bcc03f81-2733-45d3-abf1-f7a709c63e68,2020-10-06,1,-0,68.037,68.038,3.619,179.8,15.5,21.27,6,7
TeamA-bcc03f81-2733-45d3-abf1-f7a709c63e68,2020-10-07,1,-0,169.02,169.022,8.569,1071.8,408.9,27.5,18,12
TeamA-bcc03f81-2733-45d3-abf1-f7a709c63e68,2020-10-08,1,-0,122.09,122.092,6.796,424.6,99.2,26.07,12,14
TeamA-bcc03f81-2733-45d3-abf1-f7a709c63e68,2020-10-10,1,-0,92.538,92.54,6.025,954.9,584,28.09,12,19
TeamA-bcc03f81-2733-45d3-abf1-f7a709c63e68,2020-10-12,1,-0,76.853,76.855,4.512,263.6,4.5,19.87,12,14
TeamA-bcc03f81-2733-45d3-abf1-f7a709c63e68,2020-10-13,1,-0,104.488,104.49,6.284,315.2,48.4,22.32,8,21
TeamA-bcc03f81-2733-45d3-abf1-f7a709c63e68,2020-10-14,1,-0,112.775,112.777,7.857,1163.2,304.8,27.81,9,12
TeamA-bcc03f81-2733-45d3-abf1-f7a709c63e68,2020-10-15,1,-0,92.817,92.818,4.866,233.1,26,23.19,7,12
TeamA-bcc03f81-2733-45d3-abf1-f7a709c63e68,2020-10-17,1,-0,58.42,58.422,3.458,257.6,27.2,21.9,5,3
TeamA-bcc03f81-2733-45d3-abf1-f7a709c63e68,2020-10-18,1,-0,166.072,166.073,7.432,1012.7,280,26.5,8,11
TeamA-bcc03f81-2733-45d3-abf1-f7a709c63e68,2020-10-19,1,-0,71.922,71.923,4.452,96,12.7,21.46,9,7
TeamA-bcc03f81-2733-45d3-abf1-f7a709c63e68,2020-10-20,1,-0,63.987,63.988,3.463,156.2,28.5,23.36,9,5
TeamA-bcc03f81-2733-45d3-abf1-f7a709c63e68,2020-10-21,1,-0,99.867,99.868,5.622,291,27.2,21.65,12,22
TeamA-bcc03f81-2733-45d3-abf1-f7a709c63e68,2020-10-22,1,-0,101.372,101.373,7.209,811.4,158.3,24.48,12,12
TeamA-bcc03f81-2733-45d3-abf1-f7a709c63e68,2020-10-23,1,-0,82.005,82.007,5.503,515.3,177.6,25.04,7,13
TeamA-bcc03f81-2733-45d3-abf1-f7a709c63e68,2020-10-27,1,-0,125.19,125.192,5.767,405.5,110.1,23.09,7,12
TeamA-bcc03f81-2733-45d3-abf1-f7a709c63e68,2020-10-28,1,-0,110.44,110.442,7.156,789.8,242.4,25.92,7,16
TeamA-bcc03f81-2733-45d3-abf1-f7a709c63e68,2020-10-29,1,-0,87.538,87.54,4.725,161.7,0.6,19.42,5,14
TeamA-bcc03f81-2733-45d3-abf1-f7a709c63e68,2020-10-31,1,-0,89.488,89.49,4.652,320.3,84.1,23.28,9,8
TeamA-bcc03f81-2733-45d3-abf1-f7a709c63e68,2020-11-01,1,-0,161.9,161.902,5.336,710.6,313.3,26.11,6,10
TeamA-bcc03f81-2733-45d3-abf1-f7a709c63e68,2020-11-02,1,-0,89.605,89.607,5.496,220.8,29.9,22.15,14,17
TeamA-bcc03f81-2733-45d3-abf1-f7a709c63e68,2020-11-04,1,-0,111.638,111.64,8.022,785.4,221.8,26.4,1,11
TeamA-bcc03f81-2733-45d3-abf1-f7a709c63e68,2020-11-06,1,2e-4,67.855,67.838,2.923,245.1,31.3,24.18,3,9
TeamA-bcc03f81-2733-45d3-abf1-f7a709c63e68,2020-11-07,1,-0,168.123,168.125,11.915,1521.9,452.1,26.77,25,35
TeamA-bcc03f81-2733-45d3-abf1-f7a709c63e68,2020-11-13,1,-0,103.37,103.372,5.378,420.8,136.4,25.05,4,8
TeamA-bcc03f81-2733-45d3-abf1-f7a709c63e68,2020-11-14,1,-0,58.353,58.355,3.041,164.3,89.7,26.99,3,14
TeamA-bcc03f81-2733-45d3-abf1-f7a709c63e68,2020-11-17,1,-0,76.905,76.907,4.339,176.7,20.2,21.54,5,13
TeamA-bcc03f81-2733-45d3-abf1-f7a709c63e68,2020-11-20,1,-0,73.97,73.972,4.9,372.6,30.1,21.87,8,10
TeamA-bcc03f81-2733-45d3-abf1-f7a709c63e68,2020-11-23,1,2e-4,82.573,82.557,4.959,299.7,23.5,23.22,9,20
TeamA-bcc03f81-2733-45d3-abf1-f7a709c63e68,2020-11-27,1,-0,89.023,89.025,4.969,601.1,167.4,24.29,3,14
TeamA-bcc03f81-2733-45d3-abf1-f7a709c63e68,2020-11-30,1,-0,98.883,98.885,3.736,353.4,121.1,24.71,17,19
TeamA-bcc03f81-2733-45d3-abf1-f7a709c63e68,2020-12-03,1,-0,92.355,92.357,5.128,167,5.8,21.25,16,6
TeamA-bcc03f81-2733-45d3-abf1-f7a709c63e68,2020-12-05,1,-0,78.537,78.538,4.236,215,54.4,24.05,8,9
TeamA-bcc03f81-2733-45d3-abf1-f7a709c63e68,2020-12-06,1,-0,191.197,191.198,6.085,498,238.4,24.73,14,14
TeamA-bcc03f81-2733-45d3-abf1-f7a709c63e68,2021-02-01,1,-0,96.523,96.525,4.826,263.1,84,22.83,4,16
TeamA-bcc03f81-2733-45d3-abf1-f7a709c63e68,2021-02-15,1,-0,36.988,36.99,1.972,60.4,6.3,21.06,6,5
TeamA-bcc03f81-2733-45d3-abf1-f7a709c63e68,2021-02-19,1,-0,83.532,83.533,3.58,185.1,84.6,26.59,9,6
TeamA-bcc03f81-2733-45d3-abf1-f7a709c63e68,2021-02-20,1,1e-4,115.155,115.138,8.901,1434.8,489.3,25.25,5,23
TeamA-bcc03f81-2733-45d3-abf1-f7a709c63e68,2021-02-22,1,-0,77.54,77.542,4.394,176.2,34.4,25.75,7,13
TeamA-bcc03f81-2733-45d3-abf1-f7a709c63e68,2021-03-01,1,-0,75.34,75.342,4.84,201.6,8,20.9,10,11
TeamA-bcc03f81-2733-45d3-abf1-f7a709c63e68,2021-03-12,1,-0,101.473,101.475,9.612,1351.3,431.6,25.92,15,27
TeamA-bcc03f81-2733-45d3-abf1-f7a709c63e68,2021-03-15,1,-0,86.355,86.357,5.109,194.9,1.1,19.3,14,19
TeamA-bcc03f81-2733-45d3-abf1-f7a709c63e68,2021-03-19,1,-0,101.472,101.473,9.425,1566,591.1,27.6,1,17
TeamA-bcc03f81-2733-45d3-abf1-f7a709c63e68,2021-03-22,1,-0,106.663,106.665,6.756,613.1,102.5,22.88,14,23
TeamA-bcc03f81-2733-45d3-abf1-f7a709c63e68,2021-03-23,1,-0,104.01,104.012,5.351,356.5,62.6,25.52,10,21
TeamA-bcc03f81-2733-45d3-abf1-f7a709c63e68,2021-03-24,1,-0,103.855,103.857,7.411,828.2,170,25.92,9,26
TeamA-bcc03f81-2733-45d3-abf1-f7a709c63e68,2021-03-26,1,-0,103.99,103.992,4.229,538,193.7,26.82,9,17
TeamA-bcc03f81-2733-45d3-abf1-f7a709c63e68,2021-03-27,1,-0,121.555,121.557,10.038,1488.6,457.1,27.76,12,33
TeamA-bcc03f81-2733-45d3-abf1-f7a709c63e68,2021-03-30,1,2e-4,100.037,100.015,5.018,228.8,10.7,22.17,8,16
TeamA-bcc03f81-2733-45d3-abf1-f7a709c63e68,2021-04-05,1,-0,67.905,67.907,4.694,105.8,0.6,19.39,8,7
TeamA-bcc03f81-2733-45d3-abf1-f7a709c63e68,2021-04-06,1,-0,98.915,98.917,5.772,288.7,23.4,21.66,14,11
TeamA-bcc03f81-2733-45d3-abf1-f7a709c63e68,2021-04-07,1,-0,94.855,94.857,6.475,560.5,142.7,23.68,7,23
TeamA-bcc03f81-2733-45d3-abf1-f7a709c63e68,2021-04-09,1,-0,96.007,96.008,5.744,439.6,71.7,23.09,8,11
TeamA-bcc03f81-2733-45d3-abf1-f7a709c63e68,2021-04-10,1,-0,64.39,64.392,3.149,878.7,622.5,26.28,21,16
TeamA-bcc03f81-2733-45d3-abf1-f7a709c63e68,2021-04-12,1,-0,128.833,128.835,7.339,473.4,49,21.74,19,27
TeamA-bcc03f81-2733-45d3-abf1-f7a709c63e68,2021-04-13,1,-0,104.37,104.372,5.71,290.5,59.6,22.69,6,17
TeamA-bcc03f81-2733-45d3-abf1-f7a709c63e68,2021-04-14,1,-0,104.855,104.857,7.437,905.3,379.1,27.36,8,29
TeamA-bcc03f81-2733-45d3-abf1-f7a709c63e68,2021-04-16,1,-0,89.02,89.022,3.961,160,37.8,21.6,7,16
TeamA-bcc03f81-2733-45d3-abf1-f7a709c63e68,2021-04-17,1,-0,162.97,162.972,12.006,1402.7,555.7,27.38,18,18
TeamA-bcc03f81-2733-45d3-abf1-f7a709c63e68,2021-04-19,1,-0,106.588,106.59,4.127,280.9,84.1,24.6,10,17
TeamA-bcc03f81-2733-45d3-abf1-f7a709c63e68,2021-04-20,1,-0,110.005,110.007,7.079,515.6,67.2,22.21,12,36
TeamA-bcc03f81-2733-45d3-abf1-f7a709c63e68,2021-04-21,1,7e-4,98.055,97.982,5.559,363.4,95.8,22.53,5,19
TeamA-bcc03f81-2733-45d3-abf1-f7a709c63e68,2021-04-22,1,-0,94.397,94.398,4.589,280,78.5,25.62,4,15
TeamA-bcc03f81-2733-45d3-abf1-f7a709c63e68,2021-04-23,1,-0,152.173,152.175,8.947,990.3,331.3,26.8,14,12
TeamA-bcc03f81-2733-45d3-abf1-f7a709c63e68,2021-04-26,1,-0,107.972,107.973,6.079,358.6,46.6,22.4,11,10
TeamA-bcc03f81-2733-45d3-abf1-f7a709c63e68,2021-04-27,1,-0,89.855,89.857,5.259,481.7,54,25.26,6,14
TeamA-bcc03f81-2733-45d3-abf1-f7a709c63e68,2021-04-28,1,-0,121.837,121.838,6.478,728.2,178.7,23.58,11,17
TeamA-bcc03f81-2733-45d3-abf1-f7a709c63e68,2021-04-30,1,-0,48.183,48.185,1.937,307.7,97.9,26.08,4,8
TeamA-bcc03f81-2733-45d3-abf1-f7a709c63e68,2021-05-01,1,-0,181.905,181.907,9.135,1037.9,351,25.92,8,15
TeamA-bcc03f81-2733-45d3-abf1-f7a709c63e68,2021-05-03,1,-0,70.972,70.973,3.501,147.4,3.4,19.96,9,10
TeamA-bcc03f81-2733-45d3-abf1-f7a709c63e68,2021-05-04,1,-0,67.905,67.907,3.175,135.4,15.1,21.84,2,8
TeamA-bcc03f81-2733-45d3-abf1-f7a709c63e68,2021-05-10,1,-0,76.988,76.99,3.933,348.2,49.8,24.45,15,19
TeamA-bcc03f81-2733-45d3-abf1-f7a709c63e68,2021-05-13,1,3e-4,72.522,72.503,2.955,133.1,39.9,23.33,3,6
TeamA-bcc03f81-2733-45d3-abf1-f7a709c63e68,2021-05-14,1,2e-4,101.872,101.85,2.836,74.8,8.6,20.59,8,7
TeamA-bcc03f81-2733-45d3-abf1-f7a709c63e68,2021-05-15,1,-0,160.883,160.885,7.553,977.3,353.6,27.03,9,9
TeamA-bcc03f81-2733-45d3-abf1-f7a709c63e68,2021-05-17,1,-0,118.02,118.022,3.886,177.2,30.2,22.39,12,11
TeamA-bcc03f81-2733-45d3-abf1-f7a709c63e68,2021-05-18,1,-0,91.472,91.473,5.187,285.6,36.1,22.51,12,17
TeamA-bcc03f81-2733-45d3-abf1-f7a709c63e68,2021-05-19,1,-0,93.972,93.973,7.592,1086.8,372.2,27.43,7,7
TeamA-bcc03f81-2733-45d3-abf1-f7a709c63e68,2021-05-21,1,-0,80.737,80.738,3.018,315.4,90.4,24.75,2,9
TeamA-bcc03f81-2733-45d3-abf1-f7a709c63e68,2021-05-22,1,-0,162.488,162.49,7.105,920.1,434.4,26.57,9,11
TeamA-bcc03f81-2733-45d3-abf1-f7a709c63e68,2021-05-24,1,-0,89.972,89.973,3.779,199.9,6.8,20.46,12,18
TeamA-bcc03f81-2733-45d3-abf1-f7a709c63e68,2021-05-25,1,-0,95.537,95.538,5.409,354.3,63.2,24.81,12,18
TeamA-bcc03f81-2733-45d3-abf1-f7a709c63e68,2021-05-26,1,-0,110.505,110.507,7.964,1014.6,301.8,25.89,7,13
TeamA-bcc03f81-2733-45d3-abf1-f7a709c63e68,2021-05-28,1,8e-4,70.333,70.28,3.026,110,6.5,21.94,5,4
TeamA-bcc03f81-2733-45d3-abf1-f7a709c63e68,2021-05-29,1,-0,184.172,184.173,7.824,1178.9,512.8,28.13,17,28
TeamA-bcc03f81-2733-45d3-abf1-f7a709c63e68,2021-05-31,1,-1e-4,32.505,32.507,1.544,79.3,2.3,20.52,2,4
TeamA-bcc03f81-2733-45d3-abf1-f7a709c63e68,2021-06-01,1,-0,104.49,104.492,5.093,405.2,66.8,24.28,8,13
TeamA-bcc03f81-2733-45d3-abf1-f7a709c63e68,2021-06-02,1,-0,113.547,113.548,7.688,936.9,212.1,25.66,7,21
TeamA-bcc03f81-2733-45d3-abf1-f7a709c63e68,2021-06-04,1,-0,77.022,77.023,3.215,90.9,9.7,20.5,5,11
TeamA-bcc03f81-2733-45d3-abf1-f7a709c63e68,2021-06-05,1,-0,185.37,185.372,7.402,687.6,219.3,26.39,9,16
TeamA-bcc03f81-2733-45d3-abf1-f7a709c63e68,2021-06-07,1,-0,109.522,109.523,4.529,286.8,38.6,24.27,19,15
TeamA-bcc03f81-2733-45d3-abf1-f7a709c63e68,2021-06-08,1,2e-4,91.872,91.855,4.993,282.8,48,23.39,5,20
TeamA-bcc03f81-2733-45d3-abf1-f7a709c63e68,2021-06-09,1,-0,104.405,104.407,6.811,603.3,135.3,24.19,9,15
TeamA-bcc03f81-2733-45d3-abf1-f7a709c63e68,2021-06-10,1,3e-4,87.957,87.932,5.229,371.1,17.6,20.73,8,17
TeamA-bcc03f81-2733-45d3-abf1-f7a709c63e68,2021-06-14,1,-0,87.758,87.76,5.332,406.4,45.9,21.88,11,25
TeamA-bcc03f81-2733-45d3-abf1-f7a709c63e68,2021-06-15,1,-0,101.357,101.358,5.368,281.4,48.9,23.27,6,16
TeamA-bcc03f81-2733-45d3-abf1-f7a709c63e68,2021-06-16,1,-0,138.855,138.857,10.761,1204.5,402.9,26.17,18,21
TeamA-bcc03f81-2733-45d3-abf1-f7a709c63e68,2021-06-18,1,2e-4,80.122,80.105,4.437,302.6,61.5,23.21,15,26
TeamA-bcc03f81-2733-45d3-abf1-f7a709c63e68,2021-06-19,1,-0,104.14,104.142,7.155,778.4,199.2,26.64,9,19
TeamA-bcc03f81-2733-45d3-abf1-f7a709c63e68,2021-06-21,1,-0,70.183,70.185,3.294,350.5,109.7,26.55,2,7
TeamA-bcc03f81-2733-45d3-abf1-f7a709c63e68,2021-06-22,1,-0,199.457,199.458,9.232,826.6,273.5,27.3,17,20
TeamA-bcc03f81-2733-45d3-abf1-f7a709c63e68,2021-06-25,1,-0,67.905,67.907,2.724,106.1,14.3,21.49,3,7
TeamA-bcc03f81-2733-45d3-abf1-f7a709c63e68,2021-06-28,1,-0,106.487,106.488,4.686,185.2,33.2,23.3,6,11
TeamA-bcc03f81-2733-45d3-abf1-f7a709c63e68,2021-06-29,1,-0,91.872,91.873,3.76,133.1,19.7,21.48,5,11
TeamA-bcc03f81-2733-45d3-abf1-f7a709c63e68,2021-06-30,1,-0,134.838,134.84,10.523,1259.1,374.3,27.53,15,15
TeamA-bcc03f81-2733-45d3-abf1-f7a709c63e68,2021-07-02,1,-0,105.305,105.307,2.967,74.4,8.5,20.49,4,5
TeamA-bcc03f81-2733-45d3-abf1-f7a709c63e68,2021-07-03,1,-0,58.522,58.523,2.465,121.8,24.8,23.05,1,3
TeamA-bcc03f81-2733-45d3-abf1-f7a709c63e68,2021-07-04,1,1e-4,170.673,170.657,7.02,822.4,205.8,27.02,12,12
TeamA-bcc03f81-2733-45d3-abf1-f7a709c63e68,2021-07-05,1,2e-4,97.103,97.085,4.788,670.6,450.8,35.74,6,10
TeamA-bcc03f81-2733-45d3-abf1-f7a709c63e68,2021-07-07,1,2e-4,91.99,91.973,4.943,389.2,77.6,24.63,2,18
TeamA-bcc03f81-2733-45d3-abf1-f7a709c63e68,2021-07-08,1,-0,81.233,81.235,3.367,141.6,34.9,23.49,8,10
TeamA-bcc03f81-2733-45d3-abf1-f7a709c63e68,2021-07-09,1,-0,64.92,64.922,2.79,103.1,26.2,23.81,1,3
TeamA-bcc03f81-2733-45d3-abf1-f7a709c63e68,2021-07-10,1,-0,131.003,131.005,10.673,1389.2,454.4,26.41,13,20
TeamA-bcc03f81-2733-45d3-abf1-f7a709c63e68,2021-07-12,1,-0,97.855,97.857,2.211,84.8,9.3,21.08,7,3
TeamA-bcc03f81-2733-45d3-abf1-f7a709c63e68,2021-07-13,1,1e-4,126.355,126.337,5.507,197,8.6,20.9,6,17
TeamA-bcc03f81-2733-45d3-abf1-f7a709c63e68,2021-07-14,1,-0,109.472,109.473,6.147,896.9,368.1,26.58,8,12
TeamA-bcc03f81-2733-45d3-abf1-f7a709c63e68,2021-07-16,1,-0,105.422,105.423,3.092,143.4,22.3,22.97,6,9
TeamA-bcc03f81-2733-45d3-abf1-f7a709c63e68,2021-07-17,1,-0,150.523,150.525,12.782,1363,306.8,26.44,9,25
TeamA-bcc03f81-2733-45d3-abf1-f7a709c63e68,2021-07-28,1,-0,81.353,81.355,4.689,297.7,51.1,22.5,6,13
TeamA-bcc03f81-2733-45d3-abf1-f7a709c63e68,2021-07-29,1,-0,101.19,101.192,5.197,355.1,84.9,22.51,4,8
TeamA-bcc03f81-2733-45d3-abf1-f7a709c63e68,2021-07-30,1,2e-4,170.038,170.005,9.809,1032,303.9,26.17,12,16
TeamA-bcc03f81-2733-45d3-abf1-f7a709c63e68,2021-08-02,1,-0,153.007,153.008,7.258,659.6,65.3,21.32,19,18
TeamA-bcc03f81-2733-45d3-abf1-f7a709c63e68,2021-08-03,1,0.0087,108.5,107.552,6.035,429.8,98.5,25.33,6,20
TeamA-bcc03f81-2733-45d3-abf1-f7a709c63e68,2021-08-04,1,-0,126.988,126.99,8.062,782,201.3,27.3,7,15
TeamA-bcc03f81-2733-45d3-abf1-f7a709c63e68,2021-08-06,1,-0,74.62,74.622,3.292,117.9,6.8,20.67,4,10
TeamA-bcc03f81-2733-45d3-abf1-f7a709c63e68,2021-08-07,1,-0,171.535,171.537,6.945,580.2,155,24.47,6,11
TeamA-bcc03f81-2733-45d3-abf1-f7a709c63e68,2021-08-09,1,-0,108.523,108.525,3.312,99.7,5.2,20.94,11,7
TeamA-bcc03f81-2733-45d3-abf1-f7a709c63e68,2021-08-10,1,-0,116.055,116.057,4.664,310.2,34.6,23.87,3,23
TeamA-bcc03f81-2733-45d3-abf1-f7a709c63e68,2021-08-11,1,-0,134.422,134.423,10.613,912.8,292.6,27.5,15,20
TeamA-bcc03f81-2733-45d3-abf1-f7a709c63e68,2021-08-13,1,-0,84.89,84.892,2.167,29.9,10.8,23.18,1,4
TeamA-bcc03f81-2733-45d3-abf1-f7a709c63e68,2021-08-14,1,2e-4,93.335,93.315,4.648,668.4,199.5,26.04,5,13
TeamA-bcc03f81-2733-45d3-abf1-f7a709c63e68,2021-08-16,1,-0,116.52,116.522,4.243,176.6,14.9,21.47,11,19
TeamA-bcc03f81-2733-45d3-abf1-f7a709c63e68,2021-08-17,1,-0,61.33,61.332,2.781,355.1,88.9,22.53,3,11
TeamA-bcc03f81-2733-45d3-abf1-f7a709c63e68,2021-08-18,1,-0,156.538,156.54,8.513,1083.2,334.4,26.32,10,9
TeamA-bcc03f81-2733-45d3-abf1-f7a709c63e68,2021-08-20,1,2e-4,75.353,75.337,4.043,244.8,40.4,21.72,4,3
TeamA-bcc03f81-2733-45d3-abf1-f7a709c63e68,2021-08-21,1,1e-4,220.563,220.543,10.508,1484.3,496,27.18,18,22
TeamA-bcc03f81-2733-45d3-abf1-f7a709c63e68,2021-08-23,1,-0,81.723,81.725,2.473,19.6,8.2,21.32,3,5
TeamA-bcc03f81-2733-45d3-abf1-f7a709c63e68,2021-08-24,1,-0,96.945,96.947,4.61,463.9,152.6,25.16,6,11
TeamA-bcc03f81-2733-45d3-abf1-f7a709c63e68,2021-08-25,1,-0,182.99,182.992,14.16,1248.1,383.1,26.55,26,48
TeamA-bcc03f81-2733-45d3-abf1-f7a709c63e68,2021-08-26,1,2e-4,88.89,88.87,3.141,90.9,8.7,20.87,5,6
TeamA-bcc03f81-2733-45d3-abf1-f7a709c63e68,2021-08-27,1,2e-4,96.972,96.953,3.874,187.5,43.8,23.35,3,5
TeamA-bcc03f81-2733-45d3-abf1-f7a709c63e68,2021-08-28,1,1e-4,199.738,199.718,8.518,714.7,308.7,28.5,10,9
TeamA-bcc03f81-2733-45d3-abf1-f7a709c63e68,2021-08-30,1,2e-4,112.338,112.32,4.575,356.7,55.3,23.1,14,19
TeamA-bcc03f81-2733-45d3-abf1-f7a709c63e68,2021-08-31,1,2e-4,95.573,95.557,5.219,232.6,21.5,21.49,7,24
TeamA-bcc03f81-2733-45d3-abf1-f7a709c63e68,2021-09-01,1,2e-4,104.972,104.948,6.3,622.5,181.2,23.89,7,12
TeamA-bcc03f81-2733-45d3-abf1-f7a709c63e68,2021-09-03,1,2e-4,81.123,81.103,3.102,178.1,26.9,22.28,4,8
TeamA-bcc03f81-2733-45d3-abf1-f7a709c63e68,2021-09-04,1,1e-4,182.49,182.473,8.19,803.2,213,26.8,13,13
TeamA-bcc03f81-2733-45d3-abf1-f7a709c63e68,2021-09-06,1,1e-4,125.827,125.808,4.636,187.1,23.3,22.22,10,15
TeamA-bcc03f81-2733-45d3-abf1-f7a709c63e68,2021-09-07,1,-0,119.47,119.472,6.089,387.8,48.3,22.38,8,13
TeamA-bcc03f81-2733-45d3-abf1-f7a709c63e68,2021-09-08,1,-0,98.405,98.407,6.64,672.7,151.1,26.17,5,18
TeamA-bcc03f81-2733-45d3-abf1-f7a709c63e68,2021-09-09,1,2e-4,94.555,94.538,5.099,390.5,47.5,25.24,16,10
TeamA-bcc03f81-2733-45d3-abf1-f7a709c63e68,2021-09-11,1,3e-4,65.873,65.857,3.108,180.9,46.4,21.85,4,11
TeamA-bcc03f81-2733-45d3-abf1-f7a709c63e68,2021-09-12,1,2e-4,135.812,135.79,10.207,1122.2,366.6,25.97,18,17
TeamA-bcc03f81-2733-45d3-abf1-f7a709c63e68,2021-09-14,1,-0,160.388,160.39,6.65,110.1,10.2,21,15,19
TeamA-bcc03f81-2733-45d3-abf1-f7a709c63e68,2021-09-15,1,1e-4,111.557,111.54,5.696,300.4,38.7,22.92,10,12
TeamA-bcc03f81-2733-45d3-abf1-f7a709c63e68,2021-09-16,1,-0,97.37,97.372,7.006,623.1,62.1,21.77,12,20
TeamA-bcc03f81-2733-45d3-abf1-f7a709c63e68,2021-09-20,1,1e-4,112.872,112.855,4.494,420.6,212.9,26.36,10,11
TeamA-bcc03f81-2733-45d3-abf1-f7a709c63e68,2021-09-21,1,2e-4,122.507,122.485,6.771,499.2,118.1,23.59,9,19
TeamA-bcc03f81-2733-45d3-abf1-f7a709c63e68,2021-09-22,1,2e-4,101.18,101.163,6.699,389.6,61,23.17,8,21
TeamA-bcc03f81-2733-45d3-abf1-f7a709c63e68,2021-09-24,1,3e-4,63.522,63.5,3.712,289.3,39.2,22.62,1,11
TeamA-bcc03f81-2733-45d3-abf1-f7a709c63e68,2021-09-25,1,1e-4,201.987,201.965,7.111,986.7,333.6,27.57,10,14
TeamA-bcc03f81-2733-45d3-abf1-f7a709c63e68,2021-09-27,1,2e-4,97.922,97.903,2.685,116.1,29.7,21.4,4,5
TeamA-bcc03f81-2733-45d3-abf1-f7a709c63e68,2021-09-28,1,2e-4,124.338,124.317,7.545,506.7,45,21.57,11,33
TeamA-bcc03f81-2733-45d3-abf1-f7a709c63e68,2021-09-29,1,-0,111.887,111.888,6.21,664.4,181.7,27.17,1,13
TeamA-bcc03f81-2733-45d3-abf1-f7a709c63e68,2021-10-01,1,-0,75.422,75.423,2.94,151.2,20.1,22.06,3,5
TeamA-bcc03f81-2733-45d3-abf1-f7a709c63e68,2021-10-02,1,2e-4,144.087,144.065,11.269,1529.6,521.5,26.6,18,34
TeamA-bcc03f81-2733-45d3-abf1-f7a709c63e68,2021-10-04,1,2e-4,80.872,80.855,2.245,84.1,8,20.67,6,4
TeamA-bcc03f81-2733-45d3-abf1-f7a709c63e68,2021-10-05,1,2e-4,127.338,127.31,6.263,442.6,54.6,22.92,5,22
TeamA-bcc03f81-2733-45d3-abf1-f7a709c63e68,2021-10-06,1,2e-4,112.14,112.117,6.737,1258.6,449.5,26.44,13,12
TeamA-bcc03f81-2733-45d3-abf1-f7a709c63e68,2021-10-08,1,2e-4,87.322,87.305,3.836,246.8,53.2,27.44,3,7
TeamA-bcc03f81-2733-45d3-abf1-f7a709c63e68,2021-10-09,1,1e-4,175.022,175,7.599,818,332.8,25.35,10,14
TeamA-bcc03f81-2733-45d3-abf1-f7a709c63e68,2021-10-11,1,2e-4,88.64,88.623,3.825,108.1,2.9,20.68,10,8
TeamA-bcc03f81-2733-45d3-abf1-f7a709c63e68,2021-10-12,1,2e-4,88.505,88.487,4.584,308.4,37.8,21.72,2,8
TeamA-bcc03f81-2733-45d3-abf1-f7a709c63e68,2021-10-13,1,-0,159.488,159.49,7.42,787.4,338.4,26.22,14,14
TeamA-bcc03f81-2733-45d3-abf1-f7a709c63e68,2021-10-15,1,2e-4,68.922,68.905,3.194,209,37.3,22.74,8,9
TeamA-bcc03f81-2733-45d3-abf1-f7a709c63e68,2021-10-16,1,1e-4,206.005,205.985,7.216,602.6,188.3,25.03,11,15
TeamA-bcc03f81-2733-45d3-abf1-f7a709c63e68,2021-10-27,1,2e-4,102.905,102.888,5.951,413.8,62.6,23.31,8,17
TeamA-bcc03f81-2733-45d3-abf1-f7a709c63e68,2021-10-28,1,2e-4,107.522,107.502,5.898,315.6,52.6,23.35,5,22
TeamA-bcc03f81-2733-45d3-abf1-f7a709c63e68,2021-10-29,1,-0,133.038,133.04,9.029,1129.9,348.3,26.93,10,20
TeamA-bcc03f81-2733-45d3-abf1-f7a709c63e68,2021-11-04,1,3e-4,94.857,94.828,6.636,817.5,216.2,26.76,2,14
TeamA-bcc03f81-2733-45d3-abf1-f7a709c63e68,2021-11-06,1,4e-4,56.487,56.463,2.534,196.5,65.7,25.61,3,1
TeamA-bcc03f81-2733-45d3-abf1-f7a709c63e68,2021-11-07,1,1e-4,162.99,162.968,6.063,359.7,184.3,24.39,10,19
TeamA-bcc03f81-2733-45d3-abf1-f7a709c63e68,2021-11-08,1,4e-4,68.472,68.447,4.286,156.6,7.9,20.44,4,9
TeamA-bcc03f81-2733-45d3-abf1-f7a709c63e68,2021-11-09,1,3e-4,94.605,94.58,4.759,396.7,102.1,23,10,11
TeamA-bcc03f81-2733-45d3-abf1-f7a709c63e68,2021-11-10,1,2e-4,115.092,115.073,6.906,551.7,197.5,26.75,6,13
TeamA-bcc03f81-2733-45d3-abf1-f7a709c63e68,2021-11-12,1,3e-4,68.872,68.848,3.093,189,33.4,22.53,3,4
TeamA-bcc03f81-2733-45d3-abf1-f7a709c63e68,2021-11-13,1,1e-4,206.672,206.655,6.558,580.5,236.6,25.92,5,12
TeamA-bcc03f81-2733-45d3-abf1-f7a709c63e68,2021-11-16,1,3e-4,81.188,81.163,4.384,148.8,28.6,22.1,2,7
TeamA-c4ccf1a6-48c3-4a17-8d6c-eedd12e8680e,2020-06-01,1,-0,121.883,121.885,4.636,86.1,3.4,19.95,6,6
TeamA-c4ccf1a6-48c3-4a17-8d6c-eedd12e8680e,2020-06-02,1,-0,109.472,109.473,5.006,101.9,3.4,20.45,3,11
TeamA-c4ccf1a6-48c3-4a17-8d6c-eedd12e8680e,2020-06-03,1,-0,122.372,122.373,7.141,386.7,95.6,24.1,6,10
TeamA-c4ccf1a6-48c3-4a17-8d6c-eedd12e8680e,2020-06-04,1,-0,94.387,94.388,2.858,51.7,0.6,19.15,3,4
TeamA-c4ccf1a6-48c3-4a17-8d6c-eedd12e8680e,2020-06-05,1,-0,115.488,115.49,5.394,315.5,107.8,22.37,11,14
TeamA-c4ccf1a6-48c3-4a17-8d6c-eedd12e8680e,2020-06-06,1,-0,124.073,124.075,7.313,338.9,82.1,24.97,4,16
TeamA-c4ccf1a6-48c3-4a17-8d6c-eedd12e8680e,2020-06-08,1,-0,122.053,122.055,6.191,57.7,0,19.31,4,16
TeamA-c4ccf1a6-48c3-4a17-8d6c-eedd12e8680e,2020-06-09,1,-0,118.35,118.352,6.118,94.3,5.1,20.35,7,10
TeamA-c4ccf1a6-48c3-4a17-8d6c-eedd12e8680e,2020-06-10,1,-0,131.837,131.838,8.323,208.4,26.4,21.81,6,10
TeamA-c4ccf1a6-48c3-4a17-8d6c-eedd12e8680e,2020-06-11,1,-0,82.762,82.763,3.458,272.6,97,24.94,1,13
TeamA-c4ccf1a6-48c3-4a17-8d6c-eedd12e8680e,2020-06-12,1,-0,101.922,101.923,4.451,429.6,145.3,23.22,1,6
TeamA-c4ccf1a6-48c3-4a17-8d6c-eedd12e8680e,2020-06-13,1,-0,131.137,131.138,8.27,491.3,117.7,25.31,10,15
TeamA-c4ccf1a6-48c3-4a17-8d6c-eedd12e8680e,2020-06-15,1,-0,125.872,125.873,6.675,148.6,14.9,20.93,5,22
TeamA-c4ccf1a6-48c3-4a17-8d6c-eedd12e8680e,2020-06-16,1,-0,134.372,134.373,8.196,149.3,7.3,20.11,3,9
TeamA-c4ccf1a6-48c3-4a17-8d6c-eedd12e8680e,2020-06-17,1,-0,148.155,148.157,6.582,549.9,85,22.77,4,14
TeamA-c4ccf1a6-48c3-4a17-8d6c-eedd12e8680e,2020-06-19,1,-0,84.005,84.007,3.381,138.6,26.8,22.21,7,6
TeamA-c4ccf1a6-48c3-4a17-8d6c-eedd12e8680e,2020-06-20,1,-0,149.153,149.155,10.018,522.5,65.5,23.75,4,12
TeamA-c4ccf1a6-48c3-4a17-8d6c-eedd12e8680e,2020-06-22,1,-0,106.605,106.607,6.848,171.5,13.3,23.19,8,24
TeamA-c4ccf1a6-48c3-4a17-8d6c-eedd12e8680e,2020-06-23,1,-0,129.557,129.558,6.19,107.6,12.5,20.78,2,19
TeamA-c4ccf1a6-48c3-4a17-8d6c-eedd12e8680e,2020-06-24,1,-0,124.14,124.142,7.663,479.8,200.5,25.16,2,13
TeamA-c4ccf1a6-48c3-4a17-8d6c-eedd12e8680e,2020-06-26,1,-0,85.872,85.873,3.265,225.7,44,26.3,3,9
TeamA-c4ccf1a6-48c3-4a17-8d6c-eedd12e8680e,2020-06-27,1,-0,87.887,87.888,5.843,221.3,31.7,22.77,1,10
TeamA-c4ccf1a6-48c3-4a17-8d6c-eedd12e8680e,2020-06-29,1,-0,95.9,95.902,4.996,178.9,62.3,25.96,6,10
TeamA-c4ccf1a6-48c3-4a17-8d6c-eedd12e8680e,2020-06-30,1,-0,118.94,118.942,8.006,505.7,78.7,23.94,3,13
TeamA-c4ccf1a6-48c3-4a17-8d6c-eedd12e8680e,2020-07-02,1,-0,74.905,74.907,2.671,356.9,128.1,24.1,3,7
TeamA-c4ccf1a6-48c3-4a17-8d6c-eedd12e8680e,2020-07-03,1,-0,168.177,168.178,11.761,600.7,97.9,25.48,8,21
TeamA-c4ccf1a6-48c3-4a17-8d6c-eedd12e8680e,2020-07-06,1,-0,85.855,85.857,5.059,50.1,0.6,19.36,1,5
TeamA-c4ccf1a6-48c3-4a17-8d6c-eedd12e8680e,2020-07-07,1,-0,110.872,110.873,6.106,195.7,11.4,20.56,6,11
TeamA-c4ccf1a6-48c3-4a17-8d6c-eedd12e8680e,2020-07-08,1,-0,116.855,116.857,7.641,493.8,115,24.54,5,10
TeamA-c4ccf1a6-48c3-4a17-8d6c-eedd12e8680e,2020-07-10,1,-0,76,76.002,2.575,240.9,92.9,23.27,7,11
TeamA-c4ccf1a6-48c3-4a17-8d6c-eedd12e8680e,2020-07-11,1,-0,155.173,155.175,11.877,810.7,200.1,26.27,9,15
TeamA-c4ccf1a6-48c3-4a17-8d6c-eedd12e8680e,2020-07-13,1,-0,80.988,80.99,3.454,106.8,10.3,20.73,4,12
TeamA-c4ccf1a6-48c3-4a17-8d6c-eedd12e8680e,2020-07-14,1,-0,96.855,96.857,5.848,119.7,14.4,20.96,4,13
TeamA-c4ccf1a6-48c3-4a17-8d6c-eedd12e8680e,2020-07-15,1,-0,131.038,131.04,5.794,706.2,206.2,25,2,4
TeamA-c4ccf1a6-48c3-4a17-8d6c-eedd12e8680e,2020-07-16,1,-0,101.988,101.99,4.215,175.6,11.6,21.27,9,11
TeamA-c4ccf1a6-48c3-4a17-8d6c-eedd12e8680e,2020-07-18,1,-0,62.372,62.373,2.584,356.9,113.8,23.69,4,3
TeamA-c4ccf1a6-48c3-4a17-8d6c-eedd12e8680e,2020-07-19,1,-0,154.97,154.972,11.633,728.1,150.4,23.58,9,17
TeamA-c4ccf1a6-48c3-4a17-8d6c-eedd12e8680e,2020-07-21,1,-0,88.405,88.407,4.5,137.7,22.5,22.16,6,7
TeamA-c4ccf1a6-48c3-4a17-8d6c-eedd12e8680e,2020-07-22,1,-0,108.372,108.373,6.823,468.4,80.3,23.56,4,18
TeamA-c4ccf1a6-48c3-4a17-8d6c-eedd12e8680e,2020-07-25,1,-0,171.038,171.04,12.458,523.9,106.8,25.09,12,20
TeamA-c4ccf1a6-48c3-4a17-8d6c-eedd12e8680e,2020-07-27,1,-1e-4,32.607,32.608,1.34,12.9,1.1,19.49,5,7
TeamA-c4ccf1a6-48c3-4a17-8d6c-eedd12e8680e,2020-07-29,1,-0,123.955,123.957,6.518,174.5,28.9,22,7,20
TeamA-c4ccf1a6-48c3-4a17-8d6c-eedd12e8680e,2020-07-30,1,-0,134.022,134.023,6.657,440.3,113.3,24.23,5,10
TeamA-c4ccf1a6-48c3-4a17-8d6c-eedd12e8680e,2020-08-01,1,-0,87.355,87.357,3.443,310.8,103.4,25.52,4,5
TeamA-c4ccf1a6-48c3-4a17-8d6c-eedd12e8680e,2020-08-02,1,-0,177.35,177.352,11.677,672.8,207.7,27.04,6,10
TeamA-c4ccf1a6-48c3-4a17-8d6c-eedd12e8680e,2020-08-03,1,-0,52.005,52.007,2.485,22,0,16.8,9,5
TeamA-c4ccf1a6-48c3-4a17-8d6c-eedd12e8680e,2020-08-05,1,-0,105.555,105.557,5.274,88.9,6.9,21.37,2,11
TeamA-c4ccf1a6-48c3-4a17-8d6c-eedd12e8680e,2020-08-06,1,-0,84.363,84.365,3.613,58.5,2.3,19.87,3,13
TeamA-c4ccf1a6-48c3-4a17-8d6c-eedd12e8680e,2020-08-07,1,-0,63.472,63.473,2.634,158.1,55.5,24.04,5,5
TeamA-c4ccf1a6-48c3-4a17-8d6c-eedd12e8680e,2020-08-08,1,-0,169.718,169.72,11.517,502.4,104.9,27.3,4,17
TeamA-c4ccf1a6-48c3-4a17-8d6c-eedd12e8680e,2020-08-11,1,-0,100.988,100.99,5.301,58.9,0,18.73,2,14
TeamA-c4ccf1a6-48c3-4a17-8d6c-eedd12e8680e,2020-08-12,1,-0,98.388,98.39,6.05,256.4,81.8,27.03,4,6
TeamA-c4ccf1a6-48c3-4a17-8d6c-eedd12e8680e,2020-08-13,1,-0,108.838,108.84,6.069,431.2,72.4,23.08,6,25
TeamA-c4ccf1a6-48c3-4a17-8d6c-eedd12e8680e,2020-08-15,1,-0,83.9,83.902,4.205,277.1,107.4,26.65,6,6
TeamA-c4ccf1a6-48c3-4a17-8d6c-eedd12e8680e,2020-08-16,1,-0,169.372,169.373,12.097,462.8,93.8,25.34,6,11
TeamA-c4ccf1a6-48c3-4a17-8d6c-eedd12e8680e,2020-08-19,1,-0,102.037,102.038,5.602,62.8,9.8,21.11,2,8
TeamA-c4ccf1a6-48c3-4a17-8d6c-eedd12e8680e,2020-08-20,1,-0,77.71,77.712,3.879,167,73.5,26.07,6,11
TeamA-c4ccf1a6-48c3-4a17-8d6c-eedd12e8680e,2020-08-21,1,-0,47.488,47.49,2.357,254.1,55.2,25.43,4,5
TeamA-c4ccf1a6-48c3-4a17-8d6c-eedd12e8680e,2020-08-22,1,-0,170.337,170.338,12.162,711.6,91,24.92,8,11
TeamA-c4ccf1a6-48c3-4a17-8d6c-eedd12e8680e,2020-08-25,1,-0,57.355,57.357,3.707,102,36.4,25.26,4,4
TeamA-c4ccf1a6-48c3-4a17-8d6c-eedd12e8680e,2020-08-26,1,-0,170.672,170.673,11.451,399.1,51.5,23.17,6,9
TeamA-c4ccf1a6-48c3-4a17-8d6c-eedd12e8680e,2020-08-29,1,-0,45.487,45.488,2.089,219.7,71.8,24.3,2,9
TeamA-c4ccf1a6-48c3-4a17-8d6c-eedd12e8680e,2020-08-30,1,-0,120.515,120.517,9.999,609,148.9,23.16,4,18
TeamA-c4ccf1a6-48c3-4a17-8d6c-eedd12e8680e,2020-09-02,1,-0,96.022,96.023,5.853,183.5,75.3,26.3,5,11
TeamA-c4ccf1a6-48c3-4a17-8d6c-eedd12e8680e,2020-09-03,1,-0,91.872,91.873,4.958,208.2,29.1,23.2,5,21
TeamA-c4ccf1a6-48c3-4a17-8d6c-eedd12e8680e,2020-09-04,1,-0,71.353,71.355,2.647,111.4,10.5,21.32,2,9
TeamA-c4ccf1a6-48c3-4a17-8d6c-eedd12e8680e,2020-09-05,1,-0,181.157,181.158,0.44,0,0,6.95,0,0
TeamA-c4ccf1a6-48c3-4a17-8d6c-eedd12e8680e,2020-09-08,1,-0,86.683,86.685,5.046,226.4,34.9,22.23,11,23
TeamA-c4ccf1a6-48c3-4a17-8d6c-eedd12e8680e,2020-09-09,1,-0,93.487,93.488,5.888,148,14.7,21.69,3,19
TeamA-c4ccf1a6-48c3-4a17-8d6c-eedd12e8680e,2020-09-11,1,-0,55.922,55.923,2.817,231.2,77.4,23.77,5,8
TeamA-c4ccf1a6-48c3-4a17-8d6c-eedd12e8680e,2020-09-12,1,-0,165.538,165.54,12.089,530.7,89.8,23.31,4,14
TeamA-c4ccf1a6-48c3-4a17-8d6c-eedd12e8680e,2020-09-14,1,-0,68.972,68.973,2.537,67.8,8.6,20.69,3,6
TeamA-c4ccf1a6-48c3-4a17-8d6c-eedd12e8680e,2020-09-15,1,-0,98.17,98.172,5.463,69.7,1.2,19.28,1,18
TeamA-c4ccf1a6-48c3-4a17-8d6c-eedd12e8680e,2020-09-16,1,-0,120.34,120.342,6.629,287.6,115,25.44,4,12
TeamA-c4ccf1a6-48c3-4a17-8d6c-eedd12e8680e,2020-09-22,1,-0,105.09,105.092,5.222,94.3,12.8,21.77,9,20
TeamA-c4ccf1a6-48c3-4a17-8d6c-eedd12e8680e,2020-09-23,1,-0,102.553,102.555,6.402,197,60.3,22.49,5,16
TeamA-c4ccf1a6-48c3-4a17-8d6c-eedd12e8680e,2020-09-25,1,-0,76.572,76.573,3.427,185.2,22.5,22.88,4,14
TeamA-c4ccf1a6-48c3-4a17-8d6c-eedd12e8680e,2020-09-26,1,-0,176.453,176.455,12.213,485.6,114.1,25.73,9,20
TeamA-c4ccf1a6-48c3-4a17-8d6c-eedd12e8680e,2020-09-29,1,-0,93.917,93.918,4.003,84.1,4.6,21.19,2,17
TeamA-c4ccf1a6-48c3-4a17-8d6c-eedd12e8680e,2020-09-30,1,-0,107.853,107.855,6.834,420.3,146.8,25.08,6,12
TeamA-c4ccf1a6-48c3-4a17-8d6c-eedd12e8680e,2020-10-01,1,-0,87.92,87.922,4.742,107.7,43.2,25.43,5,8
TeamA-c4ccf1a6-48c3-4a17-8d6c-eedd12e8680e,2020-10-03,1,-0,67.055,67.057,3.085,235.3,26,22.02,4,10
TeamA-c4ccf1a6-48c3-4a17-8d6c-eedd12e8680e,2020-10-04,1,-0,189.77,189.772,11.506,651.3,141.7,22.14,7,14
TeamA-c4ccf1a6-48c3-4a17-8d6c-eedd12e8680e,2020-10-06,1,-0,65.755,65.757,3.157,113.1,13,22.45,2,4
TeamA-c4ccf1a6-48c3-4a17-8d6c-eedd12e8680e,2020-10-07,1,-0,159.557,159.558,11.933,634.4,128,25.46,11,9
TeamA-c4ccf1a6-48c3-4a17-8d6c-eedd12e8680e,2020-10-10,1,-0,111.037,111.038,4.958,592.7,330.5,25.65,8,11
TeamA-c4ccf1a6-48c3-4a17-8d6c-eedd12e8680e,2020-10-12,1,-0,55.888,55.89,3.11,148.3,14,22,4,10
TeamA-c4ccf1a6-48c3-4a17-8d6c-eedd12e8680e,2020-10-14,1,-0,111.053,111.055,6.864,492.2,190.2,27.06,7,15
TeamA-c4ccf1a6-48c3-4a17-8d6c-eedd12e8680e,2020-10-15,1,-0,88.405,88.407,4.128,30.9,0,17.94,4,10
TeamA-c4ccf1a6-48c3-4a17-8d6c-eedd12e8680e,2020-10-17,1,-0,54.405,54.407,2.959,157.7,28.2,22.24,1,5
TeamA-c4ccf1a6-48c3-4a17-8d6c-eedd12e8680e,2020-10-18,1,-0,165.487,165.488,11.489,684.7,171.4,24.82,9,17
TeamA-c4ccf1a6-48c3-4a17-8d6c-eedd12e8680e,2020-10-20,1,-0,65.505,65.507,3.789,63.9,2.9,19.32,4,3
TeamA-c4ccf1a6-48c3-4a17-8d6c-eedd12e8680e,2020-10-21,1,-0,86.338,86.34,4.754,134.5,24.7,25.92,6,14
TeamA-c4ccf1a6-48c3-4a17-8d6c-eedd12e8680e,2020-10-22,1,-0,129.855,129.857,7.754,363.3,71.7,22.82,4,9
TeamA-c4ccf1a6-48c3-4a17-8d6c-eedd12e8680e,2020-10-23,1,-0,119.37,119.372,5.609,302.1,97.1,24.29,10,17
TeamA-c4ccf1a6-48c3-4a17-8d6c-eedd12e8680e,2020-10-26,1,-0,84.872,84.873,4.082,82,0.6,19.85,0,2
TeamA-c4ccf1a6-48c3-4a17-8d6c-eedd12e8680e,2020-10-27,1,-0,114.505,114.507,5.659,174.4,3.4,20.58,3,23
TeamA-c4ccf1a6-48c3-4a17-8d6c-eedd12e8680e,2020-10-28,1,-0,108.505,108.507,7.041,366.5,29.1,22.19,6,16
TeamA-c4ccf1a6-48c3-4a17-8d6c-eedd12e8680e,2020-10-29,1,-0,94.99,94.992,4.701,57.3,0.6,19.1,5,7
TeamA-c4ccf1a6-48c3-4a17-8d6c-eedd12e8680e,2020-10-31,1,-0,83.825,83.827,4.11,146.6,18.7,23.67,7,11
TeamA-c4ccf1a6-48c3-4a17-8d6c-eedd12e8680e,2020-11-01,1,-0,165.593,165.595,11.195,598.5,116.4,24.61,10,25
TeamA-c4ccf1a6-48c3-4a17-8d6c-eedd12e8680e,2020-11-02,1,-0,86.675,86.677,2.57,50.5,8.8,21.98,1,9
TeamA-c4ccf1a6-48c3-4a17-8d6c-eedd12e8680e,2020-11-04,1,-0,107.055,107.057,6.72,325.5,90.5,25.82,8,13
TeamA-c4ccf1a6-48c3-4a17-8d6c-eedd12e8680e,2020-11-06,1,-0,75.173,75.175,2.858,134.7,31.8,22.15,0,8
TeamA-c4ccf1a6-48c3-4a17-8d6c-eedd12e8680e,2020-11-07,1,-0,174.963,174.965,11.589,560.8,143.2,24.49,6,11
TeamA-c4ccf1a6-48c3-4a17-8d6c-eedd12e8680e,2020-11-09,1,-0,84.557,84.558,3.711,89.3,0,19.03,5,6
TeamA-c4ccf1a6-48c3-4a17-8d6c-eedd12e8680e,2020-11-13,1,-0,108.322,108.323,4.824,197.2,49,23.6,9,6
TeamA-c4ccf1a6-48c3-4a17-8d6c-eedd12e8680e,2020-11-14,1,-0,54.972,54.973,2.835,163.4,73.2,25.08,2,3
TeamA-c4ccf1a6-48c3-4a17-8d6c-eedd12e8680e,2020-11-23,1,-0,71.778,71.78,4.475,139.8,15.9,23.37,9,18
TeamA-c4ccf1a6-48c3-4a17-8d6c-eedd12e8680e,2020-11-27,1,-0,91.557,91.558,4.897,436.7,109.6,24.19,6,10
TeamA-c4ccf1a6-48c3-4a17-8d6c-eedd12e8680e,2020-11-30,1,-0,70.215,70.217,3.683,218.7,38.6,22.2,7,13
TeamA-c4ccf1a6-48c3-4a17-8d6c-eedd12e8680e,2020-12-05,1,-0,66.343,66.345,2.782,90.6,6.9,21.32,1,4
TeamA-c4ccf1a6-48c3-4a17-8d6c-eedd12e8680e,2020-12-06,1,1e-4,205.68,205.663,12.556,830,172.9,25.3,6,17
TeamA-c4ccf1a6-48c3-4a17-8d6c-eedd12e8680e,2021-02-01,1,-0,82.003,82.005,2.275,0,0,13.69,6,1
TeamA-c4ccf1a6-48c3-4a17-8d6c-eedd12e8680e,2021-02-08,1,-0,44.383,44.385,2.329,80.7,28.6,22.72,5,2
TeamA-c4ccf1a6-48c3-4a17-8d6c-eedd12e8680e,2021-02-19,1,-0,93.417,93.418,2.816,127.5,15,21.17,3,3
TeamA-c4ccf1a6-48c3-4a17-8d6c-eedd12e8680e,2021-02-20,1,-0,72.872,72.873,5.079,437.1,109.6,25.62,5,15
TeamA-c4ccf1a6-48c3-4a17-8d6c-eedd12e8680e,2021-02-22,1,3e-4,49.005,48.988,3.369,127.3,20.8,21.78,4,9
TeamA-c4ccf1a6-48c3-4a17-8d6c-eedd12e8680e,2021-02-25,1,-0,125.473,125.475,6.558,268.3,62.8,24.2,2,16
TeamA-c4ccf1a6-48c3-4a17-8d6c-eedd12e8680e,2021-03-01,1,-0,77.407,77.408,4.99,97.6,1.7,19.54,10,13
TeamA-c4ccf1a6-48c3-4a17-8d6c-eedd12e8680e,2021-03-12,1,-0,112.087,112.088,8.464,733.7,159.4,25.57,4,18
TeamA-c4ccf1a6-48c3-4a17-8d6c-eedd12e8680e,2021-03-15,1,2e-4,98.207,98.19,5.076,125.2,11.5,21.29,1,9
TeamA-c4ccf1a6-48c3-4a17-8d6c-eedd12e8680e,2021-03-19,1,-0,117.9,117.902,9.045,770,222.6,25.58,10,18
TeamA-c4ccf1a6-48c3-4a17-8d6c-eedd12e8680e,2021-03-22,1,-0,92.488,92.49,5.436,293.8,33.7,23.84,4,19
TeamA-c4ccf1a6-48c3-4a17-8d6c-eedd12e8680e,2021-03-23,1,-0,105.988,105.99,5.019,84.4,27,21.77,8,8
TeamA-c4ccf1a6-48c3-4a17-8d6c-eedd12e8680e,2021-03-24,1,-0,103.225,103.227,6.322,351.8,34.8,22.53,7,20
TeamA-c4ccf1a6-48c3-4a17-8d6c-eedd12e8680e,2021-03-26,1,2e-4,120.513,120.488,4.556,288.2,112.3,24.14,6,17
TeamA-c4ccf1a6-48c3-4a17-8d6c-eedd12e8680e,2021-03-27,1,-0,126.972,126.973,9.015,724.8,192.2,27.3,4,22
TeamA-c4ccf1a6-48c3-4a17-8d6c-eedd12e8680e,2021-03-30,1,-0,93.305,93.307,4.948,80.6,6.3,20.78,6,18
TeamA-c4ccf1a6-48c3-4a17-8d6c-eedd12e8680e,2021-04-05,1,-0,65.867,65.868,4.156,62.9,2.3,20.54,4,6
TeamA-c4ccf1a6-48c3-4a17-8d6c-eedd12e8680e,2021-04-06,1,-0,92.538,92.54,5.313,115.8,11.9,22.62,7,15
TeamA-c4ccf1a6-48c3-4a17-8d6c-eedd12e8680e,2021-04-07,1,-0,93.883,93.885,5.736,223.5,45.8,23.63,5,15
TeamA-c4ccf1a6-48c3-4a17-8d6c-eedd12e8680e,2021-04-08,1,2e-4,101.515,101.498,5.136,293.2,9.1,19.99,11,50
TeamA-c4ccf1a6-48c3-4a17-8d6c-eedd12e8680e,2021-04-09,1,2e-4,94.403,94.387,5.319,168.4,43.5,22.09,4,15
TeamA-c4ccf1a6-48c3-4a17-8d6c-eedd12e8680e,2021-04-10,1,-0,65.972,65.973,2.938,762.7,516.4,24.53,13,7
TeamA-c4ccf1a6-48c3-4a17-8d6c-eedd12e8680e,2021-04-12,1,-0,52.373,52.375,2.014,48,0,18.57,10,5
TeamA-c4ccf1a6-48c3-4a17-8d6c-eedd12e8680e,2021-04-13,1,-0,81.223,81.225,3.691,73.7,6.3,20.93,3,12
TeamA-c4ccf1a6-48c3-4a17-8d6c-eedd12e8680e,2021-04-14,1,-0,111.972,111.973,6.388,238.7,10.7,20.57,2,10
TeamA-c4ccf1a6-48c3-4a17-8d6c-eedd12e8680e,2021-04-16,1,2e-4,89.505,89.488,3.162,160.6,42.3,22.5,7,8
TeamA-c4ccf1a6-48c3-4a17-8d6c-eedd12e8680e,2021-04-17,1,-0,168.405,168.407,9.024,511.6,93.3,23.08,9,15
TeamA-c4ccf1a6-48c3-4a17-8d6c-eedd12e8680e,2021-04-20,1,-0,111.355,111.357,6.364,263.1,53.4,22.86,4,24
TeamA-c4ccf1a6-48c3-4a17-8d6c-eedd12e8680e,2021-04-21,1,-0,67.053,67.055,3.46,162.7,20.9,22.86,5,7
TeamA-c4ccf1a6-48c3-4a17-8d6c-eedd12e8680e,2021-04-22,1,-0,76.855,76.857,3.332,151.5,38.4,22.66,4,5
TeamA-c4ccf1a6-48c3-4a17-8d6c-eedd12e8680e,2021-04-23,1,-0,118.04,118.042,9.51,547.6,89.2,22.09,5,13
TeamA-c4ccf1a6-48c3-4a17-8d6c-eedd12e8680e,2021-04-28,1,-0,121.505,121.507,5.866,324.1,37.4,24.33,5,23
TeamA-c4ccf1a6-48c3-4a17-8d6c-eedd12e8680e,2021-04-30,1,-0,88.838,88.84,3.629,277.8,72.6,23.91,6,5
TeamA-c4ccf1a6-48c3-4a17-8d6c-eedd12e8680e,2021-05-01,1,-0,170.867,170.868,12.341,791,168.2,24.44,11,13
TeamA-c4ccf1a6-48c3-4a17-8d6c-eedd12e8680e,2021-05-03,1,-0,52.603,52.605,1.534,53.2,24.1,23.92,2,4
TeamA-c4ccf1a6-48c3-4a17-8d6c-eedd12e8680e,2021-05-04,1,-0,45.71,45.712,2.492,293.3,92.4,23.04,6,5
TeamA-c4ccf1a6-48c3-4a17-8d6c-eedd12e8680e,2021-05-05,1,-0,166.96,166.962,11.92,668.7,127,25.47,10,18
TeamA-c4ccf1a6-48c3-4a17-8d6c-eedd12e8680e,2021-05-10,1,2e-4,109.973,109.957,4.471,159.8,2.8,19.92,6,14
TeamA-c4ccf1a6-48c3-4a17-8d6c-eedd12e8680e,2021-05-11,1,-0,102.52,102.522,5.03,91.4,0,19.12,3,15
TeamA-c4ccf1a6-48c3-4a17-8d6c-eedd12e8680e,2021-05-13,1,3e-4,69.388,69.37,3.28,188.6,64.9,22.25,2,8
TeamA-c4ccf1a6-48c3-4a17-8d6c-eedd12e8680e,2021-05-15,1,-0,157.373,157.375,11.569,566.4,119,24.23,14,21
TeamA-c4ccf1a6-48c3-4a17-8d6c-eedd12e8680e,2021-05-18,1,-0,95.523,95.525,4.508,123,14.6,23.55,9,21
TeamA-c4ccf1a6-48c3-4a17-8d6c-eedd12e8680e,2021-05-21,1,2e-4,92.055,92.037,3.389,226.5,40.5,21.92,5,5
TeamA-c4ccf1a6-48c3-4a17-8d6c-eedd12e8680e,2021-05-22,1,1e-4,167.588,167.572,11.763,789.5,186.4,25.68,13,22
TeamA-c4ccf1a6-48c3-4a17-8d6c-eedd12e8680e,2021-05-24,1,2e-4,77.373,77.357,2.18,36.2,0,18.17,7,9
TeamA-c4ccf1a6-48c3-4a17-8d6c-eedd12e8680e,2021-05-25,1,-0,99.505,99.507,5.344,198.9,9.1,20.9,8,20
TeamA-c4ccf1a6-48c3-4a17-8d6c-eedd12e8680e,2021-05-26,1,-0,115.838,115.84,7.145,577.2,205.7,24.85,8,12
TeamA-c4ccf1a6-48c3-4a17-8d6c-eedd12e8680e,2021-05-28,1,-0,67.505,67.507,3.479,226.5,23.4,21.99,6,12
TeamA-c4ccf1a6-48c3-4a17-8d6c-eedd12e8680e,2021-05-29,1,1e-4,171.738,171.72,11.519,550.6,45.2,21.41,10,16
TeamA-c4ccf1a6-48c3-4a17-8d6c-eedd12e8680e,2021-05-31,1,-0,73.053,73.055,2.234,42.2,13.1,22.04,6,7
TeamA-c4ccf1a6-48c3-4a17-8d6c-eedd12e8680e,2021-06-01,1,-0,96.922,96.923,4.341,105.7,17.5,21.67,9,9
TeamA-c4ccf1a6-48c3-4a17-8d6c-eedd12e8680e,2021-06-02,1,2e-4,105.022,105.005,6.748,586.2,143.8,25.15,5,23
TeamA-c4ccf1a6-48c3-4a17-8d6c-eedd12e8680e,2021-06-04,1,3e-4,67.472,67.453,3.476,273.3,62.2,22.97,3,10
TeamA-c4ccf1a6-48c3-4a17-8d6c-eedd12e8680e,2021-06-05,1,-0,174.405,174.407,12.252,678.3,137.8,24.07,12,22
TeamA-c4ccf1a6-48c3-4a17-8d6c-eedd12e8680e,2021-06-07,1,2e-4,106.957,106.937,2.44,38.7,0,18.89,9,5
TeamA-c4ccf1a6-48c3-4a17-8d6c-eedd12e8680e,2021-06-08,1,2e-4,88.522,88.505,4.295,71.9,0.6,19.62,7,12
TeamA-c4ccf1a6-48c3-4a17-8d6c-eedd12e8680e,2021-06-09,1,-0,93.522,93.523,5.782,209.6,70.7,26.13,8,8
TeamA-c4ccf1a6-48c3-4a17-8d6c-eedd12e8680e,2021-06-10,1,1e-4,141.037,141.018,5.372,142,14.5,23.11,5,13
TeamA-c4ccf1a6-48c3-4a17-8d6c-eedd12e8680e,2021-06-14,1,1e-4,134.488,134.468,5.929,268.7,49.8,25.24,10,20
TeamA-c4ccf1a6-48c3-4a17-8d6c-eedd12e8680e,2021-06-15,1,-0,102.007,102.008,5.623,190,4,20.29,4,13
TeamA-c4ccf1a6-48c3-4a17-8d6c-eedd12e8680e,2021-06-16,1,-0,123.372,123.373,9.216,597,116.6,24.69,6,12
TeamA-c4ccf1a6-48c3-4a17-8d6c-eedd12e8680e,2021-06-18,1,3e-4,74.503,74.483,3.504,110.3,13,20.41,7,9
TeamA-c4ccf1a6-48c3-4a17-8d6c-eedd12e8680e,2021-06-19,1,-0,99.005,99.007,5.942,385.2,104.8,24.71,3,22
TeamA-c4ccf1a6-48c3-4a17-8d6c-eedd12e8680e,2021-06-21,1,3e-4,63.605,63.583,3.268,179.8,23.6,22.1,5,8
TeamA-c4ccf1a6-48c3-4a17-8d6c-eedd12e8680e,2021-06-24,1,-0,53.87,53.872,2.042,25.2,0,17.3,2,7
TeamA-c4ccf1a6-48c3-4a17-8d6c-eedd12e8680e,2021-06-25,1,-0,70.388,70.39,2.769,125.9,33.2,22.34,1,5
TeamA-c4ccf1a6-48c3-4a17-8d6c-eedd12e8680e,2021-06-28,1,3e-4,79.727,79.705,2.672,0,0,14.53,1,2
TeamA-c4ccf1a6-48c3-4a17-8d6c-eedd12e8680e,2021-06-29,1,-0,77.355,77.357,3.102,253.3,70.9,23.13,5,11
TeamA-c4ccf1a6-48c3-4a17-8d6c-eedd12e8680e,2021-06-30,1,1e-4,181.855,181.835,11.815,691.2,195.6,25.33,12,30
TeamA-c4ccf1a6-48c3-4a17-8d6c-eedd12e8680e,2021-07-02,1,3e-4,78.407,78.387,2.576,26.2,0,17.55,2,5
TeamA-c4ccf1a6-48c3-4a17-8d6c-eedd12e8680e,2021-07-03,1,-0,60.022,60.023,2.293,126.4,51.3,23.22,2,5
TeamA-c4ccf1a6-48c3-4a17-8d6c-eedd12e8680e,2021-07-04,1,1e-4,168.627,168.607,11.175,514.3,145.8,26.94,11,17
TeamA-c4ccf1a6-48c3-4a17-8d6c-eedd12e8680e,2021-07-07,1,-0,133.052,133.053,5.533,2246.1,1639.9,35.8,8,5
TeamA-c4ccf1a6-48c3-4a17-8d6c-eedd12e8680e,2021-07-08,1,2e-4,88.922,88.9,3.241,118.9,16.1,20.82,4,4
TeamA-c4ccf1a6-48c3-4a17-8d6c-eedd12e8680e,2021-07-09,1,-0,78.137,78.138,4.185,1148.1,874.4,35.87,10,3
TeamA-c4ccf1a6-48c3-4a17-8d6c-eedd12e8680e,2021-07-10,1,1e-4,189.47,189.45,11.73,630.9,172.2,28.52,7,15
TeamA-c4ccf1a6-48c3-4a17-8d6c-eedd12e8680e,2021-07-12,1,2e-4,113.538,113.518,1.9,0,0,15.2,0,0
TeamA-c4ccf1a6-48c3-4a17-8d6c-eedd12e8680e,2021-07-13,1,2e-4,100.837,100.818,4.133,80.7,7,21.46,9,13
TeamA-c4ccf1a6-48c3-4a17-8d6c-eedd12e8680e,2021-07-14,1,-0,92.303,92.305,5.632,424.1,124.9,26.01,4,4
TeamA-c4ccf1a6-48c3-4a17-8d6c-eedd12e8680e,2021-07-16,1,2e-4,82.022,82.003,2.902,240.5,53.7,22.83,5,7
TeamA-c4ccf1a6-48c3-4a17-8d6c-eedd12e8680e,2021-07-17,1,-0,164.768,164.77,11.54,427.4,41.7,23.93,18,21
TeamA-c4ccf1a6-48c3-4a17-8d6c-eedd12e8680e,2021-07-28,1,3e-4,76.867,76.845,4.3,87.1,7.6,21.72,2,15
TeamA-c4ccf1a6-48c3-4a17-8d6c-eedd12e8680e,2021-07-30,1,-0,177.505,177.507,11.934,604.8,112.4,25.96,15,28
TeamA-c4ccf1a6-48c3-4a17-8d6c-eedd12e8680e,2021-08-02,1,-0,143.388,143.39,5.529,138.6,4.5,20.19,6,12
TeamA-c4ccf1a6-48c3-4a17-8d6c-eedd12e8680e,2021-08-03,1,-0,104.473,104.475,5.219,225.3,63.7,24.86,4,19
TeamA-c4ccf1a6-48c3-4a17-8d6c-eedd12e8680e,2021-08-04,1,2e-4,103.538,103.518,6.08,358.2,127.2,24.34,6,7
TeamA-c4ccf1a6-48c3-4a17-8d6c-eedd12e8680e,2021-08-06,1,-0,87.987,87.988,2.528,183.2,30,22.63,3,8
TeamA-c4ccf1a6-48c3-4a17-8d6c-eedd12e8680e,2021-08-07,1,1e-4,164.453,164.433,11.981,631.3,231.9,24.78,9,14
TeamA-c4ccf1a6-48c3-4a17-8d6c-eedd12e8680e,2021-08-09,1,2e-4,81.488,81.468,2.391,45.2,0,18.33,5,5
TeamA-c4ccf1a6-48c3-4a17-8d6c-eedd12e8680e,2021-08-10,1,2e-4,84.888,84.868,4.025,92.4,16.9,21.41,2,18
TeamA-c4ccf1a6-48c3-4a17-8d6c-eedd12e8680e,2021-08-11,1,-0,130.02,130.022,9.358,430.6,142.3,26.62,7,12
TeamA-c4ccf1a6-48c3-4a17-8d6c-eedd12e8680e,2021-08-13,1,3e-4,64.04,64.02,2.658,153.5,38.6,22.95,7,7
TeamA-c4ccf1a6-48c3-4a17-8d6c-eedd12e8680e,2021-08-14,1,1e-4,189.455,189.435,12.123,822.7,189.3,23.84,9,14
TeamA-c4ccf1a6-48c3-4a17-8d6c-eedd12e8680e,2021-08-16,1,3e-4,78.038,78.018,2.635,7.3,0,16.54,2,9
TeamA-c4ccf1a6-48c3-4a17-8d6c-eedd12e8680e,2021-08-17,1,-0,65.47,65.472,2.277,17.3,0,17.86,5,9
TeamA-c4ccf1a6-48c3-4a17-8d6c-eedd12e8680e,2021-08-18,1,1e-4,161.942,161.922,11.912,628.2,162.1,27.07,13,18
TeamA-c4ccf1a6-48c3-4a17-8d6c-eedd12e8680e,2021-08-20,1,-0,69.472,69.473,3.831,90.7,7.6,21.3,2,6
TeamA-c4ccf1a6-48c3-4a17-8d6c-eedd12e8680e,2021-08-21,1,1e-4,188.338,188.318,13.374,888.9,224,26.19,9,27
TeamA-c4ccf1a6-48c3-4a17-8d6c-eedd12e8680e,2021-08-23,1,-0,83.92,83.922,2.965,0,0,14.45,1,4
TeamA-c4ccf1a6-48c3-4a17-8d6c-eedd12e8680e,2021-08-24,1,2e-4,87.488,87.467,4.174,239.5,53.7,23.1,3,7
TeamA-c4ccf1a6-48c3-4a17-8d6c-eedd12e8680e,2021-08-25,1,2e-4,110.038,110.017,8.219,357.7,77.1,24.24,3,10
TeamA-c4ccf1a6-48c3-4a17-8d6c-eedd12e8680e,2021-08-26,1,3e-4,85.49,85.468,3.177,37.8,0,18.36,6,8
TeamA-c4ccf1a6-48c3-4a17-8d6c-eedd12e8680e,2021-08-27,1,-0,81.125,81.127,3.144,160.9,46.3,23.53,3,1
TeamA-c4ccf1a6-48c3-4a17-8d6c-eedd12e8680e,2021-08-28,1,1e-4,178.74,178.72,11.835,803.8,216.7,26.2,6,31
TeamA-c4ccf1a6-48c3-4a17-8d6c-eedd12e8680e,2021-08-30,1,2e-4,107.02,107,2.62,32.2,1.7,19.84,4,6
TeamA-c4ccf1a6-48c3-4a17-8d6c-eedd12e8680e,2021-09-03,1,-0,82.738,82.74,3.656,261.6,66.2,23.98,4,10
TeamA-c4ccf1a6-48c3-4a17-8d6c-eedd12e8680e,2021-09-04,1,-0,177.038,177.04,10.796,494.3,116.5,26.5,10,17
TeamA-c4ccf1a6-48c3-4a17-8d6c-eedd12e8680e,2021-09-06,1,2e-4,112.903,112.882,2.025,0,0,13.6,0,5
TeamA-c4ccf1a6-48c3-4a17-8d6c-eedd12e8680e,2021-09-07,1,3e-4,85.112,85.09,3.957,90.3,13.2,23.46,3,7
TeamA-c4ccf1a6-48c3-4a17-8d6c-eedd12e8680e,2021-09-08,1,2e-4,101.19,101.168,6.717,383.8,95.9,23.89,6,12
TeamA-c4ccf1a6-48c3-4a17-8d6c-eedd12e8680e,2021-09-09,1,2e-4,111.005,110.983,5.386,93.2,20.7,21.11,8,13
TeamA-c4ccf1a6-48c3-4a17-8d6c-eedd12e8680e,2021-09-11,1,3e-4,78.21,78.188,3.297,223.3,47.9,24.94,0,6
TeamA-c4ccf1a6-48c3-4a17-8d6c-eedd12e8680e,2021-09-12,1,-0,172.018,172.02,11.852,618.3,179.2,24.69,11,17
TeamA-c4ccf1a6-48c3-4a17-8d6c-eedd12e8680e,2021-09-15,1,2e-4,127.038,127.017,6.52,145.8,21.8,21.36,9,32
TeamA-c4ccf1a6-48c3-4a17-8d6c-eedd12e8680e,2021-09-16,1,4e-4,60.97,60.948,3.553,99.5,6.5,20.84,7,16
TeamA-c4ccf1a6-48c3-4a17-8d6c-eedd12e8680e,2021-09-20,1,-0,110.27,110.272,5.282,197.2,33.4,21.96,11,14
TeamA-c4ccf1a6-48c3-4a17-8d6c-eedd12e8680e,2021-09-21,1,2e-4,131.372,131.35,5.78,147.1,33.4,22.09,4,19
TeamA-c4ccf1a6-48c3-4a17-8d6c-eedd12e8680e,2021-09-22,1,2e-4,110.423,110.4,5.868,147.1,9.1,20.69,6,18
TeamA-c4ccf1a6-48c3-4a17-8d6c-eedd12e8680e,2021-09-24,1,4e-4,60.437,60.415,3.149,139.9,8,20.95,8,11
TeamA-c4ccf1a6-48c3-4a17-8d6c-eedd12e8680e,2021-09-25,1,-0,195.472,195.473,11.853,728.9,250.9,25.14,2,11
TeamA-c4ccf1a6-48c3-4a17-8d6c-eedd12e8680e,2021-09-27,1,-0,76.057,76.058,3.029,53.5,0,18.34,2,5
TeamA-c4ccf1a6-48c3-4a17-8d6c-eedd12e8680e,2021-10-01,1,-0,58.872,58.873,2.496,197.3,51.2,24.13,2,8
TeamA-c4ccf1a6-48c3-4a17-8d6c-eedd12e8680e,2021-10-02,1,-0,90.758,90.76,5.972,299.8,67.8,26.28,6,12
TeamA-c4ccf1a6-48c3-4a17-8d6c-eedd12e8680e,2021-10-04,1,-0,89.135,89.137,2.13,44.7,11.1,21.44,1,6
TeamA-c4ccf1a6-48c3-4a17-8d6c-eedd12e8680e,2021-10-05,1,2e-4,115.822,115.8,5.489,157.4,19.4,22.43,8,11
TeamA-c4ccf1a6-48c3-4a17-8d6c-eedd12e8680e,2021-10-06,1,-0,119.922,119.923,6.867,505.5,133.9,25.51,11,16
TeamA-c4ccf1a6-48c3-4a17-8d6c-eedd12e8680e,2021-10-08,1,3e-4,94.222,94.197,4.124,310.1,87,26.02,5,8
TeamA-c4ccf1a6-48c3-4a17-8d6c-eedd12e8680e,2021-10-09,1,1e-4,166.603,166.582,11.718,644.7,133,25.99,6,19
TeamA-c4ccf1a6-48c3-4a17-8d6c-eedd12e8680e,2021-10-11,1,3e-4,73.825,73.803,2.534,25.9,1.1,19.08,3,4
TeamA-c4ccf1a6-48c3-4a17-8d6c-eedd12e8680e,2021-10-12,1,3e-4,84.522,84.5,3.904,248.4,54.4,23.53,3,13
TeamA-c4ccf1a6-48c3-4a17-8d6c-eedd12e8680e,2021-10-13,1,1e-4,167.23,167.208,11.392,770.3,144.7,26.69,5,17
TeamA-c4ccf1a6-48c3-4a17-8d6c-eedd12e8680e,2021-10-15,1,5e-4,53.883,53.858,2.884,70.6,0.6,18.98,0,6
TeamA-c4ccf1a6-48c3-4a17-8d6c-eedd12e8680e,2021-10-16,1,1e-4,158.022,158.005,11.588,523.4,108.6,26.06,12,14
TeamA-c4ccf1a6-48c3-4a17-8d6c-eedd12e8680e,2021-10-18,1,4e-4,61.503,61.48,2.467,37.6,0,19.74,3,10
TeamA-c4ccf1a6-48c3-4a17-8d6c-eedd12e8680e,2021-10-19,1,2e-4,92.922,92.903,4.797,96,18.7,22,10,29
TeamA-c4ccf1a6-48c3-4a17-8d6c-eedd12e8680e,2021-10-20,1,2e-4,108.843,108.818,7.078,327.6,63,23.23,3,24
TeamA-c4ccf1a6-48c3-4a17-8d6c-eedd12e8680e,2021-11-02,1,2e-4,103.083,103.065,4.062,27.9,0,19.54,3,11
TeamA-c4ccf1a6-48c3-4a17-8d6c-eedd12e8680e,2021-11-03,1,1e-4,124.622,124.603,6.617,101.5,24.7,22.44,3,15
TeamA-c4ccf1a6-48c3-4a17-8d6c-eedd12e8680e,2021-11-04,1,3e-4,95.222,95.197,6.592,519,175.5,24.35,5,13
TeamA-c4ccf1a6-48c3-4a17-8d6c-eedd12e8680e,2021-11-06,1,3e-4,55.24,55.223,2.618,249.7,61.4,23.1,5,2
TeamA-c4ccf1a6-48c3-4a17-8d6c-eedd12e8680e,2021-11-07,1,1e-4,171.915,171.89,12.251,545.2,85.6,22.83,7,15
TeamA-c4ccf1a6-48c3-4a17-8d6c-eedd12e8680e,2021-11-09,1,4e-4,56.84,56.815,2.206,4.1,0,16.33,1,4
TeamA-c4ccf1a6-48c3-4a17-8d6c-eedd12e8680e,2021-11-10,1,2e-4,103.07,103.052,6.549,333.6,123.6,24.11,5,9
TeamA-c4ccf1a6-48c3-4a17-8d6c-eedd12e8680e,2021-11-12,1,3e-4,72.457,72.432,3.695,248.3,57.7,23.75,5,6
TeamA-c4ccf1a6-48c3-4a17-8d6c-eedd12e8680e,2021-11-13,1,1e-4,180.69,180.665,12.309,776,165.4,25.28,7,20
TeamA-c4ccf1a6-48c3-4a17-8d6c-eedd12e8680e,2021-11-16,1,3e-4,84.988,84.963,4.875,122.9,21,22.08,3,9
TeamA-c91a44bb-976c-421f-b146-f57e1e5b0846,2021-08-03,1,-0,104.32,104.322,5.551,220,58.5,24.59,3,5
TeamA-c91a44bb-976c-421f-b146-f57e1e5b0846,2021-08-04,1,-0,129.588,129.59,5.45,618.4,280.3,25.46,2,2
TeamA-c91a44bb-976c-421f-b146-f57e1e5b0846,2021-08-06,1,-0,65.503,65.505,2.693,224.4,83.3,25.3,1,3
TeamA-c91a44bb-976c-421f-b146-f57e1e5b0846,2021-08-07,1,-0,153.957,153.958,10.8,1163.1,476.6,27.65,8,21
TeamA-c91a44bb-976c-421f-b146-f57e1e5b0846,2021-08-09,1,-0,76.407,76.408,2.352,63.3,1.7,19.37,1,1
TeamA-c91a44bb-976c-421f-b146-f57e1e5b0846,2021-08-10,1,-0,90.355,90.357,4.148,197.1,37.5,24.09,2,8
TeamA-c91a44bb-976c-421f-b146-f57e1e5b0846,2021-08-11,1,-0,164.89,164.892,5.961,479.2,166.9,26.32,3,6
TeamA-c91a44bb-976c-421f-b146-f57e1e5b0846,2021-08-13,1,-0,75.87,75.872,3.103,183.6,53.5,24.77,4,0
TeamA-c91a44bb-976c-421f-b146-f57e1e5b0846,2021-08-14,1,-0,171.497,171.498,13.752,1648.5,542.3,28.48,7,11
TeamA-c91a44bb-976c-421f-b146-f57e1e5b0846,2021-08-16,1,-0,60.988,60.99,2.118,27.7,0,18.7,4,4
TeamA-c91a44bb-976c-421f-b146-f57e1e5b0846,2021-08-17,1,-0,52.99,52.992,1.604,86.8,9.3,21.15,3,0
TeamA-c91a44bb-976c-421f-b146-f57e1e5b0846,2021-08-18,1,-0,97.683,97.685,7.722,814.6,249.7,25.59,5,7
TeamA-c91a44bb-976c-421f-b146-f57e1e5b0846,2021-08-21,1,-0,165.022,165.023,15.131,2153,774.1,28.19,11,19
TeamA-c91a44bb-976c-421f-b146-f57e1e5b0846,2021-08-23,1,-0,91.005,91.007,0.492,0,0,9.07,0,0
TeamA-c91a44bb-976c-421f-b146-f57e1e5b0846,2021-08-24,1,-0,71.488,71.49,2.385,168.7,42,22.85,0,1
TeamA-c91a44bb-976c-421f-b146-f57e1e5b0846,2021-08-25,1,-0,166.905,166.907,8.793,734.9,258.7,26.15,5,10
TeamA-c91a44bb-976c-421f-b146-f57e1e5b0846,2021-08-26,1,-0,70.922,70.923,3.102,68.7,6.4,20.86,2,9
TeamA-c91a44bb-976c-421f-b146-f57e1e5b0846,2021-08-27,1,-0,94.038,94.04,3.345,281.7,58.8,23.3,3,4
TeamA-c91a44bb-976c-421f-b146-f57e1e5b0846,2021-08-28,1,-0,170.872,170.873,11.026,1198.4,331.3,27.22,7,15
TeamA-c91a44bb-976c-421f-b146-f57e1e5b0846,2021-09-03,1,-0,85.54,85.542,4.084,350,75.1,23.04,1,1
TeamA-c91a44bb-976c-421f-b146-f57e1e5b0846,2021-09-04,1,-0,165.005,165.007,12.226,1216.9,490.3,27.05,12,14
TeamA-c91a44bb-976c-421f-b146-f57e1e5b0846,2021-09-06,1,-0,125.057,125.058,2.346,10.9,0,17.71,0,1
TeamA-c91a44bb-976c-421f-b146-f57e1e5b0846,2021-09-07,1,-0,108.183,108.185,6.189,265.4,55.1,25.74,6,5
TeamA-c91a44bb-976c-421f-b146-f57e1e5b0846,2021-09-08,1,-0,102.722,102.723,7.462,675.3,236.4,25.45,6,6
TeamA-c91a44bb-976c-421f-b146-f57e1e5b0846,2021-09-11,1,-0,65.888,65.89,3.064,302.1,84.7,24,5,7
TeamA-c91a44bb-976c-421f-b146-f57e1e5b0846,2021-09-12,1,-0,142.995,142.997,11.027,1406.2,545.1,28.66,3,13
TeamA-c91a44bb-976c-421f-b146-f57e1e5b0846,2021-09-25,1,-0,180.607,180.608,13.916,1399.8,467.1,27.13,8,11
TeamA-c91a44bb-976c-421f-b146-f57e1e5b0846,2021-09-27,1,-0,70.422,70.423,3.491,136.2,20.9,21.68,3,7
TeamA-c91a44bb-976c-421f-b146-f57e1e5b0846,2021-09-28,1,-0,123.022,123.023,7.404,311,64.6,23.84,5,15
TeamA-c91a44bb-976c-421f-b146-f57e1e5b0846,2021-09-29,1,-0,61.49,61.492,3.246,114.6,31.1,22.28,4,3
TeamA-c91a44bb-976c-421f-b146-f57e1e5b0846,2021-10-01,1,-0,76.872,76.873,2.92,210,31,23.09,8,3
TeamA-c91a44bb-976c-421f-b146-f57e1e5b0846,2021-10-02,1,-0,158.117,158.118,12.28,1135.7,373.7,28.16,10,10
TeamA-c91a44bb-976c-421f-b146-f57e1e5b0846,2021-10-04,1,-0,83.83,83.832,2.086,33.4,0,18.6,3,2
TeamA-c91a44bb-976c-421f-b146-f57e1e5b0846,2021-10-06,1,-0,118.295,118.297,6.913,1073.3,465.9,26.49,3,8
TeamA-c91a44bb-976c-421f-b146-f57e1e5b0846,2021-10-08,1,-0,85.157,85.158,4.141,409.3,146.4,26.3,5,10
TeamA-c91a44bb-976c-421f-b146-f57e1e5b0846,2021-10-09,1,1e-4,173.988,173.972,12.078,1452.4,530.8,29.25,8,11
TeamA-c91a44bb-976c-421f-b146-f57e1e5b0846,2021-10-11,1,-0,82.957,82.958,2.508,44.7,0,18.37,1,2
TeamA-c91a44bb-976c-421f-b146-f57e1e5b0846,2021-10-12,1,-0,86.053,86.055,4.62,409.2,142.2,25.55,6,5
TeamA-c91a44bb-976c-421f-b146-f57e1e5b0846,2021-10-13,1,-0,164.172,164.173,13.873,1787.8,750.1,29.32,2,10
TeamA-c91a44bb-976c-421f-b146-f57e1e5b0846,2021-10-15,1,-0,69.333,69.335,4.159,219.9,43.7,23.28,4,3
TeamA-c91a44bb-976c-421f-b146-f57e1e5b0846,2021-10-16,1,-0,134.503,134.505,11.506,1420.5,469.4,26.36,6,19
TeamA-c91a44bb-976c-421f-b146-f57e1e5b0846,2021-10-28,1,-0,44.372,44.373,3.167,204.4,18.1,22.57,3,3
TeamA-c91a44bb-976c-421f-b146-f57e1e5b0846,2021-10-29,1,-0,109.472,109.473,8.635,1029.2,352.3,27.15,6,13
TeamA-c91a44bb-976c-421f-b146-f57e1e5b0846,2021-11-02,1,-0,124.167,124.168,6.629,185,38.6,23.11,10,5
TeamA-c91a44bb-976c-421f-b146-f57e1e5b0846,2021-11-03,1,-0,117.503,117.505,6.898,212,57.4,24.74,4,4
TeamA-c91a44bb-976c-421f-b146-f57e1e5b0846,2021-11-04,1,-0,91.005,91.007,7.185,748,258.6,27.29,6,8
TeamA-c91a44bb-976c-421f-b146-f57e1e5b0846,2021-11-06,1,-0,58.92,58.922,3.211,286.2,84,26.98,2,2
TeamA-c91a44bb-976c-421f-b146-f57e1e5b0846,2021-11-07,1,-0,168.94,168.942,14.424,1816.7,746.6,27.76,6,19
TeamA-c91a44bb-976c-421f-b146-f57e1e5b0846,2021-11-09,1,-0,78.53,78.532,2.925,74.3,2.2,19.88,2,4
TeamA-c91a44bb-976c-421f-b146-f57e1e5b0846,2021-11-10,1,-0,114.707,114.708,7.107,600.8,190.4,24.51,2,5
TeamA-c91a44bb-976c-421f-b146-f57e1e5b0846,2021-11-12,1,-0,70.838,70.84,3.77,324.2,92,25.34,3,4
TeamA-c91a44bb-976c-421f-b146-f57e1e5b0846,2021-11-13,1,-0,132.055,132.057,10.877,1245.2,463.1,27.01,9,9
TeamA-c91a44bb-976c-421f-b146-f57e1e5b0846,2021-11-16,1,-0,77.258,77.26,4.493,141.6,25.4,22.29,11,4
TeamA-d7299614-fa73-4f69-b5e9-f913e3154ff6,2021-02-01,1,-0,90.472,90.473,4.575,144.6,49.1,21.93,6,5
TeamA-d7299614-fa73-4f69-b5e9-f913e3154ff6,2021-02-15,1,-0,95.188,95.19,4.568,213.1,27.3,21.91,6,11
TeamA-d7299614-fa73-4f69-b5e9-f913e3154ff6,2021-02-19,1,-0,74.805,74.807,2.792,272,99.5,25.86,1,3
TeamA-d7299614-fa73-4f69-b5e9-f913e3154ff6,2021-02-20,1,-0,141.575,141.577,8.663,1387.6,585.2,27.64,8,10
TeamA-d7299614-fa73-4f69-b5e9-f913e3154ff6,2021-02-22,1,-0,41.338,41.34,2.648,103.5,26.6,22.82,2,3
TeamA-d7299614-fa73-4f69-b5e9-f913e3154ff6,2021-03-01,1,-0,81.15,81.152,4.778,188.2,18.7,21.74,10,6
TeamA-d7299614-fa73-4f69-b5e9-f913e3154ff6,2021-03-15,1,-0,96.503,96.505,2.959,255.2,0.6,18.53,3,9
TeamA-d7299614-fa73-4f69-b5e9-f913e3154ff6,2021-03-22,1,-0,80.013,80.015,3.65,36,0.6,19.69,2,8
TeamA-d7299614-fa73-4f69-b5e9-f913e3154ff6,2021-03-24,1,-0,98.153,98.155,5.346,139.1,10.5,21.31,5,7
TeamA-d7299614-fa73-4f69-b5e9-f913e3154ff6,2021-03-26,1,-0,76.84,76.842,3.49,761,567.6,26.14,5,13
TeamA-d7299614-fa73-4f69-b5e9-f913e3154ff6,2021-04-05,1,-1e-4,29.388,29.39,2.047,132.2,13.6,21.19,2,5
TeamA-d7299614-fa73-4f69-b5e9-f913e3154ff6,2021-04-06,1,-0,94.022,94.023,5.6,231.4,13.5,22.55,7,12
TeamA-d7299614-fa73-4f69-b5e9-f913e3154ff6,2021-04-07,1,-0,103.537,103.538,5.921,506.7,143,26.52,6,16
TeamA-d7299614-fa73-4f69-b5e9-f913e3154ff6,2021-04-08,1,-0,100.37,100.372,4.168,375.9,166.2,25.99,3,5
TeamA-d7299614-fa73-4f69-b5e9-f913e3154ff6,2021-04-09,1,-0,105.007,105.008,3.659,164.4,83.6,22.9,2,7
TeamA-d7299614-fa73-4f69-b5e9-f913e3154ff6,2021-04-12,1,-0,100.473,100.475,5.336,488.4,147.4,26.9,21,26
TeamA-d7299614-fa73-4f69-b5e9-f913e3154ff6,2021-04-13,1,-0,147.972,147.973,5.199,238.8,51.6,25.96,10,10
TeamA-d7299614-fa73-4f69-b5e9-f913e3154ff6,2021-04-14,1,-0,66.032,66.033,3.78,850.1,626.3,28.68,15,9
TeamA-d7299614-fa73-4f69-b5e9-f913e3154ff6,2021-04-16,1,-0,82.04,82.042,2.454,70,13.3,24.81,3,7
TeamA-d7299614-fa73-4f69-b5e9-f913e3154ff6,2021-04-17,1,-0,65.388,65.39,5.59,861.2,448.7,28.04,10,16
TeamA-d7299614-fa73-4f69-b5e9-f913e3154ff6,2021-04-19,1,-0,90.555,90.557,3.765,162,31.2,22.07,3,12
TeamA-d7299614-fa73-4f69-b5e9-f913e3154ff6,2021-04-20,1,-0,161.687,161.688,9.346,2596.8,1919.8,35.87,13,22
TeamA-d7299614-fa73-4f69-b5e9-f913e3154ff6,2021-04-21,1,-0,96.04,96.042,5.335,418.9,127.5,27.9,3,17
TeamA-d7299614-fa73-4f69-b5e9-f913e3154ff6,2021-04-23,1,-0,69.473,69.475,5.99,729.1,315.6,28.97,3,9
TeamA-d7299614-fa73-4f69-b5e9-f913e3154ff6,2021-04-26,1,-0,147.148,147.15,7.699,2585.5,2011.1,35.86,8,21
TeamA-d7299614-fa73-4f69-b5e9-f913e3154ff6,2021-04-28,1,-0,146.578,146.58,6.224,457.9,153.5,24.85,4,14
TeamA-d7299614-fa73-4f69-b5e9-f913e3154ff6,2021-04-30,1,-0,94.988,94.99,4.319,541.2,285,25.73,4,9
TeamA-d7299614-fa73-4f69-b5e9-f913e3154ff6,2021-05-01,1,-0,99.473,99.475,9.347,1261.7,586.4,27.57,5,20
TeamA-d7299614-fa73-4f69-b5e9-f913e3154ff6,2021-05-03,1,-0,111.905,111.907,3.257,122.5,31.3,23.16,3,3
TeamA-d7299614-fa73-4f69-b5e9-f913e3154ff6,2021-05-04,1,-0,55.522,55.523,3.045,287.2,87.6,24.13,5,3
TeamA-d7299614-fa73-4f69-b5e9-f913e3154ff6,2021-05-05,1,-0,165.407,165.408,9.969,1287.4,615.2,28.25,11,28
TeamA-d7299614-fa73-4f69-b5e9-f913e3154ff6,2021-05-10,1,-0,71.853,71.855,3.895,311.4,82,23.41,4,12
TeamA-d7299614-fa73-4f69-b5e9-f913e3154ff6,2021-05-11,1,-0,98.938,98.94,4.695,92.2,23.7,23.5,3,5
TeamA-d7299614-fa73-4f69-b5e9-f913e3154ff6,2021-05-14,1,-0,164,164.002,6.011,2349.3,1878.1,35.9,14,12
TeamA-d7299614-fa73-4f69-b5e9-f913e3154ff6,2021-05-15,1,-0,171.222,171.223,10,1086.1,490.1,28.5,12,18
TeamA-d7299614-fa73-4f69-b5e9-f913e3154ff6,2021-05-17,1,-0,89.153,89.155,1.903,0.5,0,15.76,3,3
TeamA-d7299614-fa73-4f69-b5e9-f913e3154ff6,2021-05-18,1,-0,92.87,92.872,4.816,261.5,81.7,25.3,6,8
TeamA-d7299614-fa73-4f69-b5e9-f913e3154ff6,2021-05-19,1,-0,94.907,94.908,7.507,942.7,426,27.79,10,14
TeamA-d7299614-fa73-4f69-b5e9-f913e3154ff6,2021-05-21,1,-0,85.388,85.39,3.699,514.3,266.4,26.5,3,9
TeamA-d7299614-fa73-4f69-b5e9-f913e3154ff6,2021-05-22,1,-0,170.815,170.817,12.544,1698.3,656.2,28.35,7,22
TeamA-d7299614-fa73-4f69-b5e9-f913e3154ff6,2021-05-24,1,-0,99.422,99.423,2.17,8.8,0,17.48,3,4
TeamA-d7299614-fa73-4f69-b5e9-f913e3154ff6,2021-05-25,1,-0,112.403,112.405,5.697,254.6,22.6,23.65,6,18
TeamA-d7299614-fa73-4f69-b5e9-f913e3154ff6,2021-05-26,1,-0,72.072,72.073,4.928,530.6,205.8,28.12,2,5
TeamA-d7299614-fa73-4f69-b5e9-f913e3154ff6,2021-05-28,1,-0,69.022,69.023,3.775,427.3,138.8,28.91,3,4
TeamA-d7299614-fa73-4f69-b5e9-f913e3154ff6,2021-05-29,1,-0,166.038,166.04,10.729,1443.1,559.2,27.68,5,15
TeamA-d7299614-fa73-4f69-b5e9-f913e3154ff6,2021-05-31,1,-1e-4,32.522,32.523,1.713,17.8,0,17.24,4,3
TeamA-d7299614-fa73-4f69-b5e9-f913e3154ff6,2021-06-01,1,-0,102.723,102.725,4.816,292.3,76.4,24.43,8,7
TeamA-d7299614-fa73-4f69-b5e9-f913e3154ff6,2021-06-02,1,-0,110.903,110.905,6.807,689.1,240.8,27.04,6,13
TeamA-d7299614-fa73-4f69-b5e9-f913e3154ff6,2021-06-04,1,-0,74.522,74.523,3.107,283.7,78.5,25.5,9,7
TeamA-d7299614-fa73-4f69-b5e9-f913e3154ff6,2021-06-05,1,-0,173.138,173.14,12.883,1620.5,681.9,29.19,16,27
TeamA-d7299614-fa73-4f69-b5e9-f913e3154ff6,2021-06-08,1,-0,77.187,77.188,4.101,112.5,4.6,20.76,4,15
TeamA-d7299614-fa73-4f69-b5e9-f913e3154ff6,2021-06-09,1,-0,164.372,164.373,6.107,451.5,164.3,25.24,7,14
TeamA-d7299614-fa73-4f69-b5e9-f913e3154ff6,2021-06-10,1,-0,79.355,79.357,3.833,412.2,134.2,27.17,7,13
TeamA-d7299614-fa73-4f69-b5e9-f913e3154ff6,2021-06-14,1,-0,75.838,75.84,4.234,230.9,51.2,23.85,6,14
TeamA-d7299614-fa73-4f69-b5e9-f913e3154ff6,2021-06-15,1,-0,114.922,114.923,4.812,181.8,50.6,22.35,1,10
TeamA-d7299614-fa73-4f69-b5e9-f913e3154ff6,2021-06-16,1,-0,118.172,118.173,6.628,720.7,321.8,27.09,4,17
TeamA-d7299614-fa73-4f69-b5e9-f913e3154ff6,2021-06-18,1,-0,115.057,115.058,4.153,291.2,41.6,21.58,7,7
TeamA-d7299614-fa73-4f69-b5e9-f913e3154ff6,2021-06-19,1,-0,103.487,103.488,7.088,728.8,240.6,26.99,5,11
TeamA-d7299614-fa73-4f69-b5e9-f913e3154ff6,2021-06-22,1,-0,194.37,194.372,12.524,1717.7,665.7,28.34,11,34
TeamA-d7299614-fa73-4f69-b5e9-f913e3154ff6,2021-06-25,1,-0,76.837,76.838,2.621,238.3,53.3,24.43,2,5
TeamA-d7299614-fa73-4f69-b5e9-f913e3154ff6,2021-06-28,1,-0,55.505,55.507,2.252,0,0,13.06,1,3
TeamA-d7299614-fa73-4f69-b5e9-f913e3154ff6,2021-06-29,1,-0,84.987,84.988,2.99,341.2,130.7,25.32,6,6
TeamA-d7299614-fa73-4f69-b5e9-f913e3154ff6,2021-06-30,1,-0,140.855,140.857,9.82,1244.9,530.7,29.41,9,20
TeamA-d7299614-fa73-4f69-b5e9-f913e3154ff6,2021-07-02,1,-0,71.022,71.023,2.536,0,0,14.84,6,1
TeamA-d7299614-fa73-4f69-b5e9-f913e3154ff6,2021-07-03,1,-0,372.922,372.923,5.349,1237.2,968.6,35.65,6,5
TeamA-d7299614-fa73-4f69-b5e9-f913e3154ff6,2021-07-04,1,-0,130.422,130.423,10.724,1516.5,593.7,29.22,8,27
TeamA-e3e70682-c209-4cac-629f-6fbed82c07cd,2021-02-01,1,-0,85.345,85.347,5.333,214.8,9.6,20.09,7,12
TeamA-e3e70682-c209-4cac-629f-6fbed82c07cd,2021-02-20,1,-0,125.357,125.358,7.419,843.6,223.8,26.21,9,12
TeamA-e3e70682-c209-4cac-629f-6fbed82c07cd,2021-03-01,1,-0,72.487,72.488,4.243,141.7,3.9,19.85,8,17
TeamA-e443df78-9558-867f-5ba9-1faf7a024204,2021-11-16,1,3e-4,77.438,77.418,4.856,152.9,16.9,21.9,1,9
TeamA-e920ae60-5c4b-4597-be27-fc6876dcec33,2020-06-01,1,-0,115.473,115.475,7.028,654.4,142.4,25.43,1,9
TeamA-e920ae60-5c4b-4597-be27-fc6876dcec33,2020-06-02,1,-0,119.988,119.99,6.662,374.3,29.3,23.3,5,14
TeamA-e920ae60-5c4b-4597-be27-fc6876dcec33,2020-06-03,1,-0,106.573,106.575,5.84,756.8,346.9,26.39,7,8
TeamA-e920ae60-5c4b-4597-be27-fc6876dcec33,2021-04-16,1,-0,83.727,83.728,4.01,340,179.6,24.88,6,4
TeamA-e920ae60-5c4b-4597-be27-fc6876dcec33,2021-04-19,1,-0,110.677,110.678,3.077,172.1,50.8,25.42,8,5
TeamA-e920ae60-5c4b-4597-be27-fc6876dcec33,2021-04-20,1,-0,91.488,91.49,4.347,59.8,0,18.04,2,5
TeamA-e920ae60-5c4b-4597-be27-fc6876dcec33,2021-04-22,1,-0,87.605,87.607,4.414,179.5,59,22.45,4,5
TeamA-e920ae60-5c4b-4597-be27-fc6876dcec33,2021-04-23,1,-0,57.555,57.557,3.811,222.5,65.8,23.89,8,4
TeamA-e920ae60-5c4b-4597-be27-fc6876dcec33,2021-04-26,1,-0,113.857,113.858,3.85,5,0,16.65,5,5
TeamA-e920ae60-5c4b-4597-be27-fc6876dcec33,2021-04-27,1,-0,89.838,89.84,4.048,156.2,86.8,26.52,5,4
TeamA-e920ae60-5c4b-4597-be27-fc6876dcec33,2021-04-30,1,-0,88.42,88.422,3.576,207.3,35.9,21.55,6,3
TeamA-e920ae60-5c4b-4597-be27-fc6876dcec33,2021-05-03,1,-0,97.757,97.758,2.583,10.5,0,18.56,2,1
TeamA-e920ae60-5c4b-4597-be27-fc6876dcec33,2021-05-04,1,-0,61.147,61.148,3.051,352.7,210.6,27.73,8,10
TeamA-e920ae60-5c4b-4597-be27-fc6876dcec33,2021-05-10,1,-0,124.887,124.888,4.031,133.1,13.8,20.71,8,12
TeamA-e920ae60-5c4b-4597-be27-fc6876dcec33,2021-05-13,1,-0,91.523,91.525,5.046,495.6,121.9,23.34,7,7
TeamA-e920ae60-5c4b-4597-be27-fc6876dcec33,2021-05-14,1,-0,87.173,87.175,3.42,338,138.7,26.05,1,3
TeamA-e920ae60-5c4b-4597-be27-fc6876dcec33,2021-05-17,1,-0,105.205,105.207,3.187,120.5,16.6,21.15,2,0
TeamA-e920ae60-5c4b-4597-be27-fc6876dcec33,2021-05-18,1,-0,86.837,86.838,3.368,319.4,77.7,26,14,18
TeamA-e920ae60-5c4b-4597-be27-fc6876dcec33,2021-05-24,1,-0,134.723,134.725,4.228,232.8,35.7,22.77,4,5
TeamA-e920ae60-5c4b-4597-be27-fc6876dcec33,2021-05-25,1,-0,163.003,163.005,3.334,218.2,51.3,23.54,7,12
TeamA-e920ae60-5c4b-4597-be27-fc6876dcec33,2021-05-27,1,-0,73.133,73.135,3.229,179.2,23.9,21.6,0,4
TeamA-e920ae60-5c4b-4597-be27-fc6876dcec33,2021-05-28,1,-1e-4,22.605,22.607,1.013,59.1,0.6,19.72,2,1
TeamA-e920ae60-5c4b-4597-be27-fc6876dcec33,2021-05-31,1,-0,48.555,48.557,0.866,0,0,11.45,0,0
TeamA-e920ae60-5c4b-4597-be27-fc6876dcec33,2021-06-01,1,-0,120.907,120.908,1.159,0,0,11.9,0,0
TeamA-e920ae60-5c4b-4597-be27-fc6876dcec33,2021-06-07,1,-0,77.835,77.837,2.342,14.8,0,19.56,2,1
TeamA-e920ae60-5c4b-4597-be27-fc6876dcec33,2021-06-08,1,-0,78.523,78.525,3.193,26.5,2.3,19.69,2,3
TeamA-e920ae60-5c4b-4597-be27-fc6876dcec33,2021-06-10,1,-0,85.723,85.725,2.482,203.5,66.5,24.3,2,3
TeamA-e920ae60-5c4b-4597-be27-fc6876dcec33,2021-06-15,1,-0,70.073,70.075,3.946,282.3,164.9,28.09,6,11
TeamA-e920ae60-5c4b-4597-be27-fc6876dcec33,2021-06-19,1,-0,91.637,91.638,4.806,652,426.8,26.7,8,4
TeamA-e920ae60-5c4b-4597-be27-fc6876dcec33,2021-06-24,1,-0,77.333,77.335,3.562,108.4,0,18.94,5,7
TeamA-e920ae60-5c4b-4597-be27-fc6876dcec33,2021-06-25,1,-0,101.503,101.505,2.011,25.5,0,18.21,1,1
TeamA-e920ae60-5c4b-4597-be27-fc6876dcec33,2021-06-28,1,-0,54.538,54.54,2.231,18,0,18.17,1,0
TeamA-e920ae60-5c4b-4597-be27-fc6876dcec33,2021-06-29,1,-0,81.69,81.692,3.123,117.2,17.8,21.31,3,2
TeamA-e920ae60-5c4b-4597-be27-fc6876dcec33,2021-07-02,1,-0,81.905,81.907,3.195,111,21.3,21.23,2,2
TeamA-e920ae60-5c4b-4597-be27-fc6876dcec33,2021-07-03,1,-0,92.355,92.357,3.738,1021.3,868.6,35.71,1,0
TeamA-e920ae60-5c4b-4597-be27-fc6876dcec33,2021-07-07,1,-0,131.277,131.278,8.595,3958.5,3477.7,35.98,6,14
TeamA-e920ae60-5c4b-4597-be27-fc6876dcec33,2021-07-08,1,-0,124.555,124.557,6.629,3329.2,2779.3,35.91,3,4
TeamA-e920ae60-5c4b-4597-be27-fc6876dcec33,2021-07-09,1,-0,82.54,82.542,3.522,994.2,848.5,35.92,5,2
TeamA-e920ae60-5c4b-4597-be27-fc6876dcec33,2021-07-12,1,-0,114.16,114.162,3.225,53.9,0,19.39,4,7
TeamA-e920ae60-5c4b-4597-be27-fc6876dcec33,2021-07-13,1,-0,66.258,66.26,3.205,85,21.8,22.89,1,3
TeamA-e920ae60-5c4b-4597-be27-fc6876dcec33,2021-07-14,1,-0,95.055,95.057,5.016,637.2,254.6,25.68,2,7
TeamA-e920ae60-5c4b-4597-be27-fc6876dcec33,2021-07-16,1,-0,79.338,79.34,3.408,165,56.9,24.41,1,1
TeamA-e920ae60-5c4b-4597-be27-fc6876dcec33,2021-08-02,1,-0,139.555,139.557,6.392,356.3,79.7,22.42,10,9
TeamA-e920ae60-5c4b-4597-be27-fc6876dcec33,2021-08-03,1,-0,68.87,68.872,3.776,274.2,85.5,22.99,3,5
TeamA-e920ae60-5c4b-4597-be27-fc6876dcec33,2021-08-04,1,-0,145.538,145.54,5.957,459.1,123,24,4,2
TeamA-e920ae60-5c4b-4597-be27-fc6876dcec33,2021-08-06,1,-0,64.255,64.257,2.588,202.3,26.9,23.56,6,2
TeamA-e920ae60-5c4b-4597-be27-fc6876dcec33,2021-08-09,1,-0,86.345,86.347,2.046,38.6,3.5,18.67,0,1
TeamA-e920ae60-5c4b-4597-be27-fc6876dcec33,2021-08-10,1,-0,81.52,81.522,4.385,352.7,108.7,25.86,5,14
TeamA-e920ae60-5c4b-4597-be27-fc6876dcec33,2021-08-13,1,-0,66.37,66.372,1.993,26.6,0,18.44,0,0
TeamA-e920ae60-5c4b-4597-be27-fc6876dcec33,2021-08-16,1,-0,84.388,84.39,3.728,80.3,1.2,19.33,8,4
TeamA-e920ae60-5c4b-4597-be27-fc6876dcec33,2021-08-17,1,-0,71.192,71.193,3.554,318.9,88.4,23.54,4,10
TeamA-e920ae60-5c4b-4597-be27-fc6876dcec33,2021-08-20,1,-0,60.022,60.023,3.801,205.9,9.1,20.13,2,4
TeamA-e920ae60-5c4b-4597-be27-fc6876dcec33,2021-08-23,1,-0,74.632,74.633,2.026,0,0,11.05,0,1
TeamA-e920ae60-5c4b-4597-be27-fc6876dcec33,2021-08-24,1,-0,68.235,68.237,3.045,215.1,63.1,25.54,15,5
TeamA-e920ae60-5c4b-4597-be27-fc6876dcec33,2021-08-26,1,-0,86.973,86.975,4.112,273.5,63.8,22.71,3,11
TeamA-e920ae60-5c4b-4597-be27-fc6876dcec33,2021-08-27,1,-0,74.988,74.99,2.984,166.8,28.7,22.96,4,3
TeamA-e920ae60-5c4b-4597-be27-fc6876dcec33,2021-08-28,1,-0,198.157,198.158,4.486,289.7,152.1,24.16,3,0
TeamA-e920ae60-5c4b-4597-be27-fc6876dcec33,2021-08-30,1,-0,114.023,114.025,4.478,244.1,51,22.76,6,6
TeamA-e920ae60-5c4b-4597-be27-fc6876dcec33,2021-08-31,1,-0,95.957,95.958,5.802,258.4,25.4,24,4,12
TeamA-e920ae60-5c4b-4597-be27-fc6876dcec33,2021-09-01,1,2e-4,101.005,100.988,7.07,561.3,169,24.84,4,9
TeamA-e920ae60-5c4b-4597-be27-fc6876dcec33,2021-09-03,1,-0,93.013,93.015,3.727,341.9,81.7,23.93,0,6
TeamA-e920ae60-5c4b-4597-be27-fc6876dcec33,2021-09-04,1,-0,177.055,177.057,4.192,148.7,19.8,21.96,0,3
TeamA-e920ae60-5c4b-4597-be27-fc6876dcec33,2021-09-06,1,-0,125.538,125.54,4.692,123.1,32.2,22.29,4,10
TeamA-e920ae60-5c4b-4597-be27-fc6876dcec33,2021-09-07,1,-0,105.387,105.388,6.194,264.3,50.4,22.95,7,9
TeamA-e920ae60-5c4b-4597-be27-fc6876dcec33,2021-09-08,1,-0,105.888,105.89,6.881,591.9,113.1,23.77,0,10
TeamA-e920ae60-5c4b-4597-be27-fc6876dcec33,2021-09-09,1,-0,118.543,118.545,5.447,382.3,108.1,23.98,4,9
TeamA-e920ae60-5c4b-4597-be27-fc6876dcec33,2021-09-11,1,1e-4,164.372,164.355,8.34,764.1,339.2,27.41,4,5
TeamA-e920ae60-5c4b-4597-be27-fc6876dcec33,2021-09-12,1,1e-4,221.378,221.362,3.918,168.6,98.2,22.71,3,1
TeamA-e920ae60-5c4b-4597-be27-fc6876dcec33,2021-09-14,1,-0,132.855,132.857,5.612,64.5,0,18.58,3,7
TeamA-e920ae60-5c4b-4597-be27-fc6876dcec33,2021-09-15,1,-0,135.835,135.837,6.635,425.7,90,23.82,5,16
TeamA-e920ae60-5c4b-4597-be27-fc6876dcec33,2021-09-16,1,-0,47.692,47.693,1.87,19.3,2.9,21.47,3,1
TeamA-e920ae60-5c4b-4597-be27-fc6876dcec33,2021-09-20,1,-0,101.388,101.39,4.769,284.3,55.7,21.51,6,8
TeamA-e920ae60-5c4b-4597-be27-fc6876dcec33,2021-09-21,1,-0,113.388,113.39,6.633,615.2,165.1,24.1,8,16
TeamA-e920ae60-5c4b-4597-be27-fc6876dcec33,2021-09-22,1,1e-4,149.993,149.975,6.209,309.9,36.4,22.57,6,10
TeamA-e920ae60-5c4b-4597-be27-fc6876dcec33,2021-09-24,1,3e-4,59.92,59.902,3.478,343.3,80.3,23.51,7,4
TeamA-e920ae60-5c4b-4597-be27-fc6876dcec33,2021-09-26,1,-0,108.988,108.99,8.199,638,231.6,25.63,4,4
TeamA-e920ae60-5c4b-4597-be27-fc6876dcec33,2021-09-27,1,-0,76.127,76.128,3.358,89.8,7.6,21.75,3,4
TeamA-e920ae60-5c4b-4597-be27-fc6876dcec33,2021-09-28,1,-0,188.887,188.888,7.911,716.1,181.2,25.55,10,15
TeamA-e920ae60-5c4b-4597-be27-fc6876dcec33,2021-09-29,1,-0,104.505,104.507,6.605,709.1,237.3,24.43,7,9
TeamA-e920ae60-5c4b-4597-be27-fc6876dcec33,2021-10-01,1,-0,63.837,63.838,2.27,212.8,57.2,22.05,8,9
TeamA-e920ae60-5c4b-4597-be27-fc6876dcec33,2021-10-02,1,1e-4,153.328,153.31,2.031,41.5,23.4,24.73,3,2
TeamA-e920ae60-5c4b-4597-be27-fc6876dcec33,2021-10-04,1,2e-4,86.105,86.087,4.077,165.8,26.4,23.61,5,6
TeamA-e920ae60-5c4b-4597-be27-fc6876dcec33,2021-10-05,1,1e-4,123.538,123.522,6.843,442.6,72.7,23.58,8,19
TeamA-e920ae60-5c4b-4597-be27-fc6876dcec33,2021-10-06,1,-0,107.023,107.025,6.264,925,250.8,23.38,7,9
TeamA-e920ae60-5c4b-4597-be27-fc6876dcec33,2021-10-08,1,-0,92.595,92.597,2.092,49.6,3.4,20.29,3,1
TeamA-e920ae60-5c4b-4597-be27-fc6876dcec33,2021-10-11,1,-0,80.92,80.922,3.941,130.5,7.9,22.56,3,6
TeamA-e920ae60-5c4b-4597-be27-fc6876dcec33,2021-10-12,1,-0,92.61,92.612,4.301,319,89.6,23.67,2,3
TeamA-e920ae60-5c4b-4597-be27-fc6876dcec33,2021-10-18,1,-0,56.988,56.99,3.176,147.9,10.3,20.57,0,3
TeamA-e920ae60-5c4b-4597-be27-fc6876dcec33,2021-10-19,1,-0,109.538,109.54,5.74,164.9,6.4,20.4,9,11
TeamA-e920ae60-5c4b-4597-be27-fc6876dcec33,2021-10-20,1,2e-4,106.372,106.355,7.145,708.4,184.1,24.92,7,16
TeamA-e920ae60-5c4b-4597-be27-fc6876dcec33,2021-10-25,1,-0,116.197,116.198,4.779,91.1,4.1,20.74,7,8
TeamA-e920ae60-5c4b-4597-be27-fc6876dcec33,2021-10-26,1,1e-4,121.822,121.805,7.057,340.9,85.5,23.57,12,17
TeamA-e920ae60-5c4b-4597-be27-fc6876dcec33,2021-10-27,1,-0,101.357,101.358,5.75,353.3,67.7,22.69,5,13
TeamA-e920ae60-5c4b-4597-be27-fc6876dcec33,2021-10-28,1,-0,105.537,105.538,5.903,328.4,36.7,21.91,4,9
TeamA-e920ae60-5c4b-4597-be27-fc6876dcec33,2021-10-29,1,-0,121.203,121.205,9.45,1033.8,295.2,27.3,5,10
TeamA-e920ae60-5c4b-4597-be27-fc6876dcec33,2021-11-08,1,-0,80.828,80.83,2.525,21.9,0,17.25,1,0
TeamA-e920ae60-5c4b-4597-be27-fc6876dcec33,2021-11-09,1,-0,228.553,228.555,4.844,312.4,55.2,22.81,10,6
TeamA-e920ae60-5c4b-4597-be27-fc6876dcec33,2021-11-10,1,-0,101.697,101.698,5.379,358.8,141.4,23.87,3,4
TeamA-e920ae60-5c4b-4597-be27-fc6876dcec33,2021-11-12,1,-0,71.872,71.873,3.516,365.1,87.6,24.22,4,6
TeamA-e920ae60-5c4b-4597-be27-fc6876dcec33,2021-11-13,1,1e-4,187.072,187.053,2.907,1.4,0,15.3,1,2
TeamA-eb1167b3-67a9-c378-7c65-c1e582e2e662,2021-04-14,1,-0,216.958,216.96,0.898,0,0,6.97,0,0
TeamA-eb1167b3-67a9-c378-7c65-c1e582e2e662,2021-06-14,1,-0,67.907,67.908,3.945,48.2,0,17.88,3,10
TeamA-eb1167b3-67a9-c378-7c65-c1e582e2e662,2021-06-15,1,-0,59.505,59.507,4.134,444.6,296.3,25.47,6,8
TeamA-eb1167b3-67a9-c378-7c65-c1e582e2e662,2021-06-16,1,-0,78.153,78.155,4.2,508,295.7,22.95,3,6
TeamA-eb1167b3-67a9-c378-7c65-c1e582e2e662,2021-06-17,1,-0,77.488,77.49,3.629,20.6,0,18.92,4,6
TeamA-eb1167b3-67a9-c378-7c65-c1e582e2e662,2021-06-18,1,-0,77.922,77.923,4.724,253.6,163.8,25.96,3,10
TeamA-eb1167b3-67a9-c378-7c65-c1e582e2e662,2021-06-21,1,-0,71.588,71.59,4.132,262.4,38.1,24.49,1,6
TeamA-eb1167b3-67a9-c378-7c65-c1e582e2e662,2021-06-22,1,-0,198.69,198.692,7.396,365.7,138.2,24.1,3,8
TeamA-eb1167b3-67a9-c378-7c65-c1e582e2e662,2021-06-23,1,-0,81.92,81.922,5.162,41.1,10.4,28.69,4,6
TeamA-eb1167b3-67a9-c378-7c65-c1e582e2e662,2021-06-25,1,-0,67.97,67.972,3.075,95.4,20.3,22.35,2,3
TeamA-eb1167b3-67a9-c378-7c65-c1e582e2e662,2021-06-28,1,-0,100.503,100.505,5.418,150.1,25.4,23.02,6,5
TeamA-eb1167b3-67a9-c378-7c65-c1e582e2e662,2021-06-29,1,-0,82.105,82.107,3.306,163.7,35.7,22.07,2,7
TeamA-eb1167b3-67a9-c378-7c65-c1e582e2e662,2021-06-30,1,-0,173.038,173.04,15.023,1928.2,467.7,27.14,10,28
TeamA-eb1167b3-67a9-c378-7c65-c1e582e2e662,2021-07-02,1,-0,77.853,77.855,3.09,24.5,0.6,19.86,4,6
TeamA-eb1167b3-67a9-c378-7c65-c1e582e2e662,2021-07-03,1,-0,56.573,56.575,2.782,123.5,31.5,23.28,1,3
TeamA-eb1167b3-67a9-c378-7c65-c1e582e2e662,2021-07-04,1,-0,170.662,170.663,5.702,367.3,42.4,22.35,2,10
TeamA-eb1167b3-67a9-c378-7c65-c1e582e2e662,2021-07-05,1,-0,67.74,67.742,4.207,88.9,4.5,20.25,0,8
TeamA-eb1167b3-67a9-c378-7c65-c1e582e2e662,2021-07-07,1,-0,91.022,91.023,5.213,245.6,11.4,20.37,1,8
TeamA-eb1167b3-67a9-c378-7c65-c1e582e2e662,2021-07-08,1,-0,85.153,85.155,4.391,167.4,34.2,22.46,3,4
TeamA-eb1167b3-67a9-c378-7c65-c1e582e2e662,2021-07-09,1,-0,63.873,63.875,3.967,130.2,5.8,21.04,1,3
TeamA-eb1167b3-67a9-c378-7c65-c1e582e2e662,2021-07-10,1,-0,166.503,166.505,8.707,931.1,284.6,25.34,2,6
TeamA-eb1167b3-67a9-c378-7c65-c1e582e2e662,2021-07-12,1,-0,100.388,100.39,4.749,168.4,30.7,21.48,5,8
TeamA-eb1167b3-67a9-c378-7c65-c1e582e2e662,2021-07-13,1,-0,105.555,105.557,6.198,137.8,32.2,25.24,4,11
TeamA-eb1167b3-67a9-c378-7c65-c1e582e2e662,2021-07-14,1,-0,95.038,95.04,6.257,684.8,164.7,25.58,6,13
TeamA-eb1167b3-67a9-c378-7c65-c1e582e2e662,2021-07-16,1,-0,81.173,81.175,3.542,128.3,14.9,21.03,0,2
TeamA-eb1167b3-67a9-c378-7c65-c1e582e2e662,2021-07-17,1,-0,143.76,143.762,13.879,1482.7,189.6,23.99,6,24
TeamA-eb1167b3-67a9-c378-7c65-c1e582e2e662,2021-07-29,1,-0,92.855,92.857,5.226,303,51.3,23.71,5,3
TeamA-eb1167b3-67a9-c378-7c65-c1e582e2e662,2021-07-30,1,-0,165.155,165.157,10.56,1005.9,200.8,23.77,1,11
TeamA-eb1167b3-67a9-c378-7c65-c1e582e2e662,2021-08-02,1,-0,148.555,148.557,7.393,358.5,15.5,21.2,2,15
TeamA-eb1167b3-67a9-c378-7c65-c1e582e2e662,2021-08-03,1,-0,103.47,103.472,6.816,278.2,35.1,21.82,2,16
TeamA-eb1167b3-67a9-c378-7c65-c1e582e2e662,2021-08-04,1,-0,127.39,127.392,8.344,944,230.8,24.51,5,9
TeamA-eb1167b3-67a9-c378-7c65-c1e582e2e662,2021-08-06,1,-0,67.822,67.823,3.047,81.4,6.8,19.9,0,0
TeamA-eb1167b3-67a9-c378-7c65-c1e582e2e662,2021-08-07,1,-0,158.228,158.23,6.963,496.4,119.6,25.2,3,3
TeamA-eb1167b3-67a9-c378-7c65-c1e582e2e662,2021-08-09,1,-0,97.523,97.525,3.921,49.3,0.6,18.97,6,5
TeamA-eb1167b3-67a9-c378-7c65-c1e582e2e662,2021-08-10,1,-0,86.355,86.357,4.967,236.2,49.7,23.87,0,16
TeamA-eb1167b3-67a9-c378-7c65-c1e582e2e662,2021-08-11,1,-0,163.338,163.34,13.808,903.1,96.3,23.6,9,16
TeamA-eb1167b3-67a9-c378-7c65-c1e582e2e662,2021-08-13,1,-0,80.855,80.857,3.75,94.6,3.9,19.99,3,6
TeamA-eb1167b3-67a9-c378-7c65-c1e582e2e662,2021-08-14,1,-0,173.262,173.263,6.579,567.8,177.7,25.66,1,3
TeamA-eb1167b3-67a9-c378-7c65-c1e582e2e662,2021-08-16,1,-0,94.627,94.628,4.782,90.4,3.4,20.56,3,5
TeamA-eb1167b3-67a9-c378-7c65-c1e582e2e662,2021-08-17,1,-0,76.555,76.557,3.676,103.4,11.5,21.18,1,3
TeamA-eb1167b3-67a9-c378-7c65-c1e582e2e662,2021-08-18,1,-0,219.855,219.857,8.03,217.4,13.9,21.3,3,5
TeamA-eb1167b3-67a9-c378-7c65-c1e582e2e662,2021-08-20,1,-0,67.872,67.873,5.315,149.1,6.8,20.53,3,11
TeamA-eb1167b3-67a9-c378-7c65-c1e582e2e662,2021-08-21,1,-0,208.538,208.54,6.755,363.3,88.3,22.6,0,5
TeamA-eb1167b3-67a9-c378-7c65-c1e582e2e662,2021-08-22,1,-0,105.888,105.89,8.917,886.1,259.7,25.4,5,6
TeamA-eb1167b3-67a9-c378-7c65-c1e582e2e662,2021-08-23,1,-0,80.338,80.34,2.539,0,0,15.14,1,2
TeamA-eb1167b3-67a9-c378-7c65-c1e582e2e662,2021-08-24,1,-0,68.905,68.907,4.302,328.4,86.6,25.29,0,1
TeamA-eb1167b3-67a9-c378-7c65-c1e582e2e662,2021-08-25,1,-0,163.872,163.873,10.02,858.8,279.9,25.77,0,10
TeamA-eb1167b3-67a9-c378-7c65-c1e582e2e662,2021-08-26,1,-0,87.057,87.058,3.091,83.6,4,20.23,4,6
TeamA-eb1167b3-67a9-c378-7c65-c1e582e2e662,2021-08-27,1,-0,81.522,81.523,3.867,151.2,32,21.96,1,3
TeamA-eb1167b3-67a9-c378-7c65-c1e582e2e662,2021-08-28,1,-0,178.09,178.092,7.318,621.2,313.8,26.36,7,7
TeamA-eb1167b3-67a9-c378-7c65-c1e582e2e662,2021-08-30,1,-0,113.87,113.872,5.013,211,51.4,22.24,5,9
TeamA-eb1167b3-67a9-c378-7c65-c1e582e2e662,2021-08-31,1,-0,101.373,101.375,6.112,255.1,23.1,22.83,3,15
TeamA-eb1167b3-67a9-c378-7c65-c1e582e2e662,2021-09-01,1,2e-4,106.473,106.457,7.395,700.1,179.5,23.6,5,10
TeamA-eb1167b3-67a9-c378-7c65-c1e582e2e662,2021-09-03,1,-0,84.483,84.485,3.532,141.3,18.9,21.07,2,3
TeamA-eb1167b3-67a9-c378-7c65-c1e582e2e662,2021-09-04,1,-0,201.022,201.023,9.144,2817,1596.1,23.01,7,1
TeamA-eb1167b3-67a9-c378-7c65-c1e582e2e662,2021-09-06,1,-0,118.055,118.057,4.87,123.3,9.5,21.95,5,7
TeamA-eb1167b3-67a9-c378-7c65-c1e582e2e662,2021-09-07,1,-0,105.925,105.927,6.176,320.3,12.5,20.81,14,17
TeamA-eb1167b3-67a9-c378-7c65-c1e582e2e662,2021-09-08,1,-0,119.573,119.575,8.362,651,107.4,23.52,4,13
TeamA-eb1167b3-67a9-c378-7c65-c1e582e2e662,2021-09-09,1,-0,91.838,91.84,5.342,184.4,49,21.89,2,3
TeamA-eb1167b3-67a9-c378-7c65-c1e582e2e662,2021-09-10,1,-0,71.488,71.49,4.122,19.4,0,17.07,3,6
TeamA-eb1167b3-67a9-c378-7c65-c1e582e2e662,2021-09-11,1,3e-4,71.855,71.83,3.841,130.6,15.7,21.97,6,6
TeamA-eb1167b3-67a9-c378-7c65-c1e582e2e662,2021-09-12,1,-0,208.04,208.042,8.491,1864,831.3,26.99,9,4
TeamA-eb1167b3-67a9-c378-7c65-c1e582e2e662,2021-09-13,1,-0,91.838,91.84,4.961,20.7,0,16.99,5,5
TeamA-eb1167b3-67a9-c378-7c65-c1e582e2e662,2021-09-14,1,-0,130.888,130.89,6.251,43.1,5.7,20.35,4,5
TeamA-eb1167b3-67a9-c378-7c65-c1e582e2e662,2021-09-15,1,-0,121.423,121.425,7.291,244.6,12.5,20.58,5,17
TeamA-eb1167b3-67a9-c378-7c65-c1e582e2e662,2021-09-16,1,-0,101.47,101.472,7.213,383.1,27.4,21.28,7,11
TeamA-eb1167b3-67a9-c378-7c65-c1e582e2e662,2021-09-17,1,-0,35.727,35.728,1.964,317.5,146.5,27.14,6,19
TeamA-eb1167b3-67a9-c378-7c65-c1e582e2e662,2021-09-20,1,-0,90.087,90.088,4.632,304.4,108.1,25.96,4,7
TeamA-eb1167b3-67a9-c378-7c65-c1e582e2e662,2021-09-21,1,-0,123.055,123.057,7.142,386.3,50.6,22.47,1,9
TeamA-eb1167b3-67a9-c378-7c65-c1e582e2e662,2021-09-22,1,-0,112.972,112.973,7.57,419.5,94.9,23.79,6,17
TeamA-eb1167b3-67a9-c378-7c65-c1e582e2e662,2021-09-23,1,-0,72.407,72.408,3.773,10.4,0,17.75,5,5
TeamA-eb1167b3-67a9-c378-7c65-c1e582e2e662,2021-09-24,1,-0,65.572,65.573,4.417,272.9,39.7,22.58,1,5
TeamA-eb1167b3-67a9-c378-7c65-c1e582e2e662,2021-09-25,1,-0,188.02,188.022,8.083,1612.6,708.8,26.63,9,5
TeamA-eb1167b3-67a9-c378-7c65-c1e582e2e662,2021-09-27,1,-0,84.64,84.642,4.463,164.8,25.6,22.37,3,14
TeamA-eb1167b3-67a9-c378-7c65-c1e582e2e662,2021-09-28,1,2e-4,116.44,116.422,7.51,305.5,43.8,24.3,2,19
TeamA-eb1167b3-67a9-c378-7c65-c1e582e2e662,2021-09-29,1,2e-4,113.423,113.405,7.65,492.9,115.8,23.74,1,15
TeamA-eb1167b3-67a9-c378-7c65-c1e582e2e662,2021-10-01,1,-0,68.872,68.873,3.84,249.9,59.8,22.63,2,6
TeamA-eb1167b3-67a9-c378-7c65-c1e582e2e662,2021-10-02,1,-0,159.22,159.222,4.048,294,153,24.48,2,6
TeamA-eb1167b3-67a9-c378-7c65-c1e582e2e662,2021-10-04,1,-0,85.072,85.073,4.535,259.1,63.5,22.41,3,14
TeamA-eb1167b3-67a9-c378-7c65-c1e582e2e662,2021-10-05,1,-0,114.588,114.59,6.854,276.1,33.2,22.37,2,20
TeamA-eb1167b3-67a9-c378-7c65-c1e582e2e662,2021-10-06,1,-0,112.47,112.472,8.264,1190.7,298.4,24.34,2,12
TeamA-eb1167b3-67a9-c378-7c65-c1e582e2e662,2021-10-08,1,-0,81.382,81.383,4.31,371.5,76.4,23.85,5,5
TeamA-eb1167b3-67a9-c378-7c65-c1e582e2e662,2021-10-09,1,1e-4,184.997,184.98,8.384,1233,632.3,25.87,5,6
TeamA-eb1167b3-67a9-c378-7c65-c1e582e2e662,2021-10-11,1,2e-4,85.838,85.822,4.456,102.9,9.1,20.53,7,6
TeamA-eb1167b3-67a9-c378-7c65-c1e582e2e662,2021-10-12,1,2e-4,85.855,85.838,4.473,246.6,73.7,23.28,3,5
TeamA-eb1167b3-67a9-c378-7c65-c1e582e2e662,2021-10-13,1,-0,221.58,221.582,8.967,1396.1,579.8,27.12,3,3
TeamA-eb1167b3-67a9-c378-7c65-c1e582e2e662,2021-10-15,1,-0,54.855,54.857,3.661,100.1,18.5,21.26,2,2
TeamA-eb1167b3-67a9-c378-7c65-c1e582e2e662,2021-10-16,1,-0,200.812,200.813,10.504,2306,777.7,26.82,12,28
TeamA-eb1167b3-67a9-c378-7c65-c1e582e2e662,2021-10-18,1,-0,88.522,88.523,4.906,104.2,9.8,21.09,3,9
TeamA-eb1167b3-67a9-c378-7c65-c1e582e2e662,2021-10-19,1,-0,98.418,98.42,6.414,110.2,17.9,21.55,6,14
TeamA-eb1167b3-67a9-c378-7c65-c1e582e2e662,2021-10-20,1,-0,109.17,109.172,8.447,766.5,112.5,23.64,7,13
TeamA-eb1167b3-67a9-c378-7c65-c1e582e2e662,2021-10-25,1,-0,103.087,103.088,5.304,148.9,5.7,20.28,5,18
TeamA-eb1167b3-67a9-c378-7c65-c1e582e2e662,2021-10-26,1,-0,122.338,122.34,7.775,242.7,29.2,21.65,9,24
TeamA-eb1167b3-67a9-c378-7c65-c1e582e2e662,2021-10-27,1,-0,107.302,107.303,6.613,400,38.9,22.82,2,10
TeamA-eb1167b3-67a9-c378-7c65-c1e582e2e662,2021-10-28,1,2e-4,113.572,113.553,7.264,149.2,4.6,21.2,0,19
TeamA-eb1167b3-67a9-c378-7c65-c1e582e2e662,2021-10-29,1,-0,123.687,123.688,10.025,1024.2,268.7,24.62,8,15
TeamA-eb1167b3-67a9-c378-7c65-c1e582e2e662,2021-11-02,1,-0,109.938,109.94,5.965,111.9,21.5,23.47,1,10
TeamA-eb1167b3-67a9-c378-7c65-c1e582e2e662,2021-11-03,1,-0,118.603,118.605,7.788,253.3,17.3,21.47,3,15
TeamA-eb1167b3-67a9-c378-7c65-c1e582e2e662,2021-11-04,1,-0,113.488,113.49,8.859,941.5,262.9,24.97,4,8
TeamA-eb1167b3-67a9-c378-7c65-c1e582e2e662,2021-11-06,1,-0,56.633,56.635,3.201,276.2,75.9,24.9,5,1
TeamA-eb1167b3-67a9-c378-7c65-c1e582e2e662,2021-11-07,1,-0,178.653,178.655,8.097,1156.7,408,25.96,4,11
TeamA-eb1167b3-67a9-c378-7c65-c1e582e2e662,2021-11-08,1,-0,62.067,62.068,5.001,128.3,9.8,21.28,1,10
TeamA-eb1167b3-67a9-c378-7c65-c1e582e2e662,2021-11-09,1,-0,97.102,97.103,4.925,252.7,23.6,21.2,1,9
TeamA-eb1167b3-67a9-c378-7c65-c1e582e2e662,2021-11-10,1,2e-4,107.722,107.705,7.309,583.7,162.5,23.43,3,11
TeamA-eb1167b3-67a9-c378-7c65-c1e582e2e662,2021-11-12,1,2e-4,68.655,68.638,4.033,334.7,91.3,24.34,5,6
TeamA-eb1167b3-67a9-c378-7c65-c1e582e2e662,2021-11-13,1,-0,191.888,191.89,4.246,4.6,0,16.5,0,0
TeamA-ecdbd8ec-61a7-4131-97ec-3af76f621f65,2020-06-01,1,-0,116.423,116.425,8.191,651.5,69.5,23.63,2,18
TeamA-ecdbd8ec-61a7-4131-97ec-3af76f621f65,2020-06-02,1,-0,136.872,136.873,8.673,322.6,13.7,21.03,4,30
TeamA-ecdbd8ec-61a7-4131-97ec-3af76f621f65,2020-06-03,1,-0,137.905,137.907,10.55,1342.6,389.1,26.09,5,19
TeamA-ecdbd8ec-61a7-4131-97ec-3af76f621f65,2020-06-04,1,-0,107.92,107.922,5.568,254.2,35.2,21.57,2,22
TeamA-ecdbd8ec-61a7-4131-97ec-3af76f621f65,2020-06-05,1,-0,113.003,113.005,6.492,566,195,25.89,6,23
TeamA-ecdbd8ec-61a7-4131-97ec-3af76f621f65,2020-06-06,1,-0,148.72,148.722,10.858,976.1,218.4,26.44,7,27
TeamA-ecdbd8ec-61a7-4131-97ec-3af76f621f65,2020-06-08,1,-0,120.873,120.875,8.842,235.6,13.8,20.58,3,14
TeamA-ecdbd8ec-61a7-4131-97ec-3af76f621f65,2020-06-09,1,-0,124.472,124.473,8.126,429.8,58.1,23.41,4,16
TeamA-ecdbd8ec-61a7-4131-97ec-3af76f621f65,2020-06-10,1,-0,134.055,134.057,11.004,1309.3,239.6,24.22,5,14
TeamA-ecdbd8ec-61a7-4131-97ec-3af76f621f65,2020-06-11,1,-0,82.372,82.373,4.234,445.7,195.7,26.34,1,9
TeamA-ecdbd8ec-61a7-4131-97ec-3af76f621f65,2020-06-12,1,-0,121.922,121.923,6.595,558.9,195.2,25.14,5,9
TeamA-ecdbd8ec-61a7-4131-97ec-3af76f621f65,2020-06-13,1,-0,146.055,146.057,10.879,1449.5,439.1,27.31,4,23
TeamA-ecdbd8ec-61a7-4131-97ec-3af76f621f65,2020-06-15,1,-0,146.023,146.025,7.704,373.3,68.5,24.12,4,13
TeamA-ecdbd8ec-61a7-4131-97ec-3af76f621f65,2020-06-16,1,-0,136.355,136.357,9.573,637.3,80.1,23.53,4,10
TeamA-ecdbd8ec-61a7-4131-97ec-3af76f621f65,2020-06-17,1,-0,143.787,143.788,9.255,1391.2,398.9,26.1,5,10
TeamA-ecdbd8ec-61a7-4131-97ec-3af76f621f65,2020-06-19,1,-0,84.838,84.84,3.577,275.1,104.7,23.69,6,6
TeamA-ecdbd8ec-61a7-4131-97ec-3af76f621f65,2020-06-20,1,-0,167.85,167.852,15.116,1881.3,480,27.36,5,27
TeamA-ecdbd8ec-61a7-4131-97ec-3af76f621f65,2020-06-22,1,-0,102.023,102.025,5.675,156.1,22.1,21.56,9,15
TeamA-ecdbd8ec-61a7-4131-97ec-3af76f621f65,2020-06-23,1,-0,135.473,135.475,8.625,565.7,153.7,25.8,3,22
TeamA-ecdbd8ec-61a7-4131-97ec-3af76f621f65,2020-06-24,1,-0,137.738,137.74,9.356,1078.6,415.5,27.24,4,22
TeamA-ecdbd8ec-61a7-4131-97ec-3af76f621f65,2020-06-26,1,-0,84.09,84.092,4.561,417.1,113.1,26.04,3,6
TeamA-ecdbd8ec-61a7-4131-97ec-3af76f621f65,2020-06-27,1,-0,155.055,155.057,14.004,1532.1,444.8,26.23,10,15
TeamA-ecdbd8ec-61a7-4131-97ec-3af76f621f65,2020-06-29,1,-0,108.387,108.388,6.611,312.5,100.4,25.39,7,19
TeamA-ecdbd8ec-61a7-4131-97ec-3af76f621f65,2020-06-30,1,-0,127.473,127.475,9.566,1459.2,361.5,25.28,4,13
TeamA-ecdbd8ec-61a7-4131-97ec-3af76f621f65,2020-07-02,1,-0,87.987,87.988,3.734,487.7,245.6,25.64,8,9
TeamA-ecdbd8ec-61a7-4131-97ec-3af76f621f65,2020-07-03,1,-0,174.172,174.173,15.066,2200.9,626.1,25.54,5,18
TeamA-ecdbd8ec-61a7-4131-97ec-3af76f621f65,2020-07-06,1,-0,82.37,82.372,6.681,186.4,12.5,20.33,3,7
TeamA-ecdbd8ec-61a7-4131-97ec-3af76f621f65,2020-07-07,1,-0,120.472,120.473,8.338,599.2,49.5,23,2,21
TeamA-ecdbd8ec-61a7-4131-97ec-3af76f621f65,2020-07-08,1,-0,131.092,131.093,8.97,1090.6,351.4,25.8,6,14
TeamA-ecdbd8ec-61a7-4131-97ec-3af76f621f65,2020-07-10,1,-0,82.212,82.213,2.741,295.4,101.3,25.63,6,12
TeamA-ecdbd8ec-61a7-4131-97ec-3af76f621f65,2020-07-11,1,-0,158.387,158.388,13.482,1689.3,463.5,26.63,7,21
TeamA-ecdbd8ec-61a7-4131-97ec-3af76f621f65,2020-07-13,1,-0,84.55,84.552,5.099,131.5,9.8,21.56,14,13
TeamA-ecdbd8ec-61a7-4131-97ec-3af76f621f65,2020-07-14,1,-0,104.655,104.657,7.136,328.5,63.1,22.88,6,22
TeamA-ecdbd8ec-61a7-4131-97ec-3af76f621f65,2020-07-15,1,-0,105.672,105.673,6.875,1024.6,353.5,25.43,3,7
TeamA-ecdbd8ec-61a7-4131-97ec-3af76f621f65,2020-07-16,1,-0,112.97,112.972,6.373,388.7,83.4,25.64,7,16
TeamA-ecdbd8ec-61a7-4131-97ec-3af76f621f65,2020-07-18,1,-0,78.472,78.473,3.851,402.5,110.7,24.24,6,9
TeamA-ecdbd8ec-61a7-4131-97ec-3af76f621f65,2020-07-19,1,-0,167.972,167.973,14.103,1727.7,433.1,26.84,8,17
TeamA-ecdbd8ec-61a7-4131-97ec-3af76f621f65,2020-07-21,1,-0,90.038,90.04,4.814,172.1,16.1,22.98,4,10
TeamA-ecdbd8ec-61a7-4131-97ec-3af76f621f65,2020-07-22,1,-0,110.655,110.657,7.984,790.1,198.9,24.66,5,21
TeamA-ecdbd8ec-61a7-4131-97ec-3af76f621f65,2020-07-25,1,-0,167.105,167.107,16.129,1696,406.1,25.75,8,21
TeamA-ecdbd8ec-61a7-4131-97ec-3af76f621f65,2020-07-27,1,-0,34.112,34.113,1.484,42.1,0,18.53,2,3
TeamA-ecdbd8ec-61a7-4131-97ec-3af76f621f65,2020-07-29,1,-0,128.782,128.783,8.691,497.8,58,22.43,7,12
TeamA-ecdbd8ec-61a7-4131-97ec-3af76f621f65,2020-07-30,1,-0,120.657,120.658,7.433,1058.6,262,25.74,9,16
TeamA-ecdbd8ec-61a7-4131-97ec-3af76f621f65,2020-08-01,1,-0,81.653,81.655,3.659,417.2,151.7,26.97,9,11
TeamA-ecdbd8ec-61a7-4131-97ec-3af76f621f65,2020-08-02,1,-0,180.538,180.54,15.009,1666.9,437.3,25.98,6,21
TeamA-ecdbd8ec-61a7-4131-97ec-3af76f621f65,2020-08-03,1,-0,72.622,72.623,3.578,49.8,11,22.89,0,7
TeamA-ecdbd8ec-61a7-4131-97ec-3af76f621f65,2020-08-05,1,-0,99.9,99.902,6.351,345.9,13,20.82,6,18
TeamA-ecdbd8ec-61a7-4131-97ec-3af76f621f65,2020-08-06,1,-0,94.957,94.958,4.472,134.7,26.3,23.28,4,7
TeamA-ecdbd8ec-61a7-4131-97ec-3af76f621f65,2020-08-07,1,-0,62.123,62.125,3.336,225.3,41.3,23.57,7,10
TeamA-ecdbd8ec-61a7-4131-97ec-3af76f621f65,2020-08-08,1,-0,172.208,172.21,15.301,1703.2,433.7,24.86,12,20
TeamA-ecdbd8ec-61a7-4131-97ec-3af76f621f65,2020-08-11,1,-0,105.988,105.99,6.786,127.9,8.1,21.67,9,11
TeamA-ecdbd8ec-61a7-4131-97ec-3af76f621f65,2020-08-12,1,-0,61.57,61.572,4.3,439.3,121.7,27.13,4,3
TeamA-ecdbd8ec-61a7-4131-97ec-3af76f621f65,2020-08-15,1,-0,98.538,98.54,5.336,408.2,125.8,26.25,3,10
TeamA-ecdbd8ec-61a7-4131-97ec-3af76f621f65,2020-08-16,1,-0,176.542,176.543,14.909,1566.8,394.7,27.41,7,18
TeamA-ecdbd8ec-61a7-4131-97ec-3af76f621f65,2020-08-17,1,-0,58.172,58.173,2.157,2.3,0,16.8,3,3
TeamA-ecdbd8ec-61a7-4131-97ec-3af76f621f65,2020-08-20,1,-0,93.97,93.972,5.722,229.7,89.1,24.84,6,8
TeamA-ecdbd8ec-61a7-4131-97ec-3af76f621f65,2020-08-21,1,-0,53.472,53.473,3.171,461.6,155.1,25.91,3,8
TeamA-ecdbd8ec-61a7-4131-97ec-3af76f621f65,2020-08-22,1,-0,174.372,174.373,15.08,1491.7,312.9,25.69,12,16
TeamA-ecdbd8ec-61a7-4131-97ec-3af76f621f65,2020-08-25,1,-0,56.04,56.042,4.224,265.9,53.2,24.76,10,4
TeamA-ecdbd8ec-61a7-4131-97ec-3af76f621f65,2020-08-26,1,-0,378.715,378.717,14.888,1858.4,830.7,35.79,10,14
TeamA-ecdbd8ec-61a7-4131-97ec-3af76f621f65,2020-08-29,1,-0,56.005,56.007,2.682,297.2,84.7,25.42,5,10
TeamA-ecdbd8ec-61a7-4131-97ec-3af76f621f65,2020-08-30,1,-0,124.487,124.488,12.376,1944,626,27.62,4,15
TeamA-ecdbd8ec-61a7-4131-97ec-3af76f621f65,2020-09-02,1,-0,99.872,99.873,7.319,331.7,86.4,25.16,3,11
TeamA-ecdbd8ec-61a7-4131-97ec-3af76f621f65,2020-09-03,1,-0,98.353,98.355,5.343,383.4,95.5,24.37,10,6
TeamA-ecdbd8ec-61a7-4131-97ec-3af76f621f65,2020-09-04,1,-0,71.258,71.26,3.435,308.1,71.5,22.55,8,10
TeamA-ecdbd8ec-61a7-4131-97ec-3af76f621f65,2020-09-05,1,-0,171.592,171.593,0.484,0,0,6.44,0,0
TeamA-ecdbd8ec-61a7-4131-97ec-3af76f621f65,2020-09-08,1,-0,76.232,76.233,5.356,319,14.7,20.61,4,17
TeamA-ecdbd8ec-61a7-4131-97ec-3af76f621f65,2020-09-09,1,-0,95.405,95.407,6.972,489.5,89.2,22.97,4,10
TeamA-ecdbd8ec-61a7-4131-97ec-3af76f621f65,2020-09-11,1,-0,66.967,66.968,3.88,328.4,80.3,25.31,2,9
TeamA-ecdbd8ec-61a7-4131-97ec-3af76f621f65,2020-09-12,1,-0,169.257,169.258,14.874,1752,476.8,27.03,4,19
TeamA-ecdbd8ec-61a7-4131-97ec-3af76f621f65,2020-09-14,1,-0,55.537,55.538,3.9,111.6,1.7,19.76,5,11
TeamA-ecdbd8ec-61a7-4131-97ec-3af76f621f65,2020-09-15,1,-0,96.887,96.888,6.036,389.6,52,21.97,5,16
TeamA-ecdbd8ec-61a7-4131-97ec-3af76f621f65,2020-09-16,1,-0,110.873,110.875,7.773,517.3,138.6,23.62,4,19
TeamA-ecdbd8ec-61a7-4131-97ec-3af76f621f65,2020-09-21,1,-0,72.42,72.422,5.417,543.4,180.3,24.33,3,14
TeamA-ecdbd8ec-61a7-4131-97ec-3af76f621f65,2020-09-22,1,-0,123.055,123.057,6.609,317.7,5.1,19.95,7,15
TeamA-ecdbd8ec-61a7-4131-97ec-3af76f621f65,2020-09-23,1,-0,110.988,110.99,7.373,448.3,108.4,24.22,5,10
TeamA-ecdbd8ec-61a7-4131-97ec-3af76f621f65,2020-09-25,1,-0,58.017,58.018,3.556,292.5,65.6,24.28,4,6
TeamA-ecdbd8ec-61a7-4131-97ec-3af76f621f65,2020-09-26,1,-0,166.39,166.392,15.07,1294,370.3,25.86,6,14
TeamA-ecdbd8ec-61a7-4131-97ec-3af76f621f65,2020-09-29,1,-0,96.053,96.055,5.745,79.9,4.6,20.66,0,7
TeamA-ecdbd8ec-61a7-4131-97ec-3af76f621f65,2020-09-30,1,-0,106.988,106.99,7.967,812.1,217.9,26.06,2,13
TeamA-ecdbd8ec-61a7-4131-97ec-3af76f621f65,2020-10-01,1,-0,90.855,90.857,5.973,217.9,60.1,25.74,3,12
TeamA-ecdbd8ec-61a7-4131-97ec-3af76f621f65,2020-10-03,1,-0,67.053,67.055,3.59,446.4,161.7,25.95,2,9
TeamA-ecdbd8ec-61a7-4131-97ec-3af76f621f65,2020-10-04,1,-0,167.553,167.555,14.299,1514.8,461.8,27.72,6,17
TeamA-ecdbd8ec-61a7-4131-97ec-3af76f621f65,2020-10-06,1,-0,59.105,59.107,3.29,362.2,127.4,25.61,2,9
TeamA-ecdbd8ec-61a7-4131-97ec-3af76f621f65,2020-10-07,1,1e-4,160.005,159.988,13.769,1312.9,370.1,26.45,10,18
TeamA-ecdbd8ec-61a7-4131-97ec-3af76f621f65,2020-10-12,1,-0,76.388,76.39,5.252,240.7,9.1,20.91,4,10
TeamA-ecdbd8ec-61a7-4131-97ec-3af76f621f65,2020-10-13,1,-0,96.138,96.14,6.424,203.5,24.6,22.4,1,17
TeamA-ecdbd8ec-61a7-4131-97ec-3af76f621f65,2020-10-14,1,-0,111.237,111.238,8.01,693.2,123.2,25.54,7,9
TeamA-ecdbd8ec-61a7-4131-97ec-3af76f621f65,2020-10-15,1,-0,94.022,94.023,5.416,116.1,7.4,20.44,3,8
TeamA-ecdbd8ec-61a7-4131-97ec-3af76f621f65,2020-10-17,1,-0,56.053,56.055,3.821,328,114,25.04,5,7
TeamA-ecdbd8ec-61a7-4131-97ec-3af76f621f65,2020-10-18,1,-0,165.143,165.145,14.421,1683.9,465.6,25.96,9,27
TeamA-ecdbd8ec-61a7-4131-97ec-3af76f621f65,2020-10-20,1,3e-4,66.472,66.455,4.438,177.5,9.1,20.7,3,7
TeamA-ecdbd8ec-61a7-4131-97ec-3af76f621f65,2020-10-21,1,-0,85.207,85.208,6.007,261.3,18.4,21.33,1,5
TeamA-ecdbd8ec-61a7-4131-97ec-3af76f621f65,2020-10-22,1,-0,99.222,99.223,7.446,640.8,150.7,24.28,7,16
TeamA-ecdbd8ec-61a7-4131-97ec-3af76f621f65,2020-10-23,1,-0,105.472,105.473,6.938,445.9,125.4,23.21,9,17
TeamA-ecdbd8ec-61a7-4131-97ec-3af76f621f65,2020-10-26,1,-0,85.887,85.888,5.337,284.7,34.2,22.6,1,9
TeamA-ecdbd8ec-61a7-4131-97ec-3af76f621f65,2020-10-28,1,2e-4,99.422,99.405,7.848,671.3,108.7,25.81,5,8
TeamA-ecdbd8ec-61a7-4131-97ec-3af76f621f65,2020-10-29,1,2e-4,92.855,92.838,5.945,71,2.3,20.25,6,5
TeamA-ecdbd8ec-61a7-4131-97ec-3af76f621f65,2020-10-31,1,-0,75.417,75.418,4.487,315.2,63.5,24.01,6,11
TeamA-ecdbd8ec-61a7-4131-97ec-3af76f621f65,2020-11-01,1,-0,175.005,175.007,13.973,1535.6,415,26.66,5,15
TeamA-ecdbd8ec-61a7-4131-97ec-3af76f621f65,2020-11-02,1,-0,64.37,64.372,3.282,52.2,0,18.71,1,3
TeamA-ecdbd8ec-61a7-4131-97ec-3af76f621f65,2020-11-04,1,-0,102.072,102.073,8.832,683.1,147.2,23.32,3,12
TeamA-ecdbd8ec-61a7-4131-97ec-3af76f621f65,2020-11-06,1,3e-4,66.938,66.92,3.493,250,76.2,24.53,3,11
TeamA-ecdbd8ec-61a7-4131-97ec-3af76f621f65,2020-11-07,1,-0,177.907,177.908,14.709,1302.6,397.2,28.11,11,18
TeamA-ecdbd8ec-61a7-4131-97ec-3af76f621f65,2020-11-09,1,2e-4,80.555,80.538,3.652,78.9,14.7,21.57,3,4
TeamA-ecdbd8ec-61a7-4131-97ec-3af76f621f65,2020-11-13,1,-0,94.922,94.923,6.014,523.4,112.6,25.66,5,13
TeamA-ecdbd8ec-61a7-4131-97ec-3af76f621f65,2020-11-14,1,-0,58.983,58.985,3.44,424.4,152.9,27.29,7,12
TeamA-ecdbd8ec-61a7-4131-97ec-3af76f621f65,2020-11-17,1,-0,73.338,73.34,4.788,131.4,1.1,19.92,4,15
TeamA-ecdbd8ec-61a7-4131-97ec-3af76f621f65,2020-11-20,1,-0,71.353,71.355,5.395,358.6,42.7,22.17,0,9
TeamA-ecdbd8ec-61a7-4131-97ec-3af76f621f65,2020-11-23,1,-0,78.9,78.902,5.302,250.1,10.9,21.69,3,13
TeamA-ecdbd8ec-61a7-4131-97ec-3af76f621f65,2020-11-27,1,-0,89.738,89.74,5.55,588.1,157.8,24.29,1,14
TeamA-ecdbd8ec-61a7-4131-97ec-3af76f621f65,2020-11-30,1,2e-4,81.09,81.073,4.442,320.6,93.4,24.26,3,10
TeamA-ecdbd8ec-61a7-4131-97ec-3af76f621f65,2020-12-03,1,-0,74.423,74.425,4.28,220.8,16.6,21.17,2,3
TeamA-ecdbd8ec-61a7-4131-97ec-3af76f621f65,2020-12-05,1,-0,68.538,68.54,4.329,356.5,96.9,25.21,5,10
TeamA-ecdbd8ec-61a7-4131-97ec-3af76f621f65,2020-12-06,1,1e-4,176.387,176.37,15.206,1870.7,468.7,28.13,8,18
TeamA-ecdbd8ec-61a7-4131-97ec-3af76f621f65,2021-02-01,1,-0,86.763,86.765,5.644,206.4,15.8,21.53,3,12
TeamA-ecdbd8ec-61a7-4131-97ec-3af76f621f65,2021-02-08,1,-0,84.92,84.922,6.205,431.7,58.9,22.09,1,19
TeamA-ecdbd8ec-61a7-4131-97ec-3af76f621f65,2021-02-15,1,-0,90.022,90.023,6.115,265.9,16,21.24,3,11
TeamA-ecdbd8ec-61a7-4131-97ec-3af76f621f65,2021-02-19,1,2e-4,76.855,76.838,3.847,357.2,167.9,25.8,10,5
TeamA-ecdbd8ec-61a7-4131-97ec-3af76f621f65,2021-02-20,1,-0,122.922,122.923,10.309,1635.2,531.5,25.97,4,17
TeamA-ecdbd8ec-61a7-4131-97ec-3af76f621f65,2021-03-01,1,2e-4,75.88,75.863,5.718,220.8,7.5,21.21,3,12
TeamA-ecdbd8ec-61a7-4131-97ec-3af76f621f65,2021-03-12,1,-0,105.87,105.872,10.358,1452.9,374.2,25.23,7,24
TeamA-ecdbd8ec-61a7-4131-97ec-3af76f621f65,2021-03-15,1,-0,90.838,90.84,5.493,218.9,10.5,21.84,3,9
TeamA-ecdbd8ec-61a7-4131-97ec-3af76f621f65,2021-03-19,1,-0,108.407,108.408,10.449,1496.6,430.6,26.54,6,12
TeamA-ecdbd8ec-61a7-4131-97ec-3af76f621f65,2021-03-22,1,-0,83.54,83.542,5.751,466.3,85.4,24,7,11
TeamA-ecdbd8ec-61a7-4131-97ec-3af76f621f65,2021-03-23,1,-0,84.54,84.542,5.668,281.6,53.3,24.71,2,12
TeamA-ecdbd8ec-61a7-4131-97ec-3af76f621f65,2021-03-24,1,-0,55.375,55.377,3.104,242,65.6,23.48,3,2
TeamA-ecdbd8ec-61a7-4131-97ec-3af76f621f65,2021-03-26,1,2e-4,73.622,73.603,4.511,499.7,190.6,26.3,1,7
TeamA-ecdbd8ec-61a7-4131-97ec-3af76f621f65,2021-03-27,1,-0,106.522,106.523,10.641,1416.2,415.7,26.56,8,18
TeamA-ecdbd8ec-61a7-4131-97ec-3af76f621f65,2021-03-30,1,-0,90.372,90.373,5.831,213.1,17.6,22.49,8,16
TeamA-ecdbd8ec-61a7-4131-97ec-3af76f621f65,2021-04-05,1,-0,67.857,67.858,5.004,198.6,10.9,20.82,2,3
TeamA-ecdbd8ec-61a7-4131-97ec-3af76f621f65,2021-04-09,1,-0,92.055,92.057,5.945,344.8,69.1,23.56,4,5
TeamA-ecdbd8ec-61a7-4131-97ec-3af76f621f65,2021-04-10,1,-0,67.957,67.958,3.696,876.5,629.5,25.95,21,19
TeamA-ecdbd8ec-61a7-4131-97ec-3af76f621f65,2021-04-12,1,-0,114.505,114.507,7.334,427.6,24.5,21.14,2,21
TeamA-ecdbd8ec-61a7-4131-97ec-3af76f621f65,2021-04-13,1,2e-4,106.388,106.367,6.178,165.4,15.2,22.23,3,15
TeamA-ecdbd8ec-61a7-4131-97ec-3af76f621f65,2021-04-14,1,-0,33.705,33.707,2.197,117.5,65.9,26.15,1,9
TeamA-ecdbd8ec-61a7-4131-97ec-3af76f621f65,2021-04-16,1,-0,89.855,89.857,4.051,279.4,102.8,24.3,4,6
TeamA-ecdbd8ec-61a7-4131-97ec-3af76f621f65,2021-04-17,1,-0,164.403,164.405,14.863,1910.2,585.8,26.37,3,20
TeamA-ecdbd8ec-61a7-4131-97ec-3af76f621f65,2021-04-19,1,-0,113.005,113.007,4.767,271.1,33.6,20.96,6,7
TeamA-ecdbd8ec-61a7-4131-97ec-3af76f621f65,2021-04-20,1,2e-4,109.922,109.903,7.068,284,32.1,22.2,3,18
TeamA-ecdbd8ec-61a7-4131-97ec-3af76f621f65,2021-04-21,1,2e-4,89.422,89.403,5.663,289.2,34,23.36,2,14
TeamA-ecdbd8ec-61a7-4131-97ec-3af76f621f65,2021-04-22,1,3e-4,71.05,71.032,4.092,266.4,79.5,24.03,0,8
TeamA-ecdbd8ec-61a7-4131-97ec-3af76f621f65,2021-04-23,1,-0,139.473,139.475,12.481,1541,495.7,27.45,5,20
TeamA-ecdbd8ec-61a7-4131-97ec-3af76f621f65,2021-04-26,1,2e-4,83.972,83.955,4.873,305.6,17.9,21.36,3,6
TeamA-ecdbd8ec-61a7-4131-97ec-3af76f621f65,2021-04-27,1,-0,87.423,87.425,5.714,407.4,46.6,22.4,3,12
TeamA-ecdbd8ec-61a7-4131-97ec-3af76f621f65,2021-04-28,1,-0,102.665,102.667,4.794,605.8,212.1,25.44,9,7
TeamA-ecdbd8ec-61a7-4131-97ec-3af76f621f65,2021-04-30,1,-0,86.488,86.49,3.974,524.9,172,24.8,1,11
TeamA-ecdbd8ec-61a7-4131-97ec-3af76f621f65,2021-05-01,1,-0,183.605,183.607,15.851,2092.9,645,26.28,5,15
TeamA-ecdbd8ec-61a7-4131-97ec-3af76f621f65,2021-05-03,1,3e-4,68.455,68.437,2.942,40.6,4,20.25,2,2
TeamA-ecdbd8ec-61a7-4131-97ec-3af76f621f65,2021-05-04,1,4e-4,51.422,51.402,3.157,299.1,100,24.25,1,6
TeamA-ecdbd8ec-61a7-4131-97ec-3af76f621f65,2021-05-05,1,-0,168.473,168.475,14.684,1606.1,424.6,26.63,4,18
TeamA-ecdbd8ec-61a7-4131-97ec-3af76f621f65,2021-05-10,1,2e-4,112.405,112.387,5.972,442.8,38.4,21.79,2,10
TeamA-ecdbd8ec-61a7-4131-97ec-3af76f621f65,2021-05-11,1,-0,101.855,101.857,5.866,178.1,15.8,21.87,5,9
TeamA-ecdbd8ec-61a7-4131-97ec-3af76f621f65,2021-05-14,1,-0,97.038,97.04,3.539,337.1,128.7,24.15,4,8
TeamA-ecdbd8ec-61a7-4131-97ec-3af76f621f65,2021-05-15,1,1e-4,156.363,156.347,14.423,1540,380.1,25.95,6,17
TeamA-ecdbd8ec-61a7-4131-97ec-3af76f621f65,2021-05-17,1,2e-4,106.255,106.237,2.493,21.6,0,18.79,2,0
TeamA-ecdbd8ec-61a7-4131-97ec-3af76f621f65,2021-05-18,1,2e-4,93.973,93.955,5.341,237.1,25.4,21.76,3,10
TeamA-ecdbd8ec-61a7-4131-97ec-3af76f621f65,2021-05-19,1,2e-4,108.873,108.853,8.39,1108.3,296.4,25.81,3,9
TeamA-ecdbd8ec-61a7-4131-97ec-3af76f621f65,2021-05-21,1,-0,129.857,129.858,4.728,577.5,178.3,26.05,2,11
TeamA-ecdbd8ec-61a7-4131-97ec-3af76f621f65,2021-05-22,1,1e-4,154.89,154.872,14.292,1767.1,539.3,26.73,6,11
TeamA-ecdbd8ec-61a7-4131-97ec-3af76f621f65,2021-05-24,1,-0,97.472,97.473,3.574,62.1,1.1,19.85,6,3
TeamA-ecdbd8ec-61a7-4131-97ec-3af76f621f65,2021-05-25,1,-0,101.02,101.022,5.705,251.8,33.3,22.46,6,14
TeamA-ecdbd8ec-61a7-4131-97ec-3af76f621f65,2021-05-26,1,2e-4,109.397,109.377,8.511,914,244.8,24.26,5,11
TeamA-ecdbd8ec-61a7-4131-97ec-3af76f621f65,2021-05-28,1,-0,73.155,73.157,4.059,412.3,151.3,26.26,2,8
TeamA-ecdbd8ec-61a7-4131-97ec-3af76f621f65,2021-05-29,1,1e-4,171.573,171.553,14.145,1518.3,378.1,28.08,7,8
TeamA-ecdbd8ec-61a7-4131-97ec-3af76f621f65,2021-05-31,1,3e-4,61.057,61.037,2.724,73.3,0,18.93,3,3
TeamA-ecdbd8ec-61a7-4131-97ec-3af76f621f65,2021-06-01,1,2e-4,92.488,92.47,5.487,281.3,46.9,22.35,1,12
TeamA-ecdbd8ec-61a7-4131-97ec-3af76f621f65,2021-06-02,1,2e-4,108.972,108.953,8.236,680.1,145.1,26.02,2,10
TeamA-ecdbd8ec-61a7-4131-97ec-3af76f621f65,2021-06-04,1,3e-4,75.988,75.968,4.006,369.2,106.8,26.25,3,2
TeamA-ecdbd8ec-61a7-4131-97ec-3af76f621f65,2021-06-05,1,-0,182.022,182.023,15.296,1476.4,406.4,26.34,7,20
TeamA-ecdbd8ec-61a7-4131-97ec-3af76f621f65,2021-06-07,1,3e-4,66.067,66.045,2.921,45.4,0,17.97,3,4
TeamA-ecdbd8ec-61a7-4131-97ec-3af76f621f65,2021-06-08,1,-0,76.922,76.923,4.754,223.9,33.4,22.07,0,11
TeamA-ecdbd8ec-61a7-4131-97ec-3af76f621f65,2021-06-09,1,-0,89.25,89.252,6.774,439.5,63.4,24.54,6,9
TeamA-ecdbd8ec-61a7-4131-97ec-3af76f621f65,2021-06-10,1,2e-4,116.355,116.335,6.476,201.9,14.5,21.45,5,20
TeamA-ecdbd8ec-61a7-4131-97ec-3af76f621f65,2021-06-14,1,-0,108.397,108.398,5.506,231.1,16.7,21.04,4,8
TeamA-ecdbd8ec-61a7-4131-97ec-3af76f621f65,2021-06-15,1,2e-4,96.472,96.455,5.962,296.3,85.3,25.67,6,12
TeamA-ecdbd8ec-61a7-4131-97ec-3af76f621f65,2021-06-16,1,2e-4,123.838,123.818,10.955,933.9,261.1,25.52,7,13
TeamA-ecdbd8ec-61a7-4131-97ec-3af76f621f65,2021-06-18,1,-0,83.075,83.077,4.131,159.8,21.7,22.42,3,9
TeamA-ecdbd8ec-61a7-4131-97ec-3af76f621f65,2021-06-19,1,-0,109.97,109.972,7.557,502.5,86.4,23.7,3,20
TeamA-ecdbd8ec-61a7-4131-97ec-3af76f621f65,2021-06-21,1,-0,66.17,66.172,4.033,380.1,93.5,23.14,9,5
TeamA-ecdbd8ec-61a7-4131-97ec-3af76f621f65,2021-06-22,1,1e-4,173.505,173.485,14.648,1510.9,398,26.13,8,19
TeamA-ecdbd8ec-61a7-4131-97ec-3af76f621f65,2021-06-24,1,4e-4,59.388,59.367,3.089,67.6,1.7,19.97,3,7
TeamA-ecdbd8ec-61a7-4131-97ec-3af76f621f65,2021-06-25,1,-0,61.857,61.858,2.895,224.7,83.5,25.07,0,3
TeamA-ecdbd8ec-61a7-4131-97ec-3af76f621f65,2021-06-28,1,3e-4,59.733,59.713,2.992,55.6,17.9,21.4,1,2
TeamA-ecdbd8ec-61a7-4131-97ec-3af76f621f65,2021-06-29,1,3e-4,75.973,75.953,3.3,315,92.9,25.07,4,4
TeamA-ecdbd8ec-61a7-4131-97ec-3af76f621f65,2021-06-30,1,1e-4,173.605,173.585,14.691,1465.5,211.6,26.7,11,21
TeamA-ecdbd8ec-61a7-4131-97ec-3af76f621f65,2021-07-02,1,3e-4,86.422,86.398,5.786,1680.2,1350.2,35.9,0,10
TeamA-ecdbd8ec-61a7-4131-97ec-3af76f621f65,2021-07-03,1,-0,57.872,57.873,3.037,329.8,116.4,25.76,3,5
TeamA-ecdbd8ec-61a7-4131-97ec-3af76f621f65,2021-07-04,1,1e-4,165.815,165.792,13.402,1322.1,273.5,27.03,7,18
TeamA-ecdbd8ec-61a7-4131-97ec-3af76f621f65,2021-07-07,1,2e-4,87.537,87.515,4.844,204.1,58.4,23.38,0,13
TeamA-ecdbd8ec-61a7-4131-97ec-3af76f621f65,2021-07-08,1,3e-4,67.353,67.33,3.537,184.1,60,23.48,4,9
TeamA-ecdbd8ec-61a7-4131-97ec-3af76f621f65,2021-07-09,1,4e-4,54.34,54.318,3.197,325.9,68.5,25.19,2,9
TeamA-ecdbd8ec-61a7-4131-97ec-3af76f621f65,2021-07-10,1,2e-4,129.52,129.498,10.718,1068,290.7,27.17,5,9
TeamA-ecdbd8ec-61a7-4131-97ec-3af76f621f65,2021-07-12,1,3e-4,67.472,67.45,2.442,49.7,0,19.1,2,5
TeamA-ecdbd8ec-61a7-4131-97ec-3af76f621f65,2021-07-13,1,2e-4,104.49,104.468,6.243,222.6,52.3,24.91,8,15
TeamA-ecdbd8ec-61a7-4131-97ec-3af76f621f65,2021-07-14,1,-0,101.67,101.672,7.249,870.1,213.9,25.67,4,4
TeamA-ecdbd8ec-61a7-4131-97ec-3af76f621f65,2021-07-16,1,2e-4,89.95,89.928,3.677,312.5,105.3,24.52,6,4
TeamA-ecdbd8ec-61a7-4131-97ec-3af76f621f65,2021-07-17,1,1e-4,163.675,163.653,15.298,1349.8,266.5,27.79,10,21
TeamA-ecdbd8ec-61a7-4131-97ec-3af76f621f65,2021-07-28,1,3e-4,84.338,84.317,5.337,255.9,14.3,22.63,1,4
TeamA-ecdbd8ec-61a7-4131-97ec-3af76f621f65,2021-07-29,1,2e-4,89.02,89,4.962,308.6,84.4,24.56,4,3
TeamA-ecdbd8ec-61a7-4131-97ec-3af76f621f65,2021-07-30,1,1e-4,169.723,169.702,15.392,1416.5,373.2,26.35,7,13
TeamA-ecdbd8ec-61a7-4131-97ec-3af76f621f65,2021-08-02,1,1e-4,147.488,147.472,7.722,492.1,41.2,21.19,8,26
TeamA-ecdbd8ec-61a7-4131-97ec-3af76f621f65,2021-08-03,1,2e-4,101.003,100.987,6.483,456.2,90.4,23.45,5,21
TeamA-ecdbd8ec-61a7-4131-97ec-3af76f621f65,2021-08-04,1,2e-4,93.22,93.198,7.632,1027.2,264.9,26.03,4,7
TeamA-ecdbd8ec-61a7-4131-97ec-3af76f621f65,2021-08-06,1,-0,81.64,81.642,3.313,319.2,131,27.59,3,6
TeamA-ecdbd8ec-61a7-4131-97ec-3af76f621f65,2021-08-07,1,1e-4,159.873,159.852,14.142,1000.8,198.9,25.51,8,11
TeamA-ecdbd8ec-61a7-4131-97ec-3af76f621f65,2021-08-09,1,-0,73.74,73.742,2.475,52.4,0,17.26,2,5
TeamA-ecdbd8ec-61a7-4131-97ec-3af76f621f65,2021-08-10,1,-0,90.188,90.19,5.441,336.6,75,22.84,4,13
TeamA-ecdbd8ec-61a7-4131-97ec-3af76f621f65,2021-08-11,1,-0,199.828,199.83,2.622,17.1,0,17.34,0,3
TeamA-ecdbd8ec-61a7-4131-97ec-3af76f621f65,2021-08-13,1,-0,67.888,67.89,2.989,236.2,79.9,26.37,6,4
TeamA-ecdbd8ec-61a7-4131-97ec-3af76f621f65,2021-08-14,1,-0,152.658,152.66,12.464,1371.4,401.8,26.04,7,8
TeamA-ecdbd8ec-61a7-4131-97ec-3af76f621f65,2021-08-16,1,4e-4,70.653,70.628,3.21,75.3,0.6,19.71,2,7
TeamA-ecdbd8ec-61a7-4131-97ec-3af76f621f65,2021-08-17,1,-0,95.557,95.558,3.868,430.6,132.3,26.15,2,16
TeamA-ecdbd8ec-61a7-4131-97ec-3af76f621f65,2021-08-18,1,1e-4,161.855,161.833,14.869,1774.5,424.9,26.88,5,15
TeamA-ecdbd8ec-61a7-4131-97ec-3af76f621f65,2021-08-20,1,-0,66.923,66.925,4.392,235.3,42.2,21.58,1,9
TeamA-ecdbd8ec-61a7-4131-97ec-3af76f621f65,2021-08-21,1,1e-4,208.34,208.318,18.797,2297.3,454.8,26.18,15,25
TeamA-ecdbd8ec-61a7-4131-97ec-3af76f621f65,2021-08-23,1,-0,79.52,79.522,2.791,6.6,0,17.25,0,2
TeamA-ecdbd8ec-61a7-4131-97ec-3af76f621f65,2021-08-24,1,-0,73.483,73.485,4.198,294.6,84.9,24.11,2,5
TeamA-ecdbd8ec-61a7-4131-97ec-3af76f621f65,2021-08-25,1,-0,130.038,130.04,11.758,960.1,294.4,27.53,6,17
TeamA-ecdbd8ec-61a7-4131-97ec-3af76f621f65,2021-08-26,1,4e-4,69.04,69.015,3.224,124.2,16,20.87,4,8
TeamA-ecdbd8ec-61a7-4131-97ec-3af76f621f65,2021-08-27,1,-0,82.555,82.557,4.071,417.4,116.2,24.75,9,8
TeamA-ecdbd8ec-61a7-4131-97ec-3af76f621f65,2021-08-28,1,-0,187.487,187.488,13.627,1764.1,474.2,26.12,12,22
TeamA-ecdbd8ec-61a7-4131-97ec-3af76f621f65,2021-08-30,1,-0,87.055,87.057,2.844,120.3,9.1,20.53,6,3
TeamA-ecdbd8ec-61a7-4131-97ec-3af76f621f65,2021-08-31,1,2e-4,94.338,94.315,5.881,223.1,22.1,22.01,5,14
TeamA-ecdbd8ec-61a7-4131-97ec-3af76f621f65,2021-09-01,1,1e-4,235.09,235.073,9.51,1632.9,1155.4,35.68,2,8
TeamA-ecdbd8ec-61a7-4131-97ec-3af76f621f65,2021-09-03,1,2e-4,86.367,86.348,3.713,361.1,124.9,24.93,2,7
TeamA-ecdbd8ec-61a7-4131-97ec-3af76f621f65,2021-09-04,1,1e-4,171.99,171.972,15.036,1387.9,240,25.96,11,20
TeamA-ecdbd8ec-61a7-4131-97ec-3af76f621f65,2021-09-06,1,2e-4,84.183,84.165,2.686,98.2,1.1,19.27,2,7
TeamA-ecdbd8ec-61a7-4131-97ec-3af76f621f65,2021-09-07,1,2e-4,102.34,102.315,5.899,292.4,37.1,22.2,11,19
TeamA-ecdbd8ec-61a7-4131-97ec-3af76f621f65,2021-09-08,1,2e-4,104.04,104.022,8.143,749.4,209.8,25.08,4,14
TeamA-ecdbd8ec-61a7-4131-97ec-3af76f621f65,2021-09-09,1,2e-4,87.4,87.382,5.299,255.9,38.3,25.29,4,5
TeamA-ecdbd8ec-61a7-4131-97ec-3af76f621f65,2021-09-10,1,4e-4,45.673,45.655,1.965,44,0.6,19.17,1,3
TeamA-ecdbd8ec-61a7-4131-97ec-3af76f621f65,2021-09-11,1,4e-4,68.02,67.995,3.885,373,125.8,25.85,2,4
TeamA-ecdbd8ec-61a7-4131-97ec-3af76f621f65,2021-09-12,1,1e-4,168.922,168.897,14.664,1958.4,537.6,26.69,11,19
TeamA-ecdbd8ec-61a7-4131-97ec-3af76f621f65,2021-09-20,1,3e-4,96.338,96.313,5.217,429.3,158.6,24.12,5,6
TeamA-ecdbd8ec-61a7-4131-97ec-3af76f621f65,2021-09-21,1,2e-4,114.257,114.238,7.098,393.6,86.5,23.67,3,24
TeamA-ecdbd8ec-61a7-4131-97ec-3af76f621f65,2021-09-22,1,2e-4,106.053,106.037,7.037,395.7,87.8,23,5,11
TeamA-ecdbd8ec-61a7-4131-97ec-3af76f621f65,2021-09-24,1,3e-4,58.473,58.455,4.252,384,95,24.91,2,4
TeamA-ecdbd8ec-61a7-4131-97ec-3af76f621f65,2021-10-04,1,3e-4,65.433,65.413,3.194,19.6,0,18.02,5,8
TeamA-ecdbd8ec-61a7-4131-97ec-3af76f621f65,2021-10-05,1,5e-4,46.337,46.312,2.225,15.5,2.3,21.04,3,7
TeamA-ecdbd8ec-61a7-4131-97ec-3af76f621f65,2021-10-06,1,2e-4,99.872,99.85,5.041,474.8,265.3,25.42,13,15
TeamA-ecdbd8ec-61a7-4131-97ec-3af76f621f65,2021-10-09,1,5e-4,37.455,37.437,1.827,141.2,76,22.81,6,2
TeamA-ecdbd8ec-61a7-4131-97ec-3af76f621f65,2021-10-10,1,-0,108.738,108.74,8.88,916.4,246.6,26.65,8,16
TeamA-ecdbd8ec-61a7-4131-97ec-3af76f621f65,2021-10-11,1,3e-4,61.917,61.897,3.155,42.1,0,18.91,1,6
TeamA-ecdbd8ec-61a7-4131-97ec-3af76f621f65,2021-10-12,1,3e-4,90.873,90.847,5.329,558,116.9,25.52,9,6
TeamA-ecdbd8ec-61a7-4131-97ec-3af76f621f65,2021-10-13,1,1e-4,166.09,166.07,10.438,1108.9,433.1,27.3,9,12
TeamA-ecdbd8ec-61a7-4131-97ec-3af76f621f65,2021-10-15,1,4e-4,53.055,53.035,3.524,168.6,40.3,23.03,1,2
TeamA-ecdbd8ec-61a7-4131-97ec-3af76f621f65,2021-10-16,1,1e-4,170.388,170.368,13.792,1360.7,428,26.53,4,17
TeamA-ecdbd8ec-61a7-4131-97ec-3af76f621f65,2021-10-27,1,2e-4,99.355,99.337,6.133,446.5,79.4,22.49,2,12
TeamA-ecdbd8ec-61a7-4131-97ec-3af76f621f65,2021-10-28,1,2e-4,103.667,103.647,6.8,302.5,55.7,22.69,3,8
TeamA-ecdbd8ec-61a7-4131-97ec-3af76f621f65,2021-10-29,1,2e-4,113.9,113.88,9.044,1023.6,310.5,26.16,5,11
TeamA-ecdbd8ec-61a7-4131-97ec-3af76f621f65,2021-11-02,1,2e-4,103.038,103.022,5.82,163.3,9.6,20.54,4,11
TeamA-ecdbd8ec-61a7-4131-97ec-3af76f621f65,2021-11-03,1,2e-4,111.555,111.535,7.654,339.8,47.6,22.83,2,12
TeamA-ecdbd8ec-61a7-4131-97ec-3af76f621f65,2021-11-04,1,2e-4,106.888,106.862,8.59,1009.1,223.6,25.46,3,13
TeamA-ecdbd8ec-61a7-4131-97ec-3af76f621f65,2021-11-06,1,4e-4,52.238,52.218,3.148,346.5,138,25.69,3,8
TeamA-ecdbd8ec-61a7-4131-97ec-3af76f621f65,2021-11-07,1,1e-4,161.09,161.07,15.232,1671.5,422,26.34,10,18
TeamA-ecdbd8ec-61a7-4131-97ec-3af76f621f65,2021-11-09,1,4e-4,58.082,58.057,2.783,55.3,0.6,19.81,1,4
TeamA-ecdbd8ec-61a7-4131-97ec-3af76f621f65,2021-11-10,1,3e-4,97.988,97.962,6.994,640.8,188.8,26.21,1,12
TeamA-ecdbd8ec-61a7-4131-97ec-3af76f621f65,2021-11-12,1,3e-4,65.655,65.633,4.011,445.9,162.8,24.55,4,10
TeamA-ecdbd8ec-61a7-4131-97ec-3af76f621f65,2021-11-13,1,1e-4,187.915,187.898,14.985,1825.8,529.1,26.64,8,23
TeamA-ecdbd8ec-61a7-4131-97ec-3af76f621f65,2021-11-16,1,3e-4,80.337,80.31,5.556,270.2,52.2,23.42,2,12
TeamA-f20565cc-df22-46a7-aa97-af8ed00601d7,2020-06-01,1,-0,122.39,122.392,8.011,651.8,113.7,23.38,11,15
TeamA-f20565cc-df22-46a7-aa97-af8ed00601d7,2020-06-04,1,-0,104.522,104.523,4.992,319.1,64.6,22.4,7,3
TeamA-f20565cc-df22-46a7-aa97-af8ed00601d7,2020-06-05,1,-0,112.705,112.707,5.137,454,110.8,23.96,7,9
TeamA-f20565cc-df22-46a7-aa97-af8ed00601d7,2020-06-06,1,-0,133.588,133.59,8.763,1024.8,348.6,25.48,8,19
TeamA-f20565cc-df22-46a7-aa97-af8ed00601d7,2020-06-08,1,-0,120.022,120.023,6.816,277.7,24.3,21.61,12,14
TeamA-f20565cc-df22-46a7-aa97-af8ed00601d7,2020-06-09,1,-0,126.95,126.952,6.978,330.2,31.4,23.23,12,10
TeamA-f20565cc-df22-46a7-aa97-af8ed00601d7,2020-06-10,1,-0,138.488,138.49,9.245,837.9,193.5,24.99,12,10
TeamA-f20565cc-df22-46a7-aa97-af8ed00601d7,2020-06-11,1,-0,77.403,77.405,3.388,327.3,128.2,25.65,2,1
TeamA-f20565cc-df22-46a7-aa97-af8ed00601d7,2020-06-12,1,-0,101.648,101.65,5.215,509.1,237.5,25.09,12,5
TeamA-f20565cc-df22-46a7-aa97-af8ed00601d7,2020-06-13,1,-0,144.522,144.523,9.058,1089.6,410.2,24.9,14,8
TeamA-f20565cc-df22-46a7-aa97-af8ed00601d7,2020-06-15,1,-0,133.907,133.908,6.85,278,33.9,23.01,15,10
TeamA-f20565cc-df22-46a7-aa97-af8ed00601d7,2020-06-16,1,-0,134.755,134.757,8.586,587.3,52.3,21.17,5,16
TeamA-f20565cc-df22-46a7-aa97-af8ed00601d7,2020-06-17,1,-0,142.872,142.873,8.076,913,155.9,23.85,2,8
TeamA-f20565cc-df22-46a7-aa97-af8ed00601d7,2020-06-19,1,-0,83.922,83.923,3.339,208.6,42.9,21.29,9,3
TeamA-f20565cc-df22-46a7-aa97-af8ed00601d7,2020-06-20,1,-0,162.807,162.808,4.758,481.6,135.5,23.62,0,2
TeamA-f20565cc-df22-46a7-aa97-af8ed00601d7,2020-06-22,1,-0,99.99,99.992,6.361,375.7,69.7,23.16,10,11
TeamA-f20565cc-df22-46a7-aa97-af8ed00601d7,2020-06-23,1,-0,139.4,139.402,7.08,393.1,69.2,22.31,10,13
TeamA-f20565cc-df22-46a7-aa97-af8ed00601d7,2020-06-24,1,-0,137.538,137.54,8.468,930.5,322.3,26.11,11,13
TeamA-f20565cc-df22-46a7-aa97-af8ed00601d7,2020-06-26,1,-0,88.567,88.568,3.934,378.2,92.6,25.52,4,3
TeamA-f20565cc-df22-46a7-aa97-af8ed00601d7,2020-06-27,1,-0,146.922,146.923,5.047,417,95.4,25.47,2,4
TeamA-f20565cc-df22-46a7-aa97-af8ed00601d7,2020-06-29,1,-0,100.005,100.007,4.923,312.9,128.6,24.68,9,15
TeamA-f20565cc-df22-46a7-aa97-af8ed00601d7,2020-06-30,1,-0,124.507,124.508,8.725,979.2,276.5,24.92,10,14
TeamA-f20565cc-df22-46a7-aa97-af8ed00601d7,2020-07-02,1,-0,81.505,81.507,2.739,335.4,118.3,25.57,1,6
TeamA-f20565cc-df22-46a7-aa97-af8ed00601d7,2020-07-03,1,-0,164.872,164.873,3.391,29.4,1.1,19.14,5,4
TeamA-f20565cc-df22-46a7-aa97-af8ed00601d7,2020-07-04,1,-0,135.053,135.055,11.001,1245.3,283.7,26.09,9,14
TeamA-f20565cc-df22-46a7-aa97-af8ed00601d7,2020-07-06,1,-0,80.338,80.34,5.087,184.9,21.1,23.18,11,8
TeamA-f20565cc-df22-46a7-aa97-af8ed00601d7,2020-07-07,1,-0,110.722,110.723,6.011,338.4,33.4,22.58,11,10
TeamA-f20565cc-df22-46a7-aa97-af8ed00601d7,2020-07-08,1,-0,120.555,120.557,9.298,1148.1,306.4,24.97,13,8
TeamA-f20565cc-df22-46a7-aa97-af8ed00601d7,2020-07-10,1,-0,70.005,70.007,2.411,275.8,83.1,22.95,5,4
TeamA-f20565cc-df22-46a7-aa97-af8ed00601d7,2020-07-11,1,-0,159.872,159.873,6.481,576.5,254.6,26.07,5,4
TeamA-f20565cc-df22-46a7-aa97-af8ed00601d7,2020-07-13,1,-0,79.723,79.725,4.919,211.5,17.9,21.74,7,7
TeamA-f20565cc-df22-46a7-aa97-af8ed00601d7,2020-07-14,1,-0,101.073,101.075,6.762,423.4,102.3,22.89,10,11
TeamA-f20565cc-df22-46a7-aa97-af8ed00601d7,2020-07-15,1,-0,110.005,110.007,7.26,1205,451.2,26.43,6,12
TeamA-f20565cc-df22-46a7-aa97-af8ed00601d7,2020-07-16,1,-0,110.505,110.507,4.271,533.8,219,24.35,4,6
TeamA-f20565cc-df22-46a7-aa97-af8ed00601d7,2020-07-18,1,2e-4,78.625,78.608,3.059,367.4,114.5,23.56,4,3
TeamA-f20565cc-df22-46a7-aa97-af8ed00601d7,2020-07-19,1,1e-4,164.813,164.797,3.903,291,77.8,26.03,4,1
TeamA-f20565cc-df22-46a7-aa97-af8ed00601d7,2020-07-20,1,-0,56.522,56.523,3.019,117.8,3.4,19.76,4,3
TeamA-f20565cc-df22-46a7-aa97-af8ed00601d7,2020-07-21,1,2e-4,92.52,92.503,4.784,166.2,8.1,21.61,2,6
TeamA-f20565cc-df22-46a7-aa97-af8ed00601d7,2020-07-22,1,3e-4,66.14,66.123,3.283,317.5,96.5,22.99,3,3
TeamA-f20565cc-df22-46a7-aa97-af8ed00601d7,2020-07-27,1,-0,68.205,68.207,3.658,169.7,7,21.66,6,7
TeamA-f20565cc-df22-46a7-aa97-af8ed00601d7,2020-07-29,1,-0,128.42,128.422,7.166,336.9,27.2,21.83,11,15
TeamA-f20565cc-df22-46a7-aa97-af8ed00601d7,2020-07-30,1,1e-4,120.153,120.137,7.434,1098,406.4,26.51,8,19
TeamA-f20565cc-df22-46a7-aa97-af8ed00601d7,2020-08-01,1,-0,82.557,82.558,3.324,486.3,161.5,24.55,8,12
TeamA-f20565cc-df22-46a7-aa97-af8ed00601d7,2020-08-02,1,-0,177.873,177.875,5.455,770.8,455,23.53,17,28
TeamA-f20565cc-df22-46a7-aa97-af8ed00601d7,2020-08-03,1,2e-4,77.257,77.24,5.254,158.8,36,24.53,4,10
TeamA-f20565cc-df22-46a7-aa97-af8ed00601d7,2020-08-05,1,2e-4,106.053,106.037,6.299,525.3,110.4,23.36,9,9
TeamA-f20565cc-df22-46a7-aa97-af8ed00601d7,2020-08-06,1,-0,97.333,97.335,3.231,194.7,36.5,22.67,4,5
TeamA-f20565cc-df22-46a7-aa97-af8ed00601d7,2020-08-07,1,-0,58.987,58.988,2.734,285.8,100.5,23.08,7,3
TeamA-f20565cc-df22-46a7-aa97-af8ed00601d7,2020-08-08,1,-0,181.047,181.048,6.678,915.4,46,21.78,8,21
TeamA-f20565cc-df22-46a7-aa97-af8ed00601d7,2020-08-10,1,2e-4,73.488,73.472,4.702,198,18.5,21.58,7,11
TeamA-f20565cc-df22-46a7-aa97-af8ed00601d7,2020-08-11,1,-0,409.157,409.158,11.393,4077,3272.8,35.86,12,21
TeamA-f20565cc-df22-46a7-aa97-af8ed00601d7,2020-08-12,1,-0,94.92,94.922,6.897,991.9,318.7,25.64,7,9
TeamA-f20565cc-df22-46a7-aa97-af8ed00601d7,2020-08-13,1,-0,117.542,117.543,5.507,541.2,54.4,23.11,6,17
TeamA-f20565cc-df22-46a7-aa97-af8ed00601d7,2020-08-15,1,-0,92.023,92.025,4.236,436.6,132.9,27.29,6,3
TeamA-f20565cc-df22-46a7-aa97-af8ed00601d7,2020-08-16,1,-0,175.55,175.552,6.153,539.2,174,25.65,11,7
TeamA-f20565cc-df22-46a7-aa97-af8ed00601d7,2020-08-17,1,2e-4,72.12,72.103,5.423,226.3,27.2,21.76,7,9
TeamA-f20565cc-df22-46a7-aa97-af8ed00601d7,2020-08-19,1,-0,103.44,103.442,6.102,451.6,67.7,25.68,6,6
TeamA-f20565cc-df22-46a7-aa97-af8ed00601d7,2020-08-20,1,-0,89.47,89.472,4.499,403.1,174.1,27.86,4,9
TeamA-f20565cc-df22-46a7-aa97-af8ed00601d7,2020-08-21,1,-0,57.853,57.855,2.664,315.8,99.5,26.75,3,2
TeamA-f20565cc-df22-46a7-aa97-af8ed00601d7,2020-08-22,1,-0,162.422,162.423,4.05,226,80.8,23.12,7,0
TeamA-f20565cc-df22-46a7-aa97-af8ed00601d7,2020-08-25,1,-0,58.365,58.367,4.25,245,60.7,24.66,2,6
TeamA-f20565cc-df22-46a7-aa97-af8ed00601d7,2020-08-26,1,-0,154.355,154.357,4.301,511.7,341.8,24.93,8,9
TeamA-f20565cc-df22-46a7-aa97-af8ed00601d7,2020-08-27,1,6e-4,58.522,58.488,3.51,57.3,0,19.22,8,3
TeamA-f20565cc-df22-46a7-aa97-af8ed00601d7,2020-08-29,1,-0,55.005,55.007,2.598,366,85.6,22.49,7,8
TeamA-f20565cc-df22-46a7-aa97-af8ed00601d7,2020-08-30,1,-0,142.39,142.392,6.022,1694.3,428.3,25.4,6,12
TeamA-f20565cc-df22-46a7-aa97-af8ed00601d7,2020-08-31,1,-0,67.837,67.838,4.523,176.3,12.2,21.61,5,11
TeamA-f20565cc-df22-46a7-aa97-af8ed00601d7,2020-09-02,1,2e-4,96.872,96.853,6.821,509.2,132.1,26.21,4,8
TeamA-f20565cc-df22-46a7-aa97-af8ed00601d7,2020-09-03,1,-0,94.883,94.885,5.049,551.4,159.2,24.07,3,6
TeamA-f20565cc-df22-46a7-aa97-af8ed00601d7,2020-09-04,1,-0,73.507,73.508,2.811,267,66.9,22.48,4,8
TeamA-f20565cc-df22-46a7-aa97-af8ed00601d7,2020-09-05,1,-0,182.572,182.573,0.326,0,0,6.06,0,0
TeamA-f20565cc-df22-46a7-aa97-af8ed00601d7,2020-09-07,1,-0,68.605,68.607,5.302,176.5,21,21.94,7,5
TeamA-f20565cc-df22-46a7-aa97-af8ed00601d7,2020-09-08,1,2e-4,78.92,78.902,5.011,603.6,238.3,24.12,10,9
TeamA-f20565cc-df22-46a7-aa97-af8ed00601d7,2020-09-09,1,-0,92.972,92.973,6.756,498.6,77.1,22.32,7,10
TeamA-f20565cc-df22-46a7-aa97-af8ed00601d7,2020-09-11,1,-0,69.407,69.408,3.75,413.3,82.1,24.57,8,6
TeamA-f20565cc-df22-46a7-aa97-af8ed00601d7,2020-09-12,1,1e-4,186.583,186.565,5.515,718.5,348,25.99,10,22
TeamA-f20565cc-df22-46a7-aa97-af8ed00601d7,2020-09-14,1,4e-4,75.47,75.443,5.248,244.4,26.5,21.36,10,8
TeamA-f20565cc-df22-46a7-aa97-af8ed00601d7,2020-09-15,1,-0,97.872,97.873,5.649,255.2,12.7,21.27,12,8
TeamA-f20565cc-df22-46a7-aa97-af8ed00601d7,2020-09-16,1,-0,110.523,110.525,7.734,679.5,226.5,24.55,10,13
TeamA-f20565cc-df22-46a7-aa97-af8ed00601d7,2020-09-21,1,-0,77.005,77.007,4.895,387.2,104.7,23.93,8,10
TeamA-f20565cc-df22-46a7-aa97-af8ed00601d7,2020-09-23,1,-0,108.917,108.918,6.7,427.2,67.2,23.94,8,10
TeamA-f20565cc-df22-46a7-aa97-af8ed00601d7,2020-09-25,1,-0,75.483,75.485,3.386,361.4,52,23.17,8,9
TeamA-f20565cc-df22-46a7-aa97-af8ed00601d7,2020-09-26,1,1e-4,166.507,166.487,5.246,445.3,245.2,23.08,3,5
TeamA-f20565cc-df22-46a7-aa97-af8ed00601d7,2020-09-28,1,3e-4,69.387,69.368,4.395,362.6,97.6,23.02,10,3
TeamA-f20565cc-df22-46a7-aa97-af8ed00601d7,2020-09-29,1,2e-4,97.355,97.337,5.863,232.5,13.8,21.17,5,11
TeamA-f20565cc-df22-46a7-aa97-af8ed00601d7,2020-09-30,1,-0,106.973,106.975,7.758,590,116.1,26.14,1,9
TeamA-f20565cc-df22-46a7-aa97-af8ed00601d7,2020-10-01,1,2e-4,90.388,90.37,5.329,394.9,149,26.73,8,5
TeamA-f20565cc-df22-46a7-aa97-af8ed00601d7,2020-10-03,1,-0,84.505,84.507,4.456,356.1,71.4,22.37,9,12
TeamA-f20565cc-df22-46a7-aa97-af8ed00601d7,2020-10-04,1,1e-4,172.57,172.55,4.934,689.5,440,25.61,5,9
TeamA-f20565cc-df22-46a7-aa97-af8ed00601d7,2020-10-06,1,-0,62.507,62.508,3.3,354.2,88.5,26.46,4,7
TeamA-f20565cc-df22-46a7-aa97-af8ed00601d7,2020-10-07,1,0,416.973,416.955,6.479,2621.6,1997.1,35.88,12,8
TeamA-f20565cc-df22-46a7-aa97-af8ed00601d7,2020-10-08,1,2e-4,110.105,110.087,7.455,550.8,156.5,25.08,11,10
TeamA-f20565cc-df22-46a7-aa97-af8ed00601d7,2020-10-10,1,-0,92.972,92.973,6.037,1200.9,644.9,28.22,14,12
TeamA-f20565cc-df22-46a7-aa97-af8ed00601d7,2020-10-12,1,2e-4,101.422,101.403,5.069,278.4,40.4,23.37,12,13
TeamA-f20565cc-df22-46a7-aa97-af8ed00601d7,2020-10-13,1,2e-4,97.892,97.872,5.917,130.3,27.1,22.19,9,12
TeamA-f20565cc-df22-46a7-aa97-af8ed00601d7,2020-10-14,1,2e-4,109.922,109.902,8.012,765.3,194.5,26.76,17,8
TeamA-f20565cc-df22-46a7-aa97-af8ed00601d7,2020-10-15,1,2e-4,92.35,92.33,5.609,224.1,54.8,23.88,6,7
TeamA-f20565cc-df22-46a7-aa97-af8ed00601d7,2020-10-17,1,-0,55.603,55.605,3.292,305.8,94.2,24.08,6,5
TeamA-f20565cc-df22-46a7-aa97-af8ed00601d7,2020-10-18,1,-0,162.457,162.458,3.644,587,358.1,24.19,11,7
TeamA-f20565cc-df22-46a7-aa97-af8ed00601d7,2020-10-19,1,2e-4,95.338,95.32,5.241,155,19.3,22.12,8,15
TeamA-f20565cc-df22-46a7-aa97-af8ed00601d7,2020-10-20,1,-0,85.923,85.925,3.788,97.1,0.6,18.9,3,6
TeamA-f20565cc-df22-46a7-aa97-af8ed00601d7,2020-10-21,1,2e-4,110.907,110.887,5.372,298.9,8.5,20.5,8,7
TeamA-f20565cc-df22-46a7-aa97-af8ed00601d7,2020-10-22,1,2e-4,99.053,99.033,7.345,789.9,141.9,25.47,11,9
TeamA-f20565cc-df22-46a7-aa97-af8ed00601d7,2020-10-26,1,-0,91.355,91.357,5.389,361.2,53,23.48,11,13
TeamA-f20565cc-df22-46a7-aa97-af8ed00601d7,2020-10-27,1,2e-4,102.873,102.853,6.351,418.6,79.8,24.76,12,7
TeamA-f20565cc-df22-46a7-aa97-af8ed00601d7,2020-10-28,1,-0,103.138,103.14,7.93,731.8,94.7,23.99,7,8
TeamA-f20565cc-df22-46a7-aa97-af8ed00601d7,2020-10-29,1,-0,99.037,99.038,4.866,141.5,22,24.01,3,8
TeamA-f20565cc-df22-46a7-aa97-af8ed00601d7,2020-11-01,1,1e-4,170.89,170.87,5.692,1073.3,388.5,26.98,9,12
TeamA-f20565cc-df22-46a7-aa97-af8ed00601d7,2020-11-02,1,2e-4,87.903,87.885,5.258,129.2,5.1,20.25,7,9
TeamA-f20565cc-df22-46a7-aa97-af8ed00601d7,2020-11-04,1,2e-4,104.99,104.973,8.239,674,126.1,23.34,4,8
TeamA-f20565cc-df22-46a7-aa97-af8ed00601d7,2020-11-06,1,-0,81.207,81.208,4.076,432.7,74.9,23.16,7,7
TeamA-f20565cc-df22-46a7-aa97-af8ed00601d7,2020-11-07,1,1e-4,199.922,199.905,7.801,532.4,96.6,23.24,5,10
TeamA-f20565cc-df22-46a7-aa97-af8ed00601d7,2020-11-09,1,-0,81.383,81.385,4.048,126.4,4,20.83,5,3
TeamA-f20565cc-df22-46a7-aa97-af8ed00601d7,2020-11-11,1,2e-4,105.108,105.09,6.218,184.2,20.7,21.13,7,8
TeamA-f20565cc-df22-46a7-aa97-af8ed00601d7,2020-11-13,1,2e-4,107.887,107.868,6.24,509.1,183.6,25.53,6,10
TeamA-f20565cc-df22-46a7-aa97-af8ed00601d7,2020-11-14,1,-0,60.605,60.607,3.675,389.7,151.5,25.28,5,5
TeamA-f20565cc-df22-46a7-aa97-af8ed00601d7,2020-11-17,1,-0,88.905,88.907,5.045,139.3,11,21.4,9,7
TeamA-f20565cc-df22-46a7-aa97-af8ed00601d7,2020-11-20,1,2e-4,89.49,89.47,5.01,425.6,50.4,23.36,1,7
TeamA-f20565cc-df22-46a7-aa97-af8ed00601d7,2020-11-23,1,-0,95.97,95.972,4.838,214.4,31.9,23.3,3,12
TeamA-f20565cc-df22-46a7-aa97-af8ed00601d7,2020-11-27,1,-0,94.888,94.89,5.584,556.8,186.2,25.32,3,8
TeamA-f20565cc-df22-46a7-aa97-af8ed00601d7,2020-11-30,1,1e-4,318.355,318.337,5.986,1648.5,1045.3,35.83,10,9
TeamA-f20565cc-df22-46a7-aa97-af8ed00601d7,2020-12-03,1,3e-4,71.872,71.853,4.468,210,23.2,22.89,13,2
TeamA-f20565cc-df22-46a7-aa97-af8ed00601d7,2020-12-05,1,2e-4,81.02,81,4.65,455.9,101.5,23.1,11,11
TeamA-f20565cc-df22-46a7-aa97-af8ed00601d7,2020-12-06,1,1e-4,184.355,184.332,6.133,663,195.6,24.85,6,3
TeamA-f20565cc-df22-46a7-aa97-af8ed00601d7,2021-02-01,1,2e-4,99.258,99.24,5.226,308.6,79.8,22.19,8,4
TeamA-f20565cc-df22-46a7-aa97-af8ed00601d7,2021-02-08,1,2e-4,80.99,80.973,5.992,453.5,86.5,25.06,9,13
TeamA-f20565cc-df22-46a7-aa97-af8ed00601d7,2021-02-15,1,2e-4,96.022,96.003,5.708,405.7,32.7,21.27,11,13
TeamA-f20565cc-df22-46a7-aa97-af8ed00601d7,2021-02-19,1,3e-4,67.758,67.738,3.486,314.6,138.9,25.48,8,6
TeamA-f20565cc-df22-46a7-aa97-af8ed00601d7,2021-02-20,1,2e-4,120.225,120.205,10.43,1608.6,416.2,25.76,8,5
TeamA-f20565cc-df22-46a7-aa97-af8ed00601d7,2021-03-01,1,-0,98.585,98.587,7.145,301.7,23.7,21.31,8,13
TeamA-f20565cc-df22-46a7-aa97-af8ed00601d7,2021-03-12,1,-0,104.54,104.542,10.111,1224.4,284.7,23.36,13,17
TeamA-f20565cc-df22-46a7-aa97-af8ed00601d7,2021-03-15,1,-0,85.872,85.873,5.186,226,21.9,21.23,5,12
TeamA-f20565cc-df22-46a7-aa97-af8ed00601d7,2021-03-19,1,-0,106.057,106.058,10.41,1144.3,181.1,25.77,7,16
TeamA-f20565cc-df22-46a7-aa97-af8ed00601d7,2021-03-22,1,2e-4,92.16,92.138,5.681,379.7,51.5,24.22,11,10
TeamA-f20565cc-df22-46a7-aa97-af8ed00601d7,2021-03-23,1,2e-4,81.403,81.387,5.218,196.3,28.7,22.9,8,5
TeamA-f20565cc-df22-46a7-aa97-af8ed00601d7,2021-03-24,1,2e-4,114.338,114.317,7.935,651.6,104.2,24.02,5,6
TeamA-f20565cc-df22-46a7-aa97-af8ed00601d7,2021-03-26,1,2e-4,73.388,73.37,4.636,730.6,283.3,24.59,3,13
TeamA-f20565cc-df22-46a7-aa97-af8ed00601d7,2021-03-27,1,2e-4,111.388,111.367,11.218,1490.1,499.5,27.7,10,17
TeamA-f20565cc-df22-46a7-aa97-af8ed00601d7,2021-03-30,1,2e-4,91.857,91.835,5.358,137.5,13.3,21.31,4,10
TeamA-f20565cc-df22-46a7-aa97-af8ed00601d7,2021-04-05,1,3e-4,65.367,65.348,4.846,173.1,4,20.14,8,6
TeamA-f20565cc-df22-46a7-aa97-af8ed00601d7,2021-04-06,1,2e-4,92.022,92,6.262,299.1,16.6,21.3,7,13
TeamA-f20565cc-df22-46a7-aa97-af8ed00601d7,2021-04-07,1,2e-4,95.833,95.812,6.906,544,106.4,22.75,11,14
TeamA-f20565cc-df22-46a7-aa97-af8ed00601d7,2021-04-08,1,2e-4,98.922,98.905,4.677,341.6,73,23.54,9,14
TeamA-f20565cc-df22-46a7-aa97-af8ed00601d7,2021-04-09,1,2e-4,94.69,94.667,6.308,390.6,85.1,23.54,7,10
TeamA-f20565cc-df22-46a7-aa97-af8ed00601d7,2021-04-10,1,3e-4,66.053,66.032,3.058,883.5,581.8,24.95,16,13
TeamA-f20565cc-df22-46a7-aa97-af8ed00601d7,2021-04-12,1,0,411.92,411.903,8.132,1336.2,811.4,35.77,9,19
TeamA-f20565cc-df22-46a7-aa97-af8ed00601d7,2021-04-13,1,2e-4,103.388,103.365,5.562,282.2,55.6,22.72,4,16
TeamA-f20565cc-df22-46a7-aa97-af8ed00601d7,2021-04-14,1,2e-4,97.053,97.033,6.806,880.6,246.7,27.2,4,12
TeamA-f20565cc-df22-46a7-aa97-af8ed00601d7,2021-04-16,1,2e-4,90.388,90.37,3.682,207.1,42,22.24,6,5
TeamA-f20565cc-df22-46a7-aa97-af8ed00601d7,2021-04-17,1,1e-4,174.387,174.365,12.244,2014.4,796.6,35.82,7,16
TeamA-f20565cc-df22-46a7-aa97-af8ed00601d7,2021-04-19,1,-0,93.99,93.992,4.298,258.2,45.5,23.26,5,13
TeamA-f20565cc-df22-46a7-aa97-af8ed00601d7,2021-04-20,1,2e-4,112.505,112.483,7.242,302.8,37.6,22.81,1,8
TeamA-f20565cc-df22-46a7-aa97-af8ed00601d7,2021-04-21,1,2e-4,116.555,116.532,7.983,1799.7,1032.7,35.86,6,8
TeamA-f20565cc-df22-46a7-aa97-af8ed00601d7,2021-04-22,1,-0,64.792,64.793,3.989,375.5,133.6,25.61,5,10
TeamA-f20565cc-df22-46a7-aa97-af8ed00601d7,2021-04-23,1,1e-4,183.858,183.837,10.729,1159.6,285.8,25.75,7,19
TeamA-f20565cc-df22-46a7-aa97-af8ed00601d7,2021-04-26,1,2e-4,76.888,76.872,3.94,279.9,27.5,22.72,12,11
TeamA-f20565cc-df22-46a7-aa97-af8ed00601d7,2021-04-27,1,3e-4,83.838,83.815,5.951,502.3,60.9,22.1,8,8
TeamA-f20565cc-df22-46a7-aa97-af8ed00601d7,2021-04-30,1,2e-4,87.92,87.902,3.872,505.4,162.3,23.91,8,10
TeamA-f20565cc-df22-46a7-aa97-af8ed00601d7,2021-05-01,1,1e-4,168.457,168.438,6.681,598.5,168.9,25.09,5,7
TeamA-f20565cc-df22-46a7-aa97-af8ed00601d7,2021-05-03,1,2e-4,95.472,95.448,4.016,127.5,9.2,20.98,4,4
TeamA-f20565cc-df22-46a7-aa97-af8ed00601d7,2021-05-04,1,5e-4,52.403,52.378,3.413,307.9,53.4,23.22,4,7
TeamA-f20565cc-df22-46a7-aa97-af8ed00601d7,2021-05-05,1,1e-4,160.883,160.867,7.318,745.1,169,26.16,8,5
TeamA-f20565cc-df22-46a7-aa97-af8ed00601d7,2021-05-10,1,2e-4,108.853,108.828,4.805,288.2,32.4,21.78,6,7
TeamA-f20565cc-df22-46a7-aa97-af8ed00601d7,2021-05-11,1,2e-4,99.387,99.365,5.111,225.6,28.1,22.69,5,12
TeamA-f20565cc-df22-46a7-aa97-af8ed00601d7,2021-05-14,1,3e-4,97.022,96.997,3.234,281.7,88.4,22.86,12,8
TeamA-f20565cc-df22-46a7-aa97-af8ed00601d7,2021-05-15,1,2e-4,156.007,155.982,5.882,415.5,129.7,26.13,11,8
TeamA-f20565cc-df22-46a7-aa97-af8ed00601d7,2021-05-17,1,2e-4,106.005,105.985,3.636,116.5,6.8,20.33,8,9
TeamA-f20565cc-df22-46a7-aa97-af8ed00601d7,2021-05-18,1,2e-4,95.523,95.502,5.27,321.1,22.9,20.95,7,11
TeamA-f20565cc-df22-46a7-aa97-af8ed00601d7,2021-05-19,1,2e-4,135.353,135.332,8.84,1003.1,284.3,26.22,2,10
TeamA-f20565cc-df22-46a7-aa97-af8ed00601d7,2021-05-21,1,2e-4,127.982,127.96,4.807,526.1,139.8,24.16,13,6
TeamA-f20565cc-df22-46a7-aa97-af8ed00601d7,2021-05-22,1,1e-4,177.797,177.778,8.941,1428.9,452,25.27,14,25
TeamA-f20565cc-df22-46a7-aa97-af8ed00601d7,2021-05-24,1,2e-4,104.838,104.813,3.743,164.9,18.7,22.61,2,5
TeamA-f20565cc-df22-46a7-aa97-af8ed00601d7,2021-05-25,1,3e-4,100.372,100.345,5.646,334.7,49.7,21.51,10,9
TeamA-f20565cc-df22-46a7-aa97-af8ed00601d7,2021-05-26,1,2e-4,110.922,110.9,8.346,959.9,344,27.21,5,14
TeamA-f20565cc-df22-46a7-aa97-af8ed00601d7,2021-05-28,1,3e-4,78.503,78.477,3.617,177.6,10.8,20.53,4,7
TeamA-f20565cc-df22-46a7-aa97-af8ed00601d7,2021-05-29,1,1e-4,182.14,182.118,7.99,999.8,303.8,27.53,17,20
TeamA-f20565cc-df22-46a7-aa97-af8ed00601d7,2021-05-31,1,-0,86.505,86.507,4.105,149.6,9.9,21.68,10,11
TeamA-f20565cc-df22-46a7-aa97-af8ed00601d7,2021-06-01,1,3e-4,96.99,96.965,5.318,244.4,45.1,23.43,9,13
TeamA-f20565cc-df22-46a7-aa97-af8ed00601d7,2021-06-02,1,2e-4,103.033,103.015,7.28,700.8,154.7,22.56,5,9
TeamA-f20565cc-df22-46a7-aa97-af8ed00601d7,2021-06-04,1,3e-4,70.973,70.953,3.733,248.2,42.8,22.45,7,5
TeamA-f20565cc-df22-46a7-aa97-af8ed00601d7,2021-06-05,1,1e-4,179.005,178.985,8.253,1432.3,353,26.28,8,19
TeamA-f20565cc-df22-46a7-aa97-af8ed00601d7,2021-06-07,1,2e-4,113.422,113.395,5.011,303.4,40.3,21.59,8,7
TeamA-f20565cc-df22-46a7-aa97-af8ed00601d7,2021-06-08,1,3e-4,76.99,76.963,4.676,202.9,15.4,21.38,7,12
TeamA-f20565cc-df22-46a7-aa97-af8ed00601d7,2021-06-09,1,2e-4,87.922,87.905,5.872,408,87,26.63,2,6
TeamA-f20565cc-df22-46a7-aa97-af8ed00601d7,2021-06-10,1,-0,78.97,78.972,4.812,321.3,34.6,25.33,4,7
TeamA-f20565cc-df22-46a7-aa97-af8ed00601d7,2021-06-14,1,2e-4,101.057,101.037,5.379,415.6,65.9,23.9,3,9
TeamA-f20565cc-df22-46a7-aa97-af8ed00601d7,2021-06-15,1,2e-4,106.007,105.988,6.745,469.8,78.9,23.69,8,12
TeamA-f20565cc-df22-46a7-aa97-af8ed00601d7,2021-06-16,1,1e-4,122.972,122.955,10.114,1015,258.4,24.95,8,11
TeamA-f20565cc-df22-46a7-aa97-af8ed00601d7,2021-06-18,1,3e-4,94.187,94.16,4.625,368.8,59.2,21.88,8,10
TeamA-f20565cc-df22-46a7-aa97-af8ed00601d7,2021-06-19,1,2e-4,109.305,109.285,7.824,720.8,218,23.94,6,15
TeamA-f20565cc-df22-46a7-aa97-af8ed00601d7,2021-06-21,1,-0,66.353,66.355,4.004,516.2,77.8,23.28,8,11
TeamA-f20565cc-df22-46a7-aa97-af8ed00601d7,2021-06-22,1,1e-4,201.922,201.9,7.431,437.9,141.1,24.73,9,19
TeamA-f20565cc-df22-46a7-aa97-af8ed00601d7,2021-06-24,1,3e-4,92.488,92.462,5.473,334.1,61,22.33,13,10
TeamA-f20565cc-df22-46a7-aa97-af8ed00601d7,2021-06-25,1,4e-4,60.538,60.512,2.905,246.8,53.6,23.59,17,0
TeamA-f20565cc-df22-46a7-aa97-af8ed00601d7,2021-06-28,1,2e-4,86.872,86.85,4.712,223.6,21.9,21.51,10,9
TeamA-f20565cc-df22-46a7-aa97-af8ed00601d7,2021-06-29,1,3e-4,86.19,86.167,3.916,350.9,101.1,23.06,3,8
TeamA-f20565cc-df22-46a7-aa97-af8ed00601d7,2021-06-30,1,1e-4,208.422,208.395,6.924,1183,642.9,35.84,8,11
TeamA-f20565cc-df22-46a7-aa97-af8ed00601d7,2021-07-02,1,3e-4,85.973,85.947,4.042,117.6,20.9,22.45,1,6
TeamA-f20565cc-df22-46a7-aa97-af8ed00601d7,2021-07-03,1,4e-4,53.49,53.47,3.088,250.3,78,23.7,1,1
TeamA-f20565cc-df22-46a7-aa97-af8ed00601d7,2021-07-04,1,1e-4,169.558,169.54,4.136,186.2,51.2,24.1,3,5
TeamA-f20565cc-df22-46a7-aa97-af8ed00601d7,2021-07-05,1,3e-4,63.553,63.533,4.053,169.8,21.2,23.12,6,9
TeamA-f20565cc-df22-46a7-aa97-af8ed00601d7,2021-07-07,1,2e-4,92.022,92.002,4.885,295.8,45.4,22.75,5,9
TeamA-f20565cc-df22-46a7-aa97-af8ed00601d7,2021-07-08,1,2e-4,87.038,87.018,4.861,300.9,103.4,23.34,4,5
TeamA-f20565cc-df22-46a7-aa97-af8ed00601d7,2021-07-09,1,4e-4,55.372,55.352,2.964,213.1,10.3,20.51,4,2
TeamA-f20565cc-df22-46a7-aa97-af8ed00601d7,2021-07-10,1,1e-4,184.988,184.962,8.235,988.6,364.9,27.3,8,15
TeamA-f20565cc-df22-46a7-aa97-af8ed00601d7,2021-07-12,1,3e-4,101.388,101.362,3.875,92.6,17.9,22.35,6,9
TeamA-f20565cc-df22-46a7-aa97-af8ed00601d7,2021-07-13,1,3e-4,104.505,104.478,5.607,155.4,25.5,23.63,2,6
TeamA-f20565cc-df22-46a7-aa97-af8ed00601d7,2021-07-14,1,2e-4,101.205,101.185,7.06,893,335.3,27.6,6,6
TeamA-f20565cc-df22-46a7-aa97-af8ed00601d7,2021-07-16,1,3e-4,103.005,102.978,3.522,250.4,20.9,20.43,6,6
TeamA-f20565cc-df22-46a7-aa97-af8ed00601d7,2021-07-17,1,1e-4,166.87,166.848,6.395,607.8,175.3,23.64,7,2
TeamA-f20565cc-df22-46a7-aa97-af8ed00601d7,2021-07-28,1,2e-4,80.322,80.302,4.959,268.1,19.5,21.02,5,7
TeamA-f20565cc-df22-46a7-aa97-af8ed00601d7,2021-07-29,1,2e-4,87.572,87.552,4.302,297.3,58.4,23.31,15,7
TeamA-f20565cc-df22-46a7-aa97-af8ed00601d7,2021-07-30,1,2e-4,157.538,157.51,9.052,824.5,204.1,23.58,9,8
TeamA-f20565cc-df22-46a7-aa97-af8ed00601d7,2021-08-02,1,1e-4,138.523,138.503,7.658,739.8,175.8,24.71,9,13
TeamA-f20565cc-df22-46a7-aa97-af8ed00601d7,2021-08-03,1,2e-4,134.055,134.028,6.452,499.2,75.8,23.5,8,8
TeamA-f20565cc-df22-46a7-aa97-af8ed00601d7,2021-08-04,1,2e-4,126.387,126.367,8.008,900.2,292.6,27.05,3,16
TeamA-f20565cc-df22-46a7-aa97-af8ed00601d7,2021-08-06,1,5e-4,59.887,59.858,2.862,232,28.4,22.46,7,3
TeamA-f20565cc-df22-46a7-aa97-af8ed00601d7,2021-08-07,1,1e-4,151.372,151.35,5.18,403.5,62,22.92,4,3
TeamA-f20565cc-df22-46a7-aa97-af8ed00601d7,2021-08-09,1,3e-4,80.005,79.983,1.756,0,0,15.48,3,1
TeamA-f20565cc-df22-46a7-aa97-af8ed00601d7,2021-08-10,1,2e-4,89.007,88.985,5.004,276.8,41.6,21.34,3,15
TeamA-f20565cc-df22-46a7-aa97-af8ed00601d7,2021-08-11,1,1e-4,170.572,170.55,11.298,900.5,243.2,24.82,6,5
TeamA-f20565cc-df22-46a7-aa97-af8ed00601d7,2021-08-13,1,4e-4,75.173,75.145,2.817,291.7,90.8,24.08,2,8
TeamA-f20565cc-df22-46a7-aa97-af8ed00601d7,2021-08-14,1,1e-4,187.277,187.25,6.085,967.1,57.3,22.02,9,24
TeamA-f20565cc-df22-46a7-aa97-af8ed00601d7,2021-08-16,1,2e-4,118.187,118.165,7.103,273.8,11.4,21.17,4,32
TeamA-f20565cc-df22-46a7-aa97-af8ed00601d7,2021-08-17,1,3e-4,85.505,85.483,3.596,282.3,47.3,23.43,3,6
TeamA-f20565cc-df22-46a7-aa97-af8ed00601d7,2021-08-18,1,1e-4,219.187,219.158,6.698,316.1,5.6,20.27,5,10
TeamA-f20565cc-df22-46a7-aa97-af8ed00601d7,2021-08-20,1,3e-4,69.837,69.815,4.712,266.3,31.9,22.8,5,2
TeamA-f20565cc-df22-46a7-aa97-af8ed00601d7,2021-08-21,1,1e-4,213.472,213.445,3.844,31.4,1.7,19.8,3,4
TeamA-f20565cc-df22-46a7-aa97-af8ed00601d7,2021-08-22,1,2e-4,122.537,122.51,8.477,718,147.6,23.12,6,6
TeamA-f20565cc-df22-46a7-aa97-af8ed00601d7,2021-08-23,1,3e-4,76.555,76.528,2.296,0,0,14.7,3,4
TeamA-f20565cc-df22-46a7-aa97-af8ed00601d7,2021-08-24,1,3e-4,79.422,79.395,3.985,395.1,118.4,24.48,5,4
TeamA-f20565cc-df22-46a7-aa97-af8ed00601d7,2021-08-25,1,1e-4,169.055,169.033,7.954,645.5,122.3,23.43,3,6
TeamA-f20565cc-df22-46a7-aa97-af8ed00601d7,2021-08-26,1,3e-4,83.372,83.347,3.919,92.7,1.1,19.93,6,7
TeamA-f20565cc-df22-46a7-aa97-af8ed00601d7,2021-08-27,1,4e-4,76.007,75.98,3.526,365,83.6,22.95,4,6
TeamA-f20565cc-df22-46a7-aa97-af8ed00601d7,2021-08-28,1,2e-4,187.372,187.342,6.576,765.2,343.7,25.84,11,11
TeamA-f20565cc-df22-46a7-aa97-af8ed00601d7,2021-08-30,1,2e-4,110.645,110.623,4.732,277.5,10.2,20.92,9,15
TeamA-f20565cc-df22-46a7-aa97-af8ed00601d7,2021-08-31,1,2e-4,95.99,95.968,5.567,224.8,44.3,22.04,8,9
TeamA-f20565cc-df22-46a7-aa97-af8ed00601d7,2021-09-01,1,3e-4,101.472,101.442,6.825,454.9,126.6,25,7,10
TeamA-f20565cc-df22-46a7-aa97-af8ed00601d7,2021-09-03,1,3e-4,85.705,85.678,3.519,367.9,81.9,23.08,6,5
TeamA-f20565cc-df22-46a7-aa97-af8ed00601d7,2021-09-04,1,1e-4,164.75,164.727,4.2,478.9,24.2,22.12,7,13
TeamA-f20565cc-df22-46a7-aa97-af8ed00601d7,2021-09-06,1,3e-4,118.405,118.375,4.963,164.5,23,22.31,3,13
TeamA-f20565cc-df22-46a7-aa97-af8ed00601d7,2021-09-07,1,2e-4,101.005,100.983,6.25,364.8,46.9,22.37,8,11
TeamA-f20565cc-df22-46a7-aa97-af8ed00601d7,2021-09-08,1,2e-4,106.02,105.998,7.289,636.1,130.5,24.56,10,14
TeamA-f20565cc-df22-46a7-aa97-af8ed00601d7,2021-09-09,1,3e-4,90.487,90.457,5.412,309.7,71.3,24.42,7,12
TeamA-f20565cc-df22-46a7-aa97-af8ed00601d7,2021-09-11,1,3e-4,69.988,69.967,3.456,369.4,78.7,24.5,5,3
TeamA-f20565cc-df22-46a7-aa97-af8ed00601d7,2021-09-12,1,1e-4,195.853,195.825,7.811,1512.2,515.4,26.2,11,12
TeamA-f20565cc-df22-46a7-aa97-af8ed00601d7,2021-09-14,1,2e-4,125.473,125.45,5.713,107.8,13.8,21.1,12,11
TeamA-f20565cc-df22-46a7-aa97-af8ed00601d7,2021-09-15,1,2e-4,110.405,110.378,6.701,380.6,40.1,21.16,13,15
TeamA-f20565cc-df22-46a7-aa97-af8ed00601d7,2021-09-16,1,2e-4,100.888,100.867,7.184,599.4,69,23.76,19,15
TeamA-f20565cc-df22-46a7-aa97-af8ed00601d7,2021-09-20,1,3e-4,91.922,91.895,4.75,377.1,118.8,24.43,8,8
TeamA-f20565cc-df22-46a7-aa97-af8ed00601d7,2021-09-21,1,2e-4,114.372,114.343,6.766,610.8,123,22.91,5,14
TeamA-f20565cc-df22-46a7-aa97-af8ed00601d7,2021-09-22,1,2e-4,106.038,106.015,6.137,400.3,42.7,22.18,7,10
TeamA-f20565cc-df22-46a7-aa97-af8ed00601d7,2021-09-24,1,5e-4,60.383,60.353,3.771,376.1,79,23.58,7,15
TeamA-f20565cc-df22-46a7-aa97-af8ed00601d7,2021-09-25,1,1e-4,171.338,171.317,4.134,129.1,28.5,24.23,5,1
TeamA-f20565cc-df22-46a7-aa97-af8ed00601d7,2021-09-27,1,3e-4,77.353,77.327,4.072,112,9.1,20.76,6,8
TeamA-f20565cc-df22-46a7-aa97-af8ed00601d7,2021-10-01,1,4e-4,68.355,68.328,3.13,325.6,65.1,23.87,7,5
TeamA-f20565cc-df22-46a7-aa97-af8ed00601d7,2021-10-02,1,7e-4,43.132,43.103,0.989,193.4,96.3,25.43,2,0
TeamA-f20565cc-df22-46a7-aa97-af8ed00601d7,2021-10-04,1,3e-4,85.722,85.7,3.981,190.8,22.7,23.76,4,11
TeamA-f20565cc-df22-46a7-aa97-af8ed00601d7,2021-10-05,1,2e-4,111.888,111.862,6.674,343.6,82.9,24.15,5,17
TeamA-f20565cc-df22-46a7-aa97-af8ed00601d7,2021-10-06,1,3e-4,106.838,106.808,7.988,1117.6,404,25.15,10,10
TeamA-f20565cc-df22-46a7-aa97-af8ed00601d7,2021-10-08,1,3e-4,83.838,83.812,4.363,429.3,107.6,24.14,6,5
TeamA-f20565cc-df22-46a7-aa97-af8ed00601d7,2021-10-09,1,2e-4,171.567,171.538,6.303,617.9,228.4,25.56,3,5
TeamA-f20565cc-df22-46a7-aa97-af8ed00601d7,2021-10-11,1,3e-4,77.022,77.002,3.891,88,4,20.12,5,10
TeamA-f20565cc-df22-46a7-aa97-af8ed00601d7,2021-10-12,1,2e-4,128.033,128.003,4.822,303.7,27.5,21.57,2,8
TeamA-f20565cc-df22-46a7-aa97-af8ed00601d7,2021-10-13,1,1e-4,226.155,226.128,8.484,1324.4,464.1,25.46,10,23
TeamA-f20565cc-df22-46a7-aa97-af8ed00601d7,2021-10-15,1,4e-4,59.422,59.395,3.234,119.6,15.9,20.38,3,3
TeamA-f20565cc-df22-46a7-aa97-af8ed00601d7,2021-10-16,1,2e-4,197.055,197.025,9.879,1891.8,508,26.73,8,17
TeamA-f20565cc-df22-46a7-aa97-af8ed00601d7,2021-10-18,1,3e-4,89.655,89.628,4.891,122.7,5.2,21.33,8,4
TeamA-f20565cc-df22-46a7-aa97-af8ed00601d7,2021-10-19,1,2e-4,113.92,113.893,6.314,232.9,27.9,20.92,8,13
TeamA-f20565cc-df22-46a7-aa97-af8ed00601d7,2021-10-20,1,3e-4,106.422,106.395,8.167,754.2,149.7,24.62,6,8
TeamA-f20565cc-df22-46a7-aa97-af8ed00601d7,2021-10-25,1,2e-4,113.987,113.962,5.618,162.8,9.9,21.36,5,15
TeamA-f20565cc-df22-46a7-aa97-af8ed00601d7,2021-10-26,1,-0,139.138,139.14,9.165,1594.8,1186.3,35.87,10,11
TeamA-f20565cc-df22-46a7-aa97-af8ed00601d7,2021-10-27,1,3e-4,99.438,99.412,6.057,422.3,74,23.83,5,8
TeamA-f20565cc-df22-46a7-aa97-af8ed00601d7,2021-10-28,1,3e-4,89.388,89.362,5.743,247.9,20.1,20.96,3,6
TeamA-f20565cc-df22-46a7-aa97-af8ed00601d7,2021-11-02,1,3e-4,101.053,101.027,5.881,293.2,60.9,22.84,2,9
TeamA-f20565cc-df22-46a7-aa97-af8ed00601d7,2021-11-03,1,2e-4,111.672,111.65,7.449,335.9,11.9,20.55,5,8
TeamA-f20565cc-df22-46a7-aa97-af8ed00601d7,2021-11-04,1,2e-4,106.853,106.827,9.132,980.1,152.1,23.65,5,7
TeamA-f20565cc-df22-46a7-aa97-af8ed00601d7,2021-11-06,1,6e-4,54.988,54.957,3.113,312.2,80.5,25.49,3,5
TeamA-f20565cc-df22-46a7-aa97-af8ed00601d7,2021-11-07,1,2e-4,175.415,175.388,7.358,1012.9,325.2,27.13,9,8
TeamA-f20565cc-df22-46a7-aa97-af8ed00601d7,2021-11-08,1,5e-4,60.487,60.455,5.156,170.5,12.3,21.8,7,6
TeamA-f20565cc-df22-46a7-aa97-af8ed00601d7,2021-11-09,1,3e-4,93.022,92.99,5.149,409.8,68,23.08,8,7
TeamA-f20565cc-df22-46a7-aa97-af8ed00601d7,2021-11-10,1,3e-4,99.355,99.327,6.746,617.3,157.8,26.38,3,6
TeamA-f20565cc-df22-46a7-aa97-af8ed00601d7,2021-11-12,1,4e-4,66.872,66.847,3.8,365.3,84.9,24.69,5,8
TeamA-f20565cc-df22-46a7-aa97-af8ed00601d7,2021-11-13,1,2e-4,196.967,196.935,5.957,448.5,67.9,22.47,1,4
TeamA-f728b4fa-4248-5e3a-0a5d-2f346baa9455,2020-06-01,1,-0,100.837,100.838,2.456,16.2,0,17.38,2,14
TeamA-f728b4fa-4248-5e3a-0a5d-2f346baa9455,2020-06-02,1,-0,115.437,115.438,3.802,1.4,0,16.21,6,11
TeamA-f728b4fa-4248-5e3a-0a5d-2f346baa9455,2020-06-03,1,-0,129.438,129.44,4.742,39.9,0.6,19.32,5,7
TeamA-f728b4fa-4248-5e3a-0a5d-2f346baa9455,2020-06-04,1,-0,105.957,105.958,3.645,0.5,0,14.11,4,8
TeamA-f728b4fa-4248-5e3a-0a5d-2f346baa9455,2020-06-05,1,-0,110.005,110.007,3.362,10.8,0.6,18.41,6,10
TeamA-f728b4fa-4248-5e3a-0a5d-2f346baa9455,2020-06-06,1,-0,131.52,131.522,5.131,84.7,0.6,19.03,4,10
TeamA-f728b4fa-4248-5e3a-0a5d-2f346baa9455,2020-06-08,1,-0,113.338,113.34,3.92,9.1,0,16.44,11,9
TeamA-f728b4fa-4248-5e3a-0a5d-2f346baa9455,2020-06-09,1,-0,121.872,121.873,3.959,8,0,17.51,6,7
TeamA-f728b4fa-4248-5e3a-0a5d-2f346baa9455,2020-06-10,1,-0,119.155,119.157,4.21,17.7,0,17.42,0,2
TeamA-f728b4fa-4248-5e3a-0a5d-2f346baa9455,2020-06-11,1,-0,85.488,85.49,2.409,77.2,53,23.05,3,1
TeamA-f728b4fa-4248-5e3a-0a5d-2f346baa9455,2020-06-12,1,-0,70.555,70.557,2.191,0,0,15.08,3,5
TeamA-f728b4fa-4248-5e3a-0a5d-2f346baa9455,2020-06-15,1,-0,127.988,127.99,3.66,15.6,0.6,17.02,9,19
TeamA-f728b4fa-4248-5e3a-0a5d-2f346baa9455,2020-06-16,1,-0,132.357,132.358,5.496,45,0,18.07,4,12
TeamA-f728b4fa-4248-5e3a-0a5d-2f346baa9455,2020-06-17,1,-0,150.388,150.39,4.489,88.8,0.6,19.78,4,7
TeamA-f728b4fa-4248-5e3a-0a5d-2f346baa9455,2020-06-19,1,-0,75.987,75.988,1.965,3.2,0,15.99,3,6
TeamA-f728b4fa-4248-5e3a-0a5d-2f346baa9455,2020-06-22,1,-0,101.338,101.34,3.125,14.8,1.1,18.2,2,17
TeamA-f728b4fa-4248-5e3a-0a5d-2f346baa9455,2020-06-23,1,-0,134.39,134.392,4.773,26.5,0.6,19.13,11,19
TeamA-f728b4fa-4248-5e3a-0a5d-2f346baa9455,2020-06-24,1,-0,137.855,137.857,3.614,37.2,1.2,19.59,6,2
TeamA-f728b4fa-4248-5e3a-0a5d-2f346baa9455,2020-06-26,1,-0,78.003,78.005,2.347,42.3,16.4,21.69,2,3
TeamA-f728b4fa-4248-5e3a-0a5d-2f346baa9455,2020-06-27,1,-0,119.52,119.522,4.542,405.4,36.2,22.6,0,0
TeamA-f728b4fa-4248-5e3a-0a5d-2f346baa9455,2020-06-29,1,-0,132.022,132.023,3.54,76.8,29.8,21.91,10,12
TeamA-f728b4fa-4248-5e3a-0a5d-2f346baa9455,2020-06-30,1,-0,121.99,121.992,5.648,48.1,0,18.51,2,10
TeamA-f728b4fa-4248-5e3a-0a5d-2f346baa9455,2020-07-02,1,-0,81.457,81.458,2.132,3.7,0,16.79,3,4
TeamA-f728b4fa-4248-5e3a-0a5d-2f346baa9455,2020-07-03,1,-0,125.538,125.54,2.146,12.5,0,18.06,0,0
TeamA-f728b4fa-4248-5e3a-0a5d-2f346baa9455,2020-07-04,1,-0,127.52,127.522,3.192,49.3,0,18.97,1,2
TeamA-f728b4fa-4248-5e3a-0a5d-2f346baa9455,2020-07-06,1,-0,89.405,89.407,3.056,3.8,0,17.2,7,6
TeamA-f728b4fa-4248-5e3a-0a5d-2f346baa9455,2020-07-07,1,-0,111.355,111.357,3.834,2.3,0,16.25,4,7
TeamA-f728b4fa-4248-5e3a-0a5d-2f346baa9455,2020-07-08,1,-0,120.022,120.023,4.687,88.2,7.3,20.22,0,2
TeamA-f728b4fa-4248-5e3a-0a5d-2f346baa9455,2020-07-10,1,-0,77.705,77.707,1.802,3.2,0,16.08,5,8
TeamA-f728b4fa-4248-5e3a-0a5d-2f346baa9455,2020-07-11,1,-0,156.62,156.622,4.493,261.2,2.8,20.09,4,10
TeamA-f728b4fa-4248-5e3a-0a5d-2f346baa9455,2020-07-13,1,-0,67.987,67.988,2.666,25.1,0,17.19,5,3
TeamA-f728b4fa-4248-5e3a-0a5d-2f346baa9455,2020-07-14,1,-0,96.855,96.857,3.139,25.3,0,19.19,4,23
TeamA-f728b4fa-4248-5e3a-0a5d-2f346baa9455,2020-07-16,1,-0,119.007,119.008,3.654,52.9,20.2,21.24,7,8
TeamA-f728b4fa-4248-5e3a-0a5d-2f346baa9455,2020-07-18,1,-0,66.988,66.99,1.569,0,0,15.45,4,2
TeamA-f728b4fa-4248-5e3a-0a5d-2f346baa9455,2020-07-20,1,-0,64.138,64.14,3.169,1.4,0,15.45,3,7
TeamA-f728b4fa-4248-5e3a-0a5d-2f346baa9455,2020-07-21,1,-0,91.883,91.885,3.684,33.3,0,18.51,4,4
TeamA-f728b4fa-4248-5e3a-0a5d-2f346baa9455,2020-07-22,1,-0,108.708,108.71,3.993,40.3,1.1,19.9,1,4
TeamA-f728b4fa-4248-5e3a-0a5d-2f346baa9455,2020-07-27,1,-0,69.538,69.54,2.28,0.9,0,15,3,4
TeamA-f728b4fa-4248-5e3a-0a5d-2f346baa9455,2020-07-29,1,-0,125.488,125.49,4.232,26.5,0.6,19.43,11,14
TeamA-f728b4fa-4248-5e3a-0a5d-2f346baa9455,2020-07-30,1,-0,114.158,114.16,3.194,5.7,0,17.92,3,2
TeamA-f728b4fa-4248-5e3a-0a5d-2f346baa9455,2020-08-01,1,-0,85.055,85.057,1.635,0.5,0,14.58,0,2
TeamA-f728b4fa-4248-5e3a-0a5d-2f346baa9455,2020-08-02,1,-0,181.598,181.6,5.176,588.3,215.4,22.16,15,19
TeamA-f728b4fa-4248-5e3a-0a5d-2f346baa9455,2020-08-03,1,-0,82.505,82.507,2.59,24.7,0,17.89,6,6
TeamA-f728b4fa-4248-5e3a-0a5d-2f346baa9455,2020-08-04,1,-0,97.987,97.988,2.767,48.5,11.7,21.44,14,13
TeamA-f728b4fa-4248-5e3a-0a5d-2f346baa9455,2020-08-05,1,-0,107.088,107.09,2.658,4.2,0,17.08,3,3
TeamA-f728b4fa-4248-5e3a-0a5d-2f346baa9455,2020-08-06,1,-0,105.523,105.525,3.188,13.8,0,16.7,4,3
TeamA-f728b4fa-4248-5e3a-0a5d-2f346baa9455,2020-08-07,1,-0,60.42,60.422,1.684,0,0,14.9,2,1
TeamA-f728b4fa-4248-5e3a-0a5d-2f346baa9455,2020-08-08,1,-0,170.437,170.438,6.597,338,20.1,21.02,5,11
TeamA-f728b4fa-4248-5e3a-0a5d-2f346baa9455,2020-08-10,1,-0,83.957,83.958,2.994,4.2,0,17,4,6
TeamA-f728b4fa-4248-5e3a-0a5d-2f346baa9455,2020-08-11,1,-0,86.055,86.057,3.254,13,0.6,18.91,2,7
TeamA-f728b4fa-4248-5e3a-0a5d-2f346baa9455,2020-08-13,1,-0,111.688,111.69,3.682,18.8,0,18.47,3,8
TeamA-f728b4fa-4248-5e3a-0a5d-2f346baa9455,2020-08-15,1,-0,85.505,85.507,3.344,84.5,52.3,23.75,5,4
TeamA-f728b4fa-4248-5e3a-0a5d-2f346baa9455,2020-08-16,1,-0,198.987,198.988,4.827,569.4,112.8,21.48,9,15
TeamA-f728b4fa-4248-5e3a-0a5d-2f346baa9455,2020-08-17,1,-0,81.537,81.538,2.871,5.6,0,16.64,5,6
TeamA-f728b4fa-4248-5e3a-0a5d-2f346baa9455,2020-08-19,1,-0,110.173,110.175,4.073,3.2,0,15.77,6,5
TeamA-f728b4fa-4248-5e3a-0a5d-2f346baa9455,2020-08-20,1,-0,106.472,106.473,2.942,97.6,42.4,23.05,4,5
TeamA-f728b4fa-4248-5e3a-0a5d-2f346baa9455,2020-08-21,1,-0,56.372,56.373,1.837,72.3,33.9,23.03,4,5
TeamA-f728b4fa-4248-5e3a-0a5d-2f346baa9455,2020-08-22,1,-0,122.39,122.392,3.024,96,16.4,21.78,0,0
TeamA-f728b4fa-4248-5e3a-0a5d-2f346baa9455,2020-08-25,1,-0,57.338,57.34,2.228,1.8,0,16.04,2,4
TeamA-f728b4fa-4248-5e3a-0a5d-2f346baa9455,2020-08-26,1,-0,162.872,162.873,4.93,456.2,202.5,22.21,3,9
TeamA-f728b4fa-4248-5e3a-0a5d-2f346baa9455,2020-08-27,1,-0,59.203,59.205,1.444,6.4,0,16.24,1,3
TeamA-f728b4fa-4248-5e3a-0a5d-2f346baa9455,2020-08-29,1,-0,42.872,42.873,0.965,0.5,0,13.35,2,3
TeamA-f728b4fa-4248-5e3a-0a5d-2f346baa9455,2020-08-31,1,-0,70.87,70.872,2.229,0,0,14.49,2,6
TeamA-f728b4fa-4248-5e3a-0a5d-2f346baa9455,2020-09-01,1,-0,68.37,68.372,2.14,4.3,0,17.27,2,2
TeamA-f728b4fa-4248-5e3a-0a5d-2f346baa9455,2020-09-02,1,-0,92.988,92.99,3.763,48.3,16.8,21.74,5,10
TeamA-f728b4fa-4248-5e3a-0a5d-2f346baa9455,2020-09-03,1,-0,98.887,98.888,3.607,22,0,18.75,6,9
TeamA-f728b4fa-4248-5e3a-0a5d-2f346baa9455,2020-09-04,1,-0,66.337,66.338,1.923,26.3,0.6,19.67,0,4
TeamA-f728b4fa-4248-5e3a-0a5d-2f346baa9455,2020-09-07,1,-0,67.428,67.43,3.079,0,0,14.11,1,5
TeamA-f728b4fa-4248-5e3a-0a5d-2f346baa9455,2020-09-08,1,-0,79.258,79.26,3.442,8.6,0,16.66,6,8
TeamA-f728b4fa-4248-5e3a-0a5d-2f346baa9455,2020-09-09,1,-0,90.557,90.558,3.275,30.5,0,17.27,2,3
TeamA-f728b4fa-4248-5e3a-0a5d-2f346baa9455,2020-09-11,1,-0,57.037,57.038,1.822,0,0,14.95,3,2
TeamA-f728b4fa-4248-5e3a-0a5d-2f346baa9455,2020-09-12,1,-0,174.555,174.557,4.139,550,271.8,23.54,5,11
TeamA-f728b4fa-4248-5e3a-0a5d-2f346baa9455,2020-09-14,1,-0,76.038,76.04,3.428,19.3,2.9,21.23,3,5
TeamA-f728b4fa-4248-5e3a-0a5d-2f346baa9455,2020-09-15,1,-0,96.038,96.04,3.827,2.2,0,15.81,4,9
TeamA-f728b4fa-4248-5e3a-0a5d-2f346baa9455,2020-09-16,1,-0,123.372,123.373,4.448,16.1,0,18.26,5,11
TeamA-f728b4fa-4248-5e3a-0a5d-2f346baa9455,2020-09-21,1,-0,69.888,69.89,2.631,13,0,18.42,4,10
TeamA-f728b4fa-4248-5e3a-0a5d-2f346baa9455,2020-09-22,1,-0,105.022,105.023,4.147,10.1,0,16.49,7,14
TeamA-f728b4fa-4248-5e3a-0a5d-2f346baa9455,2020-09-23,1,-0,98.005,98.007,3.175,4.8,0.6,17.09,3,5
TeamA-f728b4fa-4248-5e3a-0a5d-2f346baa9455,2020-09-25,1,-0,61.797,61.798,1.816,0,0,15.09,2,2
TeamA-f728b4fa-4248-5e3a-0a5d-2f346baa9455,2020-09-28,1,-0,48.957,48.958,1.5,0.4,0,15.29,1,6
TeamA-f728b4fa-4248-5e3a-0a5d-2f346baa9455,2020-09-29,1,-0,103.037,103.038,3.037,1.8,0,16.05,4,11
TeamA-f728b4fa-4248-5e3a-0a5d-2f346baa9455,2020-09-30,1,-0,106.2,106.202,4.546,65,0,18.69,7,7
TeamA-f728b4fa-4248-5e3a-0a5d-2f346baa9455,2020-10-01,1,-0,94.355,94.357,3.317,0.9,0,14.86,1,3
TeamA-f728b4fa-4248-5e3a-0a5d-2f346baa9455,2020-10-03,1,-0,83.003,83.005,2.311,2.3,0,15.99,0,3
TeamA-f728b4fa-4248-5e3a-0a5d-2f346baa9455,2020-10-04,1,-0,169.373,169.375,4.633,649.6,291.2,23.52,13,5
TeamA-f728b4fa-4248-5e3a-0a5d-2f346baa9455,2020-10-05,1,-0,73.922,73.923,2.426,0,0,15.29,2,9
TeamA-f728b4fa-4248-5e3a-0a5d-2f346baa9455,2020-10-06,1,-0,69.405,69.407,2.491,0.5,0,15.46,2,1
TeamA-f728b4fa-4248-5e3a-0a5d-2f346baa9455,2020-10-07,1,-0,159.907,159.908,4.337,628,373.6,24.37,8,7
TeamA-f728b4fa-4248-5e3a-0a5d-2f346baa9455,2020-10-08,1,-0,117.298,117.3,4.932,10.2,0,19.39,6,9
TeamA-f728b4fa-4248-5e3a-0a5d-2f346baa9455,2020-10-10,1,-0,91.057,91.058,3.84,17.7,0,19.13,1,10
TeamA-f728b4fa-4248-5e3a-0a5d-2f346baa9455,2020-10-12,1,-0,84.905,84.907,2.628,0,0,15.06,5,4
TeamA-f728b4fa-4248-5e3a-0a5d-2f346baa9455,2020-10-13,1,-0,129.038,129.04,4.319,5.5,0,16.11,7,20
TeamA-f728b4fa-4248-5e3a-0a5d-2f346baa9455,2020-10-14,1,-0,109.522,109.523,3.103,13.7,0,18.56,2,7
TeamA-f728b4fa-4248-5e3a-0a5d-2f346baa9455,2020-10-15,1,-0,87.52,87.522,3.467,1.9,0,15.2,5,2
TeamA-f728b4fa-4248-5e3a-0a5d-2f346baa9455,2020-10-17,1,-0,57.838,57.84,2.07,0,0,12.75,1,2
TeamA-f728b4fa-4248-5e3a-0a5d-2f346baa9455,2020-10-19,1,-0,69.755,69.757,2.13,6.6,0,17.66,1,10
TeamA-f728b4fa-4248-5e3a-0a5d-2f346baa9455,2020-10-20,1,-0,66.337,66.338,3.105,0,0,15.04,6,3
TeamA-f728b4fa-4248-5e3a-0a5d-2f346baa9455,2020-10-21,1,-0,83.97,83.972,3.049,5.1,0,16.63,3,7
TeamA-f728b4fa-4248-5e3a-0a5d-2f346baa9455,2020-10-22,1,-0,100.455,100.457,4.348,1.4,0,15.49,6,6
TeamA-f728b4fa-4248-5e3a-0a5d-2f346baa9455,2020-10-23,1,-0,81.038,81.04,2.349,0,0,14.49,8,1
TeamA-f728b4fa-4248-5e3a-0a5d-2f346baa9455,2020-10-26,1,-0,72.862,72.863,2.22,4.6,0,16.89,8,4
TeamA-f728b4fa-4248-5e3a-0a5d-2f346baa9455,2020-10-27,1,-0,107.692,107.693,3.742,3.4,0,17.68,5,17
TeamA-f728b4fa-4248-5e3a-0a5d-2f346baa9455,2020-10-28,1,-0,145.038,145.04,4.202,14.1,0,16.51,4,3
TeamA-f728b4fa-4248-5e3a-0a5d-2f346baa9455,2020-10-29,1,-0,91.888,91.89,2.95,0,0,14.25,4,8
TeamA-f728b4fa-4248-5e3a-0a5d-2f346baa9455,2020-10-31,1,-0,85.038,85.04,2.596,21.1,1.1,19.87,0,7
TeamA-f728b4fa-4248-5e3a-0a5d-2f346baa9455,2020-11-01,1,-0,175.353,175.355,6.288,899.4,151.8,22.03,9,11
TeamA-f728b4fa-4248-5e3a-0a5d-2f346baa9455,2020-11-02,1,-0,90.387,90.388,2.819,1,0,15.81,4,9
TeamA-f728b4fa-4248-5e3a-0a5d-2f346baa9455,2020-11-04,1,-0,150.715,150.717,3.991,5.4,0.6,19.4,6,4
TeamA-f728b4fa-4248-5e3a-0a5d-2f346baa9455,2020-11-06,1,2e-4,81.405,81.388,2.046,1.4,0,15.7,1,7
TeamA-f728b4fa-4248-5e3a-0a5d-2f346baa9455,2020-11-09,1,-0,77.538,77.54,2.152,2.5,0.6,18.31,3,7
TeamA-f728b4fa-4248-5e3a-0a5d-2f346baa9455,2020-11-11,1,2e-4,100.37,100.353,3.879,0.9,0,15.3,5,16
TeamA-f728b4fa-4248-5e3a-0a5d-2f346baa9455,2020-11-13,1,-0,86.157,86.158,2.571,30.5,0,18.32,0,9
TeamA-f728b4fa-4248-5e3a-0a5d-2f346baa9455,2020-11-14,1,-0,58.078,58.08,2.452,0.5,0,15.59,1,8
TeamA-f728b4fa-4248-5e3a-0a5d-2f346baa9455,2020-11-17,1,-0,72.955,72.957,3.056,12.2,0,18.29,4,7
TeamA-f728b4fa-4248-5e3a-0a5d-2f346baa9455,2020-11-20,1,-0,68.688,68.69,2.571,5.1,0,15.9,3,8
TeamA-f728b4fa-4248-5e3a-0a5d-2f346baa9455,2020-11-23,1,-0,78.133,78.135,2.941,0,0,15.21,4,14
TeamA-f728b4fa-4248-5e3a-0a5d-2f346baa9455,2020-11-30,1,-0,76.27,76.272,2.945,10.2,0,16.88,3,14
TeamA-f7c1bd87-4da5-e709-d471-3d60c8a70639,2021-11-16,1,3e-4,80.52,80.498,5.479,182.9,29.4,22.23,0,9
TeamA-fcbd04c3-4021-2ef7-cca5-a5a19e4d6e3c,2021-03-19,1,-0,112.09,112.092,9.816,1218.2,414.7,27.39,6,12
TeamA-fcbd04c3-4021-2ef7-cca5-a5a19e4d6e3c,2021-03-22,1,-0,87.483,87.485,5.545,443.9,118.2,23.74,4,15
TeamA-fcbd04c3-4021-2ef7-cca5-a5a19e4d6e3c,2021-03-23,1,-0,85.172,85.173,5.751,173.3,14.3,20.38,1,10
TeamA-fcbd04c3-4021-2ef7-cca5-a5a19e4d6e3c,2021-03-24,1,-0,110.922,110.923,7.489,894.7,267.9,26.29,7,17
TeamA-fcbd04c3-4021-2ef7-cca5-a5a19e4d6e3c,2021-03-26,1,-0,75.338,75.34,4.39,606.1,301.3,24.96,2,13
TeamA-fcbd04c3-4021-2ef7-cca5-a5a19e4d6e3c,2021-03-27,1,-0,112.523,112.525,10.107,1159.6,417.8,27.43,11,12
TeamA-fcbd04c3-4021-2ef7-cca5-a5a19e4d6e3c,2021-03-30,1,-0,89.872,89.873,4.952,183.3,19.3,21.7,3,8
TeamA-fcbd04c3-4021-2ef7-cca5-a5a19e4d6e3c,2021-04-05,1,-0,63.97,63.972,4.135,115.4,2.3,20.11,0,5
TeamA-fcbd04c3-4021-2ef7-cca5-a5a19e4d6e3c,2021-04-06,1,-0,91.775,91.777,5.621,102,2.9,20.58,3,12
TeamA-fcbd04c3-4021-2ef7-cca5-a5a19e4d6e3c,2021-04-07,1,-0,95.022,95.023,6.029,324.9,110.6,25.63,1,14
TeamA-fcbd04c3-4021-2ef7-cca5-a5a19e4d6e3c,2021-04-08,1,-0,98.907,98.908,4.274,469.7,207.3,25.49,2,8
TeamA-fcbd04c3-4021-2ef7-cca5-a5a19e4d6e3c,2021-04-09,1,-0,96.053,96.055,5.777,269.9,61,23.14,6,9
TeamA-fcbd04c3-4021-2ef7-cca5-a5a19e4d6e3c,2021-04-10,1,-0,64.49,64.492,3,852.4,572.6,27.41,17,17
TeamA-fcbd04c3-4021-2ef7-cca5-a5a19e4d6e3c,2021-04-12,1,-0,116.987,116.988,6.266,194.3,23.6,22.19,1,18
TeamA-fcbd04c3-4021-2ef7-cca5-a5a19e4d6e3c,2021-04-13,1,-0,105.47,105.472,5.404,249.1,47.1,22.12,5,15
TeamA-fcbd04c3-4021-2ef7-cca5-a5a19e4d6e3c,2021-04-14,1,-0,112.858,112.86,7.395,805.1,324.6,26.45,6,19
TeamA-fcbd04c3-4021-2ef7-cca5-a5a19e4d6e3c,2021-04-16,1,-0,72.853,72.855,3.1,120.3,42.9,22.86,3,5
TeamA-fcbd04c3-4021-2ef7-cca5-a5a19e4d6e3c,2021-04-17,1,-0,42.853,42.855,1.911,32,5.1,20.36,1,0
TeamA-fcbd04c3-4021-2ef7-cca5-a5a19e4d6e3c,2021-04-19,1,-0,96.988,96.99,4.329,273.7,55.1,22.5,5,14
TeamA-fcbd04c3-4021-2ef7-cca5-a5a19e4d6e3c,2021-04-20,1,-0,110.82,110.822,7.628,545.8,91.8,24.03,2,19
TeamA-fcbd04c3-4021-2ef7-cca5-a5a19e4d6e3c,2021-04-21,1,-0,68.033,68.035,4.552,346.5,121.1,26.77,2,9
TeamA-fcbd04c3-4021-2ef7-cca5-a5a19e4d6e3c,2021-04-23,1,-0,188.357,188.358,9.041,402,42.4,23.6,4,20
TeamA-fcbd04c3-4021-2ef7-cca5-a5a19e4d6e3c,2021-04-26,1,-0,84.02,84.022,4.088,158.1,6.2,19.99,2,11
TeamA-fcbd04c3-4021-2ef7-cca5-a5a19e4d6e3c,2021-04-27,1,-0,82.657,82.658,5.205,326.2,83.1,26.34,2,7
TeamA-fcbd04c3-4021-2ef7-cca5-a5a19e4d6e3c,2021-04-28,1,-0,103.04,103.042,4.479,491.5,166.5,24.58,4,14
TeamA-fcbd04c3-4021-2ef7-cca5-a5a19e4d6e3c,2021-04-30,1,-1e-4,23.903,23.905,0.901,0,0,13.56,1,1
TeamA-fcbd04c3-4021-2ef7-cca5-a5a19e4d6e3c,2021-05-03,1,-0,95.938,95.94,3.791,64.8,2.8,20.02,0,12
TeamA-fcbd04c3-4021-2ef7-cca5-a5a19e4d6e3c,2021-05-04,1,-0,57.537,57.538,2.902,201.7,52.7,22.22,2,6
TeamA-fcbd04c3-4021-2ef7-cca5-a5a19e4d6e3c,2021-05-10,1,-0,109.472,109.473,4.642,163.2,15.9,23.49,3,13
TeamA-fcbd04c3-4021-2ef7-cca5-a5a19e4d6e3c,2021-05-11,1,3e-4,98.872,98.845,4.473,97.1,2.9,19.43,1,15
TeamA-fcbd04c3-4021-2ef7-cca5-a5a19e4d6e3c,2021-05-13,1,-0,69.223,69.225,2.485,167.2,49.8,24.87,4,8
TeamA-fcbd04c3-4021-2ef7-cca5-a5a19e4d6e3c,2021-05-14,1,-0,92.538,92.54,3.033,154.8,29.7,24.06,1,5
TeamA-fcbd04c3-4021-2ef7-cca5-a5a19e4d6e3c,2021-05-17,1,-0,106.255,106.257,3.915,58.2,7.8,22.33,1,9
TeamA-fcbd04c3-4021-2ef7-cca5-a5a19e4d6e3c,2021-05-18,1,-0,93.837,93.838,4.988,174,56.1,24.4,1,9
TeamA-fcbd04c3-4021-2ef7-cca5-a5a19e4d6e3c,2021-05-19,1,-0,97.855,97.857,7.35,864.4,324.4,25.93,2,14
TeamA-fcbd04c3-4021-2ef7-cca5-a5a19e4d6e3c,2021-05-21,1,-0,117.42,117.422,3.733,346.2,134.1,25.61,5,6
TeamA-fcbd04c3-4021-2ef7-cca5-a5a19e4d6e3c,2021-05-22,1,-0,177.432,177.433,4.32,640.1,226.9,26.97,6,9
TeamA-fcbd04c3-4021-2ef7-cca5-a5a19e4d6e3c,2021-05-24,1,-0,105.473,105.475,3.646,104.4,3.4,20.35,2,12
TeamA-fcbd04c3-4021-2ef7-cca5-a5a19e4d6e3c,2021-05-25,1,-0,94.555,94.557,5.143,289.7,39.1,23.24,0,15
TeamA-fcbd04c3-4021-2ef7-cca5-a5a19e4d6e3c,2021-05-26,1,-0,106.872,106.873,8.204,794.9,230.8,23.98,5,15
TeamA-fcbd04c3-4021-2ef7-cca5-a5a19e4d6e3c,2021-05-28,1,-0,66.832,66.833,3.713,343.7,76.2,23.9,2,11
TeamA-fcbd04c3-4021-2ef7-cca5-a5a19e4d6e3c,2021-05-29,1,-0,182.405,182.407,5.193,660,333.8,30.42,10,28
TeamA-fcbd04c3-4021-2ef7-cca5-a5a19e4d6e3c,2021-05-31,1,-0,87.737,87.738,3.656,142.6,2.8,19.78,3,18
TeamA-fcbd04c3-4021-2ef7-cca5-a5a19e4d6e3c,2021-06-01,1,-0,95.338,95.34,4.943,265.4,74.6,23.04,4,15
TeamA-fcbd04c3-4021-2ef7-cca5-a5a19e4d6e3c,2021-06-02,1,-0,105.488,105.49,7.118,670,210.1,25.06,4,21
TeamA-fcbd04c3-4021-2ef7-cca5-a5a19e4d6e3c,2021-06-05,1,-0,183.173,183.175,7.084,1057.3,430.6,27.07,7,13
TeamA-fcbd04c3-4021-2ef7-cca5-a5a19e4d6e3c,2021-06-07,1,-0,103.473,103.475,4.316,139.4,11.4,20.69,5,9
TeamA-fcbd04c3-4021-2ef7-cca5-a5a19e4d6e3c,2021-06-08,1,-0,76.722,76.723,4.392,232.4,16.4,21.7,1,17
TeamA-fcbd04c3-4021-2ef7-cca5-a5a19e4d6e3c,2021-06-09,1,-0,94.42,94.422,6.334,440.9,141.9,25.15,2,15
TeamA-fcbd04c3-4021-2ef7-cca5-a5a19e4d6e3c,2021-06-10,1,-0,97.055,97.057,4.816,443.3,127.1,27.84,8,13
TeamA-fcbd04c3-4021-2ef7-cca5-a5a19e4d6e3c,2021-06-14,1,-0,97.472,97.473,5.17,305.6,49.8,24.17,4,8
TeamA-fcbd04c3-4021-2ef7-cca5-a5a19e4d6e3c,2021-06-16,1,-0,120.005,120.007,5.594,482.5,204.7,28.55,2,1
TeamA-fcbd04c3-4021-2ef7-cca5-a5a19e4d6e3c,2021-06-18,1,-0,84.345,84.347,3.637,272.2,45.4,22.14,3,12
TeamA-fcbd04c3-4021-2ef7-cca5-a5a19e4d6e3c,2021-06-19,1,-0,104.64,104.642,7.106,662.8,246.4,26.75,5,19
TeamA-fcbd04c3-4021-2ef7-cca5-a5a19e4d6e3c,2021-06-21,1,-0,66.37,66.372,3.738,345.3,99.3,26.26,3,6
TeamA-fcbd04c3-4021-2ef7-cca5-a5a19e4d6e3c,2021-06-22,1,-0,199.005,199.007,6.765,300.9,169.1,27.43,3,16
TeamA-fcbd04c3-4021-2ef7-cca5-a5a19e4d6e3c,2021-06-24,1,-0,86.87,86.872,4.128,101.6,12.1,20.7,1,6
TeamA-fcbd04c3-4021-2ef7-cca5-a5a19e4d6e3c,2021-06-25,1,-0,63.12,63.122,2.722,143.9,37.9,23.97,2,2
TeamA-fcbd04c3-4021-2ef7-cca5-a5a19e4d6e3c,2021-06-28,1,-0,103.038,103.04,5.023,99.5,7.1,22.37,1,8
TeamA-fcbd04c3-4021-2ef7-cca5-a5a19e4d6e3c,2021-06-29,1,-0,87.108,87.11,4.003,362.9,101.9,25.53,3,6
TeamA-fcbd04c3-4021-2ef7-cca5-a5a19e4d6e3c,2021-06-30,1,1e-4,185.84,185.82,6.149,1163.6,503.7,29.96,9,14
TeamA-fcbd04c3-4021-2ef7-cca5-a5a19e4d6e3c,2021-07-02,1,-0,86.888,86.89,3.761,94.5,8.5,20.94,2,9
TeamA-fcbd04c3-4021-2ef7-cca5-a5a19e4d6e3c,2021-07-03,1,-0,55.553,55.555,2.835,210.5,57.6,24.82,3,2
TeamA-fcbd04c3-4021-2ef7-cca5-a5a19e4d6e3c,2021-07-05,1,0.0024,68.973,68.808,3.842,70.7,4.2,21.71,3,4
TeamA-fcbd04c3-4021-2ef7-cca5-a5a19e4d6e3c,2021-07-07,1,-0,95.088,95.09,4.628,194.5,59.7,27.45,5,13
TeamA-fcbd04c3-4021-2ef7-cca5-a5a19e4d6e3c,2021-07-08,1,-0,81.005,81.007,4.122,131.2,22.9,22.54,4,10
TeamA-fcbd04c3-4021-2ef7-cca5-a5a19e4d6e3c,2021-07-09,1,-0,63.92,63.922,2.937,224,64.2,23.14,1,5
TeamA-fcbd04c3-4021-2ef7-cca5-a5a19e4d6e3c,2021-07-12,1,-0,99.007,99.008,3.714,129,1.7,19.82,3,9
TeamA-fcbd04c3-4021-2ef7-cca5-a5a19e4d6e3c,2021-07-13,1,-0,102.872,102.873,5.615,213.6,23.6,21.76,3,11
TeamA-fcbd04c3-4021-2ef7-cca5-a5a19e4d6e3c,2021-07-14,1,-0,95.188,95.19,6.092,653.6,292.2,28.64,1,6
TeamA-fcbd04c3-4021-2ef7-cca5-a5a19e4d6e3c,2021-07-16,1,-0,84.538,84.54,3.156,179.9,56,22.11,3,2
TeamA-fcbd04c3-4021-2ef7-cca5-a5a19e4d6e3c,2021-07-17,1,1e-4,159.54,159.52,4.299,223.6,157.1,28.16,1,2
TeamA-fcbd04c3-4021-2ef7-cca5-a5a19e4d6e3c,2021-07-28,1,-0,76.855,76.857,4.599,268.4,49.3,24.55,4,9
TeamA-fcbd04c3-4021-2ef7-cca5-a5a19e4d6e3c,2021-07-29,1,-0,96.64,96.642,5.608,408.3,72.5,22.43,3,12
TeamA-fcbd04c3-4021-2ef7-cca5-a5a19e4d6e3c,2021-07-30,1,1e-4,171.038,171.022,8.49,797.9,297.2,25.06,0,8
TeamA-fcbd04c3-4021-2ef7-cca5-a5a19e4d6e3c,2021-08-02,1,-0,138.505,138.507,7.348,581.1,138.2,24.38,3,17
TeamA-fcbd04c3-4021-2ef7-cca5-a5a19e4d6e3c,2021-08-03,1,-0,101.99,101.992,6.002,439,135,24.59,5,17
TeamA-fcbd04c3-4021-2ef7-cca5-a5a19e4d6e3c,2021-08-04,1,-0,114.76,114.762,6.282,627.3,238.2,28.77,2,11
TeamA-fcbd04c3-4021-2ef7-cca5-a5a19e4d6e3c,2021-08-06,1,2e-4,84.555,84.537,4.609,455.4,129,24.31,4,9
TeamA-fcbd04c3-4021-2ef7-cca5-a5a19e4d6e3c,2021-08-09,1,2e-4,77.64,77.622,2.261,47.7,4,20.15,1,7
TeamA-fcbd04c3-4021-2ef7-cca5-a5a19e4d6e3c,2021-08-10,1,-0,88.505,88.507,4.757,317.8,76.8,25.06,2,16
TeamA-fcbd04c3-4021-2ef7-cca5-a5a19e4d6e3c,2021-08-11,1,-0,165.037,165.038,6.52,462.8,154.5,25.44,4,5
TeamA-fcbd04c3-4021-2ef7-cca5-a5a19e4d6e3c,2021-08-18,1,1e-4,167.305,167.287,3.194,18.9,0,18.13,3,2
TeamA-fcbd04c3-4021-2ef7-cca5-a5a19e4d6e3c,2021-08-20,1,-0,65.905,65.907,4.39,259.5,36.6,23.34,1,3
TeamA-fcbd04c3-4021-2ef7-cca5-a5a19e4d6e3c,2021-08-21,1,-0,208.537,208.538,3.794,9.8,0,17.37,2,0
TeamA-fcbd04c3-4021-2ef7-cca5-a5a19e4d6e3c,2021-08-22,1,2e-4,115.322,115.303,9.856,1230.9,538.2,28.22,5,13
TeamA-fcbd04c3-4021-2ef7-cca5-a5a19e4d6e3c,2021-08-23,1,-0,81.032,81.033,2.059,0,0,12.24,2,2
TeamA-fcbd04c3-4021-2ef7-cca5-a5a19e4d6e3c,2021-08-24,1,-0,68.555,68.557,3.984,372.5,92.8,24.27,2,7
TeamA-fcbd04c3-4021-2ef7-cca5-a5a19e4d6e3c,2021-08-25,1,1e-4,164.27,164.252,5.656,357.5,131.4,26.83,1,10
TeamA-fcbd04c3-4021-2ef7-cca5-a5a19e4d6e3c,2021-08-26,1,2e-4,85.355,85.335,4.157,261.5,81.7,24.22,3,10
TeamA-fcbd04c3-4021-2ef7-cca5-a5a19e4d6e3c,2021-08-27,1,2e-4,80.505,80.487,2.943,226.4,70.2,26.04,2,5
TeamA-fcbd04c3-4021-2ef7-cca5-a5a19e4d6e3c,2021-08-28,1,1e-4,183.405,183.387,5.965,640.3,319.4,28.65,11,15
TeamA-fcbd04c3-4021-2ef7-cca5-a5a19e4d6e3c,2021-08-30,1,2e-4,105.5,105.482,4.338,320.9,53.3,22.13,10,12
TeamA-fcbd04c3-4021-2ef7-cca5-a5a19e4d6e3c,2021-08-31,1,2e-4,93.69,93.672,5.387,162.1,22.1,22.44,4,13
TeamA-fcbd04c3-4021-2ef7-cca5-a5a19e4d6e3c,2021-09-01,1,-0,101.19,101.192,6.595,542.3,190.2,25.78,2,15
TeamA-fcbd04c3-4021-2ef7-cca5-a5a19e4d6e3c,2021-09-03,1,-0,81.473,81.475,3.515,270.3,58.9,23.79,5,4
TeamA-fcbd04c3-4021-2ef7-cca5-a5a19e4d6e3c,2021-09-04,1,-0,166.972,166.973,4.498,460,24,20.85,2,13
TeamA-fcbd04c3-4021-2ef7-cca5-a5a19e4d6e3c,2021-09-06,1,-0,121.478,121.48,4.854,141.3,10.2,22.43,6,10
TeamA-fcbd04c3-4021-2ef7-cca5-a5a19e4d6e3c,2021-09-07,1,-0,104.197,104.198,5.998,226.5,26.7,22.17,7,17
TeamA-fcbd04c3-4021-2ef7-cca5-a5a19e4d6e3c,2021-09-08,1,-0,104.055,104.057,6.588,520.3,160.2,23.77,6,11
TeamA-fcbd04c3-4021-2ef7-cca5-a5a19e4d6e3c,2021-09-09,1,-0,92.488,92.49,5.349,420.6,119.9,25.99,6,11
TeamA-fcbd04c3-4021-2ef7-cca5-a5a19e4d6e3c,2021-09-11,1,9e-4,100.885,100.795,7.999,682.1,340.9,28.55,1,9
TeamA-fcbd04c3-4021-2ef7-cca5-a5a19e4d6e3c,2021-09-12,1,-0,195.872,195.873,6.044,851.1,334.7,27.13,4,2
TeamA-fcbd04c3-4021-2ef7-cca5-a5a19e4d6e3c,2021-09-14,1,-0,83.417,83.418,2.988,45.9,2.8,20.03,1,11
TeamA-fcbd04c3-4021-2ef7-cca5-a5a19e4d6e3c,2021-09-15,1,-0,110.422,110.423,6.276,338.6,99.4,24.8,5,15
TeamA-fcbd04c3-4021-2ef7-cca5-a5a19e4d6e3c,2021-09-16,1,2e-4,100.872,100.855,6.711,379.5,57.5,22.62,5,13
TeamA-fcbd04c3-4021-2ef7-cca5-a5a19e4d6e3c,2021-09-20,1,2e-4,93.512,93.493,2.558,175,99.1,25.38,3,4
TeamB-08e35b7b-d2ad-411f-a0de-4e663f14c3c3,2021-08-30,1,-0,42.39,42.392,1.657,36.7,1.1,19.63,1,0
TeamB-08e35b7b-d2ad-411f-a0de-4e663f14c3c3,2021-08-31,1,-0,91.583,91.585,3.059,123.7,4,19.96,0,4
TeamB-08e35b7b-d2ad-411f-a0de-4e663f14c3c3,2021-09-01,1,-0,123.332,123.333,5.238,711.2,178.8,24.45,5,13
TeamB-08e35b7b-d2ad-411f-a0de-4e663f14c3c3,2021-09-03,1,-0,86.42,86.422,3.241,189.9,39.1,22.5,4,6
TeamB-08e35b7b-d2ad-411f-a0de-4e663f14c3c3,2021-09-04,1,-0,147.722,147.723,7.762,1105.8,176.8,23.73,5,15
TeamB-08e35b7b-d2ad-411f-a0de-4e663f14c3c3,2021-09-07,1,-0,63.638,63.64,3.051,171.3,3.4,19.94,2,3
TeamB-08e35b7b-d2ad-411f-a0de-4e663f14c3c3,2021-09-08,1,-0,123.963,123.965,10.809,976.6,129,24.22,12,35
TeamB-08e35b7b-d2ad-411f-a0de-4e663f14c3c3,2021-09-10,1,-0,66.383,66.385,1.895,11,0,18.19,2,7
TeamB-08e35b7b-d2ad-411f-a0de-4e663f14c3c3,2021-09-11,1,-0,140.472,140.473,10.614,554.8,74.5,23.53,3,24
TeamB-08e35b7b-d2ad-411f-a0de-4e663f14c3c3,2021-09-24,1,-0,140.68,140.682,7.246,701.9,94.3,23.11,5,11
TeamB-08e35b7b-d2ad-411f-a0de-4e663f14c3c3,2021-09-25,1,-0,90.472,90.473,3.071,216.6,28.1,21.72,5,6
TeamB-08e35b7b-d2ad-411f-a0de-4e663f14c3c3,2021-09-26,1,-0,139.867,139.868,4.692,433.7,38.6,23.85,5,6
TeamB-08e35b7b-d2ad-411f-a0de-4e663f14c3c3,2021-09-28,1,-0,116.022,116.023,4.279,114.4,9.7,20.53,5,33
TeamB-08e35b7b-d2ad-411f-a0de-4e663f14c3c3,2021-09-29,1,-0,124.797,124.798,6.975,650.2,182.4,25.16,16,26
TeamB-08e35b7b-d2ad-411f-a0de-4e663f14c3c3,2021-10-01,1,-0,93.02,93.022,2.082,9.4,0,18.09,1,4
TeamB-08e35b7b-d2ad-411f-a0de-4e663f14c3c3,2021-10-02,1,-0,142.422,142.423,6.275,877.9,88.5,24,12,13
TeamB-08e35b7b-d2ad-411f-a0de-4e663f14c3c3,2021-10-05,1,-0,109.227,109.228,4.504,83,9.8,21.33,8,13
TeamB-08e35b7b-d2ad-411f-a0de-4e663f14c3c3,2021-10-06,1,-0,108.99,108.992,4.549,139.8,9.4,21.8,8,20
TeamB-08e35b7b-d2ad-411f-a0de-4e663f14c3c3,2021-10-08,1,-0,87.667,87.668,2.09,3.7,0,16.76,1,2
TeamB-08e35b7b-d2ad-411f-a0de-4e663f14c3c3,2021-10-09,1,-0,145.005,145.007,6.858,547.1,80.2,22.04,8,10
TeamB-08e35b7b-d2ad-411f-a0de-4e663f14c3c3,2021-10-29,1,-0,78.148,78.15,2.785,33.5,0,19.2,5,5
TeamB-101fbccc-ded7-33e8-b421-eaeb534097ca,2020-06-01,1,-0,119.895,119.897,5.955,232.6,63.2,23.7,6,13
TeamB-101fbccc-ded7-33e8-b421-eaeb534097ca,2020-06-02,1,-0,105.155,105.157,5.49,263.4,78.6,23.46,6,9
TeamB-101fbccc-ded7-33e8-b421-eaeb534097ca,2020-06-03,1,-0,102.107,102.108,4.079,47.6,0,18.33,7,7
TeamB-101fbccc-ded7-33e8-b421-eaeb534097ca,2020-06-04,1,-0,104.958,104.96,6.051,529,112.2,22.52,6,5
TeamB-101fbccc-ded7-33e8-b421-eaeb534097ca,2020-06-05,1,-0,114.503,114.505,6.07,312.8,47.4,21.98,10,11
TeamB-101fbccc-ded7-33e8-b421-eaeb534097ca,2020-06-09,1,-0,116.602,116.603,5.588,230.1,50.1,22.77,6,9
TeamB-101fbccc-ded7-33e8-b421-eaeb534097ca,2020-06-10,1,-0,79.688,79.69,3.145,319,126.2,23.71,13,12
TeamB-101fbccc-ded7-33e8-b421-eaeb534097ca,2020-06-11,1,-0,71.77,71.772,2.245,21.5,0,17.43,1,2
TeamB-101fbccc-ded7-33e8-b421-eaeb534097ca,2020-06-12,1,-0,99.855,99.857,4.335,138.7,20.4,22.53,7,4
TeamB-101fbccc-ded7-33e8-b421-eaeb534097ca,2020-06-13,1,-0,105.522,105.523,8.928,846.8,188.3,24.18,3,10
TeamB-101fbccc-ded7-33e8-b421-eaeb534097ca,2020-06-16,1,-0,119.45,119.452,5.06,273.6,70.9,24.49,6,11
TeamB-101fbccc-ded7-33e8-b421-eaeb534097ca,2020-06-17,1,-0,107.732,107.733,4.286,237.9,39.9,21.97,2,10
TeamB-101fbccc-ded7-33e8-b421-eaeb534097ca,2020-06-18,1,-0,105.022,105.023,5.049,402.4,78,24.3,5,15
TeamB-101fbccc-ded7-33e8-b421-eaeb534097ca,2020-06-22,1,-0,104.388,104.39,4.063,81.2,26,22.71,7,5
TeamB-101fbccc-ded7-33e8-b421-eaeb534097ca,2020-06-23,1,-0,119.657,119.658,9.86,679.1,97.4,23.83,4,8
TeamB-101fbccc-ded7-33e8-b421-eaeb534097ca,2020-06-25,1,-0,99.655,99.657,3.269,74.1,34.5,23.73,3,4
TeamB-101fbccc-ded7-33e8-b421-eaeb534097ca,2020-06-26,1,-0,73.87,73.872,3.766,210.9,73.1,24.34,4,10
TeamB-101fbccc-ded7-33e8-b421-eaeb534097ca,2020-06-27,1,-0,131.742,131.743,9.808,922.4,193.2,23.87,8,5
TeamB-101fbccc-ded7-33e8-b421-eaeb534097ca,2020-06-30,1,-0,118.778,118.78,6.541,604.1,138.2,24.86,14,19
TeamB-101fbccc-ded7-33e8-b421-eaeb534097ca,2020-07-01,1,-0,101.092,101.093,4.144,182.6,47.1,22.49,6,3
TeamB-101fbccc-ded7-33e8-b421-eaeb534097ca,2020-07-02,1,-0,92.972,92.973,4.821,359.1,31.3,23.36,8,10
TeamB-101fbccc-ded7-33e8-b421-eaeb534097ca,2020-07-03,1,-0,92.67,92.672,3.843,120,28.1,22.49,4,3
TeamB-101fbccc-ded7-33e8-b421-eaeb534097ca,2020-07-04,1,-0,119.418,119.42,11.071,1065,208,23.53,8,14
TeamB-101fbccc-ded7-33e8-b421-eaeb534097ca,2020-07-07,1,-0,108.24,108.242,6.849,815.2,228.9,26.14,7,20
TeamB-101fbccc-ded7-33e8-b421-eaeb534097ca,2020-07-08,1,-0,96.998,97,4.75,82.5,10.9,21.31,9,8
TeamB-101fbccc-ded7-33e8-b421-eaeb534097ca,2020-07-09,1,-0,110.098,110.1,4.143,107.5,29.9,22.5,6,8
TeamB-101fbccc-ded7-33e8-b421-eaeb534097ca,2020-07-10,1,-0,123.855,123.857,10.623,1081.9,235.1,23.58,3,11
TeamB-101fbccc-ded7-33e8-b421-eaeb534097ca,2020-07-14,1,-0,119.255,119.257,7.237,593.7,107.1,24.68,7,13
TeamB-101fbccc-ded7-33e8-b421-eaeb534097ca,2020-07-15,1,-0,116.39,116.392,6.331,96.1,17.2,21.09,4,11
TeamB-101fbccc-ded7-33e8-b421-eaeb534097ca,2020-07-16,1,-0,107.072,107.073,4.868,261.2,91.7,24.59,7,8
TeamB-101fbccc-ded7-33e8-b421-eaeb534097ca,2020-07-17,1,-0,98.117,98.118,3.786,106.9,15.7,21.75,10,12
TeamB-101fbccc-ded7-33e8-b421-eaeb534097ca,2020-07-18,1,-0,115.08,115.082,10.471,1049.8,288.4,25.34,7,21
TeamB-101fbccc-ded7-33e8-b421-eaeb534097ca,2020-07-21,1,-0,115.2,115.202,6.17,649.1,204.2,25.06,10,9
TeamB-101fbccc-ded7-33e8-b421-eaeb534097ca,2020-07-22,1,-0,84.473,84.475,3.427,58.4,1.1,19.24,2,8
TeamB-101fbccc-ded7-33e8-b421-eaeb534097ca,2020-07-23,1,-0,91.225,91.227,3.705,127.8,50.6,23.85,3,6
TeamB-101fbccc-ded7-33e8-b421-eaeb534097ca,2020-07-24,1,-0,131.547,131.548,10.702,1143.7,286.9,25.21,5,19
TeamB-101fbccc-ded7-33e8-b421-eaeb534097ca,2020-07-27,1,-0,69.987,69.988,2.686,88.3,21,21.98,5,3
TeamB-101fbccc-ded7-33e8-b421-eaeb534097ca,2020-07-28,1,-0,118.483,118.485,7.427,461.1,95.9,24.67,6,12
TeamB-101fbccc-ded7-33e8-b421-eaeb534097ca,2020-07-29,1,-0,109.288,109.29,5.245,285.1,77.5,24.26,3,9
TeamB-101fbccc-ded7-33e8-b421-eaeb534097ca,2020-07-31,1,-0,96.022,96.023,4.654,217.5,26.2,22.83,11,11
TeamB-101fbccc-ded7-33e8-b421-eaeb534097ca,2020-08-01,1,-0,121.555,121.557,10.743,625.8,105.3,26.13,8,11
TeamB-101fbccc-ded7-33e8-b421-eaeb534097ca,2020-08-04,1,-0,102.663,102.665,5.863,282.9,73.2,24.33,8,15
TeamB-101fbccc-ded7-33e8-b421-eaeb534097ca,2020-08-05,1,-0,74.408,74.41,3.618,136.6,0.6,19.77,1,7
TeamB-101fbccc-ded7-33e8-b421-eaeb534097ca,2020-08-06,1,-0,97.012,97.013,4.166,195.3,19.5,22.68,6,7
TeamB-101fbccc-ded7-33e8-b421-eaeb534097ca,2020-08-07,1,-0,123.538,123.54,11.294,1031.8,156.4,23.2,5,12
TeamB-101fbccc-ded7-33e8-b421-eaeb534097ca,2020-08-10,1,-0,103.277,103.278,5.513,422.7,72.1,22,7,10
TeamB-101fbccc-ded7-33e8-b421-eaeb534097ca,2020-08-11,1,-0,94.71,94.712,3.851,186.1,17.6,22.12,7,7
TeamB-101fbccc-ded7-33e8-b421-eaeb534097ca,2020-08-12,1,-0,137.97,137.972,10.948,1077.4,197.6,24.35,4,8
TeamB-101fbccc-ded7-33e8-b421-eaeb534097ca,2020-08-14,1,-0,88.167,88.168,2.703,74,32.2,22.72,2,3
TeamB-101fbccc-ded7-33e8-b421-eaeb534097ca,2020-08-15,1,-0,85.643,85.645,2.955,73,20.3,22.5,6,4
TeamB-101fbccc-ded7-33e8-b421-eaeb534097ca,2020-08-16,1,-0,122.055,122.057,10.176,711.5,95.6,22.62,6,9
TeamB-101fbccc-ded7-33e8-b421-eaeb534097ca,2020-08-19,1,-0,104.557,104.558,4.678,178.4,5.1,20.38,2,9
TeamB-101fbccc-ded7-33e8-b421-eaeb534097ca,2020-08-20,1,-0,92.853,92.855,3.815,132.9,15.3,22.03,6,8
TeamB-101fbccc-ded7-33e8-b421-eaeb534097ca,2020-08-21,1,-0,63.49,63.492,3.108,139.7,16.6,20.58,2,7
TeamB-101fbccc-ded7-33e8-b421-eaeb534097ca,2020-08-22,1,-0,136.21,136.212,0.334,0,0,9.25,0,0
TeamB-101fbccc-ded7-33e8-b421-eaeb534097ca,2020-08-24,1,-0,80.005,80.007,3.31,54.1,5.1,20.94,2,4
TeamB-101fbccc-ded7-33e8-b421-eaeb534097ca,2020-08-25,1,-0,72.95,72.952,3.533,142.4,8,20.72,3,7
TeamB-101fbccc-ded7-33e8-b421-eaeb534097ca,2020-08-26,1,-1e-4,13.803,13.805,0.769,46.3,15.2,24.02,1,0
TeamB-101fbccc-ded7-33e8-b421-eaeb534097ca,2020-08-27,1,-0,74.673,74.675,3.011,171.8,19.9,21.07,5,6
TeamB-101fbccc-ded7-33e8-b421-eaeb534097ca,2020-08-29,1,-0,96.455,96.457,2.895,50.8,21,22.76,2,3
TeamB-101fbccc-ded7-33e8-b421-eaeb534097ca,2020-09-01,1,-0,68.52,68.522,3.916,146.6,14.8,20.49,7,7
TeamB-101fbccc-ded7-33e8-b421-eaeb534097ca,2020-09-02,1,-0,102.3,102.302,6.019,423.5,42.4,21.71,7,15
TeamB-101fbccc-ded7-33e8-b421-eaeb534097ca,2020-09-03,1,-0,101.642,101.643,4.171,98,62.2,23.86,3,8
TeamB-101fbccc-ded7-33e8-b421-eaeb534097ca,2020-09-04,1,-0,87.37,87.372,3.246,283.3,53.5,24.61,1,11
TeamB-101fbccc-ded7-33e8-b421-eaeb534097ca,2020-09-05,1,-1e-4,19.323,19.325,0.9,101.1,11.9,20.65,0,0
TeamB-101fbccc-ded7-33e8-b421-eaeb534097ca,2020-09-07,1,-0,73.038,73.04,3.527,104.5,7.4,20.5,4,11
TeamB-101fbccc-ded7-33e8-b421-eaeb534097ca,2020-09-08,1,-0,106.922,106.923,5.478,653.3,146,23.82,7,15
TeamB-101fbccc-ded7-33e8-b421-eaeb534097ca,2020-09-09,1,-0,95.718,95.72,4.703,221.8,6.2,20.46,2,5
TeamB-101fbccc-ded7-33e8-b421-eaeb534097ca,2020-09-11,1,-0,72.34,72.342,3.57,148.5,5.9,21.51,4,9
TeamB-101fbccc-ded7-33e8-b421-eaeb534097ca,2020-09-12,1,-1e-4,11.693,11.695,0.592,44.2,0,19.27,1,0
TeamB-101fbccc-ded7-33e8-b421-eaeb534097ca,2020-09-21,1,-0,120.007,120.008,5.645,194,13.2,20.97,4,13
TeamB-101fbccc-ded7-33e8-b421-eaeb534097ca,2020-09-22,1,-0,115.852,115.853,5.589,502.3,111.6,24.03,7,9
TeamB-101fbccc-ded7-33e8-b421-eaeb534097ca,2020-10-05,1,-0,128.507,128.508,5.792,282.7,70.4,24.85,7,9
TeamB-101fbccc-ded7-33e8-b421-eaeb534097ca,2020-10-13,1,-0,76.022,76.023,4.774,208.2,34.9,23.04,1,8
TeamB-101fbccc-ded7-33e8-b421-eaeb534097ca,2020-10-14,1,-0,101.365,101.367,5.889,712.6,214.7,23.77,3,4
TeamB-101fbccc-ded7-33e8-b421-eaeb534097ca,2020-10-16,1,-0,75.098,75.1,3.288,59.1,4.5,20.36,3,4
TeamB-101fbccc-ded7-33e8-b421-eaeb534097ca,2020-10-17,1,-0,70.902,70.903,3.067,42.8,2.3,19.45,2,1
TeamB-101fbccc-ded7-33e8-b421-eaeb534097ca,2020-10-21,1,-0,89.413,89.415,5.018,83.6,2.8,20.15,5,8
TeamB-101fbccc-ded7-33e8-b421-eaeb534097ca,2020-10-22,1,-0,120.605,120.607,6.651,399.8,47.2,22.96,11,10
TeamB-101fbccc-ded7-33e8-b421-eaeb534097ca,2020-10-23,1,-0,88.125,88.127,4.807,43.3,0,18.89,3,5
TeamB-101fbccc-ded7-33e8-b421-eaeb534097ca,2020-10-26,1,-0,112.608,112.61,5.521,327,48.7,22.14,7,5
TeamB-101fbccc-ded7-33e8-b421-eaeb534097ca,2020-10-27,1,-0,114.765,114.767,6.349,525.4,217.4,24.2,8,15
TeamB-101fbccc-ded7-33e8-b421-eaeb534097ca,2020-11-27,1,-0,66.358,66.36,3.48,88.9,3.4,20.57,4,7
TeamB-101fbccc-ded7-33e8-b421-eaeb534097ca,2020-11-30,1,-0,95.023,95.025,4.96,207.1,8,20.5,1,8
TeamB-101fbccc-ded7-33e8-b421-eaeb534097ca,2020-12-01,1,-0,96.905,96.907,5.12,306,73.2,23.14,9,7
TeamB-101fbccc-ded7-33e8-b421-eaeb534097ca,2020-12-02,1,-0,74.607,74.608,4.213,406.5,55.6,22.09,4,12
TeamB-101fbccc-ded7-33e8-b421-eaeb534097ca,2020-12-04,1,-0,104.583,104.585,6.459,424.5,63.8,21.83,8,7
TeamB-101fbccc-ded7-33e8-b421-eaeb534097ca,2020-12-05,1,-0,85.487,85.488,3.982,131.3,18.5,22.41,9,10
TeamB-101fbccc-ded7-33e8-b421-eaeb534097ca,2020-12-06,1,-0,150.615,150.617,10.928,1046,287.7,24.66,9,9
TeamB-101fbccc-ded7-33e8-b421-eaeb534097ca,2020-12-08,1,-0,41.487,41.488,2.365,11.8,0,17.69,3,6
TeamB-101fbccc-ded7-33e8-b421-eaeb534097ca,2020-12-09,1,-0,67.988,67.99,3.136,55.1,12,21.04,3,10
TeamB-101fbccc-ded7-33e8-b421-eaeb534097ca,2020-12-10,1,-0,78.682,78.683,5.416,686.5,259.1,24.84,9,11
TeamB-101fbccc-ded7-33e8-b421-eaeb534097ca,2020-12-12,1,-0,79.072,79.073,3.03,40.3,13.8,21.13,1,5
TeamB-101fbccc-ded7-33e8-b421-eaeb534097ca,2020-12-13,1,-0,51.903,51.905,3.013,285.6,54,23.74,1,4
TeamB-1759edc3-72ae-2244-8b01-63c1cd9d2b7d,2021-08-05,1,-0,145.337,145.338,5.833,272.2,26.7,23.91,7,21
TeamB-1759edc3-72ae-2244-8b01-63c1cd9d2b7d,2021-08-06,1,2e-4,103.607,103.59,2.473,13.8,1.2,18.77,2,5
TeamB-1759edc3-72ae-2244-8b01-63c1cd9d2b7d,2021-08-07,1,-0,94.405,94.407,4.658,902.5,229.9,23.21,8,10
TeamB-1759edc3-72ae-2244-8b01-63c1cd9d2b7d,2021-08-08,1,-0,98.403,98.405,2.919,140.9,21,23.53,6,6
TeamB-1759edc3-72ae-2244-8b01-63c1cd9d2b7d,2021-08-10,1,-0,106.005,106.007,3.697,160.1,63.4,23.86,12,14
TeamB-1759edc3-72ae-2244-8b01-63c1cd9d2b7d,2021-08-11,1,-0,124.655,124.657,9.757,713.8,102.4,24.08,10,20
TeamB-1759edc3-72ae-2244-8b01-63c1cd9d2b7d,2021-08-13,1,-0,92.29,92.292,3.694,102.1,12.8,21.31,2,7
TeamB-1759edc3-72ae-2244-8b01-63c1cd9d2b7d,2021-08-14,1,1e-4,136.007,135.99,11.719,1737.4,527.4,27.4,4,34
TeamB-1759edc3-72ae-2244-8b01-63c1cd9d2b7d,2021-08-17,1,-0,71.103,71.105,3.717,368.3,51.2,22.56,1,7
TeamB-1759edc3-72ae-2244-8b01-63c1cd9d2b7d,2021-08-18,1,1e-4,140.907,140.888,10.277,654.4,173.6,26.06,6,19
TeamB-1759edc3-72ae-2244-8b01-63c1cd9d2b7d,2021-08-20,1,-0,111.023,111.025,3.883,466.8,354.5,35.28,4,10
TeamB-1759edc3-72ae-2244-8b01-63c1cd9d2b7d,2021-08-21,1,-0,173.108,173.11,10.599,1147.4,284.5,25.5,13,32
TeamB-1759edc3-72ae-2244-8b01-63c1cd9d2b7d,2021-08-23,1,-0,74.633,74.635,2.719,67.8,0,18.86,4,1
TeamB-1759edc3-72ae-2244-8b01-63c1cd9d2b7d,2021-08-24,1,1e-4,161.155,161.137,9.333,3412,2823.2,35.83,2,8
TeamB-1759edc3-72ae-2244-8b01-63c1cd9d2b7d,2021-08-26,1,2e-4,115.722,115.703,2.849,193.5,78.1,24.35,2,2
TeamB-1759edc3-72ae-2244-8b01-63c1cd9d2b7d,2021-08-28,1,1e-4,149.37,149.35,9.893,826,178.5,24.26,4,28
TeamB-1759edc3-72ae-2244-8b01-63c1cd9d2b7d,2021-08-30,1,-0,96.29,96.292,4.186,307.7,49.8,22.52,5,10
TeamB-1759edc3-72ae-2244-8b01-63c1cd9d2b7d,2021-08-31,1,-0,91.565,91.567,2.71,73.8,21.1,22.39,3,6
TeamB-1759edc3-72ae-2244-8b01-63c1cd9d2b7d,2021-09-01,1,2e-4,121.72,121.7,11.11,1919.9,569.8,27.08,12,22
TeamB-1759edc3-72ae-2244-8b01-63c1cd9d2b7d,2021-09-07,1,-0,103.21,103.212,6.213,2496.6,1981.1,35.96,3,10
TeamB-1759edc3-72ae-2244-8b01-63c1cd9d2b7d,2021-09-08,1,2e-4,132.522,132.502,8.637,1134.4,235.8,25.84,6,19
TeamB-1759edc3-72ae-2244-8b01-63c1cd9d2b7d,2021-09-10,1,0.0011,87.338,87.245,2.503,47.8,0.6,18.75,3,7
TeamB-1759edc3-72ae-2244-8b01-63c1cd9d2b7d,2021-09-11,1,-0,56.855,56.857,4.773,1530.7,459,24.6,6,9
TeamB-1759edc3-72ae-2244-8b01-63c1cd9d2b7d,2021-09-21,1,-0,106.578,106.58,4.045,235.1,46.2,23.33,17,32
TeamB-1759edc3-72ae-2244-8b01-63c1cd9d2b7d,2021-09-22,1,-0,124.39,124.392,4.346,591.9,302.2,30.38,5,15
TeamB-1759edc3-72ae-2244-8b01-63c1cd9d2b7d,2021-09-24,1,-0,105.405,105.407,6.124,578,192.4,26.65,17,40
TeamB-1759edc3-72ae-2244-8b01-63c1cd9d2b7d,2021-09-25,1,-0,92.907,92.908,2.45,109.7,20.1,25.44,7,11
TeamB-1759edc3-72ae-2244-8b01-63c1cd9d2b7d,2021-09-26,1,-0,133.353,133.355,11.613,1529.4,398,24.88,8,36
TeamB-1759edc3-72ae-2244-8b01-63c1cd9d2b7d,2021-09-28,1,-0,94.31,94.312,2.429,44.6,1.7,19.82,5,10
TeamB-1759edc3-72ae-2244-8b01-63c1cd9d2b7d,2021-09-29,1,-0,127.59,127.592,5.996,578.8,149.4,28.86,12,33
TeamB-1759edc3-72ae-2244-8b01-63c1cd9d2b7d,2021-10-01,1,-0,90.49,90.492,2.709,68,10.6,22.24,3,10
TeamB-1759edc3-72ae-2244-8b01-63c1cd9d2b7d,2021-10-02,1,1e-4,134.955,134.935,10.556,1292,414.6,26.7,9,34
TeamB-1759edc3-72ae-2244-8b01-63c1cd9d2b7d,2021-10-05,1,-0,105.038,105.04,5.635,365.9,72,26.48,16,36
TeamB-1759edc3-72ae-2244-8b01-63c1cd9d2b7d,2021-10-06,1,-0,120.683,120.685,4.849,286.7,58.7,27.07,14,45
TeamB-1759edc3-72ae-2244-8b01-63c1cd9d2b7d,2021-10-08,1,-0,88.923,88.925,2.843,404.3,158.7,26.03,8,12
TeamB-1759edc3-72ae-2244-8b01-63c1cd9d2b7d,2021-10-09,1,1e-4,132.808,132.79,10.561,1572,456,27.11,8,57
TeamB-1759edc3-72ae-2244-8b01-63c1cd9d2b7d,2021-10-12,1,2e-4,105.408,105.388,4.736,253.1,47.4,24.15,15,32
TeamB-1759edc3-72ae-2244-8b01-63c1cd9d2b7d,2021-10-13,1,-0,129.672,129.673,6.433,607.4,113.6,24.14,13,39
TeamB-1759edc3-72ae-2244-8b01-63c1cd9d2b7d,2021-10-15,1,-0,103.693,103.695,4.582,461.4,148.6,24.53,21,36
TeamB-1759edc3-72ae-2244-8b01-63c1cd9d2b7d,2021-10-16,1,4e-4,55.39,55.368,1.512,7.4,0,16.86,13,7
TeamB-1759edc3-72ae-2244-8b01-63c1cd9d2b7d,2021-10-17,1,-0,136.538,136.54,10.455,1451.9,429.2,27.09,13,29
TeamB-1759edc3-72ae-2244-8b01-63c1cd9d2b7d,2021-10-26,1,4e-4,39.473,39.457,2.015,101.6,29.5,24.07,9,19
TeamB-1759edc3-72ae-2244-8b01-63c1cd9d2b7d,2021-10-27,1,2e-4,108.353,108.333,4.783,642.8,290.1,27.23,16,37
TeamB-1759edc3-72ae-2244-8b01-63c1cd9d2b7d,2021-10-29,1,2e-4,105.938,105.922,5.237,454.2,91.1,23.97,12,37
TeamB-1759edc3-72ae-2244-8b01-63c1cd9d2b7d,2021-10-30,1,-0,95.705,95.707,2.541,80.5,30.5,26.5,7,13
TeamB-1759edc3-72ae-2244-8b01-63c1cd9d2b7d,2021-10-31,1,1e-4,339.755,339.735,14.75,4391.7,2838.7,35.84,14,40
TeamB-1759edc3-72ae-2244-8b01-63c1cd9d2b7d,2021-11-03,1,4e-4,49.59,49.57,1.166,0,0,14.64,0,0
TeamB-1759edc3-72ae-2244-8b01-63c1cd9d2b7d,2021-11-04,1,3e-4,72.072,72.05,1.006,0,0,14.48,2,1
TeamB-1759edc3-72ae-2244-8b01-63c1cd9d2b7d,2021-11-06,1,3e-4,77.993,77.972,1.86,120.2,63.7,25.48,3,5
TeamB-1759edc3-72ae-2244-8b01-63c1cd9d2b7d,2021-11-12,1,4e-4,61.723,61.702,3.742,428.3,142.5,29.08,6,16
TeamB-1759edc3-72ae-2244-8b01-63c1cd9d2b7d,2021-11-13,1,5e-4,41.862,41.842,3.077,405.9,134.4,27.15,12,15
TeamB-17e0aa3c-0398-3ca8-ea7e-9d498c778ea6,2021-09-10,1,-0,78.582,78.583,4.224,1228.4,115,23.39,8,5
TeamB-17e0aa3c-0398-3ca8-ea7e-9d498c778ea6,2021-09-16,1,-0,106.597,106.598,4.951,264.4,68.8,23.76,10,6
TeamB-17e0aa3c-0398-3ca8-ea7e-9d498c778ea6,2021-09-17,1,-0,62.983,62.985,2.472,72,2.9,20.62,1,3
TeamB-17e0aa3c-0398-3ca8-ea7e-9d498c778ea6,2021-09-21,1,-0,116.057,116.058,4.413,149.1,2.8,20.05,7,7
TeamB-17e0aa3c-0398-3ca8-ea7e-9d498c778ea6,2021-09-22,1,-0,136.05,136.052,5.295,1015.3,277.7,25.33,7,2
TeamB-17e0aa3c-0398-3ca8-ea7e-9d498c778ea6,2021-09-24,1,-0,109.562,109.563,6.134,609.2,197.8,25.02,7,9
TeamB-17e0aa3c-0398-3ca8-ea7e-9d498c778ea6,2021-09-26,1,-0,138.105,138.107,1.869,2.8,0,16.33,3,0
TeamB-17e0aa3c-0398-3ca8-ea7e-9d498c778ea6,2021-09-28,1,-0,120.257,120.258,3.441,108.9,19.1,22.94,4,3
TeamB-17e0aa3c-0398-3ca8-ea7e-9d498c778ea6,2021-09-29,1,-0,127.315,127.317,5.91,391.5,110.6,25.41,8,14
TeamB-17e0aa3c-0398-3ca8-ea7e-9d498c778ea6,2021-10-01,1,-0,95.34,95.342,3.442,25.4,1.7,19.53,6,4
TeamB-17e0aa3c-0398-3ca8-ea7e-9d498c778ea6,2021-10-02,1,-0,194.282,194.283,6.64,1709.4,417.8,23.45,9,9
TeamB-247a8333-f7b0-b7d2-cda8-056c3d15eef7,2020-06-01,1,-0,120,120.002,5.398,462.2,161.6,25.72,4,11
TeamB-247a8333-f7b0-b7d2-cda8-056c3d15eef7,2020-06-02,1,-0,122.55,122.552,5.19,433,101.9,26.13,8,7
TeamB-247a8333-f7b0-b7d2-cda8-056c3d15eef7,2020-06-03,1,-0,94.357,94.358,3.13,32.6,0.6,19.77,2,6
TeamB-247a8333-f7b0-b7d2-cda8-056c3d15eef7,2020-06-04,1,-0,102.95,102.952,6.203,610.8,140.8,24.99,8,11
TeamB-247a8333-f7b0-b7d2-cda8-056c3d15eef7,2020-06-05,1,-0,123.522,123.523,6.619,527.1,76.4,23.3,14,5
TeamB-247a8333-f7b0-b7d2-cda8-056c3d15eef7,2020-06-09,1,-0,115.42,115.422,5.438,519.8,158.7,25.81,7,13
TeamB-247a8333-f7b0-b7d2-cda8-056c3d15eef7,2020-06-10,1,-0,81.955,81.957,4.117,566.4,188.8,29.17,5,6
TeamB-247a8333-f7b0-b7d2-cda8-056c3d15eef7,2020-06-12,1,-0,95.962,95.963,3.357,110.2,17.9,21.85,3,10
TeamB-247a8333-f7b0-b7d2-cda8-056c3d15eef7,2020-06-13,1,-0,75.907,75.908,6.477,734.8,193.2,24.42,3,7
TeamB-247a8333-f7b0-b7d2-cda8-056c3d15eef7,2020-06-16,1,-0,110.49,110.492,5.16,237.4,33.6,21.53,3,6
TeamB-247a8333-f7b0-b7d2-cda8-056c3d15eef7,2020-06-17,1,-0,101.225,101.227,4.212,382.1,90.7,25.3,4,7
TeamB-247a8333-f7b0-b7d2-cda8-056c3d15eef7,2020-06-18,1,-0,92.488,92.49,5.345,873.6,225.9,27.05,8,23
TeamB-247a8333-f7b0-b7d2-cda8-056c3d15eef7,2020-06-22,1,-0,103.518,103.52,3.678,40.2,5.1,23.32,3,8
TeamB-247a8333-f7b0-b7d2-cda8-056c3d15eef7,2020-06-23,1,-0,49.588,49.59,5.147,485.3,151.1,25.34,0,9
TeamB-247a8333-f7b0-b7d2-cda8-056c3d15eef7,2020-06-25,1,-0,89.877,89.878,3.103,129.8,38.5,24.9,0,1
TeamB-247a8333-f7b0-b7d2-cda8-056c3d15eef7,2020-06-26,1,-0,77.442,77.443,3.405,109.8,44.7,23.82,2,4
TeamB-247a8333-f7b0-b7d2-cda8-056c3d15eef7,2020-06-27,1,-0,116.302,116.303,5.817,753.2,263.1,26.89,3,6
TeamB-247a8333-f7b0-b7d2-cda8-056c3d15eef7,2020-06-30,1,-0,115.155,115.157,2.757,10.7,0,17.42,2,3
TeamB-247a8333-f7b0-b7d2-cda8-056c3d15eef7,2020-07-01,1,-0,116.423,116.425,5.375,361.5,136.1,28.23,10,14
TeamB-247a8333-f7b0-b7d2-cda8-056c3d15eef7,2020-07-02,1,-0,90.338,90.34,3.894,248.7,100.4,24.81,3,8
TeamB-247a8333-f7b0-b7d2-cda8-056c3d15eef7,2020-07-03,1,-0,90.488,90.49,2.39,64.9,32.1,25.17,1,2
TeamB-247a8333-f7b0-b7d2-cda8-056c3d15eef7,2020-07-04,1,-0,125.223,125.225,11.295,1573.4,399.3,27.02,5,20
TeamB-247a8333-f7b0-b7d2-cda8-056c3d15eef7,2020-07-09,1,-0,66.317,66.318,1.81,40.6,21.2,23.93,1,3
TeamB-247a8333-f7b0-b7d2-cda8-056c3d15eef7,2020-07-14,1,-0,91.705,91.707,5.219,197.6,42.2,23.36,3,9
TeamB-247a8333-f7b0-b7d2-cda8-056c3d15eef7,2020-07-15,1,-0,114.02,114.022,3.543,15,1.7,20.03,3,3
TeamB-247a8333-f7b0-b7d2-cda8-056c3d15eef7,2020-07-16,1,-0,99.438,99.44,3.277,190.5,65.5,25.58,2,5
TeamB-247a8333-f7b0-b7d2-cda8-056c3d15eef7,2020-07-17,1,-0,91.395,91.397,4.072,377.8,113.8,26.12,2,8
TeamB-247a8333-f7b0-b7d2-cda8-056c3d15eef7,2020-07-18,1,-0,81.888,81.89,8.294,1379.6,413.2,25.72,6,16
TeamB-247a8333-f7b0-b7d2-cda8-056c3d15eef7,2020-07-21,1,-0,103.18,103.182,4.798,354,145.8,26.82,4,10
TeamB-247a8333-f7b0-b7d2-cda8-056c3d15eef7,2020-07-22,1,-0,95.072,95.073,4.168,145,22.3,22.92,5,6
TeamB-247a8333-f7b0-b7d2-cda8-056c3d15eef7,2020-07-23,1,-0,57.703,57.705,2.257,74,27.4,26.85,2,0
TeamB-247a8333-f7b0-b7d2-cda8-056c3d15eef7,2020-07-24,1,-0,130.322,130.323,11.947,1510.4,339.8,25.96,7,21
TeamB-247a8333-f7b0-b7d2-cda8-056c3d15eef7,2020-07-28,1,-0,103.42,103.422,6.46,485.1,123.6,25.02,3,6
TeamB-247a8333-f7b0-b7d2-cda8-056c3d15eef7,2020-07-29,1,-0,100.517,100.518,4.945,283.1,93.8,26.56,2,4
TeamB-247a8333-f7b0-b7d2-cda8-056c3d15eef7,2020-07-31,1,-0,101.35,101.352,4.423,205.5,24.4,24.67,1,8
TeamB-247a8333-f7b0-b7d2-cda8-056c3d15eef7,2020-08-01,1,-0,116.823,116.825,10.968,1083.9,310.4,27.48,3,16
TeamB-247a8333-f7b0-b7d2-cda8-056c3d15eef7,2020-08-04,1,-0,105.692,105.693,5.81,313.5,83,29.04,4,12
TeamB-247a8333-f7b0-b7d2-cda8-056c3d15eef7,2020-08-05,1,-0,76.175,76.177,3.279,210.5,69,26.08,5,8
TeamB-247a8333-f7b0-b7d2-cda8-056c3d15eef7,2020-08-06,1,-0,66.922,66.923,2.815,126.7,15,22.56,4,8
TeamB-247a8333-f7b0-b7d2-cda8-056c3d15eef7,2020-08-07,1,-0,137.062,137.063,7.202,728.3,173.9,27.65,3,8
TeamB-247a8333-f7b0-b7d2-cda8-056c3d15eef7,2020-08-10,1,-0,106.877,106.878,5.058,261.5,46,22.58,5,7
TeamB-247a8333-f7b0-b7d2-cda8-056c3d15eef7,2020-08-11,1,-0,90.985,90.987,3.11,151.4,22.7,23.04,6,4
TeamB-247a8333-f7b0-b7d2-cda8-056c3d15eef7,2020-08-12,1,-0,141.103,141.105,11.741,1615.3,599.4,27.93,2,20
TeamB-247a8333-f7b0-b7d2-cda8-056c3d15eef7,2020-08-14,1,-0,85.333,85.335,2.903,102.4,38,23.61,2,5
TeamB-247a8333-f7b0-b7d2-cda8-056c3d15eef7,2020-08-15,1,-0,92.555,92.557,2.982,127.2,46.1,22.94,3,4
TeamB-247a8333-f7b0-b7d2-cda8-056c3d15eef7,2020-08-16,1,-0,123.023,123.025,8.936,1044.2,270.5,23.94,5,20
TeamB-247a8333-f7b0-b7d2-cda8-056c3d15eef7,2020-08-19,1,-0,101.617,101.618,4.959,509.9,75.8,24.27,4,12
TeamB-247a8333-f7b0-b7d2-cda8-056c3d15eef7,2020-08-20,1,-0,92.87,92.872,3.296,204,51.7,22.13,5,3
TeamB-247a8333-f7b0-b7d2-cda8-056c3d15eef7,2020-08-21,1,-0,72.428,72.43,2.788,92.2,26.4,24.12,2,3
TeamB-247a8333-f7b0-b7d2-cda8-056c3d15eef7,2020-08-22,1,-1e-4,19.843,19.845,0.893,2.8,0,15.11,0,1
TeamB-247a8333-f7b0-b7d2-cda8-056c3d15eef7,2020-09-02,1,-0,48.855,48.857,1.474,13.7,1.1,19.13,2,0
TeamB-247a8333-f7b0-b7d2-cda8-056c3d15eef7,2020-09-03,1,-0,51.705,51.707,2.127,95.5,67.5,27.25,0,5
TeamB-247a8333-f7b0-b7d2-cda8-056c3d15eef7,2020-09-04,1,-0,102.603,102.605,2.446,79.7,15.1,25.88,3,3
TeamB-247a8333-f7b0-b7d2-cda8-056c3d15eef7,2020-09-08,1,-0,91.65,91.652,5.47,560.3,221.8,25.67,6,14
TeamB-247a8333-f7b0-b7d2-cda8-056c3d15eef7,2020-09-09,1,-0,101.935,101.937,4.556,269.4,53.6,21.97,2,8
TeamB-247a8333-f7b0-b7d2-cda8-056c3d15eef7,2020-09-11,1,-0,71.405,71.407,3.474,184,13.3,21.44,3,5
TeamB-247a8333-f7b0-b7d2-cda8-056c3d15eef7,2020-09-12,1,-1e-4,27.338,27.34,2.524,404.4,106.1,26.66,2,5
TeamB-247a8333-f7b0-b7d2-cda8-056c3d15eef7,2020-09-21,1,-0,137.185,137.187,6.244,338.2,51,21.98,3,8
TeamB-247a8333-f7b0-b7d2-cda8-056c3d15eef7,2020-09-22,1,-0,128.617,128.618,6.199,762.5,109.5,25.8,7,16
TeamB-247a8333-f7b0-b7d2-cda8-056c3d15eef7,2020-09-24,1,-0,128.972,128.973,7.441,758,237.5,25.73,7,22
TeamB-247a8333-f7b0-b7d2-cda8-056c3d15eef7,2020-09-25,1,-0,101.847,101.848,5.664,453.6,97.9,24.7,2,9
TeamB-247a8333-f7b0-b7d2-cda8-056c3d15eef7,2020-09-26,1,-0,86.873,86.875,3.159,167.8,32.5,22.75,6,4
TeamB-247a8333-f7b0-b7d2-cda8-056c3d15eef7,2020-09-27,1,-0,128.673,128.675,10.299,1427,487.8,25.9,4,19
TeamB-247a8333-f7b0-b7d2-cda8-056c3d15eef7,2020-09-30,1,-0,59.032,59.033,2.108,145.9,68.5,24.35,1,1
TeamB-247a8333-f7b0-b7d2-cda8-056c3d15eef7,2020-10-02,1,-0,112.872,112.873,6.323,683,280,26.65,4,9
TeamB-247a8333-f7b0-b7d2-cda8-056c3d15eef7,2020-10-05,1,-0,122.243,122.245,7.085,690.6,197.4,27.74,4,10
TeamB-247a8333-f7b0-b7d2-cda8-056c3d15eef7,2020-10-06,1,-0,76.547,76.548,3.565,147.1,15.3,22.13,3,5
TeamB-247a8333-f7b0-b7d2-cda8-056c3d15eef7,2020-10-07,1,-1e-4,28.538,28.54,2.335,331.8,64.9,26.78,0,3
TeamB-247a8333-f7b0-b7d2-cda8-056c3d15eef7,2020-10-14,1,-0,102.493,102.495,6.094,931.3,346.2,26.98,2,9
TeamB-247a8333-f7b0-b7d2-cda8-056c3d15eef7,2020-10-16,1,-0,117.255,117.257,5.24,305.3,58.3,23.2,1,8
TeamB-247a8333-f7b0-b7d2-cda8-056c3d15eef7,2020-10-17,1,-0,63.873,63.875,2.755,101.4,15.8,22.17,1,3
TeamB-247a8333-f7b0-b7d2-cda8-056c3d15eef7,2020-10-18,1,-0,125.755,125.757,11.857,1776.4,493,26.28,8,13
TeamB-247a8333-f7b0-b7d2-cda8-056c3d15eef7,2020-10-29,1,-0,104.898,104.9,6.165,485.8,125.2,25.83,2,10
TeamB-247a8333-f7b0-b7d2-cda8-056c3d15eef7,2020-10-30,1,-0,88.255,88.257,5.45,550.1,132.6,24.61,2,11
TeamB-247a8333-f7b0-b7d2-cda8-056c3d15eef7,2020-10-31,1,-0,72.438,72.44,2.296,100.5,2.9,21.05,7,4
TeamB-247a8333-f7b0-b7d2-cda8-056c3d15eef7,2020-11-01,1,-0,94.872,94.873,8.548,1576.1,557.2,27.06,3,8
TeamB-247a8333-f7b0-b7d2-cda8-056c3d15eef7,2020-11-03,1,-0,51.19,51.192,2.53,148,33.2,22.49,2,2
TeamB-247a8333-f7b0-b7d2-cda8-056c3d15eef7,2020-11-04,1,-0,51.538,51.54,5.458,842.5,199,25.37,6,14
TeamB-247a8333-f7b0-b7d2-cda8-056c3d15eef7,2020-11-06,1,-0,79.352,79.353,2.675,99,16.6,22.68,1,4
TeamB-247a8333-f7b0-b7d2-cda8-056c3d15eef7,2020-11-07,1,-0,90.988,90.99,8.099,1028.2,301.5,25.82,5,23
TeamB-247a8333-f7b0-b7d2-cda8-056c3d15eef7,2020-11-10,1,-0,77.357,77.358,3.381,116.2,21.5,22.28,1,5
TeamB-247a8333-f7b0-b7d2-cda8-056c3d15eef7,2020-11-11,1,-0,49.115,49.117,5.93,1027.2,368.4,25.93,3,14
TeamB-247a8333-f7b0-b7d2-cda8-056c3d15eef7,2020-11-14,1,-0,114.418,114.42,6.632,495.7,121.4,23.95,4,17
TeamB-247a8333-f7b0-b7d2-cda8-056c3d15eef7,2020-11-15,1,-0,88.537,88.538,5.115,270.9,30.8,25.09,6,8
TeamB-247a8333-f7b0-b7d2-cda8-056c3d15eef7,2020-11-16,1,-0,66.607,66.608,3.199,227.9,34.3,22.18,4,4
TeamB-247a8333-f7b0-b7d2-cda8-056c3d15eef7,2020-11-19,1,-0,98.038,98.04,8.261,1107.4,224.5,24.46,7,8
TeamB-247a8333-f7b0-b7d2-cda8-056c3d15eef7,2020-11-22,1,-0,125.922,125.923,7.166,961.3,412.7,25.74,4,14
TeamB-247a8333-f7b0-b7d2-cda8-056c3d15eef7,2020-12-01,1,-0,85.398,85.4,3.813,217.9,47,23.82,6,8
TeamB-247a8333-f7b0-b7d2-cda8-056c3d15eef7,2020-12-02,1,-0,74.538,74.54,3.452,63.9,4.6,21.24,1,4
TeamB-247a8333-f7b0-b7d2-cda8-056c3d15eef7,2020-12-04,1,-0,46.617,46.618,2.96,152.5,27.7,22.69,1,6
TeamB-247a8333-f7b0-b7d2-cda8-056c3d15eef7,2020-12-05,1,-0,77.343,77.345,3.02,104.1,17.8,22.05,3,2
TeamB-247a8333-f7b0-b7d2-cda8-056c3d15eef7,2020-12-06,1,-0,156.843,156.845,10.184,1115.7,325.9,25.52,8,21
TeamB-247a8333-f7b0-b7d2-cda8-056c3d15eef7,2020-12-09,1,-1e-4,27.522,27.523,1.559,4.6,0,16.96,0,2
TeamB-247a8333-f7b0-b7d2-cda8-056c3d15eef7,2020-12-10,1,-0,59.26,59.262,4.051,195.9,28.7,22.75,3,9
TeamB-247a8333-f7b0-b7d2-cda8-056c3d15eef7,2020-12-12,1,-0,70.47,70.472,2.944,148,23.1,23.51,1,4
TeamB-247a8333-f7b0-b7d2-cda8-056c3d15eef7,2021-02-01,1,-0,107.64,107.642,6.043,472.3,65.1,23.22,2,11
TeamB-247a8333-f7b0-b7d2-cda8-056c3d15eef7,2021-02-08,1,0.0012,105.012,104.883,4.773,270.4,67.6,24.79,8,19
TeamB-247a8333-f7b0-b7d2-cda8-056c3d15eef7,2021-03-02,1,-0,122.04,122.042,2.492,20,0,19.2,0,0
TeamB-247a8333-f7b0-b7d2-cda8-056c3d15eef7,2021-03-04,1,-0,72.918,72.92,1.977,9.9,1.2,19.85,5,0
TeamB-247a8333-f7b0-b7d2-cda8-056c3d15eef7,2021-03-06,1,-0,67.505,67.507,2.149,0,0,14.51,4,0
TeamB-247a8333-f7b0-b7d2-cda8-056c3d15eef7,2021-03-08,1,-0,79.555,79.557,1.757,5,0,16.77,0,1
TeamB-247a8333-f7b0-b7d2-cda8-056c3d15eef7,2021-03-09,1,-0,78.453,78.455,2.454,89.6,24.2,24.37,0,0
TeamB-247a8333-f7b0-b7d2-cda8-056c3d15eef7,2021-03-12,1,-0,93.007,93.008,2.25,0.9,0,15.19,1,3
TeamB-29c5271b-5c46-455e-91ea-da2abfa8ff3c,2020-07-28,1,-0,42.487,42.488,2.673,129,42.1,24.24,1,2
TeamB-29c5271b-5c46-455e-91ea-da2abfa8ff3c,2020-07-29,1,-0,90.037,90.038,4.303,794.8,35.1,24.02,4,1
TeamB-29c5271b-5c46-455e-91ea-da2abfa8ff3c,2020-08-03,1,-0,80.072,80.073,1.703,50.9,12.3,22,0,1
TeamB-29c5271b-5c46-455e-91ea-da2abfa8ff3c,2020-08-04,1,-0,83.053,83.055,2.499,133.5,18.5,22.72,2,10
TeamB-29c5271b-5c46-455e-91ea-da2abfa8ff3c,2020-08-06,1,-0,78.74,78.742,3.238,149.8,23.8,24.14,2,9
TeamB-29c5271b-5c46-455e-91ea-da2abfa8ff3c,2020-08-10,1,-0,116.057,116.058,4.497,336.8,99.5,24.03,4,11
TeamB-29c5271b-5c46-455e-91ea-da2abfa8ff3c,2020-08-11,1,-0,91.198,91.2,3.283,148.5,49.9,25.44,4,4
TeamB-29c5271b-5c46-455e-91ea-da2abfa8ff3c,2020-08-12,1,-0,35.355,35.357,3.532,975,283.2,26.37,5,5
TeamB-29c5271b-5c46-455e-91ea-da2abfa8ff3c,2020-08-14,1,-0,90.928,90.93,3.565,667.5,167.7,24.12,8,11
TeamB-29c5271b-5c46-455e-91ea-da2abfa8ff3c,2020-08-15,1,-0,84.99,84.992,2.739,78.9,30.2,23.77,7,1
TeamB-29c5271b-5c46-455e-91ea-da2abfa8ff3c,2020-08-16,1,-0,41.538,41.54,4.232,1245.5,427.6,28.25,1,10
TeamB-29c5271b-5c46-455e-91ea-da2abfa8ff3c,2020-08-19,1,-0,111.315,111.317,5.404,1072.3,324.4,27.86,11,5
TeamB-29c5271b-5c46-455e-91ea-da2abfa8ff3c,2020-08-20,1,-0,90.532,90.533,2.662,138.1,64.3,25,3,2
TeamB-29c5271b-5c46-455e-91ea-da2abfa8ff3c,2020-08-21,1,-0,73.123,73.125,2.95,156.5,35.9,24.93,5,5
TeamB-29c5271b-5c46-455e-91ea-da2abfa8ff3c,2020-08-25,1,-0,81.387,81.388,3.003,180.4,35.8,24.77,1,7
TeamB-29c5271b-5c46-455e-91ea-da2abfa8ff3c,2020-08-29,1,-0,83.472,83.473,2.749,120.3,46.1,24.41,2,5
TeamB-29c5271b-5c46-455e-91ea-da2abfa8ff3c,2020-08-30,1,-0,127.133,127.135,11.465,1514.8,570.1,26.72,4,11
TeamB-29c5271b-5c46-455e-91ea-da2abfa8ff3c,2020-09-02,1,-0,96.647,96.648,5.537,775.1,264.4,23.63,6,15
TeamB-29c5271b-5c46-455e-91ea-da2abfa8ff3c,2020-09-03,1,-0,100.575,100.577,4.013,348.3,140.9,26.58,4,5
TeamB-29c5271b-5c46-455e-91ea-da2abfa8ff3c,2020-09-04,1,-0,76.122,76.123,2.789,190.6,49.5,25.19,7,9
TeamB-29c5271b-5c46-455e-91ea-da2abfa8ff3c,2020-09-05,1,-0,120.552,120.553,10.408,1326.3,452.7,25.84,5,20
TeamB-29c5271b-5c46-455e-91ea-da2abfa8ff3c,2020-09-08,1,-0,100.24,100.242,4.818,613.9,291.5,27.01,5,10
TeamB-29c5271b-5c46-455e-91ea-da2abfa8ff3c,2020-09-09,1,-0,106.783,106.785,4.953,761.1,133.1,26.37,13,19
TeamB-29c5271b-5c46-455e-91ea-da2abfa8ff3c,2020-09-11,1,-0,67.9,67.902,3.238,161.1,56.5,23.93,5,10
TeamB-29c5271b-5c46-455e-91ea-da2abfa8ff3c,2020-09-12,1,-0,122.088,122.09,10.592,1333.9,504.8,27.68,8,15
TeamB-29c5271b-5c46-455e-91ea-da2abfa8ff3c,2020-09-21,1,-0,131.222,131.223,5.811,344.5,77,23.57,6,7
TeamB-29c5271b-5c46-455e-91ea-da2abfa8ff3c,2020-09-24,1,-0,114.988,114.99,6.744,791.7,316.7,27.58,3,15
TeamB-29c5271b-5c46-455e-91ea-da2abfa8ff3c,2020-09-25,1,-0,97.383,97.385,4.377,268.8,60.6,23.82,5,8
TeamB-29c5271b-5c46-455e-91ea-da2abfa8ff3c,2020-09-26,1,-0,81.743,81.745,3.254,111.1,17.2,22.76,8,7
TeamB-29c5271b-5c46-455e-91ea-da2abfa8ff3c,2020-09-27,1,-0,125.713,125.715,10.849,1503.5,421.6,26.95,6,16
TeamB-29c5271b-5c46-455e-91ea-da2abfa8ff3c,2020-09-29,1,-0,78.08,78.082,2.93,4.2,0,17.31,3,7
TeamB-29c5271b-5c46-455e-91ea-da2abfa8ff3c,2020-09-30,1,-0,130.073,130.075,7.27,307.1,70.7,23.3,3,9
TeamB-29c5271b-5c46-455e-91ea-da2abfa8ff3c,2020-10-01,1,-0,104.815,104.817,5.884,761.8,255.5,26.07,2,11
TeamB-29c5271b-5c46-455e-91ea-da2abfa8ff3c,2020-10-02,1,-0,117.42,117.422,6.187,763.8,297.9,26.59,11,16
TeamB-29c5271b-5c46-455e-91ea-da2abfa8ff3c,2020-10-05,1,-0,120.725,120.727,5.651,408.8,82.1,24.55,6,12
TeamB-29c5271b-5c46-455e-91ea-da2abfa8ff3c,2020-10-06,1,-0,74.187,74.188,3.494,488.2,86.2,22.45,2,2
TeamB-29c5271b-5c46-455e-91ea-da2abfa8ff3c,2020-10-07,1,-0,156.505,156.507,14.767,2258.7,756.7,25.42,12,20
TeamB-29c5271b-5c46-455e-91ea-da2abfa8ff3c,2020-10-10,1,-0,88.42,88.422,4.466,183.3,81.3,25.53,11,8
TeamB-29c5271b-5c46-455e-91ea-da2abfa8ff3c,2020-10-13,1,-0,113.537,113.538,5.468,406,135.8,25.03,5,15
TeamB-29c5271b-5c46-455e-91ea-da2abfa8ff3c,2020-10-14,1,-0,91.8,91.802,5.295,823.9,340.7,26.71,4,11
TeamB-29c5271b-5c46-455e-91ea-da2abfa8ff3c,2020-10-16,1,-0,120.868,120.87,5.199,362.6,107.6,27.1,5,9
TeamB-29c5271b-5c46-455e-91ea-da2abfa8ff3c,2020-10-17,1,-0,79.938,79.94,2.767,45.2,9.2,21.08,3,1
TeamB-29c5271b-5c46-455e-91ea-da2abfa8ff3c,2020-10-18,1,-0,125.132,125.133,11.565,1784,598.1,26.53,11,26
TeamB-29c5271b-5c46-455e-91ea-da2abfa8ff3c,2020-10-29,1,-0,104.805,104.807,5.897,491.8,173.5,26.3,1,14
TeamB-29c5271b-5c46-455e-91ea-da2abfa8ff3c,2020-10-30,1,-0,96.413,96.415,4.951,446.9,167.6,24.91,6,12
TeamB-29c5271b-5c46-455e-91ea-da2abfa8ff3c,2020-10-31,1,-0,83.335,83.337,2.883,143.9,67.1,26.16,4,10
TeamB-29c5271b-5c46-455e-91ea-da2abfa8ff3c,2020-11-01,1,-0,57.742,57.743,5.797,1091.2,395.2,27.58,2,10
TeamB-29c5271b-5c46-455e-91ea-da2abfa8ff3c,2020-11-03,1,-0,82.907,82.908,2.809,186.5,73.6,27.06,1,3
TeamB-29c5271b-5c46-455e-91ea-da2abfa8ff3c,2020-11-04,1,-0,66.395,66.397,5.397,812.7,239.6,27.12,4,15
TeamB-29c5271b-5c46-455e-91ea-da2abfa8ff3c,2020-11-06,1,-0,78.922,78.923,3.391,78.3,10.1,21.73,8,12
TeamB-29c5271b-5c46-455e-91ea-da2abfa8ff3c,2020-11-07,1,-0,133.505,133.507,11.103,1683.3,638,29.02,6,18
TeamB-29c5271b-5c46-455e-91ea-da2abfa8ff3c,2020-11-10,1,-0,77.188,77.19,2.513,32.3,4,20.76,2,0
TeamB-29c5271b-5c46-455e-91ea-da2abfa8ff3c,2020-11-11,1,-0,115.135,115.137,8,1049.1,353.6,27.24,8,13
TeamB-29c5271b-5c46-455e-91ea-da2abfa8ff3c,2020-11-12,1,-0,47.06,47.062,1.838,8.2,0.6,19.58,3,0
TeamB-29c5271b-5c46-455e-91ea-da2abfa8ff3c,2020-11-14,1,-0,116.6,116.602,6.026,527.6,206.4,24.88,6,16
TeamB-29c5271b-5c46-455e-91ea-da2abfa8ff3c,2020-11-15,1,-0,100.95,100.952,6.003,945.6,457.8,27.29,8,14
TeamB-29c5271b-5c46-455e-91ea-da2abfa8ff3c,2020-11-16,1,-0,83.772,83.773,3.428,158.1,37.1,21.89,1,5
TeamB-29c5271b-5c46-455e-91ea-da2abfa8ff3c,2020-11-19,1,-0,127.027,127.028,10.186,1357.9,426.8,25.02,3,14
TeamB-29c5271b-5c46-455e-91ea-da2abfa8ff3c,2020-11-21,1,-0,66.4,66.402,3.151,185.7,18.9,23.52,5,5
TeamB-29c5271b-5c46-455e-91ea-da2abfa8ff3c,2020-11-22,1,-0,121.92,121.922,10.525,1458.1,480.2,26.63,15,16
TeamB-29c5271b-5c46-455e-91ea-da2abfa8ff3c,2021-02-01,1,-0,117.852,117.853,6.638,757.9,257.2,26.12,13,19
TeamB-29c5271b-5c46-455e-91ea-da2abfa8ff3c,2021-02-03,1,-0,68.038,68.04,1.893,14.1,3.4,20.28,2,2
TeamB-29c5271b-5c46-455e-91ea-da2abfa8ff3c,2021-02-04,1,-0,122.657,122.658,9.935,1443.6,519.8,26.5,3,10
TeamB-29c5271b-5c46-455e-91ea-da2abfa8ff3c,2021-02-05,1,-0,84.47,84.472,2.966,62.2,10.1,22.12,3,5
TeamB-29c5271b-5c46-455e-91ea-da2abfa8ff3c,2021-02-07,1,-0,115.92,115.922,6.776,991.3,400.8,27.91,8,15
TeamB-29c5271b-5c46-455e-91ea-da2abfa8ff3c,2021-02-08,1,-0,98.383,98.385,5.135,373.6,84.6,23.98,9,15
TeamB-29c5271b-5c46-455e-91ea-da2abfa8ff3c,2021-02-17,1,-0,111.338,111.34,5.873,231.1,16.1,21.65,7,7
TeamB-29c5271b-5c46-455e-91ea-da2abfa8ff3c,2021-02-18,1,-0,103.1,103.102,4.788,1318.6,550.6,26.15,6,5
TeamB-29c5271b-5c46-455e-91ea-da2abfa8ff3c,2021-02-20,1,-0,77.005,77.007,4.557,305.7,72.8,25.39,4,7
TeamB-29c5271b-5c46-455e-91ea-da2abfa8ff3c,2021-02-21,1,-0,44.382,44.383,2.589,201.2,45,25.76,5,5
TeamB-29c5271b-5c46-455e-91ea-da2abfa8ff3c,2021-02-24,1,-0,45.607,45.608,1.247,2.8,0,16.52,4,2
TeamB-29c5271b-5c46-455e-91ea-da2abfa8ff3c,2021-02-25,1,-0,98.093,98.095,5.506,326.9,116.6,27.9,7,8
TeamB-29c5271b-5c46-455e-91ea-da2abfa8ff3c,2021-03-01,1,-0,115.74,115.742,5.02,423.7,180.7,27.99,5,7
TeamB-29c5271b-5c46-455e-91ea-da2abfa8ff3c,2021-03-02,1,-0,132.387,132.388,6.818,1152.9,462.1,25.8,8,11
TeamB-29c5271b-5c46-455e-91ea-da2abfa8ff3c,2021-03-04,1,-0,99.185,99.187,5.881,409.4,133.7,25.98,1,18
TeamB-29c5271b-5c46-455e-91ea-da2abfa8ff3c,2021-03-05,1,-0,108.138,108.14,5.554,366.2,142,26.07,4,14
TeamB-29c5271b-5c46-455e-91ea-da2abfa8ff3c,2021-03-06,1,-0,85.89,85.892,5.235,422.3,63.4,23.81,4,8
TeamB-29c5271b-5c46-455e-91ea-da2abfa8ff3c,2021-03-08,1,-0,100.8,100.802,5.246,686,274.7,25.16,2,21
TeamB-29c5271b-5c46-455e-91ea-da2abfa8ff3c,2021-03-09,1,-0,107.633,107.635,5.677,1255.6,623.1,26.88,11,13
TeamB-29c5271b-5c46-455e-91ea-da2abfa8ff3c,2021-03-12,1,-0,107.055,107.057,6.821,749.1,297.4,26.56,3,14
TeamB-29c5271b-5c46-455e-91ea-da2abfa8ff3c,2021-03-15,1,-0,101.75,101.752,5.55,1149.6,412.7,27.49,3,14
TeamB-29c5271b-5c46-455e-91ea-da2abfa8ff3c,2021-03-22,1,-0,125.53,125.532,5.64,464.6,210.2,26.33,7,24
TeamB-29c5271b-5c46-455e-91ea-da2abfa8ff3c,2021-03-23,1,-0,102.022,102.023,6.114,656.8,192,25.39,5,11
TeamB-29c5271b-5c46-455e-91ea-da2abfa8ff3c,2021-03-25,1,-0,128.917,128.918,6.428,1021.1,470.9,26.48,11,21
TeamB-29c5271b-5c46-455e-91ea-da2abfa8ff3c,2021-03-26,1,-0,114.503,114.505,4.408,59.8,11.6,22.48,6,11
TeamB-29c5271b-5c46-455e-91ea-da2abfa8ff3c,2021-03-29,1,-0,122.173,122.175,5.782,332.7,116.9,24.72,5,9
TeamB-29c5271b-5c46-455e-91ea-da2abfa8ff3c,2021-03-30,1,-0,155.887,155.888,6.03,528.4,166.5,24.45,9,22
TeamB-29c5271b-5c46-455e-91ea-da2abfa8ff3c,2021-03-31,1,-0,104.838,104.84,5.711,873.9,405.2,27.39,5,11
TeamB-29c5271b-5c46-455e-91ea-da2abfa8ff3c,2021-04-09,1,-0,93.677,93.678,3.828,221.7,91.2,26.77,4,5
TeamB-29c5271b-5c46-455e-91ea-da2abfa8ff3c,2021-04-12,1,-0,118.99,118.992,7.787,1461.6,694.7,27.84,10,9
TeamB-29c5271b-5c46-455e-91ea-da2abfa8ff3c,2021-04-13,1,-0,143.375,143.377,6.145,402.6,145.9,25.2,2,11
TeamB-29c5271b-5c46-455e-91ea-da2abfa8ff3c,2021-04-15,1,-0,140.353,140.355,5.999,769.5,355.3,26.18,11,11
TeamB-29c5271b-5c46-455e-91ea-da2abfa8ff3c,2021-04-16,1,-0,114.888,114.89,3.823,182.2,30,23.87,3,5
TeamB-29c5271b-5c46-455e-91ea-da2abfa8ff3c,2021-04-19,1,1e-4,118.907,118.89,4.021,356.1,146.6,27.92,3,6
TeamB-29c5271b-5c46-455e-91ea-da2abfa8ff3c,2021-04-20,1,-0,136.033,136.035,11.101,1507.7,560.2,26.7,9,23
TeamB-29c5271b-5c46-455e-91ea-da2abfa8ff3c,2021-04-21,1,-0,67.388,67.39,1.781,0,0,15.4,6,1
TeamB-29c5271b-5c46-455e-91ea-da2abfa8ff3c,2021-04-26,1,-0,94.355,94.357,4.185,184.1,33.2,23.57,5,5
TeamB-29c5271b-5c46-455e-91ea-da2abfa8ff3c,2021-04-27,1,-0,123.538,123.54,6.241,656.3,289.2,23.77,8,8
TeamB-29c5271b-5c46-455e-91ea-da2abfa8ff3c,2021-04-29,1,-0,110.057,110.058,4.354,230.5,46.4,24.99,6,3
TeamB-29c5271b-5c46-455e-91ea-da2abfa8ff3c,2021-04-30,1,-0,88.335,88.337,2.617,78,10.4,23.45,2,5
TeamB-29c5271b-5c46-455e-91ea-da2abfa8ff3c,2021-05-01,1,-0,177.555,177.557,12.347,1688.3,736,28.94,13,22
TeamB-29c5271b-5c46-455e-91ea-da2abfa8ff3c,2021-05-03,1,-0,67.81,67.812,2.707,48.5,4.1,21.2,3,9
TeamB-29c5271b-5c46-455e-91ea-da2abfa8ff3c,2021-05-04,1,-0,111.352,111.353,4.189,305.6,59.1,22.72,7,9
TeamB-29c5271b-5c46-455e-91ea-da2abfa8ff3c,2021-05-05,1,-0,130.528,130.53,7.679,1348.3,440,26.91,11,22
TeamB-29c5271b-5c46-455e-91ea-da2abfa8ff3c,2021-05-06,1,-0,77.48,77.482,1.756,27.6,4.1,21.67,1,2
TeamB-29c5271b-5c46-455e-91ea-da2abfa8ff3c,2021-05-07,1,-0,98.863,98.865,3.125,117.8,24.2,22.79,4,9
TeamB-29c5271b-5c46-455e-91ea-da2abfa8ff3c,2021-05-08,1,-0,156.473,156.475,11.125,1323.7,454.4,27.41,9,21
TeamB-29c5271b-5c46-455e-91ea-da2abfa8ff3c,2021-05-10,1,-0,80.188,80.19,2.228,23.3,1.8,19.88,2,10
TeamB-29c5271b-5c46-455e-91ea-da2abfa8ff3c,2021-05-11,1,-0,154.005,154.007,11.269,1607.9,685.7,28.99,12,28
TeamB-29c5271b-5c46-455e-91ea-da2abfa8ff3c,2021-05-12,1,-1e-4,30.39,30.392,0.983,0,0,13.24,0,0
TeamB-29c5271b-5c46-455e-91ea-da2abfa8ff3c,2021-05-14,1,-0,92.183,92.185,2.036,8.5,0,19.2,2,3
TeamB-29c5271b-5c46-455e-91ea-da2abfa8ff3c,2021-05-15,1,-0,185.763,185.765,12.338,1587.8,600.4,28.02,10,24
TeamB-29c5271b-5c46-455e-91ea-da2abfa8ff3c,2021-05-18,1,-0,140.673,140.675,4.3,450.2,148.5,25.58,3,9
TeamB-29c5271b-5c46-455e-91ea-da2abfa8ff3c,2021-05-19,1,-0,147.022,147.023,5.954,1137.9,681.5,27.19,10,13
TeamB-29c5271b-5c46-455e-91ea-da2abfa8ff3c,2021-05-21,1,-0,97.808,97.81,3.199,68.4,14.3,20.98,2,7
TeamB-29c5271b-5c46-455e-91ea-da2abfa8ff3c,2021-05-22,1,-0,152.325,152.327,10.975,1252.3,508.7,28.41,5,20
TeamB-29c5271b-5c46-455e-91ea-da2abfa8ff3c,2021-05-24,1,-0,79.408,79.41,2.111,36.5,0,19.23,3,6
TeamB-29c5271b-5c46-455e-91ea-da2abfa8ff3c,2021-05-25,1,-0,98.903,98.905,4.457,512.7,240.3,26.85,5,18
TeamB-29c5271b-5c46-455e-91ea-da2abfa8ff3c,2021-05-26,1,-0,118.535,118.537,6.705,1150.8,701.8,25.16,14,12
TeamB-29c5271b-5c46-455e-91ea-da2abfa8ff3c,2021-05-28,1,-0,103.107,103.108,2.643,64.3,2.3,19.93,4,3
TeamB-29c5271b-5c46-455e-91ea-da2abfa8ff3c,2021-05-29,1,-0,170.073,170.075,11.473,1344.8,626.5,26.76,12,17
TeamB-29c5271b-5c46-455e-91ea-da2abfa8ff3c,2021-06-01,1,-0,102.133,102.135,3.976,153.3,7,21.95,6,4
TeamB-29c5271b-5c46-455e-91ea-da2abfa8ff3c,2021-06-05,1,-0,138.947,138.948,6.783,1286.9,736.4,25.91,7,10
TeamB-29c5271b-5c46-455e-91ea-da2abfa8ff3c,2021-06-20,1,1e-4,120.333,120.317,6.081,462.6,119,26.49,4,8
TeamB-29c5271b-5c46-455e-91ea-da2abfa8ff3c,2021-06-21,1,-0,90.658,90.66,3.652,48.9,6.5,21.91,2,6
TeamB-29c5271b-5c46-455e-91ea-da2abfa8ff3c,2021-06-22,1,-0,131.538,131.54,7.066,855.1,238,24.58,8,8
TeamB-29c5271b-5c46-455e-91ea-da2abfa8ff3c,2021-06-23,1,1e-4,134.087,134.07,1.022,4.6,0,16.56,1,0
TeamB-29c5271b-5c46-455e-91ea-da2abfa8ff3c,2021-06-25,1,2e-4,102.038,102.022,3.874,382.9,134.1,24.88,1,9
TeamB-29c5271b-5c46-455e-91ea-da2abfa8ff3c,2021-06-26,1,-0,135.168,135.17,10.31,1242,451.2,29.46,8,15
TeamB-29c5271b-5c46-455e-91ea-da2abfa8ff3c,2021-06-29,1,-0,78.758,78.76,2.564,132.3,25.5,23.64,1,5
TeamB-29c5271b-5c46-455e-91ea-da2abfa8ff3c,2021-06-30,1,-0,112.405,112.407,7.257,850.6,287.6,26.47,4,9
TeamB-29c5271b-5c46-455e-91ea-da2abfa8ff3c,2021-07-04,1,-0,131.927,131.928,6.228,479,139.6,26.29,8,24
TeamB-29c5271b-5c46-455e-91ea-da2abfa8ff3c,2021-07-06,1,-0,100.29,100.292,3.092,9.5,0,17.65,2,5
TeamB-29c5271b-5c46-455e-91ea-da2abfa8ff3c,2021-07-07,1,-0,124.57,124.572,7.216,1794.8,976.3,28.57,13,7
TeamB-29c5271b-5c46-455e-91ea-da2abfa8ff3c,2021-07-09,1,-0,88.555,88.557,3.619,183.2,56.5,24.93,5,9
TeamB-29c5271b-5c46-455e-91ea-da2abfa8ff3c,2021-07-10,1,-0,165.725,165.727,12.713,1725.7,522.2,27.75,12,28
TeamB-29c5271b-5c46-455e-91ea-da2abfa8ff3c,2021-07-13,1,-0,111.757,111.758,4.325,184.7,81.6,25.68,2,4
TeamB-29c5271b-5c46-455e-91ea-da2abfa8ff3c,2021-07-14,1,-0,142.022,142.023,0.325,0,0,7.78,0,0
TeamB-29c5271b-5c46-455e-91ea-da2abfa8ff3c,2021-07-31,1,-0,128.83,128.832,5.864,476.6,158.9,28.22,5,9
TeamB-29c5271b-5c46-455e-91ea-da2abfa8ff3c,2021-08-01,1,2e-4,110.022,110.003,4.215,237.7,48.7,23.95,9,12
TeamB-29c5271b-5c46-455e-91ea-da2abfa8ff3c,2021-08-02,1,-0,140.522,140.523,10.526,1227,448.2,28.67,7,15
TeamB-29c5271b-5c46-455e-91ea-da2abfa8ff3c,2021-08-05,1,-0,129.35,129.352,6.293,501.1,135.6,25.33,6,7
TeamB-29c5271b-5c46-455e-91ea-da2abfa8ff3c,2021-08-06,1,-0,99.293,99.295,3.727,56.6,2.3,19.97,4,10
TeamB-29c5271b-5c46-455e-91ea-da2abfa8ff3c,2021-08-07,1,-0,145.805,145.807,10.819,1536.3,625.6,27.48,4,13
TeamB-29c5271b-5c46-455e-91ea-da2abfa8ff3c,2021-08-10,1,-0,60.127,60.128,2.66,958.5,513.3,25.64,2,9
TeamB-29c5271b-5c46-455e-91ea-da2abfa8ff3c,2021-08-11,1,-0,99.47,99.472,6.429,493.2,133.5,26.64,2,7
TeamB-29c5271b-5c46-455e-91ea-da2abfa8ff3c,2021-08-13,1,-0,88.5,88.502,2.583,24.2,0,18.07,2,3
TeamB-29c5271b-5c46-455e-91ea-da2abfa8ff3c,2021-08-14,1,0.0026,133.907,133.555,10.274,1366.6,571.8,28.68,2,23
TeamB-29c5271b-5c46-455e-91ea-da2abfa8ff3c,2021-08-17,1,-0,132.9,132.902,6.086,2435.8,1693.2,35.94,5,12
TeamB-29c5271b-5c46-455e-91ea-da2abfa8ff3c,2021-08-20,1,-0,69.373,69.375,2.357,123.7,32.8,23.26,4,5
TeamB-29c5271b-5c46-455e-91ea-da2abfa8ff3c,2021-08-21,1,-0,171.428,171.43,10.295,1042.4,372,27.64,6,14
TeamB-29c5271b-5c46-455e-91ea-da2abfa8ff3c,2021-08-23,1,-0,88.682,88.683,2.532,38.7,0.6,19.2,2,2
TeamB-29c5271b-5c46-455e-91ea-da2abfa8ff3c,2021-08-24,1,1e-4,142.153,142.135,11.142,1529.3,513.5,27.37,6,14
TeamB-29c5271b-5c46-455e-91ea-da2abfa8ff3c,2021-08-27,1,-0,85.165,85.167,1.974,37.1,11.6,21.26,6,6
TeamB-29c5271b-5c46-455e-91ea-da2abfa8ff3c,2021-08-28,1,-0,135.367,135.368,11.03,1245,381.5,27,8,17
TeamB-29c5271b-5c46-455e-91ea-da2abfa8ff3c,2021-08-30,1,-0,86.888,86.89,3.536,137.8,19.3,22.08,5,6
TeamB-29c5271b-5c46-455e-91ea-da2abfa8ff3c,2021-08-31,1,-0,88.923,88.925,3.27,126.2,60,27.16,4,7
TeamB-29c5271b-5c46-455e-91ea-da2abfa8ff3c,2021-09-01,1,-0,133.988,133.99,10.597,1581.5,708.9,27.34,12,14
TeamB-29c5271b-5c46-455e-91ea-da2abfa8ff3c,2021-09-03,1,-0,83.87,83.872,3.451,224.4,58.6,23.63,8,8
TeamB-29c5271b-5c46-455e-91ea-da2abfa8ff3c,2021-09-04,1,-0,124.917,124.918,8.276,1337,531.9,29.16,3,21
TeamB-29c5271b-5c46-455e-91ea-da2abfa8ff3c,2021-09-07,1,-0,64.073,64.075,2.503,72.8,0.6,19.39,7,8
TeamB-29c5271b-5c46-455e-91ea-da2abfa8ff3c,2021-09-08,1,-0,128.507,128.508,8.865,1700.8,614.3,27.49,7,25
TeamB-29c5271b-5c46-455e-91ea-da2abfa8ff3c,2021-09-10,1,-0,68.557,68.558,1.656,4.7,0,17.34,4,3
TeamB-29c5271b-5c46-455e-91ea-da2abfa8ff3c,2021-09-11,1,-0,138.55,138.552,4.934,287.2,56.6,23.91,8,5
TeamB-29c5271b-5c46-455e-91ea-da2abfa8ff3c,2021-09-24,1,-0,101.322,101.323,6.149,470,173.5,26.36,4,7
TeamB-29c5271b-5c46-455e-91ea-da2abfa8ff3c,2021-09-25,1,-0,106.388,106.39,3.603,93,9.7,21.27,9,7
TeamB-29c5271b-5c46-455e-91ea-da2abfa8ff3c,2021-09-26,1,-0,136.37,136.372,10.758,1706.8,743.9,26.26,9,18
TeamB-29c5271b-5c46-455e-91ea-da2abfa8ff3c,2021-09-28,1,2e-4,80.828,80.81,3.258,64.4,0.6,19.21,1,4
TeamB-29c5271b-5c46-455e-91ea-da2abfa8ff3c,2021-09-29,1,-0,128.007,128.008,6.917,956.8,381.3,26.75,5,16
TeamB-29c5271b-5c46-455e-91ea-da2abfa8ff3c,2021-10-01,1,-0,94.988,94.99,4,232.8,33.4,21.44,6,8
TeamB-29c5271b-5c46-455e-91ea-da2abfa8ff3c,2021-10-02,1,-0,130.855,130.857,10.386,1794.2,710.5,29.7,3,32
TeamB-29c5271b-5c46-455e-91ea-da2abfa8ff3c,2021-10-05,1,-0,112.867,112.868,7.318,969.3,312,26.6,10,19
TeamB-29c5271b-5c46-455e-91ea-da2abfa8ff3c,2021-10-06,1,-0,114.69,114.692,4.803,357.3,138.4,25.35,8,27
TeamB-29c5271b-5c46-455e-91ea-da2abfa8ff3c,2021-10-08,1,-0,108.723,108.725,2.578,141.6,12,20.9,3,4
TeamB-29c5271b-5c46-455e-91ea-da2abfa8ff3c,2021-10-12,1,-0,121.405,121.407,6.779,902.4,413.8,27.97,16,25
TeamB-29c5271b-5c46-455e-91ea-da2abfa8ff3c,2021-10-15,1,2e-4,89.677,89.66,4.748,328.9,55.3,23.05,7,10
TeamB-29c5271b-5c46-455e-91ea-da2abfa8ff3c,2021-10-16,1,3e-4,66.47,66.45,3.341,86.1,1.7,19.39,8,9
TeamB-29c5271b-5c46-455e-91ea-da2abfa8ff3c,2021-10-17,1,-0,126.388,126.39,11.542,1216,399.2,27.8,7,18
TeamB-29c5271b-5c46-455e-91ea-da2abfa8ff3c,2021-10-29,1,-0,119.407,119.408,7.098,739.4,187.8,27.98,5,14
TeamB-29c5271b-5c46-455e-91ea-da2abfa8ff3c,2021-10-30,1,-0,100.535,100.537,3.057,100.3,31.3,24.7,8,8
TeamB-29c5271b-5c46-455e-91ea-da2abfa8ff3c,2021-10-31,1,1e-4,147.825,147.808,11.069,1494.4,545.2,26.88,10,27
TeamB-29c5271b-5c46-455e-91ea-da2abfa8ff3c,2021-11-03,1,-0,93.268,93.27,4.076,72.4,0,18.32,7,9
TeamB-29c5271b-5c46-455e-91ea-da2abfa8ff3c,2021-11-04,1,-0,97.548,97.55,5.191,560.9,250.9,26.23,4,11
TeamB-29c5271b-5c46-455e-91ea-da2abfa8ff3c,2021-11-06,1,-0,88.888,88.89,3.359,65,0,19.3,3,6
TeamB-29c5271b-5c46-455e-91ea-da2abfa8ff3c,2021-11-07,1,1e-4,128.927,128.91,10.961,1502.8,381.8,25.99,3,16
TeamB-29c5271b-5c46-455e-91ea-da2abfa8ff3c,2021-11-09,1,-0,142.735,142.737,4.081,95.7,15.4,21.26,6,12
TeamB-29c5271b-5c46-455e-91ea-da2abfa8ff3c,2021-11-10,1,1e-4,181.338,181.322,8.298,2537.4,2018.3,35.89,6,13
TeamB-29c5271b-5c46-455e-91ea-da2abfa8ff3c,2021-11-12,1,2e-4,75.547,75.528,3.962,173.1,12.8,22.88,10,18
TeamB-29c5271b-5c46-455e-91ea-da2abfa8ff3c,2021-11-13,1,2e-4,127.532,127.512,10.695,1602.7,562.5,27.09,7,17
TeamB-29c5271b-5c46-455e-91ea-da2abfa8ff3c,2021-11-15,1,2e-4,92.552,92.532,4.744,134.6,7.4,20.43,7,8
TeamB-2f23d7d5-2326-49ce-b9c8-5a6303f785c5,2020-06-01,1,-0,105.238,105.24,4.919,201.3,56.9,24.98,6,7
TeamB-2f23d7d5-2326-49ce-b9c8-5a6303f785c5,2020-06-02,1,-0,100.473,100.475,4.751,273.1,82.4,24.82,3,11
TeamB-2f23d7d5-2326-49ce-b9c8-5a6303f785c5,2020-06-03,1,-0,81.338,81.34,2.961,53.9,1.1,19.62,3,5
TeamB-2f23d7d5-2326-49ce-b9c8-5a6303f785c5,2020-06-04,1,-0,85.522,85.523,5.268,416.1,134.6,24.01,9,7
TeamB-2f23d7d5-2326-49ce-b9c8-5a6303f785c5,2020-06-05,1,-0,94.37,94.372,5.21,366.5,98.6,23.7,3,4
TeamB-2f23d7d5-2326-49ce-b9c8-5a6303f785c5,2020-06-09,1,-0,89.42,89.422,4.217,218.8,58.2,23.24,2,1
TeamB-2f23d7d5-2326-49ce-b9c8-5a6303f785c5,2020-06-10,1,-0,61.488,61.49,3.259,445.2,222.1,27.02,8,3
TeamB-2f23d7d5-2326-49ce-b9c8-5a6303f785c5,2020-06-11,1,-0,59.473,59.475,1.571,14.2,0,18.28,2,3
TeamB-2f23d7d5-2326-49ce-b9c8-5a6303f785c5,2020-06-12,1,-0,86.39,86.392,3.351,73,4.1,21.08,2,3
TeamB-2f23d7d5-2326-49ce-b9c8-5a6303f785c5,2020-06-13,1,-0,103.203,103.205,8.913,802.4,306.5,27.04,5,14
TeamB-2f23d7d5-2326-49ce-b9c8-5a6303f785c5,2020-06-16,1,-0,119.543,119.545,5.042,392.6,101.6,23.5,8,8
TeamB-2f23d7d5-2326-49ce-b9c8-5a6303f785c5,2020-06-17,1,-0,91.44,91.442,3.015,134.6,39.3,22.74,2,6
TeamB-2f23d7d5-2326-49ce-b9c8-5a6303f785c5,2020-06-18,1,-0,88.157,88.158,4.086,389.1,90.6,24.71,8,10
TeamB-2f23d7d5-2326-49ce-b9c8-5a6303f785c5,2020-06-22,1,-0,99.872,99.873,3.636,83.2,34.4,25.77,6,5
TeamB-2f23d7d5-2326-49ce-b9c8-5a6303f785c5,2020-06-23,1,-0,119.233,119.235,9.602,897.7,311.3,27.48,5,4
TeamB-2f23d7d5-2326-49ce-b9c8-5a6303f785c5,2020-06-25,1,-0,76.023,76.025,2.111,60.3,29.5,23.26,4,2
TeamB-2f23d7d5-2326-49ce-b9c8-5a6303f785c5,2020-06-26,1,-0,60.655,60.657,3.4,126.5,59.4,26.06,7,5
TeamB-2f23d7d5-2326-49ce-b9c8-5a6303f785c5,2020-06-27,1,-0,114.623,114.625,9.07,991.7,342,28.25,11,21
TeamB-2f23d7d5-2326-49ce-b9c8-5a6303f785c5,2020-06-30,1,-0,104.382,104.383,6.052,670.8,180.4,25.36,14,9
TeamB-2f23d7d5-2326-49ce-b9c8-5a6303f785c5,2020-07-01,1,-0,90.873,90.875,3.129,201.2,80.1,25.29,3,2
TeamB-2f23d7d5-2326-49ce-b9c8-5a6303f785c5,2020-07-02,1,-0,82.838,82.84,3.859,182.1,59.1,24.55,8,3
TeamB-2f23d7d5-2326-49ce-b9c8-5a6303f785c5,2020-07-03,1,-0,86.072,86.073,3.736,100.6,29,23,6,9
TeamB-2f23d7d5-2326-49ce-b9c8-5a6303f785c5,2020-07-04,1,-0,117.622,117.623,10.142,1076.9,326.3,26.81,5,23
TeamB-2f23d7d5-2326-49ce-b9c8-5a6303f785c5,2020-07-07,1,-0,102.608,102.61,6.279,843.9,248.1,28.45,17,15
TeamB-2f23d7d5-2326-49ce-b9c8-5a6303f785c5,2020-07-08,1,-0,68.522,68.523,2.841,88.9,1.7,20.04,3,4
TeamB-2f23d7d5-2326-49ce-b9c8-5a6303f785c5,2020-07-09,1,-0,92.605,92.607,3.335,128.7,23.3,22.98,8,4
TeamB-2f23d7d5-2326-49ce-b9c8-5a6303f785c5,2020-07-10,1,-0,122.672,122.673,10.438,1435.1,407.9,27.15,8,11
TeamB-2f23d7d5-2326-49ce-b9c8-5a6303f785c5,2020-07-14,1,-0,106.757,106.758,6.286,1005.9,208.9,27.24,8,10
TeamB-2f23d7d5-2326-49ce-b9c8-5a6303f785c5,2020-07-15,1,-0,97.755,97.757,4.927,179.5,36.9,22.31,8,5
TeamB-2f23d7d5-2326-49ce-b9c8-5a6303f785c5,2020-07-16,1,-0,65.857,65.858,3.06,187.5,69.1,24.86,5,8
TeamB-2f23d7d5-2326-49ce-b9c8-5a6303f785c5,2020-07-17,1,-0,107.503,107.505,3.764,116.4,13.4,22.17,8,12
TeamB-2f23d7d5-2326-49ce-b9c8-5a6303f785c5,2020-07-21,1,-0,89.737,89.738,5.615,1196.7,371.4,27.8,19,7
TeamB-2f23d7d5-2326-49ce-b9c8-5a6303f785c5,2020-07-22,1,-0,80.73,80.732,2.96,106.6,42.1,25.59,6,1
TeamB-2f23d7d5-2326-49ce-b9c8-5a6303f785c5,2020-07-23,1,-0,63.15,63.152,2.617,95.5,18.3,20.86,1,2
TeamB-2f23d7d5-2326-49ce-b9c8-5a6303f785c5,2020-07-24,1,-0,122.538,122.54,10.31,1299.5,435.1,26.25,10,11
TeamB-2f23d7d5-2326-49ce-b9c8-5a6303f785c5,2020-07-28,1,-0,106.555,106.557,6.828,847.8,163.8,27.26,11,11
TeamB-2f23d7d5-2326-49ce-b9c8-5a6303f785c5,2020-07-29,1,-0,89.113,89.115,4.319,295.8,85.6,24.13,4,2
TeamB-2f23d7d5-2326-49ce-b9c8-5a6303f785c5,2020-07-31,1,-0,41.488,41.49,1.087,11.2,0,18.83,3,5
TeamB-2f23d7d5-2326-49ce-b9c8-5a6303f785c5,2020-08-01,1,-0,116.555,116.557,10.839,1248.4,436.6,26.51,6,11
TeamB-2f23d7d5-2326-49ce-b9c8-5a6303f785c5,2020-08-04,1,-0,96.33,96.332,5.873,662.2,229.6,26.29,4,10
TeamB-2f23d7d5-2326-49ce-b9c8-5a6303f785c5,2020-08-05,1,-0,60.573,60.575,3.348,286.1,74.4,25.29,2,5
TeamB-2f23d7d5-2326-49ce-b9c8-5a6303f785c5,2020-08-06,1,-0,110.023,110.025,3.65,109.7,6.3,20.93,5,8
TeamB-2f23d7d5-2326-49ce-b9c8-5a6303f785c5,2020-08-07,1,-0,108.555,108.557,9.965,1241.2,443.2,27.18,9,11
TeamB-2f23d7d5-2326-49ce-b9c8-5a6303f785c5,2020-08-10,1,-0,102.003,102.005,5.291,549.7,137.5,25.39,3,6
TeamB-2f23d7d5-2326-49ce-b9c8-5a6303f785c5,2020-08-11,1,-0,75.557,75.558,3.192,299.2,63.9,22.36,6,4
TeamB-2f23d7d5-2326-49ce-b9c8-5a6303f785c5,2020-08-12,1,-0,132.022,132.023,10.769,1492.7,582.4,25.69,7,9
TeamB-2f23d7d5-2326-49ce-b9c8-5a6303f785c5,2020-08-14,1,-0,81.628,81.63,2.496,74.6,24.7,22.8,1,2
TeamB-2f23d7d5-2326-49ce-b9c8-5a6303f785c5,2020-08-15,1,-0,72.922,72.923,2.491,120.7,20.4,21.6,4,6
TeamB-2f23d7d5-2326-49ce-b9c8-5a6303f785c5,2020-08-16,1,-0,116.005,116.007,10.814,1463.3,615.1,26.35,5,24
TeamB-2f23d7d5-2326-49ce-b9c8-5a6303f785c5,2020-08-19,1,-0,89.92,89.922,4.893,675.6,215.1,25.64,10,5
TeamB-2f23d7d5-2326-49ce-b9c8-5a6303f785c5,2020-08-20,1,-0,88.988,88.99,2.786,102.1,9.3,21.11,8,2
TeamB-2f23d7d5-2326-49ce-b9c8-5a6303f785c5,2020-08-21,1,-0,74.353,74.355,2.934,160.1,38,23.92,3,2
TeamB-2f23d7d5-2326-49ce-b9c8-5a6303f785c5,2020-08-22,1,-0,131.597,131.598,0.434,0,0,14.29,0,0
TeamB-2f23d7d5-2326-49ce-b9c8-5a6303f785c5,2020-08-24,1,-0,79.872,79.873,3.029,52.7,0.6,18.87,0,3
TeamB-2f23d7d5-2326-49ce-b9c8-5a6303f785c5,2020-08-25,1,-0,74.313,74.315,2.685,181.3,27.9,21.9,0,5
TeamB-2f23d7d5-2326-49ce-b9c8-5a6303f785c5,2020-08-29,1,-0,85.752,85.753,2.964,63.3,7.4,20.35,5,2
TeamB-2f23d7d5-2326-49ce-b9c8-5a6303f785c5,2020-08-30,1,-0,126.3,126.302,10.02,758.4,238.2,28.68,6,6
TeamB-2f23d7d5-2326-49ce-b9c8-5a6303f785c5,2020-09-02,1,-0,96.22,96.222,4.512,78.1,14.1,23.42,3,8
TeamB-2f23d7d5-2326-49ce-b9c8-5a6303f785c5,2020-09-03,1,-0,91.57,91.572,3.791,125.2,61.9,23.95,6,5
TeamB-2f23d7d5-2326-49ce-b9c8-5a6303f785c5,2020-09-04,1,-0,83.473,83.475,2.952,177.4,25.7,22.65,7,4
TeamB-2f23d7d5-2326-49ce-b9c8-5a6303f785c5,2020-09-05,1,-0,116.553,116.555,9.734,943.1,315.1,26.99,12,10
TeamB-2f23d7d5-2326-49ce-b9c8-5a6303f785c5,2020-09-08,1,-0,98.87,98.872,4.845,638.1,198,28.34,11,6
TeamB-2f23d7d5-2326-49ce-b9c8-5a6303f785c5,2020-09-11,1,-0,72.073,72.075,3.349,146.1,29.4,22.2,6,9
TeamB-2f23d7d5-2326-49ce-b9c8-5a6303f785c5,2020-09-12,1,-0,122.725,122.727,9.972,865,320.1,25.35,7,8
TeamB-2f23d7d5-2326-49ce-b9c8-5a6303f785c5,2020-09-21,1,-0,139.21,139.212,6.023,200.8,34.5,22.43,4,6
TeamB-2f23d7d5-2326-49ce-b9c8-5a6303f785c5,2020-09-22,1,-0,118.135,118.137,5.759,715.3,158.9,25.72,9,20
TeamB-2f23d7d5-2326-49ce-b9c8-5a6303f785c5,2020-09-24,1,-0,116.457,116.458,6.101,245.1,33.6,22.95,2,11
TeamB-2f23d7d5-2326-49ce-b9c8-5a6303f785c5,2020-09-25,1,-0,92.957,92.958,4.569,235.8,56.3,24.86,7,3
TeamB-2f23d7d5-2326-49ce-b9c8-5a6303f785c5,2020-09-26,1,-0,74.938,74.94,3.668,111.9,5.1,20.75,4,7
TeamB-2f23d7d5-2326-49ce-b9c8-5a6303f785c5,2020-09-27,1,-0,125.618,125.62,10.13,891.1,288.1,27.23,10,11
TeamB-2f23d7d5-2326-49ce-b9c8-5a6303f785c5,2020-09-30,1,-0,130.538,130.54,7.658,367.7,73.7,24.65,10,16
TeamB-2f23d7d5-2326-49ce-b9c8-5a6303f785c5,2020-10-01,1,-0,103.592,103.593,6.049,723.2,201.1,24.76,3,14
TeamB-2f23d7d5-2326-49ce-b9c8-5a6303f785c5,2020-10-02,1,-0,115.578,115.58,5.761,512.8,185.1,25.72,9,7
TeamB-2f23d7d5-2326-49ce-b9c8-5a6303f785c5,2020-10-05,1,-0,118.122,118.123,5.891,243.4,30.6,24.02,6,4
TeamB-2f23d7d5-2326-49ce-b9c8-5a6303f785c5,2020-10-06,1,-0,72.795,72.797,3.199,141.7,11.6,21.19,6,8
TeamB-2f23d7d5-2326-49ce-b9c8-5a6303f785c5,2020-10-07,1,-0,162.333,162.335,12.989,1088.5,349.4,26.86,4,14
TeamB-2f23d7d5-2326-49ce-b9c8-5a6303f785c5,2020-10-10,1,-0,98.028,98.03,4.544,90.8,2.3,20.38,7,8
TeamB-2f23d7d5-2326-49ce-b9c8-5a6303f785c5,2020-10-13,1,-0,113.048,113.05,5.13,204.3,45.3,25.01,2,7
TeamB-2f23d7d5-2326-49ce-b9c8-5a6303f785c5,2020-10-14,1,-0,97.763,97.765,4.847,350.1,156.2,26.26,0,4
TeamB-2f23d7d5-2326-49ce-b9c8-5a6303f785c5,2020-10-16,1,-0,105.853,105.855,4.901,177.9,38.3,23.53,6,6
TeamB-2f23d7d5-2326-49ce-b9c8-5a6303f785c5,2020-10-17,1,-0,68.89,68.892,2.54,91,15.3,23.28,5,3
TeamB-2f23d7d5-2326-49ce-b9c8-5a6303f785c5,2020-10-18,1,-0,122.405,122.407,10.492,995.8,331,28.41,7,16
TeamB-2f23d7d5-2326-49ce-b9c8-5a6303f785c5,2020-10-29,1,-0,108.953,108.955,5.87,364.3,83.6,22.77,9,8
TeamB-2f23d7d5-2326-49ce-b9c8-5a6303f785c5,2020-10-30,1,-0,81.337,81.338,4.534,231.7,92.4,28.48,0,2
TeamB-2f23d7d5-2326-49ce-b9c8-5a6303f785c5,2020-10-31,1,-0,76.142,76.143,2.433,44.5,2.3,20.4,2,4
TeamB-2f23d7d5-2326-49ce-b9c8-5a6303f785c5,2020-11-01,1,-0,119.053,119.055,10.364,1224.8,378.4,28.55,4,22
TeamB-2f23d7d5-2326-49ce-b9c8-5a6303f785c5,2020-11-03,1,-0,84.297,84.298,2.947,99.1,28.2,22.41,5,4
TeamB-2f23d7d5-2326-49ce-b9c8-5a6303f785c5,2020-11-04,1,-0,98.707,98.708,8.312,746.9,193.9,25.52,9,8
TeamB-2f23d7d5-2326-49ce-b9c8-5a6303f785c5,2020-11-06,1,-0,86.84,86.842,3.671,105.7,21.5,22.01,6,10
TeamB-2f23d7d5-2326-49ce-b9c8-5a6303f785c5,2020-11-07,1,-0,132.242,132.243,10.352,865.8,279.6,28.35,12,15
TeamB-2f23d7d5-2326-49ce-b9c8-5a6303f785c5,2020-11-10,1,-0,73.997,73.998,3.063,259.3,107.6,25.31,0,6
TeamB-2f23d7d5-2326-49ce-b9c8-5a6303f785c5,2020-11-12,1,-0,43.59,43.592,1.761,0,0,14.07,0,0
TeamB-2f23d7d5-2326-49ce-b9c8-5a6303f785c5,2020-11-14,1,-0,114.047,114.048,5.793,290.4,47.2,21.73,8,6
TeamB-2f23d7d5-2326-49ce-b9c8-5a6303f785c5,2020-11-15,1,-0,106.838,106.84,5.565,384.6,130.5,27.16,7,2
TeamB-2f23d7d5-2326-49ce-b9c8-5a6303f785c5,2020-11-16,1,-0,60.115,60.117,2.884,80.6,5.7,20.18,1,3
TeamB-2f23d7d5-2326-49ce-b9c8-5a6303f785c5,2020-11-19,1,-0,127.207,127.208,9.232,668.7,197.8,26.52,11,7
TeamB-2f23d7d5-2326-49ce-b9c8-5a6303f785c5,2020-11-21,1,-0,65.898,65.9,2.121,19.4,2.3,20.28,0,1
TeamB-2f23d7d5-2326-49ce-b9c8-5a6303f785c5,2020-11-22,1,-0,123.842,123.843,9.826,909.7,272,26.49,9,10
TeamB-2f23d7d5-2326-49ce-b9c8-5a6303f785c5,2021-02-01,1,-0,105.29,105.292,5.992,337.2,99,25.58,7,9
TeamB-2f23d7d5-2326-49ce-b9c8-5a6303f785c5,2021-02-03,1,-0,57.94,57.942,1.77,15.7,0,18.82,2,2
TeamB-2f23d7d5-2326-49ce-b9c8-5a6303f785c5,2021-02-04,1,-0,108.872,108.873,10.361,1101.4,401.9,25.78,10,15
TeamB-2f23d7d5-2326-49ce-b9c8-5a6303f785c5,2021-02-07,1,-0,110.873,110.875,7.33,629.3,226.1,27.85,8,8
TeamB-2f23d7d5-2326-49ce-b9c8-5a6303f785c5,2021-02-08,1,-0,97.388,97.39,5.271,253.2,24.6,23.36,16,8
TeamB-2f23d7d5-2326-49ce-b9c8-5a6303f785c5,2021-02-10,1,-0,61.237,61.238,3.426,169.5,41.7,24.6,4,8
TeamB-2f23d7d5-2326-49ce-b9c8-5a6303f785c5,2021-02-11,1,-0,173.268,173.27,14.47,1443.9,361.7,26.49,14,23
TeamB-2f23d7d5-2326-49ce-b9c8-5a6303f785c5,2021-02-20,1,-0,75.987,75.988,4.486,143.3,39.7,23.29,6,9
TeamB-2f23d7d5-2326-49ce-b9c8-5a6303f785c5,2021-02-21,1,-0,105.853,105.855,6.118,313.7,75.2,26.68,7,5
TeamB-2f23d7d5-2326-49ce-b9c8-5a6303f785c5,2021-02-24,1,-0,94.207,94.208,5.313,1009.3,554.4,27.66,15,17
TeamB-2f23d7d5-2326-49ce-b9c8-5a6303f785c5,2021-02-25,1,-0,96.542,96.543,4.716,130.2,4.6,20.59,4,7
TeamB-2f23d7d5-2326-49ce-b9c8-5a6303f785c5,2021-02-26,1,-0,103.973,103.975,5.438,458.4,258,26.39,10,8
TeamB-2f23d7d5-2326-49ce-b9c8-5a6303f785c5,2021-03-01,1,-0,102.922,102.923,4.846,241,122.1,26.6,4,4
TeamB-2f23d7d5-2326-49ce-b9c8-5a6303f785c5,2021-03-02,1,-0,106.13,106.132,6.716,980.1,329.7,25.1,13,16
TeamB-2f23d7d5-2326-49ce-b9c8-5a6303f785c5,2021-03-04,1,-0,97.005,97.007,5.992,240.3,73.9,24.64,11,13
TeamB-2f23d7d5-2326-49ce-b9c8-5a6303f785c5,2021-03-05,1,-0,102.167,102.168,4.776,303.2,68.7,26.91,10,9
TeamB-2f23d7d5-2326-49ce-b9c8-5a6303f785c5,2021-03-06,1,2e-4,90.828,90.812,4.657,254.8,43.5,24.69,4,7
TeamB-2f23d7d5-2326-49ce-b9c8-5a6303f785c5,2021-03-08,1,-0,104.183,104.185,4.56,131.2,11.9,21.98,4,10
TeamB-2f23d7d5-2326-49ce-b9c8-5a6303f785c5,2021-03-09,1,-0,106.34,106.342,5.679,941.5,509.3,26.75,3,6
TeamB-2f23d7d5-2326-49ce-b9c8-5a6303f785c5,2021-03-12,1,-0,96.153,96.155,6.377,445.7,52.9,22.27,4,15
TeamB-2f23d7d5-2326-49ce-b9c8-5a6303f785c5,2021-03-15,1,-0,98.555,98.557,5.221,894.2,358.6,26.97,16,18
TeamB-2f23d7d5-2326-49ce-b9c8-5a6303f785c5,2021-03-16,1,-0,90.727,90.728,4.763,138.7,12.2,21.95,8,10
TeamB-2f23d7d5-2326-49ce-b9c8-5a6303f785c5,2021-03-18,1,-0,104.237,104.238,6.352,531,137.3,25.59,10,14
TeamB-2f23d7d5-2326-49ce-b9c8-5a6303f785c5,2021-03-19,1,-0,98.023,98.025,5.358,110.3,22,22.33,10,9
TeamB-2f23d7d5-2326-49ce-b9c8-5a6303f785c5,2021-03-22,1,-0,125.557,125.558,5.029,366.2,101.8,25.11,12,22
TeamB-2f23d7d5-2326-49ce-b9c8-5a6303f785c5,2021-03-23,1,-0,105.922,105.923,5.696,282.7,55.5,24.09,7,19
TeamB-2f23d7d5-2326-49ce-b9c8-5a6303f785c5,2021-03-25,1,-0,136.057,136.058,6.015,614.3,220.6,26.64,14,17
TeamB-2f23d7d5-2326-49ce-b9c8-5a6303f785c5,2021-03-26,1,-0,79.963,79.965,3.825,99.4,12.7,20.94,5,8
TeamB-2f23d7d5-2326-49ce-b9c8-5a6303f785c5,2021-03-29,1,-0,126.988,126.99,5.891,208.8,38.2,23,4,6
TeamB-2f23d7d5-2326-49ce-b9c8-5a6303f785c5,2021-03-30,1,-0,145.438,145.44,6.228,420.6,106.8,24.87,9,19
TeamB-2f23d7d5-2326-49ce-b9c8-5a6303f785c5,2021-03-31,1,-0,99.205,99.207,5.969,789.5,190,25.78,11,12
TeamB-2f23d7d5-2326-49ce-b9c8-5a6303f785c5,2021-04-06,1,-0,116.838,116.84,5.912,713.2,21.1,20.47,21,19
TeamB-2f23d7d5-2326-49ce-b9c8-5a6303f785c5,2021-04-08,1,-0,117.833,117.835,5.815,798.4,385.5,28.48,12,9
TeamB-2f23d7d5-2326-49ce-b9c8-5a6303f785c5,2021-04-09,1,-0,99.035,99.037,4.075,143.8,33.2,24.51,8,10
TeamB-2f23d7d5-2326-49ce-b9c8-5a6303f785c5,2021-04-12,1,1e-4,116.567,116.55,7.496,592.5,75.5,23.91,2,10
TeamB-2f23d7d5-2326-49ce-b9c8-5a6303f785c5,2021-04-13,1,1e-4,131.755,131.738,6.434,463.8,84.1,26.66,6,11
TeamB-2f23d7d5-2326-49ce-b9c8-5a6303f785c5,2021-04-15,1,-0,112.44,112.442,4.607,344.2,136.6,26.13,11,7
TeamB-2f23d7d5-2326-49ce-b9c8-5a6303f785c5,2021-04-19,1,-0,120.403,120.405,3.709,248.9,61.3,22.73,3,5
TeamB-2f23d7d5-2326-49ce-b9c8-5a6303f785c5,2021-04-20,1,-0,154.923,154.925,11.951,1262.9,448.9,28.54,8,25
TeamB-2f23d7d5-2326-49ce-b9c8-5a6303f785c5,2021-04-21,1,-0,69.637,69.638,2.029,0,0,15.63,1,1
TeamB-2f23d7d5-2326-49ce-b9c8-5a6303f785c5,2021-04-26,1,2e-4,87.825,87.808,2.951,1.8,0,15.71,2,3
TeamB-2f23d7d5-2326-49ce-b9c8-5a6303f785c5,2021-04-27,1,-0,71.177,71.178,2.855,295.8,157.9,27.8,9,7
TeamB-2f23d7d5-2326-49ce-b9c8-5a6303f785c5,2021-05-05,1,2e-4,127.24,127.215,7.687,957.4,199.5,27.06,18,21
TeamB-2f23d7d5-2326-49ce-b9c8-5a6303f785c5,2021-05-06,1,-0,117.707,117.708,3.096,82.6,16.8,23.07,2,5
TeamB-2f23d7d5-2326-49ce-b9c8-5a6303f785c5,2021-05-07,1,-0,105.372,105.373,2.982,109.1,9.4,22.42,7,3
TeamB-2f23d7d5-2326-49ce-b9c8-5a6303f785c5,2021-05-08,1,-0,168.37,168.372,11.035,1052.8,367.4,27.38,9,16
TeamB-2f23d7d5-2326-49ce-b9c8-5a6303f785c5,2021-05-10,1,3e-4,85.057,85.032,2.731,33.5,6.4,21.05,6,2
TeamB-2f23d7d5-2326-49ce-b9c8-5a6303f785c5,2021-05-11,1,2e-4,98.657,98.637,7.643,806.9,269.7,28.16,6,20
TeamB-2f23d7d5-2326-49ce-b9c8-5a6303f785c5,2021-05-12,1,-0,103.99,103.992,3.542,1.4,0,15.83,1,1
TeamB-2f23d7d5-2326-49ce-b9c8-5a6303f785c5,2021-05-14,1,-0,112.973,112.975,3.655,94.6,18.5,21.11,3,6
TeamB-2f23d7d5-2326-49ce-b9c8-5a6303f785c5,2021-05-15,1,-0,166.488,166.49,12.181,1266.8,417.9,26.94,7,32
TeamB-2f23d7d5-2326-49ce-b9c8-5a6303f785c5,2021-05-18,1,-0,151.338,151.34,6.416,963.7,483.7,28.28,7,5
TeamB-2f23d7d5-2326-49ce-b9c8-5a6303f785c5,2021-05-19,1,-0,120.855,120.857,5.544,391.6,149.3,27.57,8,12
TeamB-2f23d7d5-2326-49ce-b9c8-5a6303f785c5,2021-05-21,1,-0,88.688,88.69,3.287,127.2,33.8,22.94,5,4
TeamB-2f23d7d5-2326-49ce-b9c8-5a6303f785c5,2021-05-22,1,-0,144.718,144.72,10.684,835.4,250.2,26.42,12,14
TeamB-2f23d7d5-2326-49ce-b9c8-5a6303f785c5,2021-05-24,1,-0,85.623,85.625,2.993,8.2,0,16.53,0,11
TeamB-2f23d7d5-2326-49ce-b9c8-5a6303f785c5,2021-05-25,1,-0,121.088,121.09,5.802,530.5,243.2,28.14,10,8
TeamB-2f23d7d5-2326-49ce-b9c8-5a6303f785c5,2021-05-26,1,-0,115.99,115.992,6.305,887.8,488.7,24.38,11,8
TeamB-2f23d7d5-2326-49ce-b9c8-5a6303f785c5,2021-05-28,1,-0,104.057,104.058,3.428,81.1,13.2,22.68,5,5
TeamB-2f23d7d5-2326-49ce-b9c8-5a6303f785c5,2021-05-29,1,-0,126.503,126.505,9.99,883.7,321.9,28.63,9,15
TeamB-2f23d7d5-2326-49ce-b9c8-5a6303f785c5,2021-06-01,1,-0,128.505,128.507,5.746,676.6,451,26.1,10,17
TeamB-2f23d7d5-2326-49ce-b9c8-5a6303f785c5,2021-06-02,1,-0,66.405,66.407,2.694,63,0,19.48,2,16
TeamB-2f23d7d5-2326-49ce-b9c8-5a6303f785c5,2021-06-04,1,-0,89.342,89.343,3.434,154,25.8,22.08,2,4
TeamB-2f23d7d5-2326-49ce-b9c8-5a6303f785c5,2021-06-05,1,-0,145.357,145.358,10.154,990.3,344.7,28.37,6,19
TeamB-2f23d7d5-2326-49ce-b9c8-5a6303f785c5,2021-06-20,1,-0,124.337,124.338,6.144,386.7,115.7,25.07,9,5
TeamB-2f23d7d5-2326-49ce-b9c8-5a6303f785c5,2021-06-21,1,-0,89.488,89.49,2.701,33.3,7.6,21.46,1,3
TeamB-2f23d7d5-2326-49ce-b9c8-5a6303f785c5,2021-06-22,1,1e-4,175.922,175.903,11.556,981.7,292.9,26.81,22,21
TeamB-2f23d7d5-2326-49ce-b9c8-5a6303f785c5,2021-06-25,1,-0,89.373,89.375,2.363,13.5,0,18.9,4,3
TeamB-2f23d7d5-2326-49ce-b9c8-5a6303f785c5,2021-06-26,1,-0,130.462,130.463,10.507,918.5,288.8,27.75,12,18
TeamB-2f23d7d5-2326-49ce-b9c8-5a6303f785c5,2021-06-29,1,-0,102.973,102.975,2.731,77.7,4.5,20.02,3,5
TeamB-2f23d7d5-2326-49ce-b9c8-5a6303f785c5,2021-06-30,1,-0,125.672,125.673,10.683,964.8,344.6,27.33,3,16
TeamB-2f23d7d5-2326-49ce-b9c8-5a6303f785c5,2021-07-04,1,-0,130.635,130.637,9.724,780.4,300.9,27.91,5,12
TeamB-2f23d7d5-2326-49ce-b9c8-5a6303f785c5,2021-07-07,1,-0,125.738,125.74,6.555,846,495.6,27.44,13,12
TeamB-2f23d7d5-2326-49ce-b9c8-5a6303f785c5,2021-07-09,1,-0,87.987,87.988,3.239,163.1,56.6,23.03,4,5
TeamB-2f23d7d5-2326-49ce-b9c8-5a6303f785c5,2021-07-10,1,-0,124.187,124.188,10.284,1182.9,397.9,29.33,9,17
TeamB-2f23d7d5-2326-49ce-b9c8-5a6303f785c5,2021-07-13,1,-0,80.922,80.923,2.923,43.2,22.3,23.65,2,1
TeamB-2f23d7d5-2326-49ce-b9c8-5a6303f785c5,2021-07-31,1,-0,117.49,117.492,5.684,327.3,51,22.75,7,4
TeamB-2f23d7d5-2326-49ce-b9c8-5a6303f785c5,2021-08-01,1,-0,102.853,102.855,4.35,160.9,45.9,22.61,7,4
TeamB-2f23d7d5-2326-49ce-b9c8-5a6303f785c5,2021-08-02,1,-0,134.342,134.343,9.855,830.4,343.8,27.54,0,14
TeamB-2f23d7d5-2326-49ce-b9c8-5a6303f785c5,2021-08-05,1,-0,128.503,128.505,6.508,275.2,91.4,25.33,6,5
TeamB-2f23d7d5-2326-49ce-b9c8-5a6303f785c5,2021-08-06,1,-0,100.522,100.523,3.267,70.7,6.8,20.46,3,9
TeamB-2f23d7d5-2326-49ce-b9c8-5a6303f785c5,2021-08-07,1,-0,132.905,132.907,10.348,957.8,352.7,27.5,10,12
TeamB-2f23d7d5-2326-49ce-b9c8-5a6303f785c5,2021-08-10,1,-0,111.407,111.408,3.813,207.9,71.9,23.09,5,6
TeamB-2f23d7d5-2326-49ce-b9c8-5a6303f785c5,2021-08-11,1,-0,58.138,58.14,5.011,292.9,46.1,23.25,1,2
TeamB-2f23d7d5-2326-49ce-b9c8-5a6303f785c5,2021-08-13,1,-0,92.315,92.317,3.165,67.2,7.3,22.31,3,4
TeamB-2f23d7d5-2326-49ce-b9c8-5a6303f785c5,2021-08-14,1,1e-4,126.07,126.052,10.045,1138,411.8,26.79,8,20
TeamB-2f23d7d5-2326-49ce-b9c8-5a6303f785c5,2021-08-17,1,-0,73.723,73.725,3.472,234.5,34.7,24.49,2,3
TeamB-2f23d7d5-2326-49ce-b9c8-5a6303f785c5,2021-08-18,1,1e-4,140.405,140.388,9.341,528.6,143.4,29.71,7,12
TeamB-2f23d7d5-2326-49ce-b9c8-5a6303f785c5,2021-08-20,1,-0,75.888,75.89,2.38,47.6,11.8,23.13,5,4
TeamB-2f23d7d5-2326-49ce-b9c8-5a6303f785c5,2021-08-21,1,-0,173.692,173.693,9.377,671.3,252.6,26.13,6,5
TeamB-2f23d7d5-2326-49ce-b9c8-5a6303f785c5,2021-08-23,1,0.0039,86.507,86.17,2.906,14.6,0,16.85,2,3
TeamB-2f23d7d5-2326-49ce-b9c8-5a6303f785c5,2021-08-24,1,2e-4,92.1,92.083,7.826,571.2,223.4,27.83,2,9
TeamB-2f23d7d5-2326-49ce-b9c8-5a6303f785c5,2021-08-26,1,-0,80.38,80.382,2.843,224.5,87.5,24.33,9,2
TeamB-2f23d7d5-2326-49ce-b9c8-5a6303f785c5,2021-08-27,1,-0,90.155,90.157,2.673,27.3,0.6,19.54,4,0
TeamB-2f23d7d5-2326-49ce-b9c8-5a6303f785c5,2021-08-28,1,1e-4,122.223,122.205,9.688,649.2,164.9,27.07,8,21
TeamB-2f23d7d5-2326-49ce-b9c8-5a6303f785c5,2021-08-30,1,-0,83.717,83.718,3.254,73.8,1.1,19.36,4,0
TeamB-2f23d7d5-2326-49ce-b9c8-5a6303f785c5,2021-08-31,1,-0,94.722,94.723,2.541,42.9,1.7,19.91,1,4
TeamB-2f23d7d5-2326-49ce-b9c8-5a6303f785c5,2021-09-01,1,1e-4,134.947,134.927,10.099,1097.2,401.2,30.26,8,12
TeamB-2f23d7d5-2326-49ce-b9c8-5a6303f785c5,2021-09-03,1,-0,89.457,89.458,2.876,18.4,0,18.2,2,4
TeamB-2f23d7d5-2326-49ce-b9c8-5a6303f785c5,2021-09-04,1,1e-4,133.77,133.752,10.315,898.4,222.6,27.38,10,10
TeamB-2f23d7d5-2326-49ce-b9c8-5a6303f785c5,2021-09-07,1,-0,69.153,69.155,2.848,112.5,8.1,21.27,2,3
TeamB-2f23d7d5-2326-49ce-b9c8-5a6303f785c5,2021-09-08,1,-0,137.55,137.552,9.805,1215.1,504.6,29.17,13,18
TeamB-2f23d7d5-2326-49ce-b9c8-5a6303f785c5,2021-09-10,1,-0,59.19,59.192,2.165,53.2,0,19.38,6,2
TeamB-2f23d7d5-2326-49ce-b9c8-5a6303f785c5,2021-09-11,1,-0,122.422,122.423,9.702,637.5,237.4,26.08,5,12
TeamB-2f23d7d5-2326-49ce-b9c8-5a6303f785c5,2021-09-24,1,2e-4,104.655,104.635,6.015,239.2,49.1,26.12,9,5
TeamB-2f23d7d5-2326-49ce-b9c8-5a6303f785c5,2021-09-25,1,-0,102.355,102.357,2.836,34.4,0,18.46,4,2
TeamB-2f23d7d5-2326-49ce-b9c8-5a6303f785c5,2021-09-26,1,-0,128.557,128.558,10.463,1093.7,354.2,25.52,8,18
TeamB-2f23d7d5-2326-49ce-b9c8-5a6303f785c5,2021-09-28,1,-0,59.523,59.525,2.313,19.5,0,17.79,2,3
TeamB-2f23d7d5-2326-49ce-b9c8-5a6303f785c5,2021-09-29,1,-0,133.107,133.108,6.969,453.8,88.6,25.79,7,12
TeamB-2f23d7d5-2326-49ce-b9c8-5a6303f785c5,2021-10-01,1,-0,100.955,100.957,3.048,48.1,2.2,20.11,7,6
TeamB-2f23d7d5-2326-49ce-b9c8-5a6303f785c5,2021-10-02,1,1e-4,124.973,124.957,10.228,994.7,281.4,25.08,12,17
TeamB-2f23d7d5-2326-49ce-b9c8-5a6303f785c5,2021-10-05,1,-0,113.87,113.872,6.879,638.9,213.4,27.76,11,12
TeamB-2f23d7d5-2326-49ce-b9c8-5a6303f785c5,2021-10-06,1,-0,113.387,113.388,6.519,331.4,71.1,24.42,6,12
TeamB-2f23d7d5-2326-49ce-b9c8-5a6303f785c5,2021-10-08,1,-0,91.037,91.038,2.545,43.7,1.7,20.41,4,8
TeamB-2f23d7d5-2326-49ce-b9c8-5a6303f785c5,2021-10-09,1,1e-4,141.622,141.602,11.103,1120.7,458.4,28.26,10,16
TeamB-2f23d7d5-2326-49ce-b9c8-5a6303f785c5,2021-10-12,1,-0,114.683,114.685,6.385,444.5,148.8,26.37,10,13
TeamB-2f23d7d5-2326-49ce-b9c8-5a6303f785c5,2021-10-13,1,0.0045,129.483,128.907,6.251,341.5,41.5,21.85,10,13
TeamB-2f23d7d5-2326-49ce-b9c8-5a6303f785c5,2021-10-15,1,-0,94.87,94.872,5.33,208,10.3,21.07,10,12
TeamB-2f23d7d5-2326-49ce-b9c8-5a6303f785c5,2021-10-16,1,3e-4,59.855,59.835,2.387,64.7,10,21.89,4,1
TeamB-2f23d7d5-2326-49ce-b9c8-5a6303f785c5,2021-10-17,1,-0,120.487,120.488,11.055,991.4,212.6,24.99,8,9
TeamB-2f23d7d5-2326-49ce-b9c8-5a6303f785c5,2021-10-29,1,-0,131.85,131.852,6.91,314.9,43.5,22.96,9,11
TeamB-2f23d7d5-2326-49ce-b9c8-5a6303f785c5,2021-10-30,1,-0,100.957,100.958,3.465,43.1,1.2,19.91,6,7
TeamB-2f23d7d5-2326-49ce-b9c8-5a6303f785c5,2021-10-31,1,1e-4,148.495,148.475,10.767,964.6,312,27.03,10,17
TeamB-2f23d7d5-2326-49ce-b9c8-5a6303f785c5,2021-11-03,1,-0,91.005,91.007,4.309,208.8,69.1,23.86,10,12
TeamB-2f23d7d5-2326-49ce-b9c8-5a6303f785c5,2021-11-04,1,2e-4,94.92,94.9,5.445,574.9,248.6,27.25,7,11
TeamB-2f23d7d5-2326-49ce-b9c8-5a6303f785c5,2021-11-06,1,-0,72.898,72.9,2.689,41.5,0.6,19.62,4,6
TeamB-2f23d7d5-2326-49ce-b9c8-5a6303f785c5,2021-11-07,1,-0,129.917,129.918,11.068,1351.7,542.9,28.05,7,21
TeamB-2f23d7d5-2326-49ce-b9c8-5a6303f785c5,2021-11-10,1,2e-4,98.423,98.403,5.551,296.8,90.9,25.02,10,14
TeamB-2f23d7d5-2326-49ce-b9c8-5a6303f785c5,2021-11-12,1,-0,77.378,77.38,4.117,100.4,17.5,21.42,1,3
TeamB-2f23d7d5-2326-49ce-b9c8-5a6303f785c5,2021-11-13,1,2e-4,119.62,119.6,10.243,1077.6,367.1,27.29,9,10
TeamB-2f23d7d5-2326-49ce-b9c8-5a6303f785c5,2021-11-15,1,-0,86.022,86.023,4.871,177.9,18.8,22.77,8,11
TeamB-38c1962e-9148-624f-eac1-c14f30e9c5cc,2020-06-01,1,-0,115.94,115.942,6.135,152.9,48.4,26.65,4,4
TeamB-38c1962e-9148-624f-eac1-c14f30e9c5cc,2020-06-02,1,-0,92.4,92.402,5.016,254.2,104.9,23.16,4,6
TeamB-38c1962e-9148-624f-eac1-c14f30e9c5cc,2020-06-04,1,-0,102.022,102.023,6.397,356.1,51.8,23.43,2,9
TeamB-38c1962e-9148-624f-eac1-c14f30e9c5cc,2020-06-05,1,-0,105.888,105.89,6.297,300.3,24.2,21.74,6,10
TeamB-38c1962e-9148-624f-eac1-c14f30e9c5cc,2020-06-10,1,-0,80.353,80.355,3.437,331.8,134.5,26.72,5,6
TeamB-38c1962e-9148-624f-eac1-c14f30e9c5cc,2020-06-11,1,-0,72.12,72.122,2.657,18.8,0,18.55,5,4
TeamB-38c1962e-9148-624f-eac1-c14f30e9c5cc,2020-06-12,1,-0,91.865,91.867,3.807,42.3,0.6,19.59,1,3
TeamB-38c1962e-9148-624f-eac1-c14f30e9c5cc,2020-06-13,1,-0,105.457,105.458,9.699,680.1,140.7,23.72,0,7
TeamB-38c1962e-9148-624f-eac1-c14f30e9c5cc,2020-06-16,1,-0,116.7,116.702,4.713,208.3,60.7,22.17,4,8
TeamB-38c1962e-9148-624f-eac1-c14f30e9c5cc,2020-06-17,1,-0,92.68,92.682,3.761,139.5,24.8,24.34,4,2
TeamB-38c1962e-9148-624f-eac1-c14f30e9c5cc,2020-06-18,1,-0,105.855,105.857,4.906,322.9,110,24.82,8,5
TeamB-38c1962e-9148-624f-eac1-c14f30e9c5cc,2020-06-22,1,-0,100.248,100.25,4.402,81.7,26.3,23.49,5,6
TeamB-38c1962e-9148-624f-eac1-c14f30e9c5cc,2020-06-23,1,-0,125.14,125.142,10.154,630.7,155.8,23.88,5,23
TeamB-38c1962e-9148-624f-eac1-c14f30e9c5cc,2020-06-25,1,-0,104.34,104.342,3.144,54.6,12,21.86,1,1
TeamB-38c1962e-9148-624f-eac1-c14f30e9c5cc,2020-06-26,1,-0,73.44,73.442,3.648,95.8,5.1,20.04,3,7
TeamB-38c1962e-9148-624f-eac1-c14f30e9c5cc,2020-06-27,1,-0,121.37,121.372,9.815,749.9,103.2,24.12,3,11
TeamB-38c1962e-9148-624f-eac1-c14f30e9c5cc,2020-06-30,1,-0,76.87,76.872,3.827,181.5,65.6,25.54,4,5
TeamB-38c1962e-9148-624f-eac1-c14f30e9c5cc,2020-07-01,1,-0,92.59,92.592,4.45,233.9,48.4,22.25,8,10
TeamB-38c1962e-9148-624f-eac1-c14f30e9c5cc,2020-07-02,1,-0,93.472,93.473,3.33,46,0,19.25,6,3
TeamB-38c1962e-9148-624f-eac1-c14f30e9c5cc,2020-07-03,1,-0,87.072,87.073,3.585,60.4,17.7,21.07,2,5
TeamB-38c1962e-9148-624f-eac1-c14f30e9c5cc,2020-07-04,1,-0,119.68,119.682,11.057,1121.8,159.1,25.26,4,20
TeamB-38c1962e-9148-624f-eac1-c14f30e9c5cc,2020-07-07,1,-0,114.505,114.507,6.774,665.4,170,25.52,8,11
TeamB-38c1962e-9148-624f-eac1-c14f30e9c5cc,2020-07-09,1,-0,86.522,86.523,3.602,98.6,8.6,20.55,2,3
TeamB-38c1962e-9148-624f-eac1-c14f30e9c5cc,2020-07-10,1,-0,123.455,123.457,11.047,1117.4,312.9,25.03,2,12
TeamB-38c1962e-9148-624f-eac1-c14f30e9c5cc,2020-07-14,1,-0,114.005,114.007,7.004,344.8,34.6,22.76,7,6
TeamB-38c1962e-9148-624f-eac1-c14f30e9c5cc,2020-07-15,1,-0,115.385,115.387,5.213,73,4.5,20.25,7,6
TeamB-38c1962e-9148-624f-eac1-c14f30e9c5cc,2020-07-16,1,-0,93.538,93.54,3.836,172.4,57.8,22.54,4,8
TeamB-38c1962e-9148-624f-eac1-c14f30e9c5cc,2020-07-17,1,-0,97.177,97.178,4.377,133.6,20,21.35,7,6
TeamB-38c1962e-9148-624f-eac1-c14f30e9c5cc,2020-07-18,1,-0,117.988,117.99,11.268,1196.2,343.5,26.77,3,21
TeamB-38c1962e-9148-624f-eac1-c14f30e9c5cc,2020-07-21,1,-0,107.387,107.388,5.814,557.9,178.8,26.61,4,16
TeamB-38c1962e-9148-624f-eac1-c14f30e9c5cc,2020-07-22,1,-0,78.738,78.74,3.776,59.6,2.2,20.02,5,4
TeamB-38c1962e-9148-624f-eac1-c14f30e9c5cc,2020-07-23,1,-0,74.667,74.668,3.591,115.9,13.3,21.25,6,9
TeamB-38c1962e-9148-624f-eac1-c14f30e9c5cc,2020-07-24,1,-0,125.65,125.652,11.316,1092,237.8,25.25,4,12
TeamB-38c1962e-9148-624f-eac1-c14f30e9c5cc,2020-07-28,1,-0,104.643,104.645,6.951,412.5,111.7,26.41,10,24
TeamB-38c1962e-9148-624f-eac1-c14f30e9c5cc,2020-07-29,1,-0,98.872,98.873,4.699,197.8,45.4,22.34,1,2
TeamB-38c1962e-9148-624f-eac1-c14f30e9c5cc,2020-07-31,1,-0,86.407,86.408,4.068,122.4,35,22.06,4,7
TeamB-38c1962e-9148-624f-eac1-c14f30e9c5cc,2020-08-01,1,-0,118.738,118.74,10.971,688.6,129.1,26.19,5,13
TeamB-38c1962e-9148-624f-eac1-c14f30e9c5cc,2020-08-04,1,-0,102.888,102.89,6.462,292.9,59.2,23.7,5,14
TeamB-38c1962e-9148-624f-eac1-c14f30e9c5cc,2020-08-05,1,-0,73.805,73.807,3.304,141.8,24.9,24.49,0,5
TeamB-38c1962e-9148-624f-eac1-c14f30e9c5cc,2020-08-06,1,-0,68.657,68.658,2.87,58.1,2.2,19.91,7,5
TeamB-38c1962e-9148-624f-eac1-c14f30e9c5cc,2020-08-07,1,-0,124.03,124.032,10.76,751.8,175,26.71,5,18
TeamB-38c1962e-9148-624f-eac1-c14f30e9c5cc,2020-08-10,1,-0,97.273,97.275,5.026,199.4,25,21.95,1,3
TeamB-38c1962e-9148-624f-eac1-c14f30e9c5cc,2020-08-11,1,-0,90.622,90.623,3.435,85.3,0.6,19.13,3,7
TeamB-38c1962e-9148-624f-eac1-c14f30e9c5cc,2020-08-12,1,-0,138.67,138.672,10.782,1083.1,318.2,27.7,9,13
TeamB-38c1962e-9148-624f-eac1-c14f30e9c5cc,2020-08-15,1,-0,98.008,98.01,2.793,50.3,2.8,19.84,6,1
TeamB-38c1962e-9148-624f-eac1-c14f30e9c5cc,2020-08-16,1,-0,122.988,122.99,11.531,968.7,165.5,24.78,8,20
TeamB-38c1962e-9148-624f-eac1-c14f30e9c5cc,2020-08-19,1,-0,91.887,91.888,5.074,195,22,24.36,3,7
TeamB-38c1962e-9148-624f-eac1-c14f30e9c5cc,2020-08-20,1,-0,89.422,89.423,3.536,60.7,1.1,19.59,3,4
TeamB-38c1962e-9148-624f-eac1-c14f30e9c5cc,2020-08-21,1,-0,62.99,62.992,2.886,102.7,17.4,21.83,4,6
TeamB-38c1962e-9148-624f-eac1-c14f30e9c5cc,2020-08-22,1,-0,140.537,140.538,0.428,0,0,9,0,0
TeamB-38c1962e-9148-624f-eac1-c14f30e9c5cc,2020-08-25,1,-0,71.567,71.568,3.064,85,18.4,21.92,3,4
TeamB-38c1962e-9148-624f-eac1-c14f30e9c5cc,2020-08-29,1,-0,78.305,78.307,2.888,56.4,12.3,22.25,2,3
TeamB-38c1962e-9148-624f-eac1-c14f30e9c5cc,2020-08-30,1,-0,126.917,126.918,10.973,1182.6,300.7,26.04,4,14
TeamB-38c1962e-9148-624f-eac1-c14f30e9c5cc,2020-09-02,1,-0,91.605,91.607,5.258,105.1,15.1,21.66,5,7
TeamB-38c1962e-9148-624f-eac1-c14f30e9c5cc,2020-09-03,1,-0,97.52,97.522,4.723,193.3,33.9,23.18,4,8
TeamB-38c1962e-9148-624f-eac1-c14f30e9c5cc,2020-09-04,1,-0,81.207,81.208,2.98,68.3,17,23.89,6,3
TeamB-38c1962e-9148-624f-eac1-c14f30e9c5cc,2020-09-05,1,-0,122.302,122.303,11.281,1232.8,265.2,26.72,6,16
TeamB-38c1962e-9148-624f-eac1-c14f30e9c5cc,2020-09-08,1,-0,40.017,40.018,1.688,43.2,6.9,20.99,0,0
TeamB-38c1962e-9148-624f-eac1-c14f30e9c5cc,2020-09-09,1,-0,89.538,89.54,4.177,126.1,24.7,22.28,3,5
TeamB-38c1962e-9148-624f-eac1-c14f30e9c5cc,2020-09-11,1,-0,69.337,69.338,3.539,97.1,25,21.58,5,5
TeamB-38c1962e-9148-624f-eac1-c14f30e9c5cc,2020-09-12,1,-0,121.887,121.888,10.608,951,174.7,24.28,5,5
TeamB-38c1962e-9148-624f-eac1-c14f30e9c5cc,2020-09-24,1,-0,89.372,89.373,3.608,40.9,5.1,20.28,0,3
TeamB-38c1962e-9148-624f-eac1-c14f30e9c5cc,2020-09-25,1,-0,86.388,86.39,5.626,335.1,75.6,26.27,6,9
TeamB-38c1962e-9148-624f-eac1-c14f30e9c5cc,2020-09-26,1,-0,84.555,84.557,3.804,153.7,51.1,22.45,5,4
TeamB-38c1962e-9148-624f-eac1-c14f30e9c5cc,2020-09-27,1,-0,123.073,123.075,11.19,1144.4,206.6,26.58,15,15
TeamB-38c1962e-9148-624f-eac1-c14f30e9c5cc,2020-09-30,1,-0,131.44,131.442,7.948,314.5,36.7,21.26,8,12
TeamB-38c1962e-9148-624f-eac1-c14f30e9c5cc,2020-10-01,1,-0,70.425,70.427,3.933,323.6,69.6,24.18,6,6
TeamB-38c1962e-9148-624f-eac1-c14f30e9c5cc,2020-10-02,1,-0,89.055,89.057,4.784,81,3.4,19.69,3,2
TeamB-38c1962e-9148-624f-eac1-c14f30e9c5cc,2020-10-06,1,-0,72.9,72.902,3.576,124.2,3.9,20.13,5,5
TeamB-38c1962e-9148-624f-eac1-c14f30e9c5cc,2020-10-07,1,-0,158.488,158.49,14.456,1762.4,531.2,26.55,5,21
TeamB-38c1962e-9148-624f-eac1-c14f30e9c5cc,2020-10-13,1,-0,112.295,112.297,5.944,120.4,29.2,23.05,4,10
TeamB-38c1962e-9148-624f-eac1-c14f30e9c5cc,2020-10-14,1,-0,96.743,96.745,5.661,537.9,188,24.98,5,6
TeamB-38c1962e-9148-624f-eac1-c14f30e9c5cc,2020-10-16,1,-0,115.888,115.89,5.254,283.9,43.9,21.55,7,6
TeamB-38c1962e-9148-624f-eac1-c14f30e9c5cc,2020-10-17,1,-0,69.298,69.3,3.194,70.7,7.5,21.17,5,6
TeamB-38c1962e-9148-624f-eac1-c14f30e9c5cc,2020-10-18,1,-0,119.905,119.907,11.512,1429.7,408.1,26.1,3,11
TeamB-38c1962e-9148-624f-eac1-c14f30e9c5cc,2020-10-30,1,-0,89.355,89.357,5.134,356.8,30.5,23.84,4,14
TeamB-38c1962e-9148-624f-eac1-c14f30e9c5cc,2020-10-31,1,-0,91.095,91.097,3.495,61,10.3,21.14,2,3
TeamB-38c1962e-9148-624f-eac1-c14f30e9c5cc,2020-11-01,1,-0,116.947,116.948,11.436,1452.2,398.1,26.43,8,16
TeamB-38c1962e-9148-624f-eac1-c14f30e9c5cc,2020-11-03,1,-0,74.967,74.968,2.506,27.1,5.4,21.08,7,11
TeamB-38c1962e-9148-624f-eac1-c14f30e9c5cc,2020-11-06,1,-0,86.257,86.258,3.639,70.6,1.8,21.14,6,6
TeamB-38c1962e-9148-624f-eac1-c14f30e9c5cc,2020-11-07,1,-0,136.138,136.14,10.752,1071,208.1,25.69,12,15
TeamB-38c1962e-9148-624f-eac1-c14f30e9c5cc,2020-11-10,1,-0,70.258,70.26,2.564,58.9,12.2,21.43,3,6
TeamB-38c1962e-9148-624f-eac1-c14f30e9c5cc,2020-11-11,1,-0,133.148,133.15,10.844,993.3,243.8,25.62,8,10
TeamB-38c1962e-9148-624f-eac1-c14f30e9c5cc,2020-11-14,1,-0,112.755,112.757,6.792,485.5,97,23.91,9,10
TeamB-38c1962e-9148-624f-eac1-c14f30e9c5cc,2020-11-16,1,-0,58.373,58.375,3.087,129.3,15.9,21.67,1,3
TeamB-38c1962e-9148-624f-eac1-c14f30e9c5cc,2020-11-19,1,-0,118.387,118.388,10.515,1190.4,321.2,26.51,7,12
TeamB-38c1962e-9148-624f-eac1-c14f30e9c5cc,2020-11-21,1,-0,78.157,78.158,3.305,54,0,19.45,6,7
TeamB-38c1962e-9148-624f-eac1-c14f30e9c5cc,2020-11-22,1,-0,120.583,120.585,10.604,1107.4,212.2,26.44,6,31
TeamB-38c1962e-9148-624f-eac1-c14f30e9c5cc,2020-12-04,1,-0,104.978,104.98,6.324,261.4,44.1,25.44,5,11
TeamB-38c1962e-9148-624f-eac1-c14f30e9c5cc,2020-12-05,1,-0,86.473,86.475,3.907,99.1,17.2,23.53,6,2
TeamB-38c1962e-9148-624f-eac1-c14f30e9c5cc,2020-12-06,1,-0,159.727,159.728,11.535,1090.6,257.5,26.56,12,15
TeamB-38c1962e-9148-624f-eac1-c14f30e9c5cc,2020-12-10,1,-0,78.49,78.492,5.083,588.7,259.1,26,7,7
TeamB-38c1962e-9148-624f-eac1-c14f30e9c5cc,2020-12-12,1,-0,82.792,82.793,3.732,49.3,1.7,19.91,1,7
TeamB-4405bb1f-56f7-48ba-bfa8-e795e4006952,2020-06-01,1,-0,117.405,117.407,6.427,434.8,126.6,25.2,4,5
TeamB-4405bb1f-56f7-48ba-bfa8-e795e4006952,2020-06-02,1,-0,93.157,93.158,5.598,580.7,183.1,26.04,7,11
TeamB-4405bb1f-56f7-48ba-bfa8-e795e4006952,2020-06-03,1,-0,78.388,78.39,3.928,109,16.4,22.59,2,3
TeamB-4405bb1f-56f7-48ba-bfa8-e795e4006952,2020-06-04,1,-0,98.955,98.957,6.362,518,54.6,23.58,7,12
TeamB-4405bb1f-56f7-48ba-bfa8-e795e4006952,2020-06-05,1,-0,112.888,112.89,6.491,456.2,64.4,22.81,7,4
TeamB-4405bb1f-56f7-48ba-bfa8-e795e4006952,2020-06-09,1,-0,111.325,111.327,6.046,402.3,78.1,24.55,6,4
TeamB-4405bb1f-56f7-48ba-bfa8-e795e4006952,2020-06-10,1,-0,79.362,79.363,3.904,399.1,158.3,28.71,6,1
TeamB-4405bb1f-56f7-48ba-bfa8-e795e4006952,2020-06-11,1,-0,62.837,62.838,2.337,86.6,13.4,21.56,5,4
TeamB-4405bb1f-56f7-48ba-bfa8-e795e4006952,2020-06-12,1,-0,100.167,100.168,5.143,290,51.9,23.06,9,11
TeamB-4405bb1f-56f7-48ba-bfa8-e795e4006952,2020-06-13,1,-0,105.855,105.857,9.567,865.3,179.4,23.55,2,16
TeamB-4405bb1f-56f7-48ba-bfa8-e795e4006952,2020-06-16,1,-0,74.422,74.423,2.978,180.2,67.4,24.81,1,4
TeamB-4405bb1f-56f7-48ba-bfa8-e795e4006952,2020-06-17,1,-0,93.423,93.425,4.095,387.5,100.7,24.22,6,8
TeamB-4405bb1f-56f7-48ba-bfa8-e795e4006952,2020-06-18,1,-0,101.417,101.418,5.515,695.7,125.3,27.38,13,14
TeamB-4405bb1f-56f7-48ba-bfa8-e795e4006952,2020-06-22,1,-0,103.267,103.268,4.336,199.8,42.3,24.19,5,9
TeamB-4405bb1f-56f7-48ba-bfa8-e795e4006952,2020-06-23,1,-0,130.205,130.207,9.949,886.3,149.7,26.31,6,15
TeamB-4405bb1f-56f7-48ba-bfa8-e795e4006952,2020-06-25,1,-0,80.407,80.408,3.44,207.3,44.6,24.27,2,2
TeamB-4405bb1f-56f7-48ba-bfa8-e795e4006952,2020-06-26,1,-0,70.393,70.395,3.546,179.4,69.8,25.6,11,4
TeamB-4405bb1f-56f7-48ba-bfa8-e795e4006952,2020-06-27,1,-0,74.155,74.157,5.445,693.7,239.7,26.59,3,4
TeamB-4405bb1f-56f7-48ba-bfa8-e795e4006952,2020-06-30,1,-0,111.188,111.19,6.12,553.7,165.5,26.1,11,8
TeamB-4405bb1f-56f7-48ba-bfa8-e795e4006952,2020-07-01,1,-0,107.007,107.008,5.185,291.8,112.8,25.87,7,10
TeamB-4405bb1f-56f7-48ba-bfa8-e795e4006952,2020-07-02,1,-0,89.373,89.375,3.679,293.7,89.9,22.63,2,2
TeamB-4405bb1f-56f7-48ba-bfa8-e795e4006952,2020-07-03,1,-0,81.472,81.473,4.23,281.5,91.1,24.35,2,5
TeamB-4405bb1f-56f7-48ba-bfa8-e795e4006952,2020-07-04,1,-0,82.372,82.373,6.275,648.4,148.6,26.05,1,8
TeamB-4405bb1f-56f7-48ba-bfa8-e795e4006952,2020-07-07,1,-0,104.457,104.458,7.339,1115.9,274.6,27.34,13,16
TeamB-4405bb1f-56f7-48ba-bfa8-e795e4006952,2020-07-08,1,-0,93.535,93.537,4.495,173.1,13.1,20.75,9,4
TeamB-4405bb1f-56f7-48ba-bfa8-e795e4006952,2020-07-09,1,-0,89.573,89.575,3.968,118.5,27,23.66,5,4
TeamB-4405bb1f-56f7-48ba-bfa8-e795e4006952,2020-07-10,1,-0,132.265,132.267,11.089,1043.6,177.5,25.59,9,12
TeamB-4405bb1f-56f7-48ba-bfa8-e795e4006952,2020-07-14,1,-0,108.89,108.892,6.331,458.2,71.6,24.26,6,3
TeamB-4405bb1f-56f7-48ba-bfa8-e795e4006952,2020-07-15,1,-0,106.59,106.592,5.07,104.6,6.3,20.01,3,6
TeamB-4405bb1f-56f7-48ba-bfa8-e795e4006952,2020-07-16,1,-0,99.073,99.075,4.472,237.5,44.6,24.05,1,8
TeamB-4405bb1f-56f7-48ba-bfa8-e795e4006952,2020-07-17,1,-0,92.538,92.54,5.035,475.9,147.6,24.11,9,9
TeamB-4405bb1f-56f7-48ba-bfa8-e795e4006952,2020-07-18,1,-0,118.887,118.888,10.675,1164.7,277.6,26.06,7,17
TeamB-4405bb1f-56f7-48ba-bfa8-e795e4006952,2020-07-21,1,-0,80.317,80.318,3.414,254.7,130,26.78,4,2
TeamB-4405bb1f-56f7-48ba-bfa8-e795e4006952,2020-07-22,1,-0,80.415,80.417,4.276,145,25.7,23.59,5,4
TeamB-4405bb1f-56f7-48ba-bfa8-e795e4006952,2020-07-23,1,-0,79.687,79.688,3.882,145.2,28.4,23.09,10,3
TeamB-4405bb1f-56f7-48ba-bfa8-e795e4006952,2020-07-24,1,-0,60.247,60.248,5.609,532.6,75.4,24.61,2,5
TeamB-4405bb1f-56f7-48ba-bfa8-e795e4006952,2020-07-27,1,-0,68.003,68.005,2.67,67.3,14.1,21.58,4,6
TeamB-4405bb1f-56f7-48ba-bfa8-e795e4006952,2020-07-28,1,-0,112.638,112.64,6.771,395,104.8,25.61,11,18
TeamB-4405bb1f-56f7-48ba-bfa8-e795e4006952,2020-07-29,1,-0,91.153,91.155,5.615,427.2,99.5,26.2,3,10
TeamB-4405bb1f-56f7-48ba-bfa8-e795e4006952,2020-07-31,1,-0,92.005,92.007,3.561,87.2,1.7,20.12,5,8
TeamB-4405bb1f-56f7-48ba-bfa8-e795e4006952,2020-08-01,1,-1e-4,32.523,32.525,2.26,259.3,68.1,23.62,0,0
TeamB-4405bb1f-56f7-48ba-bfa8-e795e4006952,2020-08-04,1,-0,105.79,105.792,6.21,422.8,132.9,25.71,8,14
TeamB-4405bb1f-56f7-48ba-bfa8-e795e4006952,2020-08-05,1,-0,62.972,62.973,3.369,299.6,60.4,22.69,5,2
TeamB-4405bb1f-56f7-48ba-bfa8-e795e4006952,2020-08-06,1,-0,75.74,75.742,3.411,156.5,9.8,21.7,0,4
TeamB-4405bb1f-56f7-48ba-bfa8-e795e4006952,2020-08-07,1,-0,50.935,50.937,4.143,411.2,116.9,24.76,5,7
TeamB-4405bb1f-56f7-48ba-bfa8-e795e4006952,2020-08-10,1,-0,100.055,100.057,6.046,357,56.6,23.82,5,5
TeamB-4405bb1f-56f7-48ba-bfa8-e795e4006952,2020-08-11,1,-0,72.188,72.19,3.027,129.5,23,24.2,6,5
TeamB-4405bb1f-56f7-48ba-bfa8-e795e4006952,2020-08-14,1,-0,56.872,56.873,3.555,641.3,107.9,25.72,5,21
TeamB-4405bb1f-56f7-48ba-bfa8-e795e4006952,2020-08-15,1,-0,75.238,75.24,3.61,161.1,25.1,22.8,11,5
TeamB-4405bb1f-56f7-48ba-bfa8-e795e4006952,2020-08-16,1,-0,117.138,117.14,4.424,392.9,65.5,22.59,3,5
TeamB-4405bb1f-56f7-48ba-bfa8-e795e4006952,2020-08-19,1,-0,95.255,95.257,5.998,670.6,142.7,25.04,9,13
TeamB-4405bb1f-56f7-48ba-bfa8-e795e4006952,2020-08-20,1,-0,86.987,86.988,4.149,292.8,69.7,23.52,6,7
TeamB-4405bb1f-56f7-48ba-bfa8-e795e4006952,2020-08-21,1,-0,58.827,58.828,2.951,101.4,6.8,20.11,3,4
TeamB-4405bb1f-56f7-48ba-bfa8-e795e4006952,2020-08-22,1,-0,135.553,135.555,0.334,0,0,8.28,0,0
TeamB-4405bb1f-56f7-48ba-bfa8-e795e4006952,2020-08-25,1,-0,70.542,70.543,2.822,94.1,2.3,20.32,2,1
TeamB-4405bb1f-56f7-48ba-bfa8-e795e4006952,2020-08-29,1,-0,63.022,63.023,2.303,96.7,10.5,20.9,2,3
TeamB-4405bb1f-56f7-48ba-bfa8-e795e4006952,2020-09-02,1,-0,97.38,97.382,6.406,635.8,184.8,29.49,7,21
TeamB-4405bb1f-56f7-48ba-bfa8-e795e4006952,2020-09-03,1,-0,89.538,89.54,4.658,214.3,66.4,25.28,10,5
TeamB-4405bb1f-56f7-48ba-bfa8-e795e4006952,2020-09-04,1,-0,68.395,68.397,3.089,123.8,19.7,25.14,11,10
TeamB-4405bb1f-56f7-48ba-bfa8-e795e4006952,2020-09-05,1,-0,117.487,117.488,10.813,950.8,171.2,27.66,12,12
TeamB-4405bb1f-56f7-48ba-bfa8-e795e4006952,2020-09-08,1,-0,98.055,98.057,5.894,635.9,179.6,26.71,9,8
TeamB-4405bb1f-56f7-48ba-bfa8-e795e4006952,2020-09-11,1,-0,68.873,68.875,3.512,133.1,18.8,23.47,3,5
TeamB-4405bb1f-56f7-48ba-bfa8-e795e4006952,2020-09-12,1,-0,122.488,122.49,10.49,1009.6,186.8,24.81,8,13
TeamB-4405bb1f-56f7-48ba-bfa8-e795e4006952,2020-09-21,1,-0,120.1,120.102,5.875,156.9,16.5,21.02,4,5
TeamB-4405bb1f-56f7-48ba-bfa8-e795e4006952,2020-09-22,1,-0,104.522,104.523,6.095,818.5,186.3,25.5,11,11
TeamB-4405bb1f-56f7-48ba-bfa8-e795e4006952,2020-09-24,1,-0,114.372,114.373,6.406,461,167.8,26.26,7,6
TeamB-4405bb1f-56f7-48ba-bfa8-e795e4006952,2020-09-25,1,-0,96.607,96.608,5.191,309,77.8,23.93,3,8
TeamB-4405bb1f-56f7-48ba-bfa8-e795e4006952,2020-09-26,1,-0,76.89,76.892,3.785,140.8,11.6,21.59,6,3
TeamB-4405bb1f-56f7-48ba-bfa8-e795e4006952,2020-09-27,1,-0,84.987,84.988,7.176,547.5,152.3,26.27,7,13
TeamB-4405bb1f-56f7-48ba-bfa8-e795e4006952,2020-09-29,1,-0,76.34,76.342,2.9,17,0,17.9,2,1
TeamB-4405bb1f-56f7-48ba-bfa8-e795e4006952,2020-09-30,1,-0,118.455,118.457,7.461,286.6,45.1,23.98,6,8
TeamB-4405bb1f-56f7-48ba-bfa8-e795e4006952,2020-10-01,1,-0,100.14,100.142,5.57,464.9,125.1,25.55,9,7
TeamB-4405bb1f-56f7-48ba-bfa8-e795e4006952,2020-10-02,1,-0,111.39,111.392,6.352,592.1,248.1,26.38,5,9
TeamB-4405bb1f-56f7-48ba-bfa8-e795e4006952,2020-10-05,1,-0,117.772,117.773,6.821,420.8,68.7,23.32,7,15
TeamB-4405bb1f-56f7-48ba-bfa8-e795e4006952,2020-10-06,1,-0,74.538,74.54,3.787,112,29,22.1,5,4
TeamB-4405bb1f-56f7-48ba-bfa8-e795e4006952,2020-10-07,1,-0,158.967,158.968,14.119,1320.6,297.4,26.4,9,11
TeamB-4405bb1f-56f7-48ba-bfa8-e795e4006952,2020-10-10,1,-0,81.422,81.423,3.952,123.8,17.9,23.12,9,4
TeamB-4405bb1f-56f7-48ba-bfa8-e795e4006952,2020-10-13,1,-0,108.02,108.022,6.305,256.9,39,23.86,7,11
TeamB-4405bb1f-56f7-48ba-bfa8-e795e4006952,2020-10-14,1,-0,97.672,97.673,5.83,820.9,321.2,26.37,2,8
TeamB-4405bb1f-56f7-48ba-bfa8-e795e4006952,2020-10-16,1,-0,104.857,104.858,5.453,199.4,37.1,23.67,10,6
TeamB-4405bb1f-56f7-48ba-bfa8-e795e4006952,2020-10-17,1,-0,57.655,57.657,2.613,55,9.4,22.08,1,4
TeamB-4405bb1f-56f7-48ba-bfa8-e795e4006952,2020-10-18,1,-0,122.557,122.558,9.237,890.7,275.2,27.41,7,8
TeamB-4405bb1f-56f7-48ba-bfa8-e795e4006952,2020-10-27,1,-0,95.25,95.252,4.449,136,40.9,24.08,5,3
TeamB-4405bb1f-56f7-48ba-bfa8-e795e4006952,2020-10-29,1,-0,95.372,95.373,5.422,319.1,80.2,26.76,6,5
TeamB-4405bb1f-56f7-48ba-bfa8-e795e4006952,2020-10-30,1,-0,84.48,84.482,5.155,448.9,63,22.57,8,10
TeamB-4405bb1f-56f7-48ba-bfa8-e795e4006952,2020-10-31,1,-0,71.99,71.992,3.291,110.5,6.5,21.43,2,2
TeamB-4405bb1f-56f7-48ba-bfa8-e795e4006952,2020-11-01,1,-0,121.643,121.645,11.048,1095,124.2,24.59,5,9
TeamB-4405bb1f-56f7-48ba-bfa8-e795e4006952,2020-11-03,1,-0,74.938,74.94,3.137,109.3,21.6,21.81,3,2
TeamB-4405bb1f-56f7-48ba-bfa8-e795e4006952,2020-11-04,1,-1e-4,26.888,26.89,1.88,166.6,46,23.05,3,2
TeamB-4405bb1f-56f7-48ba-bfa8-e795e4006952,2020-11-06,1,-0,87.26,87.262,3.589,63.8,0.6,19.33,6,3
TeamB-4405bb1f-56f7-48ba-bfa8-e795e4006952,2020-11-07,1,-0,133.005,133.007,10.578,906.8,282.2,27.11,11,6
TeamB-4405bb1f-56f7-48ba-bfa8-e795e4006952,2020-11-10,1,-0,68.42,68.422,3.01,138.9,14.9,20.86,3,4
TeamB-4405bb1f-56f7-48ba-bfa8-e795e4006952,2020-11-12,1,-0,93.512,93.513,2.582,55.5,27.5,25.44,10,6
TeamB-4405bb1f-56f7-48ba-bfa8-e795e4006952,2020-11-14,1,-0,110.613,110.615,5.501,215.1,61.8,23.04,8,12
TeamB-4405bb1f-56f7-48ba-bfa8-e795e4006952,2020-11-15,1,-0,110.838,110.84,6.319,772.5,300.7,24.93,11,10
TeamB-4405bb1f-56f7-48ba-bfa8-e795e4006952,2020-11-16,1,-0,62.488,62.49,3.191,161.9,10.3,20.68,5,4
TeamB-4405bb1f-56f7-48ba-bfa8-e795e4006952,2020-11-19,1,-0,101.975,101.977,7.643,720.2,175.4,24.38,9,6
TeamB-4405bb1f-56f7-48ba-bfa8-e795e4006952,2020-11-21,1,-0,70.153,70.155,2.417,54.3,15.7,26.33,5,4
TeamB-4405bb1f-56f7-48ba-bfa8-e795e4006952,2020-11-22,1,-0,127.328,127.33,8.202,763.4,230.2,26.44,8,9
TeamB-4405bb1f-56f7-48ba-bfa8-e795e4006952,2020-11-27,1,-0,66.355,66.357,3.124,96.1,8,20.78,4,6
TeamB-4405bb1f-56f7-48ba-bfa8-e795e4006952,2020-11-30,1,2e-4,96.905,96.887,4.936,181.5,8.6,20.67,5,8
TeamB-4405bb1f-56f7-48ba-bfa8-e795e4006952,2020-12-01,1,-0,85.073,85.075,3.657,208.9,73,25.23,5,5
TeamB-4405bb1f-56f7-48ba-bfa8-e795e4006952,2020-12-04,1,-0,86.388,86.39,5.511,383.8,52.6,22.81,8,7
TeamB-4405bb1f-56f7-48ba-bfa8-e795e4006952,2020-12-05,1,-0,76.905,76.907,3.817,113.5,12.8,21.81,5,2
TeamB-4405bb1f-56f7-48ba-bfa8-e795e4006952,2020-12-06,1,1e-4,146.38,146.363,10.84,1038.9,266,25.44,8,12
TeamB-4405bb1f-56f7-48ba-bfa8-e795e4006952,2020-12-08,1,-0,75.383,75.385,2.238,49.9,17.5,21.73,5,0
TeamB-4405bb1f-56f7-48ba-bfa8-e795e4006952,2020-12-09,1,-0,74.233,74.235,2.614,36.9,1.7,20.52,1,3
TeamB-4405bb1f-56f7-48ba-bfa8-e795e4006952,2020-12-10,1,-0,75.658,75.66,5.139,517.5,144.6,24,7,9
TeamB-4405bb1f-56f7-48ba-bfa8-e795e4006952,2020-12-12,1,-0,75.723,75.725,3.495,90.5,7.6,21.26,2,1
TeamB-4405bb1f-56f7-48ba-bfa8-e795e4006952,2020-12-13,1,-0,177.777,177.778,14.334,1196.2,303.6,24.82,13,13
TeamB-4405bb1f-56f7-48ba-bfa8-e795e4006952,2021-02-01,1,-0,116.938,116.94,5.934,234.6,15.1,21.49,8,8
TeamB-4405bb1f-56f7-48ba-bfa8-e795e4006952,2021-02-03,1,-0,57.187,57.188,2.064,36,2.5,22.3,1,1
TeamB-4405bb1f-56f7-48ba-bfa8-e795e4006952,2021-02-04,1,-0,111.618,111.62,8.626,820.2,159.7,25.35,10,13
TeamB-4405bb1f-56f7-48ba-bfa8-e795e4006952,2021-02-07,1,-0,106.225,106.227,7.068,640.9,223.2,26.53,5,10
TeamB-4405bb1f-56f7-48ba-bfa8-e795e4006952,2021-02-08,1,2e-4,99.888,99.872,4.985,161,14.1,22.56,6,6
TeamB-4405bb1f-56f7-48ba-bfa8-e795e4006952,2021-02-10,1,-0,365.388,365.39,6.114,1451.8,968.9,35.83,9,2
TeamB-4405bb1f-56f7-48ba-bfa8-e795e4006952,2021-02-20,1,-0,81.388,81.39,4.418,133.4,23.9,22.91,4,8
TeamB-4405bb1f-56f7-48ba-bfa8-e795e4006952,2021-02-21,1,-1e-4,18.783,18.785,1.16,44.5,3.4,20.16,2,0
TeamB-4405bb1f-56f7-48ba-bfa8-e795e4006952,2021-02-24,1,-0,91.94,91.942,5.103,887,399.7,25.6,17,18
TeamB-4405bb1f-56f7-48ba-bfa8-e795e4006952,2021-02-25,1,-0,94.09,94.092,4.788,198.4,2.8,20.18,7,9
TeamB-4405bb1f-56f7-48ba-bfa8-e795e4006952,2021-02-26,1,-0,97.423,97.425,5.518,391.9,219.7,26.05,7,7
TeamB-4405bb1f-56f7-48ba-bfa8-e795e4006952,2021-03-01,1,2e-4,104.84,104.822,5.387,280.6,154.1,26.78,1,11
TeamB-4405bb1f-56f7-48ba-bfa8-e795e4006952,2021-03-02,1,-0,95.457,95.458,5.019,290,32.2,21.52,6,7
TeamB-4405bb1f-56f7-48ba-bfa8-e795e4006952,2021-03-04,1,-0,97.055,97.057,5.635,193.1,4.5,20.02,5,10
TeamB-4405bb1f-56f7-48ba-bfa8-e795e4006952,2021-03-05,1,-0,104.388,104.39,5.491,375.9,53.4,24.06,9,10
TeamB-4405bb1f-56f7-48ba-bfa8-e795e4006952,2021-03-06,1,-0,83.588,83.59,4.782,265.4,50.7,24.06,11,9
TeamB-4405bb1f-56f7-48ba-bfa8-e795e4006952,2021-03-08,1,-0,121.023,121.025,5.391,245.8,42,22.5,4,5
TeamB-4405bb1f-56f7-48ba-bfa8-e795e4006952,2021-03-09,1,-0,103.845,103.847,5.732,850.6,259.5,24.77,8,14
TeamB-4405bb1f-56f7-48ba-bfa8-e795e4006952,2021-03-12,1,-0,98.238,98.24,5.911,345.1,81.2,23.41,5,7
TeamB-4405bb1f-56f7-48ba-bfa8-e795e4006952,2021-03-15,1,-0,94.018,94.02,4.329,567.1,185.2,24.46,13,13
TeamB-4405bb1f-56f7-48ba-bfa8-e795e4006952,2021-03-16,1,-0,104.422,104.423,4.871,195.1,18.3,21.22,7,13
TeamB-4405bb1f-56f7-48ba-bfa8-e795e4006952,2021-03-18,1,-0,115.367,115.368,6.422,444.5,105.2,22.92,12,13
TeamB-4405bb1f-56f7-48ba-bfa8-e795e4006952,2021-03-19,1,-0,104.922,104.923,5.038,178.1,24.3,21.7,6,9
TeamB-4405bb1f-56f7-48ba-bfa8-e795e4006952,2021-03-22,1,-0,85.168,85.17,3.118,289,80.2,24.27,4,10
TeamB-4405bb1f-56f7-48ba-bfa8-e795e4006952,2021-03-25,1,2e-4,108.887,108.87,4.851,276.7,67.2,25.34,5,10
TeamB-4405bb1f-56f7-48ba-bfa8-e795e4006952,2021-03-26,1,-0,55.688,55.69,2.533,61.3,19.9,21.9,1,6
TeamB-4405bb1f-56f7-48ba-bfa8-e795e4006952,2021-03-29,1,-0,136.732,136.733,5.829,310.5,49.3,23.29,7,7
TeamB-4405bb1f-56f7-48ba-bfa8-e795e4006952,2021-03-30,1,-0,113.888,113.89,5.859,278.6,75.8,23.35,14,11
TeamB-4405bb1f-56f7-48ba-bfa8-e795e4006952,2021-03-31,1,-0,98.888,98.89,5.874,782.8,195.1,25.85,9,6
TeamB-4405bb1f-56f7-48ba-bfa8-e795e4006952,2021-04-06,1,-0,111.127,111.128,5.075,286.3,8.7,21.12,16,10
TeamB-4405bb1f-56f7-48ba-bfa8-e795e4006952,2021-04-08,1,-0,117.82,117.822,5.688,603.8,162.8,24.37,9,8
TeamB-4405bb1f-56f7-48ba-bfa8-e795e4006952,2021-04-09,1,-0,93.118,93.12,3.979,101.7,51.4,25.82,4,7
TeamB-4405bb1f-56f7-48ba-bfa8-e795e4006952,2021-04-12,1,2e-4,119.388,119.37,7.195,613.5,111.9,22.71,5,9
TeamB-4405bb1f-56f7-48ba-bfa8-e795e4006952,2021-04-13,1,1e-4,126.645,126.627,5.977,341.5,57,23.66,8,4
TeamB-4405bb1f-56f7-48ba-bfa8-e795e4006952,2021-04-15,1,-0,107.7,107.702,4.622,307.6,97,25.72,6,5
TeamB-4405bb1f-56f7-48ba-bfa8-e795e4006952,2021-04-16,1,-0,101.408,101.41,4.01,82.9,14.3,24.09,4,5
TeamB-4405bb1f-56f7-48ba-bfa8-e795e4006952,2021-04-19,1,-0,107.355,107.357,3.282,65.9,6.3,21.16,4,5
TeamB-4405bb1f-56f7-48ba-bfa8-e795e4006952,2021-04-20,1,-0,101.883,101.885,7.395,525,107.7,24.89,7,7
TeamB-4405bb1f-56f7-48ba-bfa8-e795e4006952,2021-04-21,1,6e-4,35.51,35.49,1.381,2.3,0,16.35,0,0
TeamB-4405bb1f-56f7-48ba-bfa8-e795e4006952,2021-04-26,1,-0,94.072,94.073,3.162,102.3,8,20.76,6,3
TeamB-4405bb1f-56f7-48ba-bfa8-e795e4006952,2021-04-27,1,-0,125.54,125.542,6.969,998.1,311.7,26.5,12,16
TeamB-4405bb1f-56f7-48ba-bfa8-e795e4006952,2021-04-29,1,-0,101.602,101.603,4.764,211.1,27.2,25.44,5,10
TeamB-4405bb1f-56f7-48ba-bfa8-e795e4006952,2021-04-30,1,1e-4,131.372,131.353,3.791,68.6,5.1,20.24,8,5
TeamB-4405bb1f-56f7-48ba-bfa8-e795e4006952,2021-05-01,1,1e-4,133.905,133.887,8.967,826.2,264.3,26.19,6,8
TeamB-4405bb1f-56f7-48ba-bfa8-e795e4006952,2021-05-03,1,3e-4,80.19,80.163,0.696,0.9,0,15.32,2,0
TeamB-4405bb1f-56f7-48ba-bfa8-e795e4006952,2021-05-04,1,-0,108.317,108.318,5.599,156.2,1.7,19.71,4,8
TeamB-4405bb1f-56f7-48ba-bfa8-e795e4006952,2021-05-05,1,-0,129.437,129.438,8.124,750.9,116.1,26.02,9,15
TeamB-4405bb1f-56f7-48ba-bfa8-e795e4006952,2021-05-06,1,-0,130.972,130.973,4.63,121,25.1,24.19,8,0
TeamB-4405bb1f-56f7-48ba-bfa8-e795e4006952,2021-05-07,1,-0,85.882,85.883,3.043,18.7,0,19.08,3,1
TeamB-4405bb1f-56f7-48ba-bfa8-e795e4006952,2021-05-08,1,-0,112.833,112.835,7.95,684.5,116.7,23.55,6,9
TeamB-4405bb1f-56f7-48ba-bfa8-e795e4006952,2021-05-10,1,2e-4,83.857,83.838,3.12,61.7,0.6,19.59,2,4
TeamB-4405bb1f-56f7-48ba-bfa8-e795e4006952,2021-05-11,1,-0,78.422,78.423,6.417,568.9,105.8,25.56,2,2
TeamB-4405bb1f-56f7-48ba-bfa8-e795e4006952,2021-05-12,1,-0,71.352,71.353,3.205,6.4,0,16.53,5,2
TeamB-4405bb1f-56f7-48ba-bfa8-e795e4006952,2021-05-14,1,2e-4,101.64,101.622,3.81,96.9,22.6,23.07,6,4
TeamB-4405bb1f-56f7-48ba-bfa8-e795e4006952,2021-05-15,1,-0,96.973,96.975,7.5,827.9,167,23.32,6,8
TeamB-4405bb1f-56f7-48ba-bfa8-e795e4006952,2021-05-18,1,1e-4,113.7,113.683,6.337,921.9,418.1,26.07,5,11
TeamB-4405bb1f-56f7-48ba-bfa8-e795e4006952,2021-05-19,1,-0,120.53,120.532,5.926,311.4,51.6,24.07,5,7
TeamB-4405bb1f-56f7-48ba-bfa8-e795e4006952,2021-05-21,1,2e-4,103.49,103.472,3.533,56.2,5.7,21.32,7,7
TeamB-4405bb1f-56f7-48ba-bfa8-e795e4006952,2021-05-22,1,-0,121.272,121.273,9.656,930.9,158.9,24.71,4,8
TeamB-4405bb1f-56f7-48ba-bfa8-e795e4006952,2021-05-24,1,-0,61.603,61.605,2.413,26.9,0,17.66,3,3
TeamB-4405bb1f-56f7-48ba-bfa8-e795e4006952,2021-05-25,1,2e-4,105.905,105.888,5.497,574.8,217.6,26.12,7,12
TeamB-4405bb1f-56f7-48ba-bfa8-e795e4006952,2021-05-26,1,-0,108.152,108.153,6.381,358.3,53.8,25.43,7,11
TeamB-4405bb1f-56f7-48ba-bfa8-e795e4006952,2021-05-28,1,-0,95.057,95.058,3.192,56.9,4.6,20.53,4,5
TeamB-4405bb1f-56f7-48ba-bfa8-e795e4006952,2021-05-29,1,-0,150.09,150.092,10.91,749.3,100.4,26.38,12,15
TeamB-4405bb1f-56f7-48ba-bfa8-e795e4006952,2021-06-01,1,2e-4,96.405,96.388,4.504,223,84.7,25.23,2,4
TeamB-4405bb1f-56f7-48ba-bfa8-e795e4006952,2021-06-02,1,-1e-4,27.888,27.89,1.051,110.2,81.7,25.9,0,1
TeamB-4405bb1f-56f7-48ba-bfa8-e795e4006952,2021-06-04,1,-1e-4,16.357,16.358,0.684,30.3,13.3,24.19,6,0
TeamB-4405bb1f-56f7-48ba-bfa8-e795e4006952,2021-06-05,1,1e-4,142.89,142.87,10.374,756.9,165.6,26.07,15,11
TeamB-4405bb1f-56f7-48ba-bfa8-e795e4006952,2021-06-20,1,-0,120.437,120.438,6.454,454.9,101.3,24.52,13,11
TeamB-4405bb1f-56f7-48ba-bfa8-e795e4006952,2021-06-21,1,-0,88.005,88.007,3.545,127.2,9.1,20.89,8,3
TeamB-4405bb1f-56f7-48ba-bfa8-e795e4006952,2021-06-22,1,-0,122.788,122.79,10.375,924.9,194.4,27.66,8,21
TeamB-4405bb1f-56f7-48ba-bfa8-e795e4006952,2021-06-25,1,-0,83.488,83.49,3.458,42.1,10.4,20.78,3,1
TeamB-4405bb1f-56f7-48ba-bfa8-e795e4006952,2021-06-26,1,-0,62.005,62.007,5.139,295.5,67.4,23.51,1,9
TeamB-4405bb1f-56f7-48ba-bfa8-e795e4006952,2021-06-27,1,2e-4,71.4,71.383,3.225,107.7,43.2,22.57,5,7
TeamB-4405bb1f-56f7-48ba-bfa8-e795e4006952,2021-06-29,1,-0,83.405,83.407,3.316,111.1,12.6,20.85,4,4
TeamB-4405bb1f-56f7-48ba-bfa8-e795e4006952,2021-06-30,1,-0,120.965,120.967,10.76,827.5,164.9,26.41,4,12
TeamB-4405bb1f-56f7-48ba-bfa8-e795e4006952,2021-07-04,1,-0,129.857,129.858,9.563,839.5,164.3,23.96,7,11
TeamB-4405bb1f-56f7-48ba-bfa8-e795e4006952,2021-07-07,1,1e-4,117.92,117.903,6.786,871.4,197.9,26.12,4,3
TeamB-4405bb1f-56f7-48ba-bfa8-e795e4006952,2021-07-09,1,2e-4,87.545,87.523,3.385,48,11.1,21.92,3,4
TeamB-4405bb1f-56f7-48ba-bfa8-e795e4006952,2021-07-13,1,-0,77.423,77.425,3.215,83.9,16.8,23.33,3,2
TeamB-4405bb1f-56f7-48ba-bfa8-e795e4006952,2021-07-14,1,1e-4,129.022,129.005,0.302,0,0,6.64,0,0
TeamB-4405bb1f-56f7-48ba-bfa8-e795e4006952,2021-07-31,1,-0,116.007,116.008,6.4,232,19.3,21.96,4,5
TeamB-4405bb1f-56f7-48ba-bfa8-e795e4006952,2021-08-01,1,2e-4,94.487,94.465,4.459,115.1,9.2,20.92,6,5
TeamB-4405bb1f-56f7-48ba-bfa8-e795e4006952,2021-08-02,1,3e-4,71.403,71.382,5.226,364.6,67.5,24.34,4,6
TeamB-4405bb1f-56f7-48ba-bfa8-e795e4006952,2021-08-03,1,-0,74.138,74.14,3.279,746.2,239.9,23.52,2,1
TeamB-4405bb1f-56f7-48ba-bfa8-e795e4006952,2021-08-05,1,-0,114.637,114.638,6.172,240.2,33.3,22.99,5,2
TeamB-4405bb1f-56f7-48ba-bfa8-e795e4006952,2021-08-06,1,2e-4,94.457,94.437,3.634,119.2,3.4,19.74,6,1
TeamB-4405bb1f-56f7-48ba-bfa8-e795e4006952,2021-08-07,1,2e-4,127.888,127.867,10.33,786.1,250.1,27.57,13,16
TeamB-4405bb1f-56f7-48ba-bfa8-e795e4006952,2021-08-10,1,2e-4,82.377,82.36,2.967,182.6,89.3,23.37,4,2
TeamB-4405bb1f-56f7-48ba-bfa8-e795e4006952,2021-08-13,1,3e-4,83.54,83.518,3.512,61.7,1.1,19.16,1,4
TeamB-4405bb1f-56f7-48ba-bfa8-e795e4006952,2021-08-14,1,2e-4,132.04,132.018,10.422,790.4,170.2,23.9,8,8
TeamB-4405bb1f-56f7-48ba-bfa8-e795e4006952,2021-08-17,1,-0,75.972,75.973,3.368,135.9,0,19.42,4,2
TeamB-4405bb1f-56f7-48ba-bfa8-e795e4006952,2021-08-18,1,2e-4,111.473,111.455,8.161,444.3,98.6,23.92,8,6
TeamB-4405bb1f-56f7-48ba-bfa8-e795e4006952,2021-08-20,1,4e-4,74.905,74.878,3.04,59.5,2.8,20.08,3,4
TeamB-4405bb1f-56f7-48ba-bfa8-e795e4006952,2021-08-21,1,1e-4,170.023,170.007,9.809,587.5,125.9,24.49,12,14
TeamB-4405bb1f-56f7-48ba-bfa8-e795e4006952,2021-08-23,1,2e-4,86.338,86.322,3.269,63.6,0.6,19.68,2,2
TeamB-4405bb1f-56f7-48ba-bfa8-e795e4006952,2021-08-24,1,3e-4,49.557,49.54,5.039,426.1,99.2,26.37,6,3
TeamB-4405bb1f-56f7-48ba-bfa8-e795e4006952,2021-08-27,1,2e-4,96.388,96.367,3.3,59.7,8,20.98,6,4
TeamB-4405bb1f-56f7-48ba-bfa8-e795e4006952,2021-08-28,1,2e-4,134.372,134.348,9.985,566.3,121.3,28.25,10,16
TeamB-4405bb1f-56f7-48ba-bfa8-e795e4006952,2021-08-30,1,2e-4,83.012,82.993,3.896,185.4,17.4,21.7,1,3
TeamB-4405bb1f-56f7-48ba-bfa8-e795e4006952,2021-08-31,1,2e-4,105.922,105.903,3.104,86.2,2.8,19.94,1,5
TeamB-4405bb1f-56f7-48ba-bfa8-e795e4006952,2021-09-01,1,2e-4,140.023,140.002,10.296,939.2,242.3,25.36,7,12
TeamB-4405bb1f-56f7-48ba-bfa8-e795e4006952,2021-09-03,1,2e-4,95,94.98,3.248,25.6,0,18.15,8,5
TeamB-4405bb1f-56f7-48ba-bfa8-e795e4006952,2021-09-04,1,2e-4,132.85,132.828,10.497,994.8,315.7,24.72,12,10
TeamB-4405bb1f-56f7-48ba-bfa8-e795e4006952,2021-09-07,1,3e-4,69.038,69.017,3.132,205.8,6.8,20.43,3,3
TeamB-4405bb1f-56f7-48ba-bfa8-e795e4006952,2021-09-10,1,3e-4,72.67,72.645,2.642,10.4,0,16.38,5,4
TeamB-4405bb1f-56f7-48ba-bfa8-e795e4006952,2021-09-11,1,1e-4,134.64,134.62,9.599,448.7,98.6,25.01,9,14
TeamB-4405bb1f-56f7-48ba-bfa8-e795e4006952,2021-09-24,1,-0,100.882,100.883,6.166,285.2,24.3,22.19,4,9
TeamB-4405bb1f-56f7-48ba-bfa8-e795e4006952,2021-09-25,1,2e-4,105.505,105.487,3.397,127,21.8,21.32,5,5
TeamB-4405bb1f-56f7-48ba-bfa8-e795e4006952,2021-09-26,1,1e-4,130.337,130.318,10.769,839.1,170.4,26.34,13,11
TeamB-4405bb1f-56f7-48ba-bfa8-e795e4006952,2021-09-28,1,4e-4,70.36,70.335,2.425,38.8,2.8,20.09,4,5
TeamB-4405bb1f-56f7-48ba-bfa8-e795e4006952,2021-09-29,1,-0,124.557,124.558,6.923,283.9,62.3,24.09,5,8
TeamB-4405bb1f-56f7-48ba-bfa8-e795e4006952,2021-10-01,1,2e-4,103.473,103.455,3.828,73.8,0,18.88,5,8
TeamB-4405bb1f-56f7-48ba-bfa8-e795e4006952,2021-10-02,1,2e-4,123.922,123.9,9.956,712.9,179.5,26.45,3,9
TeamB-4405bb1f-56f7-48ba-bfa8-e795e4006952,2021-10-05,1,-0,108.973,108.975,7.062,409.5,144.1,26.83,11,7
TeamB-4405bb1f-56f7-48ba-bfa8-e795e4006952,2021-10-06,1,2e-4,116.438,116.42,6.53,386.7,59.6,21.92,5,15
TeamB-4405bb1f-56f7-48ba-bfa8-e795e4006952,2021-10-08,1,2e-4,86.588,86.57,3.019,223.1,17.9,22.43,10,5
TeamB-4405bb1f-56f7-48ba-bfa8-e795e4006952,2021-10-09,1,2e-4,141.973,141.952,10.476,1026.6,204.9,26.04,6,9
TeamB-4405bb1f-56f7-48ba-bfa8-e795e4006952,2021-10-13,1,2e-4,78.41,78.392,3.557,148.2,23.2,21.58,4,0
TeamB-4405bb1f-56f7-48ba-bfa8-e795e4006952,2021-10-15,1,2e-4,89.538,89.517,5.171,209.7,16.6,20.94,3,6
TeamB-4405bb1f-56f7-48ba-bfa8-e795e4006952,2021-10-17,1,-0,91.37,91.372,8.203,654.6,149,24.25,3,11
TeamB-4405bb1f-56f7-48ba-bfa8-e795e4006952,2021-10-29,1,2e-4,103.007,102.985,4.759,223.9,28.5,21.66,2,5
TeamB-4405bb1f-56f7-48ba-bfa8-e795e4006952,2021-10-30,1,-0,98.872,98.873,3.57,116.8,5.1,19.38,2,1
TeamB-4405bb1f-56f7-48ba-bfa8-e795e4006952,2021-10-31,1,2e-4,143.878,143.852,10.505,911.4,275.8,24.86,6,15
TeamB-4405bb1f-56f7-48ba-bfa8-e795e4006952,2021-11-03,1,-0,83.355,83.357,4.086,100.9,2.8,19.92,4,5
TeamB-4405bb1f-56f7-48ba-bfa8-e795e4006952,2021-11-04,1,2e-4,91.623,91.602,5.285,444.7,159.8,25.71,7,1
TeamB-4405bb1f-56f7-48ba-bfa8-e795e4006952,2021-11-06,1,3e-4,76.107,76.087,3.056,59.8,2.8,19.95,2,1
TeamB-4405bb1f-56f7-48ba-bfa8-e795e4006952,2021-11-07,1,-0,119.472,119.473,10.464,765.3,131.7,25.72,11,18
TeamB-4405bb1f-56f7-48ba-bfa8-e795e4006952,2021-11-09,1,3e-4,82.407,82.385,3.927,123.9,11.5,21.56,6,8
TeamB-4405bb1f-56f7-48ba-bfa8-e795e4006952,2021-11-10,1,0.0124,88.507,87.41,4.936,176,17,23.15,12,8
TeamB-4405bb1f-56f7-48ba-bfa8-e795e4006952,2021-11-12,1,3e-4,77.848,77.827,4.15,244,49.2,23.37,2,1
TeamB-48bfd4ea-e9e2-45b5-befc-3383cae87fdf,2020-06-01,1,-0,117.988,117.99,3.021,4.6,1.2,19.04,5,5
TeamB-48bfd4ea-e9e2-45b5-befc-3383cae87fdf,2020-06-02,1,-0,104.783,104.785,3.163,84.3,41.8,23.15,5,8
TeamB-48bfd4ea-e9e2-45b5-befc-3383cae87fdf,2020-06-03,1,-0,64.047,64.048,1.869,7.2,0.6,17.88,1,8
TeamB-48bfd4ea-e9e2-45b5-befc-3383cae87fdf,2020-06-04,1,-0,106.668,106.67,4.708,84.3,9.9,21.04,4,15
TeamB-48bfd4ea-e9e2-45b5-befc-3383cae87fdf,2020-06-05,1,-0,109.103,109.105,3.37,31.5,9.2,21.29,3,20
TeamB-48bfd4ea-e9e2-45b5-befc-3383cae87fdf,2020-06-08,1,-0,130.905,130.907,4.078,60.1,12,22.59,9,18
TeamB-48bfd4ea-e9e2-45b5-befc-3383cae87fdf,2020-06-09,1,-0,116.427,116.428,4.132,118.4,55.9,23.12,1,1
TeamB-48bfd4ea-e9e2-45b5-befc-3383cae87fdf,2020-06-10,1,-0,143.633,143.635,3.729,317,134.4,27.68,10,0
TeamB-48bfd4ea-e9e2-45b5-befc-3383cae87fdf,2020-06-11,1,-0,67.722,67.723,1.755,2.3,0,15.54,2,21
TeamB-48bfd4ea-e9e2-45b5-befc-3383cae87fdf,2020-06-12,1,-0,100.11,100.112,3.3,4.6,0,16.35,3,5
TeamB-48bfd4ea-e9e2-45b5-befc-3383cae87fdf,2020-06-13,1,-0,142.152,142.153,4.133,89.8,12.5,23.48,7,4
TeamB-48bfd4ea-e9e2-45b5-befc-3383cae87fdf,2020-06-16,1,-0,118.772,118.773,3.444,2.7,0,16.26,11,20
TeamB-48bfd4ea-e9e2-45b5-befc-3383cae87fdf,2020-06-17,1,-0,96.75,96.752,2.407,9.3,0,17.41,0,2
TeamB-48bfd4ea-e9e2-45b5-befc-3383cae87fdf,2020-06-18,1,-0,107.828,107.83,3.144,55.8,10.9,20.92,3,8
TeamB-48bfd4ea-e9e2-45b5-befc-3383cae87fdf,2020-06-22,1,-0,108.657,108.658,2.668,0.9,0,15.32,2,5
TeamB-48bfd4ea-e9e2-45b5-befc-3383cae87fdf,2020-06-23,1,-0,48.083,48.085,1.526,41.4,0.6,18.04,6,6
TeamB-48bfd4ea-e9e2-45b5-befc-3383cae87fdf,2020-06-25,1,-0,85.623,85.625,1.862,6.7,0,18.19,8,9
TeamB-48bfd4ea-e9e2-45b5-befc-3383cae87fdf,2020-06-26,1,-0,76.403,76.405,1.922,1.4,0,15.75,5,1
TeamB-48bfd4ea-e9e2-45b5-befc-3383cae87fdf,2020-06-29,1,-0,75.34,75.342,2.74,6,0,16.69,4,8
TeamB-48bfd4ea-e9e2-45b5-befc-3383cae87fdf,2020-06-30,1,-0,110.962,110.963,3.151,15.5,0,17.25,6,19
TeamB-48bfd4ea-e9e2-45b5-befc-3383cae87fdf,2020-07-01,1,-0,99.202,99.203,2.582,115.1,60.7,24.72,1,3
TeamB-48bfd4ea-e9e2-45b5-befc-3383cae87fdf,2020-07-02,1,-0,116.567,116.568,2.296,4.3,0,16.28,3,12
TeamB-48bfd4ea-e9e2-45b5-befc-3383cae87fdf,2020-07-03,1,-0,73.838,73.84,1.689,1.5,0,16.42,5,13
TeamB-48bfd4ea-e9e2-45b5-befc-3383cae87fdf,2020-07-07,1,-0,99.423,99.425,3.1,25.2,3.5,21.18,3,9
TeamB-48bfd4ea-e9e2-45b5-befc-3383cae87fdf,2020-07-08,1,-0,88.042,88.043,2.45,10.1,0,18.34,1,3
TeamB-48bfd4ea-e9e2-45b5-befc-3383cae87fdf,2020-07-09,1,-0,97.107,97.108,2.9,7.1,0,17.96,4,5
TeamB-48bfd4ea-e9e2-45b5-befc-3383cae87fdf,2020-07-13,1,-0,83.865,83.867,2.307,0,0,15.01,10,18
TeamB-48bfd4ea-e9e2-45b5-befc-3383cae87fdf,2020-07-14,1,-0,129.585,129.587,3.443,73.1,3.4,20.55,15,22
TeamB-48bfd4ea-e9e2-45b5-befc-3383cae87fdf,2020-07-15,1,-0,112.688,112.69,2.335,1.4,0,16.11,2,11
TeamB-48bfd4ea-e9e2-45b5-befc-3383cae87fdf,2020-07-16,1,-0,115.407,115.408,3.431,6.5,0,16.45,4,11
TeamB-48bfd4ea-e9e2-45b5-befc-3383cae87fdf,2020-07-17,1,-0,101.172,101.173,2.296,0,0,13.58,5,4
TeamB-48bfd4ea-e9e2-45b5-befc-3383cae87fdf,2020-07-21,1,-0,115.423,115.425,3.929,189.4,58.8,23.87,15,11
TeamB-48bfd4ea-e9e2-45b5-befc-3383cae87fdf,2020-07-22,1,-0,83.755,83.757,2.228,0.5,0,15.54,5,11
TeamB-48bfd4ea-e9e2-45b5-befc-3383cae87fdf,2020-07-23,1,-0,81.722,81.723,2.469,11.2,0,17.47,6,8
TeamB-48bfd4ea-e9e2-45b5-befc-3383cae87fdf,2020-07-27,1,-0,73.33,73.332,1.591,3.7,0,17,16,11
TeamB-48bfd4ea-e9e2-45b5-befc-3383cae87fdf,2020-07-28,1,-0,109.372,109.373,2.974,8.6,0.6,18.03,2,8
TeamB-48bfd4ea-e9e2-45b5-befc-3383cae87fdf,2020-07-29,1,-0,101.285,101.287,3.542,158.5,21.3,21.59,5,18
TeamB-48bfd4ea-e9e2-45b5-befc-3383cae87fdf,2020-07-31,1,-0,94.487,94.488,2.484,6,0,16.54,3,6
TeamB-48bfd4ea-e9e2-45b5-befc-3383cae87fdf,2020-08-03,1,-0,77.472,77.473,2.478,1.8,0,15.27,6,19
TeamB-48bfd4ea-e9e2-45b5-befc-3383cae87fdf,2020-08-04,1,-0,100.907,100.908,2.843,0.5,0,15.7,4,11
TeamB-48bfd4ea-e9e2-45b5-befc-3383cae87fdf,2020-08-05,1,-0,74.34,74.342,2.37,0,0,15.4,3,7
TeamB-48bfd4ea-e9e2-45b5-befc-3383cae87fdf,2020-08-06,1,-0,92.995,92.997,2.759,4.5,1.2,19.61,5,13
TeamB-48bfd4ea-e9e2-45b5-befc-3383cae87fdf,2020-08-10,1,-0,104.648,104.65,3.052,1.4,0,16.7,1,7
TeamB-48bfd4ea-e9e2-45b5-befc-3383cae87fdf,2020-08-11,1,-0,83.538,83.54,2.689,2.4,0,16.84,2,1
TeamB-48bfd4ea-e9e2-45b5-befc-3383cae87fdf,2020-08-14,1,-0,89.852,89.853,2.593,0.5,0,14.22,7,5
TeamB-48bfd4ea-e9e2-45b5-befc-3383cae87fdf,2020-08-15,1,-0,74.902,74.903,2.176,7.9,0.6,18.23,3,7
TeamB-48bfd4ea-e9e2-45b5-befc-3383cae87fdf,2020-08-16,1,-0,117.507,117.508,5.457,55.6,18,22.96,3,12
TeamB-48bfd4ea-e9e2-45b5-befc-3383cae87fdf,2020-08-19,1,-0,97.422,97.423,2.867,12,0,16.82,4,24
TeamB-48bfd4ea-e9e2-45b5-befc-3383cae87fdf,2020-08-20,1,-0,119.735,119.737,3.775,1.8,0,15.79,3,5
TeamB-48bfd4ea-e9e2-45b5-befc-3383cae87fdf,2020-08-21,1,-0,73.385,73.387,2.402,9.3,0,17.08,5,4
TeamB-48bfd4ea-e9e2-45b5-befc-3383cae87fdf,2020-08-24,1,-0,82.422,82.423,2.502,11.8,3.2,22.82,7,13
TeamB-48bfd4ea-e9e2-45b5-befc-3383cae87fdf,2020-08-25,1,-0,73.258,73.26,1.746,1.9,0,17.03,3,5
TeamB-48bfd4ea-e9e2-45b5-befc-3383cae87fdf,2020-08-26,1,-0,118.388,118.39,5.506,97.6,10.1,22.67,3,8
TeamB-48bfd4ea-e9e2-45b5-befc-3383cae87fdf,2020-08-27,1,-0,72.938,72.94,1.815,0,0,12.57,1,6
TeamB-48bfd4ea-e9e2-45b5-befc-3383cae87fdf,2020-08-29,1,-0,76.342,76.343,1.761,0,0,12.5,3,4
TeamB-48bfd4ea-e9e2-45b5-befc-3383cae87fdf,2020-08-30,1,2e-4,119.903,119.885,5.942,69.5,21.4,21.98,2,9
TeamB-48bfd4ea-e9e2-45b5-befc-3383cae87fdf,2020-09-01,1,-0,100.388,100.39,1.931,0.4,0,14.74,9,10
TeamB-48bfd4ea-e9e2-45b5-befc-3383cae87fdf,2020-09-02,1,-0,99.857,99.858,2.735,7.1,0,17.39,3,3
TeamB-48bfd4ea-e9e2-45b5-befc-3383cae87fdf,2020-09-03,1,-0,94.523,94.525,2.944,1.5,0,16.08,3,10
TeamB-48bfd4ea-e9e2-45b5-befc-3383cae87fdf,2020-09-04,1,-0,81.758,81.76,2.14,27.3,6.5,21.29,6,6
TeamB-48bfd4ea-e9e2-45b5-befc-3383cae87fdf,2020-09-05,1,-0,118.825,118.827,5.422,64.6,15.2,21.74,5,10
TeamB-48bfd4ea-e9e2-45b5-befc-3383cae87fdf,2020-09-08,1,-0,100.455,100.457,2.984,14.1,0,17.22,4,6
TeamB-48bfd4ea-e9e2-45b5-befc-3383cae87fdf,2020-09-09,1,-0,97.855,97.857,2.18,2.3,0,15.87,1,11
TeamB-48bfd4ea-e9e2-45b5-befc-3383cae87fdf,2020-09-11,1,-0,70.538,70.54,2.766,15.8,1.2,19.71,5,8
TeamB-48bfd4ea-e9e2-45b5-befc-3383cae87fdf,2020-09-12,1,-0,122.473,122.475,6.041,78.3,11.5,21.29,7,12
TeamB-48bfd4ea-e9e2-45b5-befc-3383cae87fdf,2020-09-21,1,-0,133.307,133.308,3.907,10.6,0,18.69,10,23
TeamB-48bfd4ea-e9e2-45b5-befc-3383cae87fdf,2020-09-22,1,-0,107.84,107.842,2.672,0.9,0,15.61,6,11
TeamB-48bfd4ea-e9e2-45b5-befc-3383cae87fdf,2020-09-24,1,-0,109.623,109.625,4.033,3.7,0,16.71,4,7
TeamB-48bfd4ea-e9e2-45b5-befc-3383cae87fdf,2020-09-25,1,-0,111.483,111.485,3.332,7.5,0,16.95,2,2
TeamB-48bfd4ea-e9e2-45b5-befc-3383cae87fdf,2020-09-26,1,2e-4,79.728,79.712,2.623,50.6,3.4,20.02,3,3
TeamB-48bfd4ea-e9e2-45b5-befc-3383cae87fdf,2020-09-27,1,-0,122.007,122.008,5.641,50.6,4.7,21.75,1,4
TeamB-48bfd4ea-e9e2-45b5-befc-3383cae87fdf,2020-09-29,1,2e-4,75.673,75.657,2.022,5.3,0,17.58,3,21
TeamB-48bfd4ea-e9e2-45b5-befc-3383cae87fdf,2020-09-30,1,-0,132.283,132.285,3.99,5.5,0,15.67,4,14
TeamB-48bfd4ea-e9e2-45b5-befc-3383cae87fdf,2020-10-01,1,-0,106.468,106.47,2.909,0.5,0,15.46,6,7
TeamB-48bfd4ea-e9e2-45b5-befc-3383cae87fdf,2020-10-02,1,-0,114.587,114.588,3.729,12.8,0,17.59,3,18
TeamB-48bfd4ea-e9e2-45b5-befc-3383cae87fdf,2020-10-05,1,-0,135.507,135.508,4.732,8.4,0,17.35,2,6
TeamB-48bfd4ea-e9e2-45b5-befc-3383cae87fdf,2020-10-08,1,-0,73.922,73.923,1.962,0,0,15.28,3,5
TeamB-48bfd4ea-e9e2-45b5-befc-3383cae87fdf,2020-10-10,1,-0,96.317,96.318,2.561,0,0,13.98,5,15
TeamB-48bfd4ea-e9e2-45b5-befc-3383cae87fdf,2020-10-11,1,-0,102.157,102.158,3.206,9.9,0,19.06,3,9
TeamB-48bfd4ea-e9e2-45b5-befc-3383cae87fdf,2020-10-13,1,-0,129.347,129.348,4.6,31.9,2.8,19.44,9,21
TeamB-48bfd4ea-e9e2-45b5-befc-3383cae87fdf,2020-10-14,1,-0,97.628,97.63,2.504,11.8,0,18.86,7,12
TeamB-48bfd4ea-e9e2-45b5-befc-3383cae87fdf,2020-10-16,1,-0,123.822,123.823,4.241,33.5,14,21.7,4,11
TeamB-48bfd4ea-e9e2-45b5-befc-3383cae87fdf,2020-10-17,1,-0,69.422,69.423,2.185,15.2,0,16.85,2,3
TeamB-48bfd4ea-e9e2-45b5-befc-3383cae87fdf,2020-10-18,1,-0,119.888,119.89,5.98,57,0.6,19.16,3,8
TeamB-48bfd4ea-e9e2-45b5-befc-3383cae87fdf,2020-10-21,1,-0,85.922,85.923,2.454,1.3,0,15.91,3,1
TeamB-48bfd4ea-e9e2-45b5-befc-3383cae87fdf,2020-10-22,1,-0,123.658,123.66,4.174,90.6,3.4,20.5,9,11
TeamB-48bfd4ea-e9e2-45b5-befc-3383cae87fdf,2020-10-23,1,-0,101.617,101.618,2.603,2.7,0,16.28,2,8
TeamB-48bfd4ea-e9e2-45b5-befc-3383cae87fdf,2020-10-27,1,-0,108.938,108.94,4.001,51,0,18.75,9,4
TeamB-48bfd4ea-e9e2-45b5-befc-3383cae87fdf,2020-10-29,1,-0,103.503,103.505,2.853,64.7,12.6,23.01,0,5
TeamB-48bfd4ea-e9e2-45b5-befc-3383cae87fdf,2020-10-30,1,-0,103.947,103.948,4.26,65.8,3.4,19.84,2,4
TeamB-48bfd4ea-e9e2-45b5-befc-3383cae87fdf,2020-10-31,1,-0,84.048,84.05,2.14,0,0,14.21,1,4
TeamB-48bfd4ea-e9e2-45b5-befc-3383cae87fdf,2020-11-01,1,1e-4,116.53,116.513,5.935,30.7,4.6,21.04,2,7
TeamB-48bfd4ea-e9e2-45b5-befc-3383cae87fdf,2020-11-02,1,-0,79.022,79.023,2.55,99.6,3.9,20.02,12,6
TeamB-48bfd4ea-e9e2-45b5-befc-3383cae87fdf,2020-11-03,1,-0,88.353,88.355,2.176,17.3,2.8,20.33,4,7
TeamB-48bfd4ea-e9e2-45b5-befc-3383cae87fdf,2020-11-04,1,1e-4,118.562,118.545,10.437,1084,176.7,24.67,7,13
TeamB-48bfd4ea-e9e2-45b5-befc-3383cae87fdf,2020-11-06,1,2e-4,88.505,88.488,2.302,5.2,0,17.67,3,8
TeamB-48bfd4ea-e9e2-45b5-befc-3383cae87fdf,2020-11-07,1,-0,129,129.002,6.114,118.4,20,22.95,5,8
TeamB-48bfd4ea-e9e2-45b5-befc-3383cae87fdf,2020-11-10,1,-0,77.307,77.308,2.723,49.2,11.8,22.59,4,8
TeamB-48bfd4ea-e9e2-45b5-befc-3383cae87fdf,2020-11-12,1,3e-4,65.505,65.488,2.329,5.5,0,16.52,4,16
TeamB-48bfd4ea-e9e2-45b5-befc-3383cae87fdf,2020-11-14,1,-0,112.39,112.392,4.091,27.6,0,17.98,2,8
TeamB-48bfd4ea-e9e2-45b5-befc-3383cae87fdf,2020-11-16,1,-0,61.997,61.998,1.456,0.5,0,14.26,4,6
TeamB-48bfd4ea-e9e2-45b5-befc-3383cae87fdf,2020-11-19,1,2e-4,116.073,116.055,5.833,41,8.2,21.78,3,5
TeamB-48bfd4ea-e9e2-45b5-befc-3383cae87fdf,2020-11-21,1,-0,65.522,65.523,1.999,7.5,0,16.87,10,9
TeamB-48bfd4ea-e9e2-45b5-befc-3383cae87fdf,2020-11-30,1,-0,98.163,98.165,2.657,4.2,0,17.3,3,8
TeamB-48bfd4ea-e9e2-45b5-befc-3383cae87fdf,2020-12-01,1,-0,79.835,79.837,2.192,0,0,14.29,5,5
TeamB-48bfd4ea-e9e2-45b5-befc-3383cae87fdf,2020-12-02,1,3e-4,65.527,65.51,2.141,0.5,0,15.65,3,4
TeamB-48bfd4ea-e9e2-45b5-befc-3383cae87fdf,2020-12-04,1,-0,94.377,94.378,3.621,32.8,0,19.26,3,14
TeamB-48bfd4ea-e9e2-45b5-befc-3383cae87fdf,2020-12-05,1,2e-4,77.987,77.97,2.45,8.4,0,17.01,4,6
TeamB-48bfd4ea-e9e2-45b5-befc-3383cae87fdf,2020-12-06,1,1e-4,153.957,153.938,6.501,220.4,50,24.24,3,6
TeamB-48bfd4ea-e9e2-45b5-befc-3383cae87fdf,2020-12-08,1,-0,67.895,67.897,2.183,26.4,1.1,19.92,0,4
TeamB-48bfd4ea-e9e2-45b5-befc-3383cae87fdf,2020-12-09,1,-0,64.387,64.388,2.243,13.7,0,18.36,5,3
TeamB-48bfd4ea-e9e2-45b5-befc-3383cae87fdf,2020-12-10,1,2e-4,75.355,75.338,2.815,5.4,0,17.88,4,7
TeamB-48bfd4ea-e9e2-45b5-befc-3383cae87fdf,2020-12-12,1,3e-4,67.343,67.325,1.999,6.4,0,19.17,3,3
TeamB-48bfd4ea-e9e2-45b5-befc-3383cae87fdf,2021-02-01,1,-0,108.565,108.567,3.435,3.9,0.6,17.09,6,26
TeamB-48bfd4ea-e9e2-45b5-befc-3383cae87fdf,2021-02-03,1,-0,58.405,58.407,1.627,0.9,0,15.61,1,4
TeamB-48bfd4ea-e9e2-45b5-befc-3383cae87fdf,2021-02-04,1,3e-4,54.455,54.437,3.263,6.6,3.5,21.31,1,2
TeamB-48bfd4ea-e9e2-45b5-befc-3383cae87fdf,2021-02-05,1,-0,93.973,93.975,3.077,9.3,0,17.32,5,7
TeamB-48bfd4ea-e9e2-45b5-befc-3383cae87fdf,2021-02-07,1,-0,108.387,108.388,3.9,21.7,5.6,23.37,6,16
TeamB-48bfd4ea-e9e2-45b5-befc-3383cae87fdf,2021-02-08,1,-0,98.365,98.367,2.77,18.3,2,21.34,8,15
TeamB-48bfd4ea-e9e2-45b5-befc-3383cae87fdf,2021-02-10,1,-0,68.57,68.572,2.802,19.9,8.8,21.49,10,9
TeamB-48bfd4ea-e9e2-45b5-befc-3383cae87fdf,2021-02-20,1,-0,91.552,91.553,3.078,0.5,0,14.39,3,4
TeamB-48bfd4ea-e9e2-45b5-befc-3383cae87fdf,2021-02-21,1,-0,100.04,100.042,3.669,11.9,0.6,18.96,14,12
TeamB-48bfd4ea-e9e2-45b5-befc-3383cae87fdf,2021-02-24,1,-0,94.893,94.895,3.423,6.4,0,16.54,6,13
TeamB-48bfd4ea-e9e2-45b5-befc-3383cae87fdf,2021-02-25,1,-0,95.055,95.057,3.149,6,0,16.53,7,22
TeamB-48bfd4ea-e9e2-45b5-befc-3383cae87fdf,2021-02-26,1,-0,99.988,99.99,3.069,3.1,0,16.23,7,11
TeamB-48bfd4ea-e9e2-45b5-befc-3383cae87fdf,2021-03-01,1,2e-4,101.905,101.885,3.432,129.1,60.6,28.6,9,13
TeamB-48bfd4ea-e9e2-45b5-befc-3383cae87fdf,2021-03-02,1,-0,129.99,129.992,4.895,5,0,15.58,18,35
TeamB-48bfd4ea-e9e2-45b5-befc-3383cae87fdf,2021-03-04,1,-0,100.923,100.925,4.049,15.2,0,17.26,16,29
TeamB-48bfd4ea-e9e2-45b5-befc-3383cae87fdf,2021-03-05,1,-0,130.855,130.857,4.683,6.2,0,17.18,15,12
TeamB-48bfd4ea-e9e2-45b5-befc-3383cae87fdf,2021-03-06,1,-0,93.413,93.415,3.867,33.1,0,18.59,7,14
TeamB-48bfd4ea-e9e2-45b5-befc-3383cae87fdf,2021-03-08,1,-0,97.92,97.922,3.066,5.9,0,16.27,16,17
TeamB-48bfd4ea-e9e2-45b5-befc-3383cae87fdf,2021-03-12,1,-0,97.057,97.058,3.972,37.8,0,18.49,12,28
TeamB-48bfd4ea-e9e2-45b5-befc-3383cae87fdf,2021-03-15,1,2e-4,112.583,112.562,4.008,21.7,1.7,18.16,11,27
TeamB-48bfd4ea-e9e2-45b5-befc-3383cae87fdf,2021-03-16,1,-0,92.403,92.405,2.873,0.4,0,15.09,11,5
TeamB-48bfd4ea-e9e2-45b5-befc-3383cae87fdf,2021-03-18,1,-0,105.372,105.373,3.773,167.8,52.6,23.13,11,16
TeamB-48bfd4ea-e9e2-45b5-befc-3383cae87fdf,2021-03-19,1,-0,105.665,105.667,2.978,5.6,0,17.94,7,14
TeamB-48bfd4ea-e9e2-45b5-befc-3383cae87fdf,2021-03-22,1,-0,140.987,140.988,4.311,161.1,55.1,24.58,6,13
TeamB-48bfd4ea-e9e2-45b5-befc-3383cae87fdf,2021-03-23,1,-0,123.615,123.617,3.765,10.8,0,17.31,3,9
TeamB-48bfd4ea-e9e2-45b5-befc-3383cae87fdf,2021-03-25,1,-0,138.655,138.657,3.881,12.3,0,16.34,14,26
TeamB-48bfd4ea-e9e2-45b5-befc-3383cae87fdf,2021-03-26,1,-0,115.597,115.598,2.946,10,0,19.19,6,11
TeamB-48bfd4ea-e9e2-45b5-befc-3383cae87fdf,2021-03-29,1,2e-4,137.365,137.343,4.822,76.4,38.9,23.46,9,10
TeamB-48bfd4ea-e9e2-45b5-befc-3383cae87fdf,2021-03-30,1,-0,124.038,124.04,3.893,25.7,0,18.8,9,17
TeamB-48bfd4ea-e9e2-45b5-befc-3383cae87fdf,2021-03-31,1,-0,103.388,103.39,3.096,7.6,0,17.93,10,9
TeamB-48bfd4ea-e9e2-45b5-befc-3383cae87fdf,2021-04-06,1,-0,114.922,114.923,3.688,250.9,5.2,20.51,13,11
TeamB-48bfd4ea-e9e2-45b5-befc-3383cae87fdf,2021-04-15,1,2e-4,136.588,136.557,3.419,5.6,0,16.8,5,7
TeamB-48bfd4ea-e9e2-45b5-befc-3383cae87fdf,2021-04-16,1,2e-4,107.555,107.537,3.378,19,0,17.89,5,13
TeamB-48bfd4ea-e9e2-45b5-befc-3383cae87fdf,2021-04-19,1,1e-4,119.472,119.455,2.613,4.1,0,16.32,1,6
TeamB-48bfd4ea-e9e2-45b5-befc-3383cae87fdf,2021-04-21,1,1e-4,150.583,150.565,5.476,720.3,5.6,20.25,6,8
TeamB-48bfd4ea-e9e2-45b5-befc-3383cae87fdf,2021-04-26,1,-0,89.383,89.385,3.068,16.1,0.6,17.32,4,3
TeamB-48bfd4ea-e9e2-45b5-befc-3383cae87fdf,2021-04-27,1,1e-4,133.155,133.137,4.162,65.6,2.9,20.33,4,13
TeamB-48bfd4ea-e9e2-45b5-befc-3383cae87fdf,2021-04-29,1,-0,127.37,127.372,4.973,144.2,19.6,23.99,8,14
TeamB-48bfd4ea-e9e2-45b5-befc-3383cae87fdf,2021-04-30,1,-0,145.888,145.89,4.104,21.5,0,18.94,5,10
TeamB-48bfd4ea-e9e2-45b5-befc-3383cae87fdf,2021-05-03,1,2e-4,87.06,87.04,2.966,0.4,0,14.65,4,1
TeamB-48bfd4ea-e9e2-45b5-befc-3383cae87fdf,2021-05-05,1,-0,130.707,130.708,4.665,192.5,67.2,24.78,11,7
TeamB-48bfd4ea-e9e2-45b5-befc-3383cae87fdf,2021-05-07,1,2e-4,101.655,101.635,2.644,0.9,0,15.57,8,12
TeamB-48bfd4ea-e9e2-45b5-befc-3383cae87fdf,2021-05-08,1,-0,148.39,148.392,7.134,115.1,12.8,23.29,5,18
TeamB-48bfd4ea-e9e2-45b5-befc-3383cae87fdf,2021-05-14,1,0.0088,76.332,75.662,1.862,3.7,0,16.76,11,12
TeamB-48bfd4ea-e9e2-45b5-befc-3383cae87fdf,2021-05-18,1,-0,144.52,144.522,4.174,165,48.7,25.51,3,6
TeamB-48bfd4ea-e9e2-45b5-befc-3383cae87fdf,2021-05-19,1,-0,129.403,129.405,3.59,11.3,0,18.1,2,5
TeamB-48bfd4ea-e9e2-45b5-befc-3383cae87fdf,2021-05-21,1,2e-4,107.742,107.72,2.362,1.9,0,17.17,5,7
TeamB-48bfd4ea-e9e2-45b5-befc-3383cae87fdf,2021-05-24,1,1e-4,134.838,134.82,4.126,54,0,18.38,2,10
TeamB-48bfd4ea-e9e2-45b5-befc-3383cae87fdf,2021-05-25,1,-0,105.438,105.44,3.373,15.1,0,18.88,4,17
TeamB-48bfd4ea-e9e2-45b5-befc-3383cae87fdf,2021-05-26,1,1e-4,118.522,118.505,4.86,47.5,0,18.04,17,15
TeamB-48bfd4ea-e9e2-45b5-befc-3383cae87fdf,2021-05-28,1,-0,96.842,96.843,2.735,7.9,0,17.19,6,12
TeamB-48bfd4ea-e9e2-45b5-befc-3383cae87fdf,2021-05-31,1,2e-4,82.365,82.347,2.603,2.8,0,16.77,4,14
TeamB-48bfd4ea-e9e2-45b5-befc-3383cae87fdf,2021-06-01,1,2e-4,116.973,116.955,3.438,4.6,0,16.65,8,10
TeamB-48bfd4ea-e9e2-45b5-befc-3383cae87fdf,2021-06-02,1,0.0011,124.992,124.848,3.99,0.9,0,15.64,4,4
TeamB-48bfd4ea-e9e2-45b5-befc-3383cae87fdf,2021-06-09,1,2e-4,111.108,111.092,2.921,46,9,25.77,4,5
TeamB-48bfd4ea-e9e2-45b5-befc-3383cae87fdf,2021-06-14,1,2e-4,87.737,87.715,2.653,11.8,0,18.03,8,9
TeamB-48bfd4ea-e9e2-45b5-befc-3383cae87fdf,2021-06-15,1,2e-4,125.873,125.852,3.013,0.9,0,15.84,8,9
TeamB-48bfd4ea-e9e2-45b5-befc-3383cae87fdf,2021-06-17,1,-0,112.907,112.908,3.597,28.5,9,21.9,8,27
TeamB-48bfd4ea-e9e2-45b5-befc-3383cae87fdf,2021-06-18,1,2e-4,67.952,67.935,1.794,32.3,5.4,22.92,4,2
TeamB-48bfd4ea-e9e2-45b5-befc-3383cae87fdf,2021-06-20,1,2e-4,122.638,122.618,4.328,11.9,0,17.87,6,15
TeamB-48bfd4ea-e9e2-45b5-befc-3383cae87fdf,2021-06-21,1,2e-4,97.123,97.105,2.566,2.3,0,15.95,6,8
TeamB-48bfd4ea-e9e2-45b5-befc-3383cae87fdf,2021-06-22,1,-0,118.557,118.558,6.198,122.7,22.9,24.23,5,16
TeamB-48bfd4ea-e9e2-45b5-befc-3383cae87fdf,2021-06-23,1,2e-4,101.317,101.3,2.405,6.9,0.6,18.72,6,17
TeamB-48bfd4ea-e9e2-45b5-befc-3383cae87fdf,2021-06-25,1,2e-4,87.722,87.702,2.421,6.5,0,16.57,6,10
TeamB-48bfd4ea-e9e2-45b5-befc-3383cae87fdf,2021-06-26,1,-0,123.405,123.407,6.252,83.6,9,20.36,2,4
TeamB-48bfd4ea-e9e2-45b5-befc-3383cae87fdf,2021-06-27,1,-0,96.47,96.472,2.819,75,21.5,21.38,7,8
TeamB-48bfd4ea-e9e2-45b5-befc-3383cae87fdf,2021-06-29,1,-0,101.438,101.44,2.642,8.8,0,16.74,5,11
TeamB-48bfd4ea-e9e2-45b5-befc-3383cae87fdf,2021-06-30,1,2e-4,119.988,119.967,6.184,104.3,39,24.88,4,7
TeamB-48bfd4ea-e9e2-45b5-befc-3383cae87fdf,2021-07-03,1,2e-4,99.238,99.222,2.801,8.9,0,16.65,2,4
TeamB-48bfd4ea-e9e2-45b5-befc-3383cae87fdf,2021-07-04,1,2e-4,121.988,121.967,5.749,97.5,5.7,20.88,4,11
TeamB-48bfd4ea-e9e2-45b5-befc-3383cae87fdf,2021-07-06,1,2e-4,108.607,108.588,2.689,1.4,0,15.17,6,18
TeamB-48bfd4ea-e9e2-45b5-befc-3383cae87fdf,2021-07-07,1,1e-4,117.223,117.207,4.363,78.4,10.4,21.4,10,13
TeamB-48bfd4ea-e9e2-45b5-befc-3383cae87fdf,2021-07-09,1,-0,89.57,89.572,2.902,22.1,0,18.26,2,7
TeamB-48bfd4ea-e9e2-45b5-befc-3383cae87fdf,2021-07-10,1,2e-4,120.558,120.538,6.175,156.1,22.7,21.99,7,7
TeamB-48bfd4ea-e9e2-45b5-befc-3383cae87fdf,2021-07-13,1,-0,83.905,83.907,2.669,17.7,0,18.42,5,2
TeamB-48bfd4ea-e9e2-45b5-befc-3383cae87fdf,2021-07-31,1,-0,122.5,122.502,4.083,11.4,0,16.59,5,7
TeamB-48bfd4ea-e9e2-45b5-befc-3383cae87fdf,2021-08-01,1,2e-4,116.055,116.032,4.493,34,6.3,21.07,6,11
TeamB-48bfd4ea-e9e2-45b5-befc-3383cae87fdf,2021-08-02,1,4e-4,56.988,56.968,3.074,88.1,30.3,28.32,2,11
TeamB-48bfd4ea-e9e2-45b5-befc-3383cae87fdf,2021-08-03,1,3e-4,78.555,78.53,2.278,32.1,0,18.21,8,5
TeamB-48bfd4ea-e9e2-45b5-befc-3383cae87fdf,2021-08-05,1,-0,130.4,130.402,4.387,57.2,11.4,24.04,9,14
TeamB-48bfd4ea-e9e2-45b5-befc-3383cae87fdf,2021-08-06,1,-0,101.472,101.473,2.781,16.9,1.2,19.92,6,8
TeamB-48bfd4ea-e9e2-45b5-befc-3383cae87fdf,2021-08-07,1,-0,119.973,119.975,6.09,150.2,22.8,24.16,2,8
TeamB-48bfd4ea-e9e2-45b5-befc-3383cae87fdf,2021-08-08,1,2e-4,96.038,96.018,3.012,28.9,2.4,21.22,4,5
TeamB-48bfd4ea-e9e2-45b5-befc-3383cae87fdf,2021-08-10,1,2e-4,115.353,115.332,3.777,23.4,0,17.79,7,23
TeamB-48bfd4ea-e9e2-45b5-befc-3383cae87fdf,2021-08-13,1,-0,93.307,93.308,3.099,11.2,0,17.44,2,7
TeamB-48bfd4ea-e9e2-45b5-befc-3383cae87fdf,2021-08-14,1,2e-4,126.057,126.033,6.226,202.7,38.8,25.05,2,11
TeamB-48bfd4ea-e9e2-45b5-befc-3383cae87fdf,2021-08-17,1,4e-4,61.703,61.682,2.602,5.5,0,16.63,1,4
TeamB-48bfd4ea-e9e2-45b5-befc-3383cae87fdf,2021-08-18,1,1e-4,154.1,154.083,5.831,244.3,78.7,26.11,7,6
TeamB-48bfd4ea-e9e2-45b5-befc-3383cae87fdf,2021-08-19,1,2e-4,83.06,83.043,3.202,4.8,0,17.21,3,11
TeamB-48bfd4ea-e9e2-45b5-befc-3383cae87fdf,2021-08-20,1,-0,74.023,74.025,2.711,5.6,0,17.06,7,11
TeamB-48bfd4ea-e9e2-45b5-befc-3383cae87fdf,2021-08-21,1,1e-4,173.317,173.298,6.679,145.5,65.7,26,2,9
TeamB-48bfd4ea-e9e2-45b5-befc-3383cae87fdf,2021-08-23,1,3e-4,86.253,86.232,2.698,3.6,0,16.02,4,9
TeamB-48bfd4ea-e9e2-45b5-befc-3383cae87fdf,2021-08-24,1,1e-4,131.473,131.455,9.543,589.2,161.2,26.74,6,14
TeamB-48bfd4ea-e9e2-45b5-befc-3383cae87fdf,2021-08-26,1,-0,108.847,108.848,3.177,14.6,1.7,19.88,9,6
TeamB-48bfd4ea-e9e2-45b5-befc-3383cae87fdf,2021-08-27,1,-0,97.37,97.372,3.073,2.2,0,15.94,12,11
TeamB-48bfd4ea-e9e2-45b5-befc-3383cae87fdf,2021-08-28,1,2e-4,117.19,117.168,5.407,97.8,5.7,20.82,1,5
TeamB-48bfd4ea-e9e2-45b5-befc-3383cae87fdf,2021-08-30,1,-0,96.907,96.908,4.052,131.1,14.5,21.52,3,2
TeamB-48bfd4ea-e9e2-45b5-befc-3383cae87fdf,2021-08-31,1,-0,91.67,91.672,2.173,0.5,0,14.95,6,11
TeamB-48bfd4ea-e9e2-45b5-befc-3383cae87fdf,2021-09-03,1,2e-4,85.355,85.337,2.739,9.6,0,16.08,1,5
TeamB-48bfd4ea-e9e2-45b5-befc-3383cae87fdf,2021-09-07,1,3e-4,68.682,68.66,2.338,0.4,0,14.63,5,11
TeamB-48bfd4ea-e9e2-45b5-befc-3383cae87fdf,2021-09-10,1,3e-4,72.037,72.013,2.371,2.3,0,16.54,1,4
TeamB-48bfd4ea-e9e2-45b5-befc-3383cae87fdf,2021-09-11,1,2e-4,124.73,124.708,6.299,50.2,1.7,20.16,2,5
TeamB-48bfd4ea-e9e2-45b5-befc-3383cae87fdf,2021-09-17,1,3e-4,82.723,82.698,3.127,127.7,16.6,21.1,3,8
TeamB-48bfd4ea-e9e2-45b5-befc-3383cae87fdf,2021-09-21,1,2e-4,126.203,126.182,4.457,68.7,3.4,20.09,5,20
TeamB-48bfd4ea-e9e2-45b5-befc-3383cae87fdf,2021-09-22,1,2e-4,128.707,128.682,2.651,13.5,0,18.5,8,8
TeamB-48bfd4ea-e9e2-45b5-befc-3383cae87fdf,2021-09-24,1,2e-4,108.922,108.903,4.406,72.5,3.4,20.29,6,2
TeamB-48bfd4ea-e9e2-45b5-befc-3383cae87fdf,2021-09-25,1,2e-4,96.92,96.898,2.462,2,0,17.59,6,12
TeamB-48bfd4ea-e9e2-45b5-befc-3383cae87fdf,2021-09-26,1,2e-4,124.372,124.35,5.579,46.4,14.1,24.04,7,10
TeamB-48bfd4ea-e9e2-45b5-befc-3383cae87fdf,2021-09-28,1,-0,117.255,117.257,3.056,2.4,0,16.2,5,10
TeamB-48bfd4ea-e9e2-45b5-befc-3383cae87fdf,2021-09-29,1,-0,137.005,137.007,3.362,7.4,0,17.16,6,7
TeamB-4b1e23d2-4204-4e16-9991-e0490649079b,2021-02-01,1,-0,99.173,99.175,5.603,317,34.8,23.87,12,11
TeamB-4b1e23d2-4204-4e16-9991-e0490649079b,2021-02-03,1,-0,59.988,59.99,2.372,56.4,1.1,18.86,2,2
TeamB-4b1e23d2-4204-4e16-9991-e0490649079b,2021-02-04,1,-0,105.067,105.068,3.383,274.5,18.9,20.94,6,4
TeamB-4b1e23d2-4204-4e16-9991-e0490649079b,2021-02-05,1,-0,93.472,93.473,5.544,925.1,136,22.13,8,12
TeamB-4b1e23d2-4204-4e16-9991-e0490649079b,2021-02-07,1,-0,107.887,107.888,7.418,789.9,188.3,23.85,11,18
TeamB-4b1e23d2-4204-4e16-9991-e0490649079b,2021-02-08,1,-0,96.695,96.697,5.31,206.9,4.6,20.76,9,10
TeamB-4b1e23d2-4204-4e16-9991-e0490649079b,2021-02-12,1,-0,99.772,99.773,5.949,935.5,42.9,20.82,6,5
TeamB-4b1e23d2-4204-4e16-9991-e0490649079b,2021-02-14,1,-0,100.543,100.545,4.362,112.3,38.9,23.65,6,7
TeamB-4b1e23d2-4204-4e16-9991-e0490649079b,2021-02-15,1,-0,89.855,89.857,6.164,1766.3,366.1,24.19,6,9
TeamB-4b1e23d2-4204-4e16-9991-e0490649079b,2021-02-17,1,2e-4,103.323,103.307,5.47,149.4,1.2,19.95,2,4
TeamB-4b1e23d2-4204-4e16-9991-e0490649079b,2021-02-18,1,-0,104.575,104.577,5.377,975.1,251.1,23.76,13,17
TeamB-4b1e23d2-4204-4e16-9991-e0490649079b,2021-02-20,1,-0,92.04,92.042,5.655,104.5,1.7,19.77,8,10
TeamB-4b1e23d2-4204-4e16-9991-e0490649079b,2021-02-21,1,-0,101.757,101.758,6.275,153.3,9.3,21.73,9,12
TeamB-4b1e23d2-4204-4e16-9991-e0490649079b,2021-02-24,1,2e-4,95.677,95.66,5.566,876.7,400.9,24.32,8,14
TeamB-4b1e23d2-4204-4e16-9991-e0490649079b,2021-02-25,1,-0,124.222,124.223,6.413,213.4,28.8,21.52,2,6
TeamB-4b1e23d2-4204-4e16-9991-e0490649079b,2021-02-26,1,-0,106.4,106.402,5.566,394.5,203.2,25.7,5,11
TeamB-4b1e23d2-4204-4e16-9991-e0490649079b,2021-03-01,1,-0,123.042,123.043,7.384,460.2,53.4,23.12,6,17
TeamB-4b1e23d2-4204-4e16-9991-e0490649079b,2021-03-02,1,-0,128.437,128.438,7.187,896.8,171.2,24.13,14,17
TeamB-4b1e23d2-4204-4e16-9991-e0490649079b,2021-03-04,1,-0,101.107,101.108,6.45,377.6,120.6,25.62,5,16
TeamB-4b1e23d2-4204-4e16-9991-e0490649079b,2021-03-05,1,-0,116.473,116.475,5.828,195.3,17,22.16,3,6
TeamB-4b1e23d2-4204-4e16-9991-e0490649079b,2021-03-06,1,-0,100.223,100.225,5.901,267.1,25.6,22.17,10,13
TeamB-4b1e23d2-4204-4e16-9991-e0490649079b,2021-03-08,1,-0,115.872,115.873,5.783,253,11.4,20.65,3,11
TeamB-4b1e23d2-4204-4e16-9991-e0490649079b,2021-03-09,1,-0,119.922,119.923,6.68,1105,373.9,26.02,7,14
TeamB-4b1e23d2-4204-4e16-9991-e0490649079b,2021-03-12,1,2e-4,99.865,99.842,6.334,401.1,95.5,24.21,5,10
TeamB-4b1e23d2-4204-4e16-9991-e0490649079b,2021-03-15,1,1e-4,114.422,114.405,6.951,773.1,222.6,23.48,6,18
TeamB-4b1e23d2-4204-4e16-9991-e0490649079b,2021-03-16,1,-0,102.72,102.722,5.512,131.4,6.3,20.89,4,13
TeamB-4b1e23d2-4204-4e16-9991-e0490649079b,2021-03-18,1,-0,122.97,122.972,7.322,368.5,98.2,23.49,9,24
TeamB-4b1e23d2-4204-4e16-9991-e0490649079b,2021-03-19,1,-0,107.457,107.458,5.469,305,43.6,22.65,7,7
TeamB-4b1e23d2-4204-4e16-9991-e0490649079b,2021-03-22,1,-0,133.557,133.558,6.467,381.5,127.6,23.74,19,19
TeamB-4b1e23d2-4204-4e16-9991-e0490649079b,2021-03-23,1,-0,150.098,150.1,6.659,385.1,26.7,22.34,8,19
TeamB-4b1e23d2-4204-4e16-9991-e0490649079b,2021-03-25,1,-0,141.688,141.69,6.448,828,202.7,24.2,10,15
TeamB-4b1e23d2-4204-4e16-9991-e0490649079b,2021-03-26,1,-0,84.115,84.117,4.367,39,0,18.58,5,3
TeamB-4b1e23d2-4204-4e16-9991-e0490649079b,2021-03-29,1,-0,137.023,137.025,6.635,333.1,75.1,23.22,4,9
TeamB-4b1e23d2-4204-4e16-9991-e0490649079b,2021-03-30,1,2e-4,121.85,121.832,6.511,470.2,117.7,24.49,8,13
TeamB-4b1e23d2-4204-4e16-9991-e0490649079b,2021-03-31,1,-0,97.957,97.958,6.038,788.6,152,24.44,5,12
TeamB-4b1e23d2-4204-4e16-9991-e0490649079b,2021-04-06,1,-0,48.472,48.473,0.754,37.7,0,18.85,1,1
TeamB-4b1e23d2-4204-4e16-9991-e0490649079b,2021-04-09,1,2e-4,88.72,88.703,3.2,46.8,5.2,20.74,3,1
TeamB-4b1e23d2-4204-4e16-9991-e0490649079b,2021-04-12,1,-0,114.14,114.142,7.464,583.1,68.1,22.53,5,7
TeamB-4b1e23d2-4204-4e16-9991-e0490649079b,2021-04-13,1,-0,147.557,147.558,7.496,573,127.4,23,9,13
TeamB-4b1e23d2-4204-4e16-9991-e0490649079b,2021-04-15,1,-0,115.917,115.918,6.089,341,59,23.72,9,10
TeamB-4b1e23d2-4204-4e16-9991-e0490649079b,2021-04-16,1,-0,117.54,117.542,5.561,145.1,8.5,20.44,3,7
TeamB-4b1e23d2-4204-4e16-9991-e0490649079b,2021-04-19,1,2e-4,117.905,117.887,3.724,190,22.4,21.68,3,3
TeamB-4b1e23d2-4204-4e16-9991-e0490649079b,2021-04-20,1,-0,40.055,40.057,2.983,276.8,17.9,21.79,2,3
TeamB-4b1e23d2-4204-4e16-9991-e0490649079b,2021-04-21,1,-0,104.023,104.025,5.52,544,80.3,21.96,8,13
TeamB-4b1e23d2-4204-4e16-9991-e0490649079b,2021-04-26,1,-0,107.377,107.378,5.728,103.6,5.8,20.99,4,8
TeamB-4b1e23d2-4204-4e16-9991-e0490649079b,2021-04-27,1,-0,132.422,132.423,8.298,1238.2,224.4,25.92,9,7
TeamB-4b1e23d2-4204-4e16-9991-e0490649079b,2021-04-29,1,-0,99.388,99.39,5.197,211.6,38.6,23.36,4,5
TeamB-4b1e23d2-4204-4e16-9991-e0490649079b,2021-04-30,1,2e-4,104.39,104.373,4.503,101.1,9.1,21.01,2,6
TeamB-4b1e23d2-4204-4e16-9991-e0490649079b,2021-05-01,1,-0,161.49,161.492,12.639,724.2,67.5,23.57,11,13
TeamB-4b1e23d2-4204-4e16-9991-e0490649079b,2021-05-03,1,-0,89.067,89.068,3.559,91.5,5.1,20.43,4,4
TeamB-4b1e23d2-4204-4e16-9991-e0490649079b,2021-05-04,1,-0,140.922,140.923,7.81,614.1,78.3,21.84,9,14
TeamB-4b1e23d2-4204-4e16-9991-e0490649079b,2021-05-05,1,-0,130.057,130.058,7.999,922.2,107.7,24.42,12,10
TeamB-4b1e23d2-4204-4e16-9991-e0490649079b,2021-05-06,1,-0,76.507,76.508,1.98,138.3,28.4,24.11,0,3
TeamB-4b1e23d2-4204-4e16-9991-e0490649079b,2021-05-07,1,-0,114.82,114.822,4.36,41.4,0.6,18.62,3,5
TeamB-4b1e23d2-4204-4e16-9991-e0490649079b,2021-05-08,1,4e-4,49.837,49.818,3.817,978.3,236.4,23.33,3,11
TeamB-4b1e23d2-4204-4e16-9991-e0490649079b,2021-05-10,1,-0,85.49,85.492,3.827,51.4,1.1,19.4,5,7
TeamB-4b1e23d2-4204-4e16-9991-e0490649079b,2021-05-11,1,-0,114.538,114.54,8.57,591.9,145.3,24.94,6,19
TeamB-4b1e23d2-4204-4e16-9991-e0490649079b,2021-05-12,1,-0,65.555,65.557,3.241,7.9,0,17.07,1,1
TeamB-4b1e23d2-4204-4e16-9991-e0490649079b,2021-05-14,1,-0,106.35,106.352,3.751,75.7,0.6,19.64,4,4
TeamB-4b1e23d2-4204-4e16-9991-e0490649079b,2021-05-15,1,3e-4,63.588,63.572,5.333,1173.6,105.3,21.29,3,15
TeamB-4b1e23d2-4204-4e16-9991-e0490649079b,2021-05-18,1,-0,146.555,146.557,7.521,941.7,337.1,25.03,5,11
TeamB-4b1e23d2-4204-4e16-9991-e0490649079b,2021-05-19,1,-0,134.857,134.858,6.355,487.8,76.1,24.22,9,10
TeamB-4b1e23d2-4204-4e16-9991-e0490649079b,2021-05-21,1,-0,107.44,107.442,4.567,117.2,3.4,19.97,2,5
TeamB-4b1e23d2-4204-4e16-9991-e0490649079b,2021-05-22,1,-0,105.355,105.357,7.541,607.3,70.4,24.17,3,6
TeamB-4b1e23d2-4204-4e16-9991-e0490649079b,2021-05-24,1,-0,130.753,130.755,5.314,107.9,1.1,19.67,7,9
TeamB-4b1e23d2-4204-4e16-9991-e0490649079b,2021-05-25,1,-0,101.507,101.508,6.099,438.1,87.5,23.36,6,6
TeamB-4b1e23d2-4204-4e16-9991-e0490649079b,2021-05-26,1,2e-4,112.373,112.355,7.239,900.2,323.8,29.06,9,17
TeamB-4b1e23d2-4204-4e16-9991-e0490649079b,2021-05-28,1,-0,107.657,107.658,3.955,79.1,0.6,19.51,7,4
TeamB-4b1e23d2-4204-4e16-9991-e0490649079b,2021-05-29,1,-0,120.905,120.907,7.413,326.7,39,23.52,9,11
TeamB-4b1e23d2-4204-4e16-9991-e0490649079b,2021-05-31,1,-0,79.83,79.832,4.035,117.3,16,22.93,10,6
TeamB-4b1e23d2-4204-4e16-9991-e0490649079b,2021-06-01,1,2e-4,107.072,107.052,5.493,533.5,184.4,23.1,5,12
TeamB-4b1e23d2-4204-4e16-9991-e0490649079b,2021-06-02,1,4e-4,42.332,42.313,1.163,124.5,13.7,23.05,3,2
TeamB-4b1e23d2-4204-4e16-9991-e0490649079b,2021-06-04,1,-0,109.633,109.635,4.189,104.5,15.1,21.8,1,6
TeamB-4b1e23d2-4204-4e16-9991-e0490649079b,2021-06-05,1,2e-4,74.537,74.52,3.436,1061.1,235.5,22.74,2,5
TeamB-4b1e23d2-4204-4e16-9991-e0490649079b,2021-06-07,1,2e-4,107.468,107.448,5.304,56.1,2.3,19.92,4,6
TeamB-4b1e23d2-4204-4e16-9991-e0490649079b,2021-06-08,1,2e-4,84.007,83.988,2.913,81.5,40.9,23.16,4,1
TeamB-4b1e23d2-4204-4e16-9991-e0490649079b,2021-06-09,1,1e-4,123.507,123.488,5.762,303.9,77.8,23.04,7,14
TeamB-4b1e23d2-4204-4e16-9991-e0490649079b,2021-06-10,1,1e-4,138.688,138.668,11.182,911.6,210.9,25.27,4,6
TeamB-4b1e23d2-4204-4e16-9991-e0490649079b,2021-06-12,1,2e-4,101.337,101.317,4.279,150.8,24.7,21.27,3,5
TeamB-4b1e23d2-4204-4e16-9991-e0490649079b,2021-06-14,1,2e-4,103.355,103.337,10.389,959.4,274,24.91,1,11
TeamB-4b1e23d2-4204-4e16-9991-e0490649079b,2021-06-18,1,5e-4,42.507,42.487,1.149,66.4,7.9,20.05,3,1
TeamB-4b1e23d2-4204-4e16-9991-e0490649079b,2021-06-20,1,-0,130.07,130.072,7.098,295.8,56.6,23.49,3,9
TeamB-4b1e23d2-4204-4e16-9991-e0490649079b,2021-06-21,1,-0,117.47,117.472,5.605,175.3,27.2,21.37,6,5
TeamB-4b1e23d2-4204-4e16-9991-e0490649079b,2021-06-22,1,-0,70.863,70.865,5.475,904,123.4,24.53,2,10
TeamB-4b1e23d2-4204-4e16-9991-e0490649079b,2021-06-23,1,2e-4,99.505,99.483,4.521,42.1,0,19.25,2,0
TeamB-4b1e23d2-4204-4e16-9991-e0490649079b,2021-06-25,1,2e-4,97.005,96.987,4.106,162.3,21.5,22.12,8,7
TeamB-4b1e23d2-4204-4e16-9991-e0490649079b,2021-06-26,1,-0,114.005,114.007,7.927,431.2,70,25.1,5,9
TeamB-4b1e23d2-4204-4e16-9991-e0490649079b,2021-07-01,1,2e-4,76.522,76.505,3.245,94.2,16.1,24.4,7,2
TeamB-4b1e23d2-4204-4e16-9991-e0490649079b,2021-07-03,1,-0,112.903,112.905,3.55,37.8,0,18.63,6,11
TeamB-4b1e23d2-4204-4e16-9991-e0490649079b,2021-07-06,1,1e-4,126.42,126.402,5.487,53.3,2.3,20.14,4,8
TeamB-4b1e23d2-4204-4e16-9991-e0490649079b,2021-07-07,1,2e-4,125.923,125.902,7.388,1034.3,454.9,25.2,9,10
TeamB-4b1e23d2-4204-4e16-9991-e0490649079b,2021-07-09,1,-0,91.538,91.54,3.897,51.2,3.4,20.16,5,1
TeamB-4b1e23d2-4204-4e16-9991-e0490649079b,2021-07-10,1,3e-4,63.452,63.432,3.889,195.9,2.3,19.99,10,0
TeamB-4b1e23d2-4204-4e16-9991-e0490649079b,2021-07-11,1,-0,92.872,92.873,4.365,674.9,148.8,22.91,4,6
TeamB-4b1e23d2-4204-4e16-9991-e0490649079b,2021-07-13,1,2e-4,94.638,94.617,3.661,41.9,5.2,20.04,2,8
TeamB-4b1e23d2-4204-4e16-9991-e0490649079b,2021-07-31,1,1e-4,122.837,122.82,6.057,414.2,79.9,23.18,4,10
TeamB-4b1e23d2-4204-4e16-9991-e0490649079b,2021-08-01,1,2e-4,114.057,114.038,5.77,166.7,19.6,21.32,2,7
TeamB-4b1e23d2-4204-4e16-9991-e0490649079b,2021-08-02,1,2e-4,103.355,103.337,6.841,396.2,51.6,23.32,2,4
TeamB-4b1e23d2-4204-4e16-9991-e0490649079b,2021-08-03,1,2e-4,94.872,94.853,4.297,892,310.4,24.16,3,5
TeamB-4b1e23d2-4204-4e16-9991-e0490649079b,2021-08-05,1,-0,160.305,160.307,7.459,325.5,33.8,22.53,6,10
TeamB-4b1e23d2-4204-4e16-9991-e0490649079b,2021-08-06,1,1e-4,119.515,119.498,5.413,125.1,35.9,22.3,6,2
TeamB-4b1e23d2-4204-4e16-9991-e0490649079b,2021-08-08,1,2e-4,103.072,103.055,4.497,114.7,23.9,22.33,12,6
TeamB-4b1e23d2-4204-4e16-9991-e0490649079b,2021-08-10,1,1e-4,145.855,145.838,5.875,145.5,49.7,22.51,9,8
TeamB-4b1e23d2-4204-4e16-9991-e0490649079b,2021-08-11,1,-0,159.588,159.59,13.205,797.9,104.9,23.01,4,15
TeamB-4b1e23d2-4204-4e16-9991-e0490649079b,2021-08-13,1,-0,75.607,75.608,2.74,8.4,0,16.88,3,2
TeamB-4b1e23d2-4204-4e16-9991-e0490649079b,2021-08-14,1,4e-4,53.023,53.002,4.729,515.1,54.8,21.45,2,9
TeamB-4b1e23d2-4204-4e16-9991-e0490649079b,2021-08-17,1,-0,76.555,76.557,3.961,289.3,38.5,22.02,3,2
TeamB-4b1e23d2-4204-4e16-9991-e0490649079b,2021-08-18,1,-0,58.853,58.855,4.86,904.7,62.1,21.76,2,6
TeamB-4b1e23d2-4204-4e16-9991-e0490649079b,2021-08-19,1,0.0064,77.798,77.297,4.367,95.6,7.9,20.15,6,6
TeamB-4b1e23d2-4204-4e16-9991-e0490649079b,2021-08-20,1,-0,75.123,75.125,3.064,119.8,6.9,20.11,4,6
TeamB-4b1e23d2-4204-4e16-9991-e0490649079b,2021-08-23,1,1e-4,150.403,150.382,10.12,529.5,104.3,22.09,2,7
TeamB-4b1e23d2-4204-4e16-9991-e0490649079b,2021-08-24,1,5e-4,51.473,51.448,0.636,0,0,8.72,0,0
TeamB-4b1e23d2-4204-4e16-9991-e0490649079b,2021-08-27,1,2e-4,119.557,119.538,4.894,98.2,9.1,20.93,8,11
TeamB-4b1e23d2-4204-4e16-9991-e0490649079b,2021-08-28,1,4e-4,49.033,49.012,2.967,629,52.1,21.19,1,2
TeamB-4b1e23d2-4204-4e16-9991-e0490649079b,2021-08-30,1,1e-4,123.37,123.353,4.686,126,1.7,19.29,4,3
TeamB-4b1e23d2-4204-4e16-9991-e0490649079b,2021-08-31,1,1e-4,137.405,137.388,6.194,39.2,0,17.89,7,1
TeamB-4b1e23d2-4204-4e16-9991-e0490649079b,2021-09-01,1,5e-4,47.838,47.815,4.343,1046.7,173.7,25.33,8,6
TeamB-4b1e23d2-4204-4e16-9991-e0490649079b,2021-09-03,1,2e-4,72.773,72.757,3.017,145.3,27.2,21.94,5,6
TeamB-4b1e23d2-4204-4e16-9991-e0490649079b,2021-09-04,1,2e-4,133.25,133.228,10.756,910.6,137,22.75,6,12
TeamB-4b1e23d2-4204-4e16-9991-e0490649079b,2021-09-07,1,3e-4,58.623,58.605,2.934,116.4,5.7,21.16,10,5
TeamB-4b1e23d2-4204-4e16-9991-e0490649079b,2021-09-08,1,4e-4,56.757,56.735,5.519,434.1,72.8,23.91,3,10
TeamB-4b1e23d2-4204-4e16-9991-e0490649079b,2021-09-24,1,-0,126.337,126.338,6.278,240.8,20.4,22.11,4,16
TeamB-4b1e23d2-4204-4e16-9991-e0490649079b,2021-09-25,1,-0,108.272,108.273,4.208,119.4,9.2,20.99,5,2
TeamB-4b1e23d2-4204-4e16-9991-e0490649079b,2021-09-26,1,0.0045,129.372,128.793,4.595,830.8,34.4,22.8,5,3
TeamB-4b1e23d2-4204-4e16-9991-e0490649079b,2021-09-27,1,3e-4,65.788,65.767,2.957,353.6,177.3,25.82,4,0
TeamB-4b1e23d2-4204-4e16-9991-e0490649079b,2021-09-28,1,2e-4,134.023,134.002,5.629,103.1,3.4,20.23,1,9
TeamB-4b1e23d2-4204-4e16-9991-e0490649079b,2021-09-29,1,-0,131.405,131.407,7.405,506,88.9,24.56,11,11
TeamB-4b1e23d2-4204-4e16-9991-e0490649079b,2021-10-01,1,-0,100.807,100.808,5.072,137.8,15.6,21.32,4,5
TeamB-4b1e23d2-4204-4e16-9991-e0490649079b,2021-10-05,1,2e-4,126.505,126.485,7.159,407.8,131.5,25.62,5,7
TeamB-4b1e23d2-4204-4e16-9991-e0490649079b,2021-10-06,1,-0,135.707,135.708,6.548,292.8,61.5,23.02,7,11
TeamB-4b1e23d2-4204-4e16-9991-e0490649079b,2021-10-08,1,-0,115.838,115.84,4.758,104.5,13.9,21.58,4,4
TeamB-4b1e23d2-4204-4e16-9991-e0490649079b,2021-10-12,1,-0,134.053,134.055,6.745,503,187.9,24.69,1,10
TeamB-4b1e23d2-4204-4e16-9991-e0490649079b,2021-10-15,1,-0,131.515,131.517,5.729,270.3,64.1,23.77,3,7
TeamB-4b1e23d2-4204-4e16-9991-e0490649079b,2021-10-16,1,3e-4,62.89,62.868,3.327,70.7,0,18.88,4,7
TeamB-4b1e23d2-4204-4e16-9991-e0490649079b,2021-10-17,1,9e-4,23.69,23.668,2.678,381.3,68.5,22.87,2,5
TeamB-4b1e23d2-4204-4e16-9991-e0490649079b,2021-10-30,1,3e-4,106.19,106.155,4.206,103.7,10.4,20.81,5,2
TeamB-4b1e23d2-4204-4e16-9991-e0490649079b,2021-11-02,1,-0,60.037,60.038,2.09,458,271.6,26.37,7,0
TeamB-4b1e23d2-4204-4e16-9991-e0490649079b,2021-11-03,1,1e-4,134.623,134.607,5.459,153.1,5.7,20.72,6,13
TeamB-4b1e23d2-4204-4e16-9991-e0490649079b,2021-11-04,1,2e-4,105.657,105.635,6.039,764.5,231.4,25.23,4,15
TeamB-4b1e23d2-4204-4e16-9991-e0490649079b,2021-11-06,1,2e-4,103.373,103.355,4.522,91.1,17.9,21.26,3,2
TeamB-4b1e23d2-4204-4e16-9991-e0490649079b,2021-11-07,1,2e-4,79.11,79.093,5.253,440.6,136.3,24.28,4,8
TeamB-4b1e23d2-4204-4e16-9991-e0490649079b,2021-11-09,1,-0,115.738,115.74,4.764,70.4,6.9,20.99,9,8
TeamB-4b1e23d2-4204-4e16-9991-e0490649079b,2021-11-10,1,2e-4,121.522,121.5,7.241,126.4,13.9,21.22,8,7
TeamB-4b1e23d2-4204-4e16-9991-e0490649079b,2021-11-15,1,-0,121.655,121.657,6.415,74.5,0.6,19.54,10,10
TeamB-4d54416a-8e5f-42c0-8dd0-12700569908f,2021-07-03,1,-0,96.687,96.688,2.782,3.2,0,16.41,8,8
TeamB-4d54416a-8e5f-42c0-8dd0-12700569908f,2021-07-07,1,-0,118.23,118.232,4.922,406.6,117.7,22.71,12,13
TeamB-4d54416a-8e5f-42c0-8dd0-12700569908f,2021-07-11,1,-0,61.087,61.088,3.962,437.4,82.3,21.02,12,8
TeamB-4d54416a-8e5f-42c0-8dd0-12700569908f,2021-07-13,1,-0,73.873,73.875,2.964,39.5,0,19.35,5,4
TeamB-4d54416a-8e5f-42c0-8dd0-12700569908f,2021-07-31,1,-0,126.917,126.918,6.371,356.9,74.5,24.3,5,10
TeamB-4d54416a-8e5f-42c0-8dd0-12700569908f,2021-08-01,1,-0,107.222,107.223,4.448,185.4,12.7,20.8,7,13
TeamB-4d54416a-8e5f-42c0-8dd0-12700569908f,2021-08-02,1,-0,130.853,130.855,1.587,56.9,6.2,20.4,4,0
TeamB-4d54416a-8e5f-42c0-8dd0-12700569908f,2021-08-06,1,-0,92.34,92.342,4.075,187.6,110.5,25.45,9,10
TeamB-4d54416a-8e5f-42c0-8dd0-12700569908f,2021-08-11,1,-0,123.99,123.992,11.688,886.1,171.4,25.32,8,16
TeamB-4d54416a-8e5f-42c0-8dd0-12700569908f,2021-08-13,1,-0,361.49,361.492,7.631,2631.1,2201.7,35.94,12,15
TeamB-4d54416a-8e5f-42c0-8dd0-12700569908f,2021-08-19,1,-0,144.285,144.287,6.087,983.5,797.8,35.79,11,9
TeamB-4d54416a-8e5f-42c0-8dd0-12700569908f,2021-08-20,1,-0,73.965,73.967,3.224,19.9,0,18.96,4,3
TeamB-4d54416a-8e5f-42c0-8dd0-12700569908f,2021-08-23,1,-0,66.31,66.312,4.997,487,134.1,25.42,8,9
TeamB-4d54416a-8e5f-42c0-8dd0-12700569908f,2021-08-26,1,-0,103.073,103.075,4.726,303.9,93.3,24.01,14,8
TeamB-4d54416a-8e5f-42c0-8dd0-12700569908f,2021-08-31,1,-0,117.375,117.377,5.626,232.2,40.7,22.09,10,7
TeamB-4d54416a-8e5f-42c0-8dd0-12700569908f,2021-09-03,1,-0,93.79,93.792,3.322,95.7,9.4,22.08,11,9
TeamB-4d54416a-8e5f-42c0-8dd0-12700569908f,2021-09-07,1,-0,103.655,103.657,6.005,2300.2,1899.5,35.94,4,5
TeamB-4d54416a-8e5f-42c0-8dd0-12700569908f,2021-09-10,1,-0,71.837,71.838,2.905,54.9,2.3,19.72,2,3
TeamB-4d54416a-8e5f-42c0-8dd0-12700569908f,2021-09-11,1,-1e-4,23.867,23.868,2.651,1224.2,310.5,25.03,3,6
TeamB-4d54416a-8e5f-42c0-8dd0-12700569908f,2021-09-16,1,-0,98.037,98.038,4.411,99,6.9,20.71,6,20
TeamB-4d54416a-8e5f-42c0-8dd0-12700569908f,2021-09-17,1,-0,80.803,80.805,4.095,708.9,214.5,24.32,18,7
TeamB-4d54416a-8e5f-42c0-8dd0-12700569908f,2021-09-21,1,-0,122.538,122.54,6.162,334.9,29.8,21.74,8,15
TeamB-4d54416a-8e5f-42c0-8dd0-12700569908f,2021-09-22,1,-0,125.138,125.14,5.408,512.3,179.4,26.15,6,10
TeamB-4d54416a-8e5f-42c0-8dd0-12700569908f,2021-09-24,1,-0,103.1,103.102,6.619,644,280.6,25.97,7,18
TeamB-4d54416a-8e5f-42c0-8dd0-12700569908f,2021-09-25,1,-0,102.805,102.807,2.837,35,13.9,22.68,4,3
TeamB-4d54416a-8e5f-42c0-8dd0-12700569908f,2021-09-27,1,-0,165.323,165.325,12.591,864.7,113.8,22.68,15,13
TeamB-4d54416a-8e5f-42c0-8dd0-12700569908f,2021-09-29,1,-0,125.657,125.658,7.696,692.1,124.2,25.66,7,20
TeamB-4d54416a-8e5f-42c0-8dd0-12700569908f,2021-10-01,1,-0,93.19,93.192,4.086,141.4,38.6,24.21,7,8
TeamB-4d54416a-8e5f-42c0-8dd0-12700569908f,2021-10-05,1,-0,114.27,114.272,7.334,658.5,204.8,27.24,8,10
TeamB-4d54416a-8e5f-42c0-8dd0-12700569908f,2021-10-06,1,-0,73.057,73.058,4.545,246.7,35.3,22.36,3,8
TeamB-4d54416a-8e5f-42c0-8dd0-12700569908f,2021-10-08,1,-0,102.833,102.835,4.653,205.2,43,25.06,6,11
TeamB-4d54416a-8e5f-42c0-8dd0-12700569908f,2021-10-09,1,-1e-4,13.888,13.89,1.753,766.2,183.7,22.87,2,9
TeamB-4d54416a-8e5f-42c0-8dd0-12700569908f,2021-10-13,1,-0,126.973,126.975,7.342,460.1,84.3,24.52,9,27
TeamB-4d54416a-8e5f-42c0-8dd0-12700569908f,2021-10-15,1,-0,99.495,99.497,5.5,428.2,86.4,23.89,8,11
TeamB-4d54416a-8e5f-42c0-8dd0-12700569908f,2021-10-17,1,-0,150.705,150.707,12.724,1307.3,294.6,23.81,15,12
TeamB-4d54416a-8e5f-42c0-8dd0-12700569908f,2021-10-21,1,-0,103.072,103.073,5.262,770.2,173.9,22.84,11,16
TeamB-4d54416a-8e5f-42c0-8dd0-12700569908f,2021-10-26,1,-0,81.92,81.922,4.981,137.4,3.4,20.58,5,17
TeamB-4d54416a-8e5f-42c0-8dd0-12700569908f,2021-10-27,1,-0,100.573,100.575,6.105,881.7,377.7,24.64,16,17
TeamB-4d54416a-8e5f-42c0-8dd0-12700569908f,2021-10-29,1,-0,97.522,97.523,5.457,361.1,146.1,23.71,4,7
TeamB-4d54416a-8e5f-42c0-8dd0-12700569908f,2021-10-30,1,-0,89.128,89.13,3.807,51.9,1.7,19.97,6,4
TeamB-4d54416a-8e5f-42c0-8dd0-12700569908f,2021-11-03,1,-0,87.198,87.2,3.993,145.5,21.4,23,10,5
TeamB-4d54416a-8e5f-42c0-8dd0-12700569908f,2021-11-04,1,-0,93.937,93.938,6.153,772.6,279.7,26.5,8,14
TeamB-4d54416a-8e5f-42c0-8dd0-12700569908f,2021-11-06,1,-0,69.857,69.858,3.458,38.7,0,18.49,8,9
TeamB-552f233a-8c25-166a-1ff3-9849b4e1357d,2021-05-25,1,-0,108.64,108.642,5.917,578.6,110.2,25.43,6,10
TeamB-552f233a-8c25-166a-1ff3-9849b4e1357d,2021-05-26,1,-0,115.107,115.108,6.378,382.9,77.8,23.95,2,9
TeamB-552f233a-8c25-166a-1ff3-9849b4e1357d,2021-05-28,1,-0,94.973,94.975,3.241,209.6,60.3,22.39,4,3
TeamB-552f233a-8c25-166a-1ff3-9849b4e1357d,2021-05-29,1,-0,144.088,144.09,3.338,1122.1,393.8,26.01,2,0
TeamB-552f233a-8c25-166a-1ff3-9849b4e1357d,2021-05-31,1,-0,82.437,82.438,3.693,83,20.7,22.48,11,7
TeamB-552f233a-8c25-166a-1ff3-9849b4e1357d,2021-06-01,1,-0,117.785,117.787,5.136,559.5,208.5,25.58,3,4
TeamB-552f233a-8c25-166a-1ff3-9849b4e1357d,2021-06-02,1,-0,35.727,35.728,0.952,53.5,1.1,19.52,2,2
TeamB-552f233a-8c25-166a-1ff3-9849b4e1357d,2021-06-04,1,-0,112.72,112.722,3.627,122.9,22.7,23.11,6,7
TeamB-552f233a-8c25-166a-1ff3-9849b4e1357d,2021-06-05,1,-0,144.657,144.658,3.782,1132.5,412.7,24.93,2,1
TeamB-552f233a-8c25-166a-1ff3-9849b4e1357d,2021-06-07,1,-0,108.005,108.007,4.471,29,0,19.09,1,5
TeamB-552f233a-8c25-166a-1ff3-9849b4e1357d,2021-06-08,1,-0,94.312,94.313,4.283,892.7,230.5,29.07,8,5
TeamB-552f233a-8c25-166a-1ff3-9849b4e1357d,2021-06-09,1,-0,78.957,78.958,2.629,35.5,12.6,23.37,0,0
TeamB-552f233a-8c25-166a-1ff3-9849b4e1357d,2021-06-14,1,-0,93.037,93.038,3.17,211.3,38.7,23.32,11,7
TeamB-552f233a-8c25-166a-1ff3-9849b4e1357d,2021-06-15,1,-0,121.253,121.255,5.174,1199.9,299.1,27.25,14,9
TeamB-552f233a-8c25-166a-1ff3-9849b4e1357d,2021-06-17,1,-0,106.407,106.408,4.929,281.1,5.6,20.31,4,9
TeamB-552f233a-8c25-166a-1ff3-9849b4e1357d,2021-06-18,1,-0,38.037,38.038,1.005,44.2,5.7,20.21,2,2
TeamB-552f233a-8c25-166a-1ff3-9849b4e1357d,2021-06-20,1,-0,120.602,120.603,6.239,378.2,82,24.19,12,20
TeamB-552f233a-8c25-166a-1ff3-9849b4e1357d,2021-06-21,1,-0,105.743,105.745,4.077,115.2,6,21.75,2,8
TeamB-552f233a-8c25-166a-1ff3-9849b4e1357d,2021-06-22,1,-0,47.67,47.672,1.94,526.8,206,25.86,2,0
TeamB-552f233a-8c25-166a-1ff3-9849b4e1357d,2021-06-23,1,-0,117.957,117.958,5.053,100.1,6.9,21.06,0,6
TeamB-552f233a-8c25-166a-1ff3-9849b4e1357d,2021-06-25,1,-0,112.187,112.188,4.337,85.5,16.5,22.62,3,11
TeamB-5a921187-19c7-8df4-8f4f-f31e78de5857,2021-07-07,1,-0,123.978,123.98,6.479,916.9,383.6,28.54,8,8
TeamB-5a921187-19c7-8df4-8f4f-f31e78de5857,2021-07-09,1,-0,90.888,90.89,3.703,150.9,28.5,21.47,5,8
TeamB-5a921187-19c7-8df4-8f4f-f31e78de5857,2021-07-11,1,2e-4,81.825,81.807,4.289,709,165.6,21.76,9,9
TeamB-5a921187-19c7-8df4-8f4f-f31e78de5857,2021-07-13,1,-0,81.44,81.442,2.972,146.4,68.1,25.4,3,7
TeamB-5a921187-19c7-8df4-8f4f-f31e78de5857,2021-07-31,1,-0,114.472,114.473,5.969,517.2,172.7,25.76,6,13
TeamB-5a921187-19c7-8df4-8f4f-f31e78de5857,2021-08-01,1,2e-4,99.838,99.822,4.724,91.3,14.5,24.04,9,5
TeamB-5a921187-19c7-8df4-8f4f-f31e78de5857,2021-08-02,1,-0,111.905,111.907,6.006,709.4,299.5,28.08,4,18
TeamB-5a921187-19c7-8df4-8f4f-f31e78de5857,2021-08-03,1,-0,76.242,76.243,2.918,570.8,196.6,24.55,3,2
TeamB-5a921187-19c7-8df4-8f4f-f31e78de5857,2021-08-05,1,-0,115.447,115.448,6.077,550,153.9,27,9,8
TeamB-5a921187-19c7-8df4-8f4f-f31e78de5857,2021-08-06,1,-0,101.872,101.873,4.133,159.6,23.5,21.1,8,7
TeamB-5a921187-19c7-8df4-8f4f-f31e78de5857,2021-08-07,1,-0,176.972,176.973,12.344,1353.9,481.8,28.87,3,12
TeamB-5a921187-19c7-8df4-8f4f-f31e78de5857,2021-08-10,1,-0,111.705,111.707,5.229,1078.5,299.2,23.9,10,8
TeamB-5a921187-19c7-8df4-8f4f-f31e78de5857,2021-08-13,1,2e-4,92.157,92.14,3.769,92.9,5.3,21.73,5,5
TeamB-5a921187-19c7-8df4-8f4f-f31e78de5857,2021-08-14,1,2e-4,94.055,94.038,7.664,960.7,391.2,27.53,4,16
TeamB-5a921187-19c7-8df4-8f4f-f31e78de5857,2021-08-17,1,-0,61.14,61.142,3.45,257.8,63.1,25.11,1,6
TeamB-5a921187-19c7-8df4-8f4f-f31e78de5857,2021-08-18,1,-0,111.84,111.842,7.175,805.8,338.6,27.11,7,11
TeamB-5a921187-19c7-8df4-8f4f-f31e78de5857,2021-08-20,1,-0,74.573,74.575,3.261,212.2,71.6,24.99,2,8
TeamB-5a921187-19c7-8df4-8f4f-f31e78de5857,2021-08-21,1,-0,171.598,171.6,10.595,1354.9,582.8,26.82,10,24
TeamB-5a921187-19c7-8df4-8f4f-f31e78de5857,2021-08-23,1,-0,95.325,95.327,3.956,159.8,17.2,21.27,2,3
TeamB-5a921187-19c7-8df4-8f4f-f31e78de5857,2021-08-24,1,-0,53.538,53.54,5.4,597.3,180.2,26.22,6,9
TeamB-5a921187-19c7-8df4-8f4f-f31e78de5857,2021-08-26,1,-0,109.723,109.725,3.317,247.3,98,23.71,5,5
TeamB-5a921187-19c7-8df4-8f4f-f31e78de5857,2021-08-27,1,-0,97.422,97.423,3.468,114.8,13.8,21.17,3,5
TeamB-5a921187-19c7-8df4-8f4f-f31e78de5857,2021-08-28,1,1e-4,174.423,174.405,12.967,1097.3,320,26.26,12,12
TeamB-5a921187-19c7-8df4-8f4f-f31e78de5857,2021-08-30,1,2e-4,85.372,85.355,3.918,177.5,40.2,23.98,1,4
TeamB-5a921187-19c7-8df4-8f4f-f31e78de5857,2021-08-31,1,-0,113.728,113.73,4.5,216.5,45.1,23.18,4,7
TeamB-5a921187-19c7-8df4-8f4f-f31e78de5857,2021-09-01,1,1e-4,140.022,140.005,7.649,934.5,351.7,28.47,6,19
TeamB-5a921187-19c7-8df4-8f4f-f31e78de5857,2021-09-03,1,-0,82.388,82.39,2.764,112.8,14.4,24.22,7,7
TeamB-5a921187-19c7-8df4-8f4f-f31e78de5857,2021-09-04,1,-0,140.403,140.405,5.285,465.2,107.3,26.6,9,14
TeamB-5a921187-19c7-8df4-8f4f-f31e78de5857,2021-09-07,1,-0,68.507,68.508,2.917,243.1,35.8,22.55,2,5
TeamB-5a921187-19c7-8df4-8f4f-f31e78de5857,2021-09-08,1,1e-4,137.555,137.538,9.995,1394.7,606.4,27.48,5,23
TeamB-5a921187-19c7-8df4-8f4f-f31e78de5857,2021-09-10,1,-0,74.06,74.062,3.182,24.7,0,19.34,0,7
TeamB-5a921187-19c7-8df4-8f4f-f31e78de5857,2021-09-11,1,2e-4,118.903,118.885,5.033,370.3,86.3,24.43,1,7
TeamB-5a921187-19c7-8df4-8f4f-f31e78de5857,2021-09-21,1,-0,128.223,128.225,6.225,266,44.3,23.52,5,14
TeamB-5a921187-19c7-8df4-8f4f-f31e78de5857,2021-09-22,1,2e-4,141.175,141.152,6,602.2,215.5,24.78,9,8
TeamB-5a921187-19c7-8df4-8f4f-f31e78de5857,2021-09-24,1,-0,108.977,108.978,7.009,623.2,234.3,27.62,2,15
TeamB-5a921187-19c7-8df4-8f4f-f31e78de5857,2021-09-25,1,-0,105.248,105.25,2.985,73.1,9.8,21.14,4,5
TeamB-5a921187-19c7-8df4-8f4f-f31e78de5857,2021-09-26,1,-0,180.837,180.838,5.537,619.4,227.8,27.76,6,14
TeamB-5a921187-19c7-8df4-8f4f-f31e78de5857,2021-09-28,1,-0,125.328,125.33,5.727,157.4,26.1,23.26,7,18
TeamB-5a921187-19c7-8df4-8f4f-f31e78de5857,2021-09-29,1,1e-4,137.455,137.438,7.523,583.9,161.8,24.43,3,17
TeamB-5a921187-19c7-8df4-8f4f-f31e78de5857,2021-10-01,1,-0,100.972,100.973,3.379,71.2,8,20.74,2,3
TeamB-5a921187-19c7-8df4-8f4f-f31e78de5857,2021-10-02,1,1e-4,136.802,136.785,9.346,1216.7,464.4,27.17,4,18
TeamB-5a921187-19c7-8df4-8f4f-f31e78de5857,2021-10-26,1,-0,62.523,62.525,3.485,66,7.7,21.68,3,6
TeamB-5a921187-19c7-8df4-8f4f-f31e78de5857,2021-10-27,1,-0,100.357,100.358,4.854,328.9,79.7,26.76,13,11
TeamB-5a921187-19c7-8df4-8f4f-f31e78de5857,2021-10-29,1,-0,130.637,130.638,7.006,464.1,128.4,26.76,7,13
TeamB-5a921187-19c7-8df4-8f4f-f31e78de5857,2021-10-30,1,-0,102.587,102.588,4.399,95.6,6.3,20.45,2,7
TeamB-5a921187-19c7-8df4-8f4f-f31e78de5857,2021-11-03,1,2e-4,91.888,91.868,3.604,115.1,16.4,22.16,3,6
TeamB-5a921187-19c7-8df4-8f4f-f31e78de5857,2021-11-12,1,3e-4,79.423,79.403,4.439,147.7,22.1,23.97,2,11
TeamB-5eba590a-cecb-400f-a92e-08224c7e2e59,2021-02-01,1,-0,98.932,98.933,6.183,566.5,173.2,23.32,5,23
TeamB-5eba590a-cecb-400f-a92e-08224c7e2e59,2021-02-03,1,-0,57.032,57.033,1.961,0,0,13.72,0,3
TeamB-5eba590a-cecb-400f-a92e-08224c7e2e59,2021-02-04,1,-0,106.715,106.717,3.435,616.6,199.5,24.3,5,11
TeamB-5eba590a-cecb-400f-a92e-08224c7e2e59,2021-02-05,1,-0,92.618,92.62,5.777,895.9,181.7,24.05,12,17
TeamB-5eba590a-cecb-400f-a92e-08224c7e2e59,2021-02-07,1,-0,113.523,113.525,7.931,1293.6,468.6,25.11,6,24
TeamB-5eba590a-cecb-400f-a92e-08224c7e2e59,2021-02-08,1,-0,85.223,85.225,4.644,221.7,35.1,24.32,6,15
TeamB-5eba590a-cecb-400f-a92e-08224c7e2e59,2021-02-14,1,-0,82.768,82.77,4.292,277.3,73.3,24.52,12,28
TeamB-5eba590a-cecb-400f-a92e-08224c7e2e59,2021-02-15,1,-0,84.21,84.212,5.34,1484.8,540.1,24.95,13,16
TeamB-5eba590a-cecb-400f-a92e-08224c7e2e59,2021-02-17,1,-0,100.872,100.873,5.64,380.2,62.4,21.95,12,12
TeamB-5eba590a-cecb-400f-a92e-08224c7e2e59,2021-02-18,1,-0,92.383,92.385,4.518,912,481.3,25.59,14,14
TeamB-5eba590a-cecb-400f-a92e-08224c7e2e59,2021-02-20,1,-0,72.693,72.695,5.081,361.7,71.1,23.53,3,21
TeamB-5eba590a-cecb-400f-a92e-08224c7e2e59,2021-02-21,1,-0,88.755,88.757,5.749,323.2,63.7,23.72,15,21
TeamB-5eba590a-cecb-400f-a92e-08224c7e2e59,2021-02-24,1,-0,95.895,95.897,5.891,1157.4,555.2,25.82,16,19
TeamB-5eba590a-cecb-400f-a92e-08224c7e2e59,2021-02-25,1,-0,112.557,112.558,6.15,264.8,91.1,23.39,10,13
TeamB-5eba590a-cecb-400f-a92e-08224c7e2e59,2021-02-26,1,-0,133.337,133.338,5.454,468.6,218.6,25.78,13,18
TeamB-5eba590a-cecb-400f-a92e-08224c7e2e59,2021-03-01,1,-0,103.905,103.907,5.384,429.5,233.8,25.53,9,12
TeamB-5eba590a-cecb-400f-a92e-08224c7e2e59,2021-03-02,1,-0,109.522,109.523,7.042,1223.9,483.4,24.72,8,24
TeamB-5eba590a-cecb-400f-a92e-08224c7e2e59,2021-03-04,1,-0,99.65,99.652,6.758,412.7,107.5,23.74,6,15
TeamB-5eba590a-cecb-400f-a92e-08224c7e2e59,2021-03-05,1,-0,113.207,113.208,5.781,366.9,75.4,24,3,23
TeamB-5eba590a-cecb-400f-a92e-08224c7e2e59,2021-03-06,1,-0,113.917,113.918,6.963,709.9,265.7,25.25,15,24
TeamB-5eba590a-cecb-400f-a92e-08224c7e2e59,2021-03-08,1,-0,104.87,104.872,5.204,432.7,117.8,23.82,9,19
TeamB-5eba590a-cecb-400f-a92e-08224c7e2e59,2021-03-09,1,-0,103.89,103.892,6.2,1180.3,695.9,25.84,7,19
TeamB-5eba590a-cecb-400f-a92e-08224c7e2e59,2021-03-12,1,-0,96.023,96.025,6.96,534.9,174.9,24.16,8,15
TeamB-5eba590a-cecb-400f-a92e-08224c7e2e59,2021-03-15,1,-0,99.383,99.385,5.26,909.7,461.4,25.19,7,13
TeamB-5eba590a-cecb-400f-a92e-08224c7e2e59,2021-03-16,1,-0,91.758,91.76,5.246,340.4,61.6,22.57,6,17
TeamB-5eba590a-cecb-400f-a92e-08224c7e2e59,2021-03-18,1,-0,106.69,106.692,6.893,566,155.9,23.47,11,22
TeamB-5eba590a-cecb-400f-a92e-08224c7e2e59,2021-03-19,1,-0,101.995,101.997,5.913,289.2,93.2,23.83,17,17
TeamB-5eba590a-cecb-400f-a92e-08224c7e2e59,2021-03-22,1,-0,119.372,119.373,5.545,494,150.6,23.98,14,24
TeamB-5eba590a-cecb-400f-a92e-08224c7e2e59,2021-03-23,1,-0,144.125,144.127,6.852,368.8,71.9,22.66,9,8
TeamB-5eba590a-cecb-400f-a92e-08224c7e2e59,2021-03-25,1,-0,139.19,139.192,6.857,957.6,466,26.08,13,25
TeamB-5eba590a-cecb-400f-a92e-08224c7e2e59,2021-03-29,1,-0,124.555,124.557,6.529,441.7,85.4,22.66,5,7
TeamB-5eba590a-cecb-400f-a92e-08224c7e2e59,2021-03-30,1,-0,128.39,128.392,6.117,380.3,68.4,25.83,3,17
TeamB-5eba590a-cecb-400f-a92e-08224c7e2e59,2021-03-31,1,-0,98.917,98.918,6.573,995.5,449.4,25.61,9,27
TeamB-5eba590a-cecb-400f-a92e-08224c7e2e59,2021-04-08,1,2e-4,119.917,119.898,6.725,950.5,479.1,26.33,9,13
TeamB-5eba590a-cecb-400f-a92e-08224c7e2e59,2021-04-09,1,-0,98.54,98.542,4.431,208.7,74.4,25.68,12,10
TeamB-5eba590a-cecb-400f-a92e-08224c7e2e59,2021-04-12,1,-0,111.545,111.547,7.094,851.1,217.8,24.39,11,26
TeamB-5eba590a-cecb-400f-a92e-08224c7e2e59,2021-04-13,1,-0,120.49,120.492,5.593,261.8,61.5,23.11,6,20
TeamB-5eba590a-cecb-400f-a92e-08224c7e2e59,2021-04-15,1,-0,108.087,108.088,6.057,820.4,286.2,24.83,25,14
TeamB-5eba590a-cecb-400f-a92e-08224c7e2e59,2021-04-19,1,-0,125.74,125.742,2.47,23.6,2.3,19.75,7,7
TeamB-5eba590a-cecb-400f-a92e-08224c7e2e59,2021-05-05,1,-0,83.945,83.947,4.725,367.7,118.4,24.86,7,8
TeamB-5eba590a-cecb-400f-a92e-08224c7e2e59,2021-05-07,1,-0,91.89,91.892,3.223,116.3,31.6,22.99,6,13
TeamB-5eba590a-cecb-400f-a92e-08224c7e2e59,2021-05-08,1,-0,35.923,35.925,2.395,314.5,55.4,23.57,6,14
TeamB-5eba590a-cecb-400f-a92e-08224c7e2e59,2021-05-10,1,-0,80.423,80.425,3.426,119.1,13.1,22.57,4,9
TeamB-5eba590a-cecb-400f-a92e-08224c7e2e59,2021-05-11,1,5e-4,53.373,53.347,4.584,766.5,85.6,25.02,12,12
TeamB-5eba590a-cecb-400f-a92e-08224c7e2e59,2021-05-12,1,-0,104.638,104.64,3.418,3.6,0,16.05,7,9
TeamB-5eba590a-cecb-400f-a92e-08224c7e2e59,2021-05-14,1,-0,103.473,103.475,3.276,126.4,37.1,22.73,5,8
TeamB-5eba590a-cecb-400f-a92e-08224c7e2e59,2021-05-15,1,-0,79.558,79.56,6.244,1017,291.3,25.12,10,24
TeamB-5eba590a-cecb-400f-a92e-08224c7e2e59,2021-05-18,1,-0,132.37,132.372,6.342,1173.2,526.8,25.74,5,15
TeamB-5eba590a-cecb-400f-a92e-08224c7e2e59,2021-05-21,1,-0,101.023,101.025,3.415,81.1,13.7,22.24,7,13
TeamB-5eba590a-cecb-400f-a92e-08224c7e2e59,2021-05-22,1,-0,180.02,180.022,7.215,1033.6,387.5,23.79,9,17
TeamB-5eba590a-cecb-400f-a92e-08224c7e2e59,2021-05-24,1,-0,116.377,116.378,4.796,137.9,16.3,22.67,11,13
TeamB-5eba590a-cecb-400f-a92e-08224c7e2e59,2021-05-25,1,-0,111.372,111.373,5.83,659.4,256.9,24.61,8,10
TeamB-5eba590a-cecb-400f-a92e-08224c7e2e59,2021-05-26,1,-0,117.99,117.992,6.465,683,330.9,30.77,11,16
TeamB-5eba590a-cecb-400f-a92e-08224c7e2e59,2021-05-28,1,-0,77.878,77.88,3.137,199,63.9,25.14,4,6
TeamB-5eba590a-cecb-400f-a92e-08224c7e2e59,2021-05-29,1,-0,72.837,72.838,4.463,1654.2,870.9,25.04,4,7
TeamB-5eba590a-cecb-400f-a92e-08224c7e2e59,2021-06-01,1,-0,121.187,121.188,6.048,766.1,400.9,26.08,11,24
TeamB-5eba590a-cecb-400f-a92e-08224c7e2e59,2021-06-02,1,-0,63.503,63.505,2.762,90.6,10.2,20.72,5,8
TeamB-5eba590a-cecb-400f-a92e-08224c7e2e59,2021-06-05,1,1e-4,147.588,147.57,6.445,1617,948,25.5,4,5
TeamB-5eba590a-cecb-400f-a92e-08224c7e2e59,2021-06-07,1,-0,96.488,96.49,4.337,60.8,13.8,21.4,10,13
TeamB-5eba590a-cecb-400f-a92e-08224c7e2e59,2021-06-08,1,-0,82.705,82.707,4.76,1507.9,1053.9,26.06,7,20
TeamB-5eba590a-cecb-400f-a92e-08224c7e2e59,2021-06-09,1,2e-4,82.972,82.953,2.836,80.5,17.3,23.04,6,9
TeamB-5eba590a-cecb-400f-a92e-08224c7e2e59,2021-06-14,1,2e-4,86.79,86.772,4.234,271.7,79.7,23.54,17,21
TeamB-5eba590a-cecb-400f-a92e-08224c7e2e59,2021-06-15,1,-0,111.038,111.04,6.094,1626.2,850.2,25.25,19,20
TeamB-5eba590a-cecb-400f-a92e-08224c7e2e59,2021-06-17,1,-0,95.02,95.022,5.413,609.4,272.8,23.55,13,20
TeamB-5eba590a-cecb-400f-a92e-08224c7e2e59,2021-06-18,1,-0,64.49,64.492,2.473,138.4,15.3,20.66,8,4
TeamB-5eba590a-cecb-400f-a92e-08224c7e2e59,2021-06-20,1,-0,117.128,117.13,6.785,462.7,62,22.01,12,12
TeamB-5eba590a-cecb-400f-a92e-08224c7e2e59,2021-06-21,1,-0,111.207,111.208,4.947,79.9,11.9,22.85,8,20
TeamB-5eba590a-cecb-400f-a92e-08224c7e2e59,2021-06-22,1,-0,175.02,175.022,8.665,1457.1,595.5,24.59,11,25
TeamB-5eba590a-cecb-400f-a92e-08224c7e2e59,2021-06-23,1,-0,117.405,117.407,4.746,148.2,3.4,20.01,7,20
TeamB-5eba590a-cecb-400f-a92e-08224c7e2e59,2021-06-25,1,2e-4,96.853,96.835,4.063,111.8,11,22.1,6,11
TeamB-5eba590a-cecb-400f-a92e-08224c7e2e59,2021-06-26,1,-0,174.12,174.122,9.242,1420.9,384.3,25.12,13,12
TeamB-5eba590a-cecb-400f-a92e-08224c7e2e59,2021-06-27,1,-0,92.422,92.423,4.771,145,52.5,23.47,9,17
TeamB-5eba590a-cecb-400f-a92e-08224c7e2e59,2021-06-29,1,-0,99.507,99.508,4.029,88.6,17.5,21.87,11,13
TeamB-5eba590a-cecb-400f-a92e-08224c7e2e59,2021-06-30,1,-0,180.383,180.385,8.717,1311.9,507,24.85,10,21
TeamB-5eba590a-cecb-400f-a92e-08224c7e2e59,2021-07-01,1,-0,71.59,71.592,3.589,170.9,41.6,24.86,6,18
TeamB-5eba590a-cecb-400f-a92e-08224c7e2e59,2021-07-03,1,-0,95.022,95.023,3.828,51.5,5.9,21.83,9,12
TeamB-5eba590a-cecb-400f-a92e-08224c7e2e59,2021-07-04,1,-0,184.223,184.225,5.433,1273.8,672,24.23,12,12
TeamB-5eba590a-cecb-400f-a92e-08224c7e2e59,2021-07-06,1,-0,101.905,101.907,4.537,101.7,7,21.49,10,14
TeamB-5eba590a-cecb-400f-a92e-08224c7e2e59,2021-07-07,1,-0,116.715,116.717,7.14,1178.1,555.9,26.19,13,13
TeamB-5eba590a-cecb-400f-a92e-08224c7e2e59,2021-07-09,1,-0,86.727,86.728,3.343,130.2,40.6,24.08,3,11
TeamB-5eba590a-cecb-400f-a92e-08224c7e2e59,2021-07-10,1,1e-4,160.267,160.247,9.517,1191.3,302.8,24.94,13,27
TeamB-5eba590a-cecb-400f-a92e-08224c7e2e59,2021-07-13,1,-0,69.855,69.857,2.235,55.5,2.8,19.83,4,6
TeamB-5eba590a-cecb-400f-a92e-08224c7e2e59,2021-07-31,1,-0,122.005,122.007,6.171,340.4,46.5,22.2,7,12
TeamB-5eba590a-cecb-400f-a92e-08224c7e2e59,2021-08-01,1,2e-4,95.038,95.017,4.566,116.1,2.3,20.16,5,5
TeamB-5eba590a-cecb-400f-a92e-08224c7e2e59,2021-08-03,1,3e-4,72.122,72.103,3.124,597.9,290.7,24.64,8,7
TeamB-5eba590a-cecb-400f-a92e-08224c7e2e59,2021-08-05,1,-0,139.438,139.44,7.55,336.9,49.1,24.03,4,21
TeamB-5eba590a-cecb-400f-a92e-08224c7e2e59,2021-08-06,1,2e-4,97.333,97.312,4.228,66.2,0.6,19.62,7,12
TeamB-5eba590a-cecb-400f-a92e-08224c7e2e59,2021-08-07,1,-0,191.442,191.443,8.431,1567.3,360.3,24.93,12,13
TeamB-5eba590a-cecb-400f-a92e-08224c7e2e59,2021-08-08,1,2e-4,97.005,96.983,4.503,275.8,44.6,24.31,18,16
TeamB-5eba590a-cecb-400f-a92e-08224c7e2e59,2021-08-10,1,-0,103.658,103.66,3.277,139.3,20.9,21.67,16,15
TeamB-5eba590a-cecb-400f-a92e-08224c7e2e59,2021-08-11,1,-0,161.338,161.34,12.164,769.9,96.3,23,13,29
TeamB-5eba590a-cecb-400f-a92e-08224c7e2e59,2021-08-13,1,-0,89.857,89.858,4.099,110.6,2.3,20.24,4,15
TeamB-5eba590a-cecb-400f-a92e-08224c7e2e59,2021-08-14,1,1e-4,136.857,136.837,6.436,1026.2,366.7,25.86,10,13
TeamB-5eba590a-cecb-400f-a92e-08224c7e2e59,2021-08-15,1,2e-4,90.023,90.002,4.005,547.3,119.2,22.07,8,5
TeamB-5eba590a-cecb-400f-a92e-08224c7e2e59,2021-08-17,1,-0,74.472,74.473,4.247,455.1,131.9,24.26,4,10
TeamB-5eba590a-cecb-400f-a92e-08224c7e2e59,2021-08-18,1,1e-4,142.37,142.352,9.599,729.3,189.5,25.06,11,28
TeamB-5eba590a-cecb-400f-a92e-08224c7e2e59,2021-08-20,1,-0,75.457,75.458,2.981,23.9,0,17.9,7,10
TeamB-5eba590a-cecb-400f-a92e-08224c7e2e59,2021-08-21,1,1e-4,176.572,176.555,8.916,567.9,137.8,25.15,6,10
TeamB-5eba590a-cecb-400f-a92e-08224c7e2e59,2021-08-23,1,-0,94.143,94.145,3.007,42,0,18.63,4,4
TeamB-5eba590a-cecb-400f-a92e-08224c7e2e59,2021-08-24,1,1e-4,131.067,131.048,9.989,817.8,159.7,24.88,9,29
TeamB-5eba590a-cecb-400f-a92e-08224c7e2e59,2021-08-26,1,-0,75.64,75.642,3.757,232.7,111.3,25.14,8,9
TeamB-5eba590a-cecb-400f-a92e-08224c7e2e59,2021-08-27,1,-0,129.887,129.888,4.175,56.8,6.8,20.32,10,16
TeamB-5eba590a-cecb-400f-a92e-08224c7e2e59,2021-08-28,1,1e-4,191.533,191.515,5.589,1481.7,1197.8,35.93,10,5
TeamB-5eba590a-cecb-400f-a92e-08224c7e2e59,2021-08-30,1,2e-4,102.825,102.807,5.153,122.8,24.8,22.05,9,7
TeamB-5eba590a-cecb-400f-a92e-08224c7e2e59,2021-08-31,1,1e-4,159.322,159.305,4.137,116.8,26.1,22.87,3,12
TeamB-5eba590a-cecb-400f-a92e-08224c7e2e59,2021-09-01,1,1e-4,172.823,172.802,3.944,1049.2,232.5,22.43,3,1
TeamB-5eba590a-cecb-400f-a92e-08224c7e2e59,2021-09-03,1,-0,92.47,92.472,3.177,68.8,1.1,19.88,9,8
TeamB-5eba590a-cecb-400f-a92e-08224c7e2e59,2021-09-04,1,2e-4,139.505,139.482,8.254,639.6,133.9,25.53,13,33
TeamB-5eba590a-cecb-400f-a92e-08224c7e2e59,2021-09-07,1,3e-4,65.957,65.935,2.79,137.1,0,18.66,7,18
TeamB-5eba590a-cecb-400f-a92e-08224c7e2e59,2021-09-08,1,1e-4,131.75,131.733,10.022,1337.3,287.2,24.76,9,29
TeamB-5eba590a-cecb-400f-a92e-08224c7e2e59,2021-09-10,1,-0,65.7,65.702,2.241,24.8,0,17.8,6,7
TeamB-5eba590a-cecb-400f-a92e-08224c7e2e59,2021-09-11,1,1e-4,147.357,147.335,5.76,1002,512.9,23.53,7,3
TeamB-5eba590a-cecb-400f-a92e-08224c7e2e59,2021-09-21,1,1e-4,120.333,120.317,6.085,387.2,53.8,22.22,8,14
TeamB-5eba590a-cecb-400f-a92e-08224c7e2e59,2021-09-22,1,1e-4,125.138,125.122,3.907,272.4,41.7,23.11,7,19
TeamB-5eba590a-cecb-400f-a92e-08224c7e2e59,2021-09-24,1,2e-4,101.538,101.522,5.72,380.9,102.7,25.06,14,19
TeamB-5eba590a-cecb-400f-a92e-08224c7e2e59,2021-09-25,1,-0,94.42,94.422,3.092,39.8,1.1,19.38,7,12
TeamB-5eba590a-cecb-400f-a92e-08224c7e2e59,2021-09-26,1,-0,182.338,182.34,5.817,1308.5,288.2,24.1,10,5
TeamB-5eba590a-cecb-400f-a92e-08224c7e2e59,2021-09-28,1,2e-4,114.357,114.337,5.223,177.1,10.9,21.08,11,24
TeamB-5eba590a-cecb-400f-a92e-08224c7e2e59,2021-09-29,1,2e-4,128.72,128.698,5.578,335.1,86.1,23.69,16,35
TeamB-5eba590a-cecb-400f-a92e-08224c7e2e59,2021-10-01,1,-0,94.253,94.255,4.308,141.8,27.5,22.97,10,12
TeamB-5eba590a-cecb-400f-a92e-08224c7e2e59,2021-10-02,1,1e-4,180.25,180.227,4.629,988.9,131.8,22.61,8,6
TeamB-5eba590a-cecb-400f-a92e-08224c7e2e59,2021-10-05,1,2e-4,111.538,111.517,7.181,716.6,182.2,26.14,8,25
TeamB-5eba590a-cecb-400f-a92e-08224c7e2e59,2021-10-06,1,2e-4,115.772,115.75,5.542,176.7,11.9,20.82,9,23
TeamB-5eba590a-cecb-400f-a92e-08224c7e2e59,2021-10-08,1,-0,102.905,102.907,3.382,36,7.8,33.08,17,16
TeamB-5eba590a-cecb-400f-a92e-08224c7e2e59,2021-10-09,1,1e-4,155.49,155.468,4.961,1206.6,536.7,24.37,16,17
TeamB-5eba590a-cecb-400f-a92e-08224c7e2e59,2021-10-10,1,2e-4,94.102,94.083,4.092,146.3,21.3,21.36,15,9
TeamB-5eba590a-cecb-400f-a92e-08224c7e2e59,2021-10-12,1,2e-4,115.438,115.417,6.751,583,210.3,26.49,6,18
TeamB-5eba590a-cecb-400f-a92e-08224c7e2e59,2021-10-13,1,1e-4,125.473,125.457,6.084,448.9,115.7,26.87,19,39
TeamB-5eba590a-cecb-400f-a92e-08224c7e2e59,2021-10-15,1,2e-4,133.205,133.183,6.805,456.6,95.6,22.84,11,22
TeamB-5eba590a-cecb-400f-a92e-08224c7e2e59,2021-10-16,1,3e-4,65.388,65.367,3.622,73.8,0,18.62,9,15
TeamB-5eba590a-cecb-400f-a92e-08224c7e2e59,2021-10-17,1,1e-4,190.405,190.382,7.565,1297.8,234.9,26.17,16,14
TeamB-5eba590a-cecb-400f-a92e-08224c7e2e59,2021-10-19,1,3e-4,80.323,80.298,3.526,73.4,11.2,22.21,15,17
TeamB-5eba590a-cecb-400f-a92e-08224c7e2e59,2021-10-21,1,3e-4,97.038,97.013,5.147,889.9,368.1,24.15,10,20
TeamB-5eba590a-cecb-400f-a92e-08224c7e2e59,2021-10-22,1,2e-4,97.972,97.95,6.903,296.3,21.4,21.53,9,26
TeamB-5eba590a-cecb-400f-a92e-08224c7e2e59,2021-10-29,1,2e-4,114.988,114.968,5.786,344.9,81.4,24.57,2,9
TeamB-5eba590a-cecb-400f-a92e-08224c7e2e59,2021-10-30,1,-0,99.557,99.558,4.289,62.5,3.5,19.81,2,10
TeamB-5eba590a-cecb-400f-a92e-08224c7e2e59,2021-11-03,1,-0,91.523,91.525,4.012,45,2.3,20.13,13,22
TeamB-5eba590a-cecb-400f-a92e-08224c7e2e59,2021-11-04,1,3e-4,83.007,82.985,5.074,348.2,66.7,24.43,4,14
TeamB-5eba590a-cecb-400f-a92e-08224c7e2e59,2021-11-06,1,3e-4,70.515,70.492,2.754,27.1,14.1,25.5,9,15
TeamB-5eba590a-cecb-400f-a92e-08224c7e2e59,2021-11-09,1,3e-4,84.038,84.017,3.356,86.1,0.6,19.41,4,10
TeamB-5eba590a-cecb-400f-a92e-08224c7e2e59,2021-11-13,1,0.0059,104.38,103.762,7.328,785.2,228.1,25.46,8,36
TeamB-6d568bee-175f-4dcb-9d3a-0f3e8f35de07,2021-06-20,1,-0,121.738,121.74,6.192,432.4,74,22.95,9,8
TeamB-6d568bee-175f-4dcb-9d3a-0f3e8f35de07,2021-06-21,1,-0,97.527,97.528,4.472,371.1,166.2,24.75,4,4
TeamB-6d568bee-175f-4dcb-9d3a-0f3e8f35de07,2021-06-23,1,0.0032,87.488,87.212,4.382,128.1,4.5,20.57,3,12
TeamB-6d568bee-175f-4dcb-9d3a-0f3e8f35de07,2021-06-25,1,-0,107.977,107.978,4.316,84.3,5.8,20.42,6,10
TeamB-6d568bee-175f-4dcb-9d3a-0f3e8f35de07,2021-06-27,1,-0,90.005,90.007,4.537,189,56.8,22.19,7,7
TeamB-6d568bee-175f-4dcb-9d3a-0f3e8f35de07,2021-06-29,1,-0,109.523,109.525,4.686,1107.2,497.7,23.39,8,6
TeamB-6d568bee-175f-4dcb-9d3a-0f3e8f35de07,2021-07-01,1,-0,73.238,73.24,3.766,125.3,24.8,23.14,8,4
TeamB-6d568bee-175f-4dcb-9d3a-0f3e8f35de07,2021-07-03,1,2e-4,99.882,99.865,3.54,73.8,0.6,18.73,4,5
TeamB-6d568bee-175f-4dcb-9d3a-0f3e8f35de07,2021-07-04,1,3e-4,65.353,65.333,2.98,1207.7,463.1,24.73,11,4
TeamB-6d568bee-175f-4dcb-9d3a-0f3e8f35de07,2021-07-06,1,-0,117.12,117.122,4.248,51.3,1.2,19.91,4,3
TeamB-6d568bee-175f-4dcb-9d3a-0f3e8f35de07,2021-07-07,1,-0,128.62,128.622,7.061,1390.7,669.1,27.77,7,12
TeamB-6d568bee-175f-4dcb-9d3a-0f3e8f35de07,2021-07-09,1,-0,89.337,89.338,3.814,131,1.7,19.78,9,8
TeamB-6d568bee-175f-4dcb-9d3a-0f3e8f35de07,2021-07-10,1,1e-4,134.855,134.838,9.889,871.8,139.2,22.77,5,8
TeamB-6d568bee-175f-4dcb-9d3a-0f3e8f35de07,2021-07-13,1,-0,68.457,68.458,1.968,69.4,11.2,23.27,4,1
TeamB-6d568bee-175f-4dcb-9d3a-0f3e8f35de07,2021-07-14,1,2e-4,133.005,132.983,0.313,0,0,9.92,0,0
TeamB-6d568bee-175f-4dcb-9d3a-0f3e8f35de07,2021-07-31,1,1e-4,130.007,129.988,6.114,686.2,171.9,25.92,5,9
TeamB-6d568bee-175f-4dcb-9d3a-0f3e8f35de07,2021-08-01,1,3e-4,63.503,63.487,2.17,44.2,4.5,20.3,2,3
TeamB-6d568bee-175f-4dcb-9d3a-0f3e8f35de07,2021-08-03,1,-0,80.49,80.492,3.646,844.2,349.5,25.2,6,9
TeamB-6d568bee-175f-4dcb-9d3a-0f3e8f35de07,2021-08-05,1,-0,118.405,118.407,6.872,746.6,216.3,25.05,6,17
TeamB-6d568bee-175f-4dcb-9d3a-0f3e8f35de07,2021-08-06,1,2e-4,98.905,98.887,3.87,133.5,21.8,21.9,5,9
TeamB-6d568bee-175f-4dcb-9d3a-0f3e8f35de07,2021-08-07,1,-0,97.318,97.32,6.649,949.6,261.7,26.55,10,16
TeamB-6d568bee-175f-4dcb-9d3a-0f3e8f35de07,2021-08-10,1,-0,111.888,111.89,5.436,1100.1,554.9,24.03,16,6
TeamB-6d568bee-175f-4dcb-9d3a-0f3e8f35de07,2021-08-11,1,2e-4,110.878,110.86,2.351,148.8,30.3,23.79,1,2
TeamB-6d568bee-175f-4dcb-9d3a-0f3e8f35de07,2021-08-13,1,-0,86.557,86.558,3.305,117.9,18.5,21.67,3,6
TeamB-6d568bee-175f-4dcb-9d3a-0f3e8f35de07,2021-08-14,1,1e-4,143.007,142.988,7.6,1235.8,341.3,25.31,3,23
TeamB-6d568bee-175f-4dcb-9d3a-0f3e8f35de07,2021-08-17,1,-0,74.99,74.992,3.748,291.6,112,24.25,3,10
TeamB-6d568bee-175f-4dcb-9d3a-0f3e8f35de07,2021-08-18,1,-0,144.055,144.057,5.931,1170.2,341.1,25.5,8,11
TeamB-6d568bee-175f-4dcb-9d3a-0f3e8f35de07,2021-08-19,1,-0,84.538,84.54,4.369,173.6,17.9,22.04,6,9
TeamB-6d568bee-175f-4dcb-9d3a-0f3e8f35de07,2021-08-20,1,2e-4,74.972,74.955,3.341,233.5,80.6,25.45,2,6
TeamB-6d568bee-175f-4dcb-9d3a-0f3e8f35de07,2021-08-21,1,-0,173.09,173.092,4.683,459.8,103.1,25.63,3,5
TeamB-6d568bee-175f-4dcb-9d3a-0f3e8f35de07,2021-08-23,1,-0,98.173,98.175,3.139,150,39.4,24.12,3,4
TeamB-6d568bee-175f-4dcb-9d3a-0f3e8f35de07,2021-08-24,1,1e-4,138.772,138.753,8.05,1637.5,630.5,26.53,10,18
TeamB-6d568bee-175f-4dcb-9d3a-0f3e8f35de07,2021-08-27,1,-0,110.815,110.817,4.47,144.3,5.2,20.74,4,6
TeamB-6d568bee-175f-4dcb-9d3a-0f3e8f35de07,2021-08-28,1,-0,135.037,135.038,5.374,827.5,45.4,23.33,8,6
TeamB-6d568bee-175f-4dcb-9d3a-0f3e8f35de07,2021-08-30,1,-0,97.36,97.362,4.838,125.2,6.3,20.91,7,5
TeamB-6d568bee-175f-4dcb-9d3a-0f3e8f35de07,2021-08-31,1,-0,106.75,106.752,3.59,91.7,2.2,19.79,1,1
TeamB-6d568bee-175f-4dcb-9d3a-0f3e8f35de07,2021-09-01,1,-0,133.192,133.193,2.971,835.6,52.7,20.85,0,0
TeamB-6d568bee-175f-4dcb-9d3a-0f3e8f35de07,2021-09-03,1,-0,99.905,99.907,2.983,127.6,12.4,22.27,2,6
TeamB-6d568bee-175f-4dcb-9d3a-0f3e8f35de07,2021-09-04,1,-0,79.873,79.875,2.106,40.7,0,18.47,6,2
TeamB-6d568bee-175f-4dcb-9d3a-0f3e8f35de07,2021-09-07,1,-0,70.372,70.373,2.965,103.1,16.3,24.91,5,6
TeamB-6d568bee-175f-4dcb-9d3a-0f3e8f35de07,2021-09-10,1,2e-4,68.222,68.205,2.76,38.5,0,18.51,6,3
TeamB-6d568bee-175f-4dcb-9d3a-0f3e8f35de07,2021-09-11,1,-0,165.473,165.475,8.832,930.1,249.1,25.11,4,12
TeamB-6d568bee-175f-4dcb-9d3a-0f3e8f35de07,2021-09-17,1,-0,86.703,86.705,3.861,625.6,185.1,25.92,3,5
TeamB-6d568bee-175f-4dcb-9d3a-0f3e8f35de07,2021-09-21,1,-0,125.972,125.973,5.89,468.4,97.7,24.82,11,17
TeamB-6d568bee-175f-4dcb-9d3a-0f3e8f35de07,2021-09-22,1,-0,128.888,128.89,4.957,640.2,219.6,27.37,9,7
TeamB-6d568bee-175f-4dcb-9d3a-0f3e8f35de07,2021-09-24,1,-0,103.522,103.523,6.304,530.9,133.3,25.36,9,15
TeamB-6d568bee-175f-4dcb-9d3a-0f3e8f35de07,2021-09-25,1,-0,86.367,86.368,3.075,133.9,27.7,22.37,3,7
TeamB-6d568bee-175f-4dcb-9d3a-0f3e8f35de07,2021-09-26,1,-0,139.457,139.458,6.44,1114.5,92.5,27.3,7,8
TeamB-6d568bee-175f-4dcb-9d3a-0f3e8f35de07,2021-09-28,1,-0,118.053,118.055,5.562,163,8.5,20.83,8,7
TeamB-6d568bee-175f-4dcb-9d3a-0f3e8f35de07,2021-09-29,1,-0,133.99,133.992,6.884,798.2,234.7,24.4,8,11
TeamB-6d568bee-175f-4dcb-9d3a-0f3e8f35de07,2021-10-01,1,-0,106.388,106.39,3.947,43.7,1.7,20.39,4,9
TeamB-6d568bee-175f-4dcb-9d3a-0f3e8f35de07,2021-10-02,1,-0,143.838,143.84,5.861,1342.2,85.6,22.72,4,2
TeamB-6d568bee-175f-4dcb-9d3a-0f3e8f35de07,2021-10-05,1,-0,115.908,115.91,6.96,540.9,141,27.17,10,10
TeamB-6d568bee-175f-4dcb-9d3a-0f3e8f35de07,2021-10-06,1,-0,120.778,120.78,6.61,470.1,73.6,24.22,12,11
TeamB-6d568bee-175f-4dcb-9d3a-0f3e8f35de07,2021-10-08,1,-0,106.227,106.228,4.086,305,58.6,22.41,11,7
TeamB-6d568bee-175f-4dcb-9d3a-0f3e8f35de07,2021-10-12,1,2e-4,120.453,120.435,7.133,683.5,290,27.37,6,14
TeamB-6d568bee-175f-4dcb-9d3a-0f3e8f35de07,2021-10-13,1,1e-4,129.488,129.47,6.785,469.5,67,23.65,8,18
TeamB-6d568bee-175f-4dcb-9d3a-0f3e8f35de07,2021-10-15,1,-0,103.605,103.607,5.979,535.7,152.7,27.99,6,16
TeamB-6d568bee-175f-4dcb-9d3a-0f3e8f35de07,2021-10-16,1,3e-4,65.038,65.02,3.15,65.8,0.6,19.42,8,4
TeamB-6d568bee-175f-4dcb-9d3a-0f3e8f35de07,2021-10-17,1,-0,140.372,140.373,7.88,1404.2,171.3,27.3,7,14
TeamB-6d568bee-175f-4dcb-9d3a-0f3e8f35de07,2021-10-21,1,2e-4,101.355,101.337,4.889,757.5,183.9,23.8,12,13
TeamB-6d568bee-175f-4dcb-9d3a-0f3e8f35de07,2021-10-22,1,2e-4,106.388,106.372,7.067,226.6,51.3,24.19,3,17
TeamB-6d568bee-175f-4dcb-9d3a-0f3e8f35de07,2021-10-26,1,-0,86.673,86.675,4.781,118.3,5.7,20.81,7,10
TeamB-6d568bee-175f-4dcb-9d3a-0f3e8f35de07,2021-10-27,1,-0,110.173,110.175,5.735,821.6,364.7,23.22,6,7
TeamB-6d568bee-175f-4dcb-9d3a-0f3e8f35de07,2021-10-29,1,1e-4,127.307,127.29,7.172,584,71.4,22.77,7,18
TeamB-6d568bee-175f-4dcb-9d3a-0f3e8f35de07,2021-10-30,1,-0,98.337,98.338,4.303,117.1,5.2,21.06,10,5
TeamB-6d568bee-175f-4dcb-9d3a-0f3e8f35de07,2021-10-31,1,1e-4,140.915,140.897,6.362,628.5,101.7,26.3,8,13
TeamB-6d568bee-175f-4dcb-9d3a-0f3e8f35de07,2021-11-03,1,-0,87.873,87.875,4.891,692.3,142.3,22.72,5,12
TeamB-6d568bee-175f-4dcb-9d3a-0f3e8f35de07,2021-11-04,1,2e-4,95.973,95.955,5.617,534.9,154.1,23.53,6,16
TeamB-6d568bee-175f-4dcb-9d3a-0f3e8f35de07,2021-11-06,1,-0,84.622,84.623,4.386,161.2,22.9,22.42,7,4
TeamB-6d568bee-175f-4dcb-9d3a-0f3e8f35de07,2021-11-12,1,-0,77.24,77.242,4.784,356.9,83.1,26.11,5,12
TeamB-6d568bee-175f-4dcb-9d3a-0f3e8f35de07,2021-11-13,1,1e-4,128.867,128.848,7.404,861.9,292.6,27.4,6,16
TeamB-70b74270-f655-43cc-a188-1ebc7a828b95,2020-06-01,1,-0,100.465,100.467,5.618,579,260.8,26.69,4,21
TeamB-70b74270-f655-43cc-a188-1ebc7a828b95,2020-06-02,1,-0,86.94,86.942,4.876,621,238.6,27.3,5,23
TeamB-70b74270-f655-43cc-a188-1ebc7a828b95,2020-06-03,1,-0,74.607,74.608,4.077,199.9,80.2,24.12,5,7
TeamB-70b74270-f655-43cc-a188-1ebc7a828b95,2020-06-04,1,-0,84.555,84.557,6.222,849.3,249.5,26.75,8,18
TeamB-70b74270-f655-43cc-a188-1ebc7a828b95,2020-06-05,1,-0,99.422,99.423,5.707,505.5,129.2,27.16,7,20
TeamB-70b74270-f655-43cc-a188-1ebc7a828b95,2020-06-09,1,-0,74.957,74.958,4.894,432.3,111.8,23.81,4,16
TeamB-70b74270-f655-43cc-a188-1ebc7a828b95,2020-06-10,1,-0,60.855,60.857,3.832,658.6,310.2,30.17,7,19
TeamB-70b74270-f655-43cc-a188-1ebc7a828b95,2020-06-11,1,-0,65.433,65.435,2.376,13.5,0.6,18.84,8,1
TeamB-70b74270-f655-43cc-a188-1ebc7a828b95,2020-06-12,1,-0,89.503,89.505,3.536,188.4,35.2,22.21,9,14
TeamB-70b74270-f655-43cc-a188-1ebc7a828b95,2020-06-13,1,-0,73.59,73.592,6.769,747.5,240.2,27.32,1,15
TeamB-70b74270-f655-43cc-a188-1ebc7a828b95,2020-06-16,1,-0,122.703,122.705,7.244,1235.7,321.8,26.29,14,27
TeamB-70b74270-f655-43cc-a188-1ebc7a828b95,2020-06-17,1,-0,96.283,96.285,4.061,399,148.3,25.55,3,18
TeamB-70b74270-f655-43cc-a188-1ebc7a828b95,2020-06-22,1,-0,90.667,90.668,3.895,326.9,134.5,27.52,7,9
TeamB-70b74270-f655-43cc-a188-1ebc7a828b95,2020-06-23,1,-0,108.258,108.26,9.292,1405.7,552.7,26.85,8,31
TeamB-70b74270-f655-43cc-a188-1ebc7a828b95,2020-06-25,1,-0,75.405,75.407,3.012,156.7,45.8,23.27,3,6
TeamB-70b74270-f655-43cc-a188-1ebc7a828b95,2020-06-26,1,-0,85.177,85.178,3.745,343.5,133.2,25.7,8,6
TeamB-70b74270-f655-43cc-a188-1ebc7a828b95,2020-06-27,1,-0,107.923,107.925,8.946,1410.5,606.3,27.11,9,27
TeamB-70b74270-f655-43cc-a188-1ebc7a828b95,2020-06-30,1,-0,94.055,94.057,6.224,1233.5,353.1,28.04,7,32
TeamB-70b74270-f655-43cc-a188-1ebc7a828b95,2020-07-01,1,-0,83.188,83.19,4.07,425.3,178.8,27.89,11,23
TeamB-70b74270-f655-43cc-a188-1ebc7a828b95,2020-07-02,1,-0,81.97,81.972,4.154,384,89.5,24.4,6,19
TeamB-70b74270-f655-43cc-a188-1ebc7a828b95,2020-07-03,1,-0,77.472,77.473,3.332,205.1,87.2,27.66,4,15
TeamB-70b74270-f655-43cc-a188-1ebc7a828b95,2020-07-04,1,-0,117.973,117.975,11.768,2143.7,721.9,29.63,7,46
TeamB-70b74270-f655-43cc-a188-1ebc7a828b95,2020-07-07,1,-0,100.505,100.507,6.684,1257.5,604.3,28.42,8,21
TeamB-70b74270-f655-43cc-a188-1ebc7a828b95,2020-07-08,1,-0,60.215,60.217,3.251,184.9,50.4,26.22,7,17
TeamB-70b74270-f655-43cc-a188-1ebc7a828b95,2020-07-09,1,-0,113.412,113.413,4.128,343.3,127.3,27.61,4,13
TeamB-70b74270-f655-43cc-a188-1ebc7a828b95,2020-07-10,1,-0,108.922,108.923,10.689,2064.4,738.7,27.6,14,32
TeamB-70b74270-f655-43cc-a188-1ebc7a828b95,2020-07-15,1,-0,69.072,69.073,1.493,5.6,0,17.41,2,1
TeamB-70b74270-f655-43cc-a188-1ebc7a828b95,2020-07-16,1,-1e-4,29.997,29.998,1.589,63.8,24,23.93,4,3
TeamB-70b74270-f655-43cc-a188-1ebc7a828b95,2020-07-17,1,-0,90.148,90.15,2.719,245.5,113,24.16,9,16
TeamB-70b74270-f655-43cc-a188-1ebc7a828b95,2020-07-21,1,0.0023,92.888,92.673,5.138,575.9,254.7,26.64,9,22
TeamB-70b74270-f655-43cc-a188-1ebc7a828b95,2020-07-22,1,-0,70.505,70.507,3.766,236.7,50.7,23.93,7,5
TeamB-70b74270-f655-43cc-a188-1ebc7a828b95,2020-07-23,1,-0,68.293,68.295,3.45,550.6,260.9,26.81,13,18
TeamB-70b74270-f655-43cc-a188-1ebc7a828b95,2020-07-24,1,-0,121.387,121.388,11.79,2162.2,770.5,29.22,9,30
TeamB-70b74270-f655-43cc-a188-1ebc7a828b95,2020-07-28,1,-0,99.905,99.907,7.634,1278.4,432.1,28.39,13,24
TeamB-70b74270-f655-43cc-a188-1ebc7a828b95,2020-07-29,1,-0,82.473,82.475,5.177,439.6,178.9,28.76,6,23
TeamB-70b74270-f655-43cc-a188-1ebc7a828b95,2020-07-31,1,-0,73.99,73.992,4.274,437.5,122.9,25.23,14,21
TeamB-70b74270-f655-43cc-a188-1ebc7a828b95,2020-08-01,1,-0,113.538,113.54,11.988,1742.3,585.1,27.85,2,24
TeamB-70b74270-f655-43cc-a188-1ebc7a828b95,2020-08-04,1,-0,90.005,90.007,6.806,1127.1,494.5,27.47,13,35
TeamB-70b74270-f655-43cc-a188-1ebc7a828b95,2020-08-05,1,-0,75.49,75.492,3.026,316,61.6,25.05,5,8
TeamB-70b74270-f655-43cc-a188-1ebc7a828b95,2020-08-06,1,-0,57.54,57.542,2.786,289,124.9,27.19,8,6
TeamB-70b74270-f655-43cc-a188-1ebc7a828b95,2020-08-07,1,-0,124.882,124.883,12.09,1702,619.7,28.17,11,26
TeamB-70b74270-f655-43cc-a188-1ebc7a828b95,2020-08-12,1,-0,140.922,140.923,12.518,1790.1,588.8,29.1,14,20
TeamB-70b74270-f655-43cc-a188-1ebc7a828b95,2020-08-14,1,-0,71.868,71.87,2.711,158,54.4,26.11,3,10
TeamB-70b74270-f655-43cc-a188-1ebc7a828b95,2020-08-15,1,-0,40.473,40.475,1.941,246.3,154.6,24.44,3,3
TeamB-70b74270-f655-43cc-a188-1ebc7a828b95,2020-08-16,1,-0,116.137,116.138,12.255,1827.4,536.1,26.84,11,30
TeamB-70b74270-f655-43cc-a188-1ebc7a828b95,2020-08-19,1,-0,89.568,89.57,5.196,566.2,264,27.4,9,18
TeamB-70b74270-f655-43cc-a188-1ebc7a828b95,2020-08-20,1,-0,65.372,65.373,3.547,360.4,171.8,27.42,5,11
TeamB-70b74270-f655-43cc-a188-1ebc7a828b95,2020-08-21,1,-0,61.592,61.593,2.892,260.5,113,26.21,1,5
TeamB-70b74270-f655-43cc-a188-1ebc7a828b95,2020-08-22,1,-0,133.217,133.218,0.348,0,0,7.91,0,0
TeamB-70b74270-f655-43cc-a188-1ebc7a828b95,2020-08-25,1,-0,55.028,55.03,2.639,121.5,27.4,24.06,8,8
TeamB-70b74270-f655-43cc-a188-1ebc7a828b95,2020-08-29,1,-0,53.573,53.575,2.89,319.3,152.5,25.4,3,11
TeamB-70b74270-f655-43cc-a188-1ebc7a828b95,2020-08-30,1,-0,127.408,127.41,11.774,1723.6,604.2,30.01,15,30
TeamB-70b74270-f655-43cc-a188-1ebc7a828b95,2020-09-02,1,-0,52.523,52.525,3.628,293.2,86.1,24.01,6,12
TeamB-70b74270-f655-43cc-a188-1ebc7a828b95,2020-09-03,1,-0,49.422,49.423,3.449,232.6,105.9,24.94,0,9
TeamB-70b74270-f655-43cc-a188-1ebc7a828b95,2020-09-04,1,-0,70.505,70.507,3.09,182.7,68.3,23.82,7,14
TeamB-70b74270-f655-43cc-a188-1ebc7a828b95,2020-09-05,1,-0,120.427,120.428,11.727,2045.7,768.7,29.93,16,41
TeamB-70b74270-f655-43cc-a188-1ebc7a828b95,2020-09-08,1,-0,76.872,76.873,5.348,605.8,234.1,26.21,3,18
TeamB-70b74270-f655-43cc-a188-1ebc7a828b95,2020-09-09,1,-0,84.538,84.54,6.023,822.5,334.7,26.86,8,21
TeamB-70b74270-f655-43cc-a188-1ebc7a828b95,2020-09-11,1,-0,64.34,64.342,3.38,176.9,23.1,23.26,11,12
TeamB-70b74270-f655-43cc-a188-1ebc7a828b95,2020-09-12,1,-0,122.853,122.855,12.279,2214.1,913.1,28.01,11,27
TeamB-70b74270-f655-43cc-a188-1ebc7a828b95,2020-09-22,1,-0,101.422,101.423,6.314,1245,339.9,23.52,22,30
TeamB-70b74270-f655-43cc-a188-1ebc7a828b95,2020-09-24,1,-0,91.367,91.368,5.917,610.6,233.2,26.8,7,25
TeamB-70b74270-f655-43cc-a188-1ebc7a828b95,2020-09-25,1,-0,92.122,92.123,6.293,647.6,233.2,24.84,11,21
TeamB-70b74270-f655-43cc-a188-1ebc7a828b95,2020-09-27,1,-0,82.022,82.023,8.101,1173.6,378.9,29.36,9,13
TeamB-70b74270-f655-43cc-a188-1ebc7a828b95,2020-10-01,1,-0,97.388,97.39,6.824,801.2,136.6,24.01,9,17
TeamB-70b74270-f655-43cc-a188-1ebc7a828b95,2020-10-02,1,-0,100.388,100.39,6.986,844.4,268.5,25.88,4,24
TeamB-70b74270-f655-43cc-a188-1ebc7a828b95,2020-10-05,1,-0,92.957,92.958,6.35,716.4,231.2,28.89,7,28
TeamB-70b74270-f655-43cc-a188-1ebc7a828b95,2020-10-06,1,-0,72.192,72.193,3.617,166.3,56.8,23.25,10,1
TeamB-70b74270-f655-43cc-a188-1ebc7a828b95,2020-10-07,1,-0,50.838,50.84,5.712,1115.8,435,29.08,5,12
TeamB-70b74270-f655-43cc-a188-1ebc7a828b95,2020-10-16,1,-0,92.455,92.457,5.923,625.9,221.5,24.47,8,28
TeamB-70b74270-f655-43cc-a188-1ebc7a828b95,2020-10-17,1,-0,59.505,59.507,2.803,80.3,13.9,22.2,7,11
TeamB-70b74270-f655-43cc-a188-1ebc7a828b95,2020-10-18,1,-0,43.177,43.178,4.065,765.7,339.8,27.22,4,7
TeamB-70b74270-f655-43cc-a188-1ebc7a828b95,2020-10-29,1,-0,96.248,96.25,4.888,612.2,257.1,27.36,7,30
TeamB-70b74270-f655-43cc-a188-1ebc7a828b95,2020-10-30,1,-0,79.34,79.342,4.94,540.8,216.7,26.64,10,20
TeamB-70b74270-f655-43cc-a188-1ebc7a828b95,2020-10-31,1,-0,72.155,72.157,3.322,139,32.7,22.34,8,4
TeamB-70b74270-f655-43cc-a188-1ebc7a828b95,2020-11-01,1,-0,119.443,119.445,11.471,2248.3,1084.2,29.24,8,26
TeamB-70b74270-f655-43cc-a188-1ebc7a828b95,2020-11-03,1,-0,64.523,64.525,2.943,180.1,38.7,22.93,3,6
TeamB-70b74270-f655-43cc-a188-1ebc7a828b95,2020-11-05,1,-0,66.778,66.78,3.853,316.3,67.6,25.54,5,9
TeamB-70b74270-f655-43cc-a188-1ebc7a828b95,2020-11-06,1,-0,76.343,76.345,3.574,154.2,41.1,23.95,8,11
TeamB-70b74270-f655-43cc-a188-1ebc7a828b95,2020-11-07,1,-0,132.903,132.905,11.519,1769.1,618.9,30.02,13,33
TeamB-70b74270-f655-43cc-a188-1ebc7a828b95,2020-11-10,1,-0,70.122,70.123,3.22,132.9,31.5,23.61,3,7
TeamB-70b74270-f655-43cc-a188-1ebc7a828b95,2020-11-11,1,-0,91.62,91.622,9.195,1718.3,542.9,26.62,9,23
TeamB-70b74270-f655-43cc-a188-1ebc7a828b95,2020-11-12,1,-0,42.788,42.79,1.721,22,2.3,19.85,0,3
TeamB-70b74270-f655-43cc-a188-1ebc7a828b95,2020-11-14,1,-0,106.16,106.162,6.373,798.9,354.5,27.75,6,24
TeamB-70b74270-f655-43cc-a188-1ebc7a828b95,2020-11-15,1,-0,97.613,97.615,6.474,936.2,409,26.92,12,29
TeamB-70b74270-f655-43cc-a188-1ebc7a828b95,2020-11-16,1,-0,55.503,55.505,2.988,264.2,71.6,25.11,7,7
TeamB-70b74270-f655-43cc-a188-1ebc7a828b95,2020-11-19,1,-0,112.183,112.185,9.829,1445.5,402.8,26.52,12,12
TeamB-70b74270-f655-43cc-a188-1ebc7a828b95,2020-11-21,1,-0,59.407,59.408,2.852,270.8,104.6,25.61,4,5
TeamB-70b74270-f655-43cc-a188-1ebc7a828b95,2020-11-22,1,-0,119.243,119.245,9.041,1505.3,687.1,29,10,26
TeamB-70b74270-f655-43cc-a188-1ebc7a828b95,2021-02-01,1,-0,107.607,107.608,6.967,788.1,263.7,27,10,30
TeamB-70b74270-f655-43cc-a188-1ebc7a828b95,2021-02-03,1,-0,60.075,60.077,1.644,0.9,0,15.73,2,2
TeamB-70b74270-f655-43cc-a188-1ebc7a828b95,2021-02-04,1,-0,102.902,102.903,8.742,1346.2,485.1,31.3,21,28
TeamB-70b74270-f655-43cc-a188-1ebc7a828b95,2021-02-10,1,-0,57.988,57.99,4.01,181.6,40.3,24.87,2,8
TeamB-70b74270-f655-43cc-a188-1ebc7a828b95,2021-02-11,1,-0,174.99,174.992,15.948,1871.7,628.3,28.35,13,50
TeamB-70b74270-f655-43cc-a188-1ebc7a828b95,2021-02-20,1,-0,70.84,70.842,4.988,323.1,77.1,23.27,5,11
TeamB-70b74270-f655-43cc-a188-1ebc7a828b95,2021-02-21,1,-0,105.605,105.607,6.685,656.4,190.1,26.07,11,21
TeamB-70b74270-f655-43cc-a188-1ebc7a828b95,2021-02-24,1,-0,93.957,93.958,5.984,1218.5,681,29.04,17,28
TeamB-70b74270-f655-43cc-a188-1ebc7a828b95,2021-02-25,1,-0,96.29,96.292,5.326,358.5,122.1,25.15,6,22
TeamB-70b74270-f655-43cc-a188-1ebc7a828b95,2021-02-26,1,-0,103.752,103.753,5.063,543.9,293.6,28.27,4,7
TeamB-70b74270-f655-43cc-a188-1ebc7a828b95,2021-03-01,1,-0,104.185,104.187,5.99,529.3,181,25.77,3,18
TeamB-70b74270-f655-43cc-a188-1ebc7a828b95,2021-03-02,1,-0,104.088,104.09,7.154,1227.1,548.2,26.25,12,24
TeamB-70b74270-f655-43cc-a188-1ebc7a828b95,2021-03-04,1,2e-4,99.175,99.153,5.939,474.3,136.7,24.87,7,22
TeamB-70b74270-f655-43cc-a188-1ebc7a828b95,2021-03-05,1,-0,84.42,84.422,5.128,493.8,79.3,24.03,5,24
TeamB-70b74270-f655-43cc-a188-1ebc7a828b95,2021-03-06,1,-0,86.655,86.657,5.465,642.1,227,26.93,15,14
TeamB-70b74270-f655-43cc-a188-1ebc7a828b95,2021-03-08,1,-0,104.482,104.483,5.734,504.5,123.9,25.35,6,16
TeamB-70b74270-f655-43cc-a188-1ebc7a828b95,2021-03-09,1,-0,93.143,93.145,4.739,474.2,159.6,27.23,10,22
TeamB-70b74270-f655-43cc-a188-1ebc7a828b95,2021-03-12,1,-0,96.05,96.052,7.087,826.4,304.7,25.77,7,21
TeamB-70b74270-f655-43cc-a188-1ebc7a828b95,2021-03-15,1,-0,99.353,99.355,6.088,1198.7,652.3,28.29,9,20
TeamB-70b74270-f655-43cc-a188-1ebc7a828b95,2021-03-16,1,-0,91.798,91.8,5.551,269,52.2,24.47,8,15
TeamB-70b74270-f655-43cc-a188-1ebc7a828b95,2021-03-18,1,-0,104.222,104.223,6.774,671.7,172.2,24.23,20,24
TeamB-70b74270-f655-43cc-a188-1ebc7a828b95,2021-03-19,1,-0,49.54,49.542,3.146,102.7,5.1,20.2,7,13
TeamB-70b74270-f655-43cc-a188-1ebc7a828b95,2021-03-22,1,0.0173,127.388,125.188,6.424,668.8,221.1,25.31,6,38
TeamB-70b74270-f655-43cc-a188-1ebc7a828b95,2021-03-23,1,2e-4,102.472,102.455,7.136,963.3,324,27.14,7,27
TeamB-70b74270-f655-43cc-a188-1ebc7a828b95,2021-03-25,1,-0,137.837,137.838,7.162,1162.8,532.1,26.97,10,25
TeamB-70b74270-f655-43cc-a188-1ebc7a828b95,2021-03-26,1,-0,118.162,118.163,4.144,172.9,19.7,21.38,7,10
TeamB-70b74270-f655-43cc-a188-1ebc7a828b95,2021-03-29,1,2e-4,128.208,128.188,7.649,839.7,321.5,25.8,3,20
TeamB-70b74270-f655-43cc-a188-1ebc7a828b95,2021-04-06,1,0.0154,143.37,141.167,4.165,252.8,84,26.33,3,9
TeamB-70b74270-f655-43cc-a188-1ebc7a828b95,2021-04-08,1,-0,118.837,118.838,7.04,948.8,344.8,27.83,12,26
TeamB-70b74270-f655-43cc-a188-1ebc7a828b95,2021-04-09,1,2e-4,106.103,106.087,4.377,235.4,81.7,27.38,13,16
TeamB-70b74270-f655-43cc-a188-1ebc7a828b95,2021-04-12,1,-0,112.407,112.408,8.361,1236.5,375.6,27.45,9,25
TeamB-70b74270-f655-43cc-a188-1ebc7a828b95,2021-04-13,1,-0,133.237,133.238,6.513,819.8,319.6,27.77,6,15
TeamB-70b74270-f655-43cc-a188-1ebc7a828b95,2021-04-15,1,-0,119.825,119.827,6.797,979.2,435.9,27.77,14,23
TeamB-70b74270-f655-43cc-a188-1ebc7a828b95,2021-04-16,1,-0,92.488,92.49,4.509,278.1,38.5,24.61,6,7
TeamB-70b74270-f655-43cc-a188-1ebc7a828b95,2021-04-19,1,-0,123.705,123.707,4.925,476.8,121.5,25.75,11,12
TeamB-70b74270-f655-43cc-a188-1ebc7a828b95,2021-04-20,1,-0,159.682,159.683,13.465,1928.7,668.1,28.39,19,26
TeamB-70b74270-f655-43cc-a188-1ebc7a828b95,2021-04-21,1,-0,69.388,69.39,1.672,13.6,0,16.32,2,1
TeamB-70b74270-f655-43cc-a188-1ebc7a828b95,2021-04-26,1,-0,88.323,88.325,4.054,158,7.4,20.55,6,9
TeamB-70b74270-f655-43cc-a188-1ebc7a828b95,2021-04-27,1,-0,139.262,139.263,7.353,1103.6,451.9,27.23,10,29
TeamB-70b74270-f655-43cc-a188-1ebc7a828b95,2021-04-29,1,-0,111.473,111.475,5.966,443.8,110.7,24.74,5,18
TeamB-70b74270-f655-43cc-a188-1ebc7a828b95,2021-04-30,1,-0,78.888,78.89,4.115,308,95.8,26.08,2,6
TeamB-70b74270-f655-43cc-a188-1ebc7a828b95,2021-05-01,1,-0,149.257,149.258,9.902,1150,435.2,28.14,6,28
TeamB-70b74270-f655-43cc-a188-1ebc7a828b95,2021-05-03,1,-0,75.02,75.022,3.868,169.8,12.1,21.55,4,6
TeamB-70b74270-f655-43cc-a188-1ebc7a828b95,2021-05-04,1,-0,131.905,131.907,8.343,1018.6,409.2,25.43,9,24
TeamB-70b74270-f655-43cc-a188-1ebc7a828b95,2021-05-05,1,-0,123.517,123.518,8.375,1210.5,415.8,27.71,16,33
TeamB-70b74270-f655-43cc-a188-1ebc7a828b95,2021-05-07,1,-0,105.205,105.207,3.968,249.1,70.6,25.3,10,11
TeamB-70b74270-f655-43cc-a188-1ebc7a828b95,2021-05-08,1,-0,158.772,158.773,12.131,1826.5,682.9,30.21,10,20
TeamB-70b74270-f655-43cc-a188-1ebc7a828b95,2021-05-10,1,-0,85.03,85.032,3.533,171.9,30.5,21.31,6,6
TeamB-70b74270-f655-43cc-a188-1ebc7a828b95,2021-05-11,1,-0,120.773,120.775,11.909,2067,796.9,29.43,9,35
TeamB-70b74270-f655-43cc-a188-1ebc7a828b95,2021-05-14,1,-0,91.298,91.3,4.429,286.6,77.1,26.69,10,15
TeamB-70b74270-f655-43cc-a188-1ebc7a828b95,2021-05-15,1,-0,125.268,125.27,12.057,2102,771.2,26.54,9,26
TeamB-70b74270-f655-43cc-a188-1ebc7a828b95,2021-05-18,1,-0,140.588,140.59,7.251,1451.3,597.7,27.17,6,14
TeamB-70b74270-f655-43cc-a188-1ebc7a828b95,2021-05-19,1,-0,140.557,140.558,6.54,985.8,499.6,27.62,9,20
TeamB-70b74270-f655-43cc-a188-1ebc7a828b95,2021-05-21,1,-0,84.393,84.395,3.763,250.8,44.9,25.51,9,17
TeamB-70b74270-f655-43cc-a188-1ebc7a828b95,2021-05-22,1,-0,144.965,144.967,10.898,1724.4,592.2,26.59,10,19
TeamB-70b74270-f655-43cc-a188-1ebc7a828b95,2021-05-24,1,-0,79.757,79.758,2.828,84.6,1.1,19.85,5,4
TeamB-70b74270-f655-43cc-a188-1ebc7a828b95,2021-05-25,1,-0,111.45,111.452,5.863,430,119.7,24.43,6,15
TeamB-70b74270-f655-43cc-a188-1ebc7a828b95,2021-05-26,1,-0,116.555,116.557,8.08,1075.6,396.7,25.42,12,18
TeamB-70b74270-f655-43cc-a188-1ebc7a828b95,2021-05-28,1,-0,105.825,105.827,3.739,209.6,44.6,24.3,9,10
TeamB-70b74270-f655-43cc-a188-1ebc7a828b95,2021-05-29,1,-0,145.737,145.738,11.055,1479.9,524.2,27.49,11,28
TeamB-70b74270-f655-43cc-a188-1ebc7a828b95,2021-06-01,1,-0,99.09,99.092,5.114,435.1,127.3,27.48,11,15
TeamB-70b74270-f655-43cc-a188-1ebc7a828b95,2021-06-02,1,-1e-4,28.743,28.745,0.942,12.7,0,17.69,1,0
TeamB-70b74270-f655-43cc-a188-1ebc7a828b95,2021-06-05,1,-0,137.005,137.007,12.013,1820.8,674.7,29.83,8,20
TeamB-70b74270-f655-43cc-a188-1ebc7a828b95,2021-06-20,1,-0,104.448,104.45,6.436,746.6,226.2,25.48,11,24
TeamB-70b74270-f655-43cc-a188-1ebc7a828b95,2021-06-21,1,-0,88.717,88.718,3.355,146.3,76.8,26.76,2,5
TeamB-70b74270-f655-43cc-a188-1ebc7a828b95,2021-06-22,1,-0,118.538,118.54,11.48,1747.1,689.6,28,13,19
TeamB-70b74270-f655-43cc-a188-1ebc7a828b95,2021-06-23,1,-0,83,83.002,2.811,0,0,12.03,0,0
TeamB-70b74270-f655-43cc-a188-1ebc7a828b95,2021-06-25,1,2e-4,84.59,84.572,3.508,310.1,139.1,26.7,5,4
TeamB-70b74270-f655-43cc-a188-1ebc7a828b95,2021-06-26,1,-0,52.473,52.475,4.974,734.8,227.7,27.08,7,17
TeamB-70b74270-f655-43cc-a188-1ebc7a828b95,2021-06-27,1,-0,84.907,84.908,3.859,177.3,49.1,24.39,10,9
TeamB-70b74270-f655-43cc-a188-1ebc7a828b95,2021-06-29,1,-0,90.915,90.917,3.497,282.8,85.2,25.8,10,9
TeamB-70b74270-f655-43cc-a188-1ebc7a828b95,2021-06-30,1,-0,139.92,139.922,9.129,1406.2,576.8,31.38,8,20
TeamB-70b74270-f655-43cc-a188-1ebc7a828b95,2021-07-01,1,-0,54.757,54.758,2.613,0.9,0,15.87,0,0
TeamB-70b74270-f655-43cc-a188-1ebc7a828b95,2021-07-03,1,-0,86.888,86.89,3.6,171.8,39.1,23.09,7,11
TeamB-70b74270-f655-43cc-a188-1ebc7a828b95,2021-07-04,1,-0,118.503,118.505,8.1,1191.1,445.9,24.82,11,27
TeamB-70b74270-f655-43cc-a188-1ebc7a828b95,2021-07-06,1,-0,96.377,96.378,3.17,71.3,0.6,19.57,5,9
TeamB-70b74270-f655-43cc-a188-1ebc7a828b95,2021-07-07,1,-0,122.502,122.503,7.719,1569.9,752.9,30.57,9,23
TeamB-70b74270-f655-43cc-a188-1ebc7a828b95,2021-07-09,1,-0,82.488,82.49,3.239,107.5,9.7,20.69,4,7
TeamB-70b74270-f655-43cc-a188-1ebc7a828b95,2021-07-10,1,4e-4,53.918,53.898,4.47,910.6,342.5,28.23,2,8
TeamB-70b74270-f655-43cc-a188-1ebc7a828b95,2021-07-11,1,3e-4,63.047,63.028,3.28,115.3,26.2,24.7,5,13
TeamB-70b74270-f655-43cc-a188-1ebc7a828b95,2021-07-13,1,2e-4,80.007,79.99,3.59,348,153.4,27.59,5,9
TeamB-70b74270-f655-43cc-a188-1ebc7a828b95,2021-07-14,1,-0,148.457,148.458,0.333,0,0,6.27,0,0
TeamB-70b74270-f655-43cc-a188-1ebc7a828b95,2021-07-31,1,-0,121.755,121.757,6.689,653.7,208.1,25.81,7,15
TeamB-70b74270-f655-43cc-a188-1ebc7a828b95,2021-08-01,1,2e-4,89.34,89.32,4.749,230.9,78.7,24.72,5,9
TeamB-70b74270-f655-43cc-a188-1ebc7a828b95,2021-08-02,1,3e-4,60.97,60.95,5.993,990.8,343,28.82,2,13
TeamB-70b74270-f655-43cc-a188-1ebc7a828b95,2021-08-03,1,2e-4,77.377,77.358,3.156,614.7,351.6,24.46,9,13
TeamB-70b74270-f655-43cc-a188-1ebc7a828b95,2021-08-05,1,-0,128.367,128.368,7.465,939.3,355.9,25.02,11,22
TeamB-70b74270-f655-43cc-a188-1ebc7a828b95,2021-08-06,1,4e-4,80.882,80.85,3.836,224.2,58.4,24,6,8
TeamB-70b74270-f655-43cc-a188-1ebc7a828b95,2021-08-08,1,-0,90.623,90.625,4.262,282.8,45.7,23.43,12,10
TeamB-70b74270-f655-43cc-a188-1ebc7a828b95,2021-08-10,1,2e-4,104.223,104.205,4.842,392.4,133.1,26.24,13,24
TeamB-70b74270-f655-43cc-a188-1ebc7a828b95,2021-08-11,1,1e-4,151.388,151.372,12.504,1398.2,530.9,28.12,13,24
TeamB-70b74270-f655-43cc-a188-1ebc7a828b95,2021-08-13,1,2e-4,91.923,91.905,3.669,119.8,26.5,23.64,4,12
TeamB-70b74270-f655-43cc-a188-1ebc7a828b95,2021-08-14,1,2e-4,87.67,87.65,6.472,1240,522,28.77,5,17
TeamB-70b74270-f655-43cc-a188-1ebc7a828b95,2021-08-17,1,-0,60.763,60.765,3.674,513.6,185.9,27.32,6,9
TeamB-70b74270-f655-43cc-a188-1ebc7a828b95,2021-08-18,1,-0,128.337,128.338,8.603,1001.5,353.5,28.53,3,11
TeamB-70b74270-f655-43cc-a188-1ebc7a828b95,2021-08-20,1,-0,73.888,73.89,3.62,225.7,86.5,27.69,0,7
TeamB-70b74270-f655-43cc-a188-1ebc7a828b95,2021-08-21,1,-0,171.357,171.358,11.306,1862.7,755.6,27.66,10,21
TeamB-70b74270-f655-43cc-a188-1ebc7a828b95,2021-08-23,1,-0,87.473,87.475,3.554,208.6,64.5,27.17,7,6
TeamB-70b74270-f655-43cc-a188-1ebc7a828b95,2021-08-24,1,3e-4,85.923,85.902,6.16,953.5,389.1,27.99,8,12
TeamB-70b74270-f655-43cc-a188-1ebc7a828b95,2021-08-26,1,2e-4,111.057,111.037,5.518,534,214.3,26.58,12,20
TeamB-70b74270-f655-43cc-a188-1ebc7a828b95,2021-08-27,1,-0,100.557,100.558,3.889,170.3,54.8,23.73,4,6
TeamB-70b74270-f655-43cc-a188-1ebc7a828b95,2021-08-28,1,1e-4,175.04,175.022,10.364,1250.2,393.2,28.11,8,19
TeamB-70b74270-f655-43cc-a188-1ebc7a828b95,2021-08-30,1,3e-4,80.603,80.582,4.106,191.6,25,23.07,0,7
TeamB-70b74270-f655-43cc-a188-1ebc7a828b95,2021-08-31,1,-0,86.133,86.135,3.735,185.2,41.5,21.81,7,6
TeamB-70b74270-f655-43cc-a188-1ebc7a828b95,2021-09-01,1,2e-4,97.555,97.535,6.763,1493.1,753.8,30.37,8,13
TeamB-70b74270-f655-43cc-a188-1ebc7a828b95,2021-09-03,1,-0,89.49,89.492,2.982,189.8,79.1,23.13,6,12
TeamB-70b74270-f655-43cc-a188-1ebc7a828b95,2021-09-04,1,2e-4,128.848,128.817,9.103,1459.2,483.3,30.61,9,21
TeamB-70b74270-f655-43cc-a188-1ebc7a828b95,2021-09-07,1,3e-4,63.99,63.973,3.059,171.7,15.5,24.24,1,10
TeamB-70b74270-f655-43cc-a188-1ebc7a828b95,2021-09-08,1,2e-4,88.388,88.368,6.948,1334.7,571.2,27.98,9,14
TeamB-70b74270-f655-43cc-a188-1ebc7a828b95,2021-09-10,1,3e-4,64.49,64.47,2.134,0,0,13.08,0,1
TeamB-70b74270-f655-43cc-a188-1ebc7a828b95,2021-09-11,1,2e-4,104.988,104.972,5.807,1193.7,416.7,24.62,3,14
TeamB-70b74270-f655-43cc-a188-1ebc7a828b95,2021-09-24,1,1e-4,112.055,112.038,6.848,673.9,192.8,25.77,8,20
TeamB-70b74270-f655-43cc-a188-1ebc7a828b95,2021-09-25,1,-0,102.472,102.473,3.366,182.4,51.4,26.61,4,13
TeamB-70b74270-f655-43cc-a188-1ebc7a828b95,2021-09-26,1,1e-4,176.423,176.407,11.626,1636.5,469.9,27.51,13,23
TeamB-70b74270-f655-43cc-a188-1ebc7a828b95,2021-10-02,1,-0,99.165,99.167,2.797,298.4,118,26.57,4,14
TeamB-70b74270-f655-43cc-a188-1ebc7a828b95,2021-10-05,1,-0,118.99,118.992,8.113,1030,347.8,27.02,16,35
TeamB-70b74270-f655-43cc-a188-1ebc7a828b95,2021-10-06,1,-0,122.528,122.53,7.362,684.1,146.9,24.37,16,27
TeamB-70b74270-f655-43cc-a188-1ebc7a828b95,2021-10-08,1,-0,90.005,90.007,3.293,251.7,96.7,24.06,10,18
TeamB-70b74270-f655-43cc-a188-1ebc7a828b95,2021-10-09,1,-0,135.223,135.225,12.239,2254.8,809.8,27.91,15,34
TeamB-70b74270-f655-43cc-a188-1ebc7a828b95,2021-10-12,1,-0,115.69,115.692,6.965,711.9,187.4,25.51,11,29
TeamB-70b74270-f655-43cc-a188-1ebc7a828b95,2021-10-13,1,-0,129.405,129.407,7.48,770,182.6,25.31,16,30
TeamB-70b74270-f655-43cc-a188-1ebc7a828b95,2021-10-15,1,-0,107.922,107.923,5.888,659.5,244.5,26.81,10,27
TeamB-70b74270-f655-43cc-a188-1ebc7a828b95,2021-10-16,1,-0,57.078,57.08,2.822,108.9,0.6,19.81,5,10
TeamB-70b74270-f655-43cc-a188-1ebc7a828b95,2021-10-17,1,-0,129.338,129.34,12.13,2094.6,986,29.31,5,40
TeamB-70b74270-f655-43cc-a188-1ebc7a828b95,2021-10-29,1,-0,121.037,121.038,7.819,772.6,253.1,26.93,15,16
TeamB-70b74270-f655-43cc-a188-1ebc7a828b95,2021-10-30,1,-0,102.005,102.007,4.425,255.3,83.6,27.83,7,8
TeamB-70b74270-f655-43cc-a188-1ebc7a828b95,2021-10-31,1,-0,146.818,146.82,11.839,1889.5,744.9,29.41,9,30
TeamB-70b74270-f655-43cc-a188-1ebc7a828b95,2021-11-03,1,-0,85.373,85.375,4.994,281.2,36.7,22.45,5,17
TeamB-70b74270-f655-43cc-a188-1ebc7a828b95,2021-11-04,1,-0,99.455,99.457,6.395,787.9,305.4,27.66,15,19
TeamB-70b74270-f655-43cc-a188-1ebc7a828b95,2021-11-06,1,-0,84.722,84.723,3.674,158.6,33.8,23.25,7,16
TeamB-70b74270-f655-43cc-a188-1ebc7a828b95,2021-11-07,1,-0,129.503,129.505,12.665,2095,722.2,28.15,11,30
TeamB-70b74270-f655-43cc-a188-1ebc7a828b95,2021-11-12,1,-0,77.948,77.95,4.873,496.6,143.7,26.15,5,15
TeamB-70b74270-f655-43cc-a188-1ebc7a828b95,2021-11-13,1,-0,121.537,121.538,11.209,2058.6,865.3,28.51,10,26
TeamB-70b74270-f655-43cc-a188-1ebc7a828b95,2021-11-15,1,-0,85.603,85.605,4.716,235.3,73.4,26.3,9,19
TeamB-789547e7-1325-4153-a98d-5ecd497f3668,2020-06-01,1,-0,119.337,119.338,3.09,7.9,1.1,19.96,6,10
TeamB-789547e7-1325-4153-a98d-5ecd497f3668,2020-06-02,1,-0,95.423,95.425,3.289,91.9,66.7,25.51,5,8
TeamB-789547e7-1325-4153-a98d-5ecd497f3668,2020-06-03,1,-0,64.027,64.028,1.949,2.9,0,17.58,2,4
TeamB-789547e7-1325-4153-a98d-5ecd497f3668,2020-06-04,1,-0,112.022,112.023,4.542,124.5,55.7,24.61,11,10
TeamB-789547e7-1325-4153-a98d-5ecd497f3668,2020-06-05,1,-0,123.405,123.407,3.06,8.1,0,17.22,7,20
TeamB-789547e7-1325-4153-a98d-5ecd497f3668,2020-06-08,1,-0,131.94,131.942,3.692,27,1.7,19.92,12,19
TeamB-789547e7-1325-4153-a98d-5ecd497f3668,2020-06-09,1,-0,130.34,130.342,4.689,120,57.5,23.79,4,7
TeamB-789547e7-1325-4153-a98d-5ecd497f3668,2020-06-10,1,-0,144.282,144.283,3.869,277.2,139.4,28.49,9,6
TeamB-789547e7-1325-4153-a98d-5ecd497f3668,2020-06-11,1,-0,66.353,66.355,1.591,1.8,0,15.92,5,12
TeamB-789547e7-1325-4153-a98d-5ecd497f3668,2020-06-12,1,-0,95.933,95.935,3.275,5.2,0,16.88,10,9
TeamB-789547e7-1325-4153-a98d-5ecd497f3668,2020-06-13,1,-0,114.49,114.492,4.517,41.4,4,20.01,10,12
TeamB-789547e7-1325-4153-a98d-5ecd497f3668,2020-06-16,1,-0,129.38,129.382,3.973,0.9,0,15.84,12,22
TeamB-789547e7-1325-4153-a98d-5ecd497f3668,2020-06-17,1,-0,97.14,97.142,2.632,52.7,5.7,20.98,2,4
TeamB-789547e7-1325-4153-a98d-5ecd497f3668,2020-06-18,1,-0,104.922,104.923,3.66,122.3,61.9,25.59,8,17
TeamB-789547e7-1325-4153-a98d-5ecd497f3668,2020-06-22,1,-0,100.54,100.542,2.977,1.9,0,16.76,8,7
TeamB-789547e7-1325-4153-a98d-5ecd497f3668,2020-06-23,1,-0,120.42,120.422,4.372,35.8,1.7,19.99,5,7
TeamB-789547e7-1325-4153-a98d-5ecd497f3668,2020-06-25,1,-0,91.023,91.025,2.536,11.1,0.6,19.79,11,10
TeamB-789547e7-1325-4153-a98d-5ecd497f3668,2020-06-26,1,-0,84.59,84.592,2.376,6,0,16.48,7,6
TeamB-789547e7-1325-4153-a98d-5ecd497f3668,2020-06-27,1,-0,123.655,123.657,4.087,34.6,10.2,22.81,3,4
TeamB-789547e7-1325-4153-a98d-5ecd497f3668,2020-06-29,1,-0,75.57,75.572,2.808,25.9,2.2,19.98,8,8
TeamB-789547e7-1325-4153-a98d-5ecd497f3668,2020-06-30,1,-0,111.037,111.038,2.948,16.2,0,17.8,8,10
TeamB-789547e7-1325-4153-a98d-5ecd497f3668,2020-07-01,1,-0,79.622,79.623,1.867,12.9,0.6,19.76,5,4
TeamB-789547e7-1325-4153-a98d-5ecd497f3668,2020-07-02,1,-0,96.933,96.935,2.029,0.5,0,15.19,14,17
TeamB-789547e7-1325-4153-a98d-5ecd497f3668,2020-07-03,1,-0,87.373,87.375,2.053,4.1,0,16.43,4,1
TeamB-789547e7-1325-4153-a98d-5ecd497f3668,2020-07-04,1,-0,119.55,119.552,4.655,82.2,16,21.7,5,10
TeamB-789547e7-1325-4153-a98d-5ecd497f3668,2020-07-07,1,-0,101.54,101.542,3.042,2.8,0,17.05,5,6
TeamB-789547e7-1325-4153-a98d-5ecd497f3668,2020-07-08,1,-0,84.92,84.922,2.244,24,2.3,20.35,4,4
TeamB-789547e7-1325-4153-a98d-5ecd497f3668,2020-07-09,1,-0,94.038,94.04,2.744,11.4,0.6,19.65,8,9
TeamB-789547e7-1325-4153-a98d-5ecd497f3668,2020-07-10,1,-0,122.885,122.887,4.431,47,16.3,24.34,2,5
TeamB-789547e7-1325-4153-a98d-5ecd497f3668,2020-07-14,1,-0,132.855,132.857,3.12,32.3,0,17.27,13,17
TeamB-789547e7-1325-4153-a98d-5ecd497f3668,2020-07-15,1,-0,109.588,109.59,2.823,10.1,0,18.26,6,10
TeamB-789547e7-1325-4153-a98d-5ecd497f3668,2020-07-16,1,-0,108.03,108.032,3.53,18,0,18.47,14,11
TeamB-789547e7-1325-4153-a98d-5ecd497f3668,2020-07-17,1,-0,100.99,100.992,2.797,2.9,0,17.59,8,13
TeamB-789547e7-1325-4153-a98d-5ecd497f3668,2020-07-18,1,-0,119.038,119.04,4.671,51.2,11.6,21.33,2,3
TeamB-789547e7-1325-4153-a98d-5ecd497f3668,2020-07-21,1,-0,116.855,116.857,4.644,268.9,105,24.32,12,8
TeamB-789547e7-1325-4153-a98d-5ecd497f3668,2020-07-22,1,-0,92.972,92.973,2.425,0.5,0,15.75,4,4
TeamB-789547e7-1325-4153-a98d-5ecd497f3668,2020-07-23,1,-0,92.927,92.928,2.783,20,0,17.55,5,3
TeamB-789547e7-1325-4153-a98d-5ecd497f3668,2020-07-24,1,-0,129.522,129.523,4.695,73.3,10.9,20.87,4,4
TeamB-789547e7-1325-4153-a98d-5ecd497f3668,2020-07-27,1,-0,70.422,70.423,2.067,2.8,0,14.66,20,20
TeamB-789547e7-1325-4153-a98d-5ecd497f3668,2020-07-28,1,-0,110.432,110.433,3.38,5.7,0,17.83,11,12
TeamB-789547e7-1325-4153-a98d-5ecd497f3668,2020-07-29,1,-0,95.228,95.23,2.245,16.6,1.1,19.04,3,9
TeamB-789547e7-1325-4153-a98d-5ecd497f3668,2020-07-31,1,-0,97.113,97.115,2.696,0.9,0,15.63,3,6
TeamB-789547e7-1325-4153-a98d-5ecd497f3668,2020-08-01,1,-0,130.055,130.057,4.773,26.6,2.3,20.42,4,5
TeamB-789547e7-1325-4153-a98d-5ecd497f3668,2020-08-03,1,-0,78.553,78.555,2.517,0,0,14.57,4,15
TeamB-789547e7-1325-4153-a98d-5ecd497f3668,2020-08-04,1,-0,104.038,104.04,3.13,1.4,0,14.66,14,11
TeamB-789547e7-1325-4153-a98d-5ecd497f3668,2020-08-05,1,-0,72.713,72.715,2.506,4.7,0,17.43,8,6
TeamB-789547e7-1325-4153-a98d-5ecd497f3668,2020-08-06,1,-0,98.002,98.003,3.069,9.7,0,16.97,8,7
TeamB-789547e7-1325-4153-a98d-5ecd497f3668,2020-08-07,1,-0,120.4,120.402,3.961,42.2,1.7,19.84,3,4
TeamB-789547e7-1325-4153-a98d-5ecd497f3668,2020-08-10,1,-0,104.99,104.992,3.06,8,2.9,20.38,9,11
TeamB-789547e7-1325-4153-a98d-5ecd497f3668,2020-08-11,1,-0,88.385,88.387,2.242,21.1,0,17.6,6,5
TeamB-789547e7-1325-4153-a98d-5ecd497f3668,2020-08-12,1,-0,134.003,134.005,4.912,51.6,7.8,22.96,3,3
TeamB-789547e7-1325-4153-a98d-5ecd497f3668,2020-08-14,1,-0,73.99,73.992,2.33,4.2,0,17.11,7,7
TeamB-789547e7-1325-4153-a98d-5ecd497f3668,2020-08-15,1,-0,78.877,78.878,1.968,6,0,16.45,5,6
TeamB-789547e7-1325-4153-a98d-5ecd497f3668,2020-08-19,1,-0,94.87,94.872,3.216,30.2,1.1,19.89,12,23
TeamB-789547e7-1325-4153-a98d-5ecd497f3668,2020-08-20,1,-0,119.02,119.022,3.644,13.3,3.4,20.43,8,5
TeamB-789547e7-1325-4153-a98d-5ecd497f3668,2020-08-21,1,-0,82.582,82.583,2.427,2.8,0,16.66,3,5
TeamB-789547e7-1325-4153-a98d-5ecd497f3668,2020-08-24,1,-0,89.19,89.192,2.861,7.1,0,17.57,9,7
TeamB-789547e7-1325-4153-a98d-5ecd497f3668,2020-08-25,1,-0,80.322,80.323,1.931,0,0,15.09,6,5
TeamB-789547e7-1325-4153-a98d-5ecd497f3668,2020-08-27,1,-0,96.625,96.627,2.331,68.9,0,19.66,5,19
TeamB-789547e7-1325-4153-a98d-5ecd497f3668,2020-08-29,1,-0,77.437,77.438,2.095,1.4,0,16.06,3,4
TeamB-789547e7-1325-4153-a98d-5ecd497f3668,2020-09-02,1,-0,102.24,102.242,2.875,4.6,1.7,20.06,5,12
TeamB-789547e7-1325-4153-a98d-5ecd497f3668,2020-09-03,1,-0,90.227,90.228,2.478,9.4,0,18.84,4,4
TeamB-789547e7-1325-4153-a98d-5ecd497f3668,2020-09-04,1,-0,84.373,84.375,2.374,1.4,0,15.56,4,10
TeamB-789547e7-1325-4153-a98d-5ecd497f3668,2020-09-08,1,-0,107.65,107.652,3.243,15.4,0,18.05,7,5
TeamB-789547e7-1325-4153-a98d-5ecd497f3668,2020-09-09,1,-0,102.405,102.407,2.458,8.6,0.6,19.32,5,7
TeamB-789547e7-1325-4153-a98d-5ecd497f3668,2020-09-11,1,-0,74.31,74.312,2.653,32.6,9.3,21.26,5,4
TeamB-789547e7-1325-4153-a98d-5ecd497f3668,2020-09-21,1,-0,124.563,124.565,3.722,8.3,0,16.9,6,28
TeamB-789547e7-1325-4153-a98d-5ecd497f3668,2020-09-22,1,-0,117.177,117.178,3.432,212.9,17.3,21.47,12,22
TeamB-789547e7-1325-4153-a98d-5ecd497f3668,2020-09-24,1,-0,123.415,123.417,4.138,11.4,0,18.03,12,21
TeamB-789547e7-1325-4153-a98d-5ecd497f3668,2020-09-25,1,-0,107.483,107.485,3.559,8.8,0,17.35,15,7
TeamB-789547e7-1325-4153-a98d-5ecd497f3668,2020-09-26,1,-0,79.098,79.1,2.653,7.4,0,16.52,12,10
TeamB-789547e7-1325-4153-a98d-5ecd497f3668,2020-09-29,1,-0,76.508,76.51,2.309,5.2,0,15.68,8,13
TeamB-789547e7-1325-4153-a98d-5ecd497f3668,2020-09-30,1,-0,121.282,121.283,3.971,9.8,0,18.76,9,10
TeamB-789547e7-1325-4153-a98d-5ecd497f3668,2020-10-01,1,-0,106.947,106.948,3.374,9.4,0,17.18,9,10
TeamB-789547e7-1325-4153-a98d-5ecd497f3668,2020-10-02,1,-0,113.355,113.357,3.905,29.2,1.1,19.69,10,11
TeamB-789547e7-1325-4153-a98d-5ecd497f3668,2020-10-05,1,-0,130.307,130.308,5.016,13.7,0,18.65,9,10
TeamB-789547e7-1325-4153-a98d-5ecd497f3668,2020-10-06,1,-0,92.033,92.035,3.301,3.8,0,17.14,12,12
TeamB-789547e7-1325-4153-a98d-5ecd497f3668,2020-10-07,1,1e-4,156.505,156.488,7.024,72.6,9.8,21.13,6,6
TeamB-789547e7-1325-4153-a98d-5ecd497f3668,2020-10-08,1,-0,67.14,67.142,1.916,1.4,0,15.32,5,4
TeamB-789547e7-1325-4153-a98d-5ecd497f3668,2020-10-14,1,2e-4,90.655,90.638,2.857,4.9,0,18.37,3,10
TeamB-789547e7-1325-4153-a98d-5ecd497f3668,2020-10-16,1,-0,122.458,122.46,4.086,48.7,0,18.06,5,10
TeamB-789547e7-1325-4153-a98d-5ecd497f3668,2020-10-17,1,-0,59.995,59.997,2.287,1.8,0,15.71,5,10
TeamB-789547e7-1325-4153-a98d-5ecd497f3668,2020-10-21,1,-0,91.013,91.015,2.892,0,0,14.47,8,5
TeamB-789547e7-1325-4153-a98d-5ecd497f3668,2020-10-22,1,-0,119.272,119.273,4.393,94.3,16.3,25.76,10,9
TeamB-789547e7-1325-4153-a98d-5ecd497f3668,2020-10-23,1,-0,99.42,99.422,2.597,7.4,0,16.69,3,8
TeamB-789547e7-1325-4153-a98d-5ecd497f3668,2020-10-26,1,-0,109.717,109.718,4.281,83.2,1.7,19.58,8,2
TeamB-789547e7-1325-4153-a98d-5ecd497f3668,2020-10-27,1,-0,112.473,112.475,4.069,6,0.6,18.85,8,13
TeamB-789547e7-1325-4153-a98d-5ecd497f3668,2020-10-29,1,-0,91.505,91.507,3.073,110.9,52.5,23.08,6,5
TeamB-789547e7-1325-4153-a98d-5ecd497f3668,2020-10-30,1,-0,103.81,103.812,3.985,39,0,18.07,8,6
TeamB-789547e7-1325-4153-a98d-5ecd497f3668,2020-10-31,1,-0,82.123,82.125,2.259,8.7,1.7,20.1,5,5
TeamB-789547e7-1325-4153-a98d-5ecd497f3668,2020-11-02,1,-0,77.532,77.533,3.055,49.2,1.2,18.82,6,8
TeamB-789547e7-1325-4153-a98d-5ecd497f3668,2020-11-03,1,2e-4,84.025,84.008,2.302,3.4,0,16.99,4,7
TeamB-789547e7-1325-4153-a98d-5ecd497f3668,2020-11-04,1,-0,124.987,124.988,3.962,18.7,0,19.07,1,0
TeamB-789547e7-1325-4153-a98d-5ecd497f3668,2020-11-06,1,-0,88.652,88.653,2.347,6.5,0,17.24,4,11
TeamB-789547e7-1325-4153-a98d-5ecd497f3668,2020-11-10,1,2e-4,74.265,74.248,2.795,2.2,0,16.08,3,12
TeamB-789547e7-1325-4153-a98d-5ecd497f3668,2020-11-11,1,-0,118.655,118.657,5.342,30.3,0,18.83,4,6
TeamB-789547e7-1325-4153-a98d-5ecd497f3668,2020-11-12,1,-0,65.927,65.928,2.535,22.7,0.6,19.03,17,14
TeamB-789547e7-1325-4153-a98d-5ecd497f3668,2020-11-14,1,-0,116.21,116.212,4.389,33.8,1.2,18.36,10,15
TeamB-789547e7-1325-4153-a98d-5ecd497f3668,2020-11-15,1,-0,107.607,107.608,2.729,5.6,0,16.24,4,19
TeamB-789547e7-1325-4153-a98d-5ecd497f3668,2020-11-16,1,-0,61.967,61.968,1.541,0,0,13.61,5,7
TeamB-789547e7-1325-4153-a98d-5ecd497f3668,2020-11-21,1,-0,62.232,62.233,1.893,14.5,0,18.27,6,9
TeamB-789547e7-1325-4153-a98d-5ecd497f3668,2020-11-22,1,-0,119.887,119.888,4.812,19.3,0,17.85,6,10
TeamB-789547e7-1325-4153-a98d-5ecd497f3668,2020-11-30,1,-0,98.155,98.157,2.919,1.4,0,15.9,2,12
TeamB-789547e7-1325-4153-a98d-5ecd497f3668,2020-12-01,1,-0,83.855,83.857,2.505,11.6,0,17.56,2,9
TeamB-789547e7-1325-4153-a98d-5ecd497f3668,2020-12-02,1,-0,80.395,80.397,1.98,0,0,13.21,4,5
TeamB-789547e7-1325-4153-a98d-5ecd497f3668,2020-12-04,1,-0,101.978,101.98,3.405,34.3,0,18.55,5,11
TeamB-789547e7-1325-4153-a98d-5ecd497f3668,2020-12-05,1,2e-4,79.442,79.425,2.689,0.9,0,14.48,9,9
TeamB-789547e7-1325-4153-a98d-5ecd497f3668,2020-12-08,1,2e-4,70.538,70.522,2.466,25.8,0,18.6,2,5
TeamB-789547e7-1325-4153-a98d-5ecd497f3668,2020-12-09,1,3e-4,66.405,66.388,2.183,0,0,14.39,5,5
TeamB-789547e7-1325-4153-a98d-5ecd497f3668,2020-12-10,1,2e-4,75.938,75.922,3.252,10.3,0,18.65,22,14
TeamB-789547e7-1325-4153-a98d-5ecd497f3668,2020-12-12,1,2e-4,68.847,68.83,2.134,0.4,0,15.11,1,7
TeamB-789547e7-1325-4153-a98d-5ecd497f3668,2021-02-01,1,-0,107.825,107.827,3.767,32.4,0,18.86,1,10
TeamB-789547e7-1325-4153-a98d-5ecd497f3668,2021-02-04,1,-0,55.603,55.605,2.635,4.5,0,16.29,1,1
TeamB-789547e7-1325-4153-a98d-5ecd497f3668,2021-02-08,1,-0,100.022,100.023,3.311,26.4,1.1,19.5,6,12
TeamB-789547e7-1325-4153-a98d-5ecd497f3668,2021-02-10,1,-0,60.922,60.923,2.531,0,0,14.18,6,4
TeamB-789547e7-1325-4153-a98d-5ecd497f3668,2021-02-11,1,1e-4,174.43,174.413,8.056,19.6,0.6,19.4,5,13
TeamB-789547e7-1325-4153-a98d-5ecd497f3668,2021-02-20,1,-0,74.623,74.625,2.803,7,0,17.94,9,11
TeamB-789547e7-1325-4153-a98d-5ecd497f3668,2021-02-21,1,-0,102.838,102.84,3.658,18.9,0,17.4,13,4
TeamB-789547e7-1325-4153-a98d-5ecd497f3668,2021-02-24,1,-0,95.283,95.285,3.18,0,0,14.79,4,18
TeamB-789547e7-1325-4153-a98d-5ecd497f3668,2021-02-25,1,-0,95.023,95.025,2.814,2.8,0,15.96,12,27
TeamB-789547e7-1325-4153-a98d-5ecd497f3668,2021-02-26,1,-0,107.24,107.242,3.071,9.5,0,18.04,3,7
TeamB-789547e7-1325-4153-a98d-5ecd497f3668,2021-03-01,1,-0,102.09,102.092,2.946,76,40.2,24.01,3,6
TeamB-789547e7-1325-4153-a98d-5ecd497f3668,2021-03-02,1,1e-4,130.007,129.988,4.375,1.9,0,15.51,10,24
TeamB-789547e7-1325-4153-a98d-5ecd497f3668,2021-03-05,1,-0,131.922,131.923,4.324,4.3,0,17.35,13,18
TeamB-789547e7-1325-4153-a98d-5ecd497f3668,2021-03-09,1,-0,125.667,125.668,4.289,4.2,0,17.12,17,15
TeamB-789547e7-1325-4153-a98d-5ecd497f3668,2021-03-12,1,-0,102.775,102.777,3.661,1.8,0,16.42,17,23
TeamB-789547e7-1325-4153-a98d-5ecd497f3668,2021-03-15,1,2e-4,98.72,98.702,3.092,4.2,0,15.94,10,22
TeamB-789547e7-1325-4153-a98d-5ecd497f3668,2021-03-16,1,-0,90.103,90.105,2.549,1.4,0,15.57,2,7
TeamB-789547e7-1325-4153-a98d-5ecd497f3668,2021-03-18,1,-0,106.263,106.265,2.951,0,0,15.06,4,6
TeamB-789547e7-1325-4153-a98d-5ecd497f3668,2021-03-19,1,-0,98.385,98.387,2.942,0.9,0,15.86,8,14
TeamB-789547e7-1325-4153-a98d-5ecd497f3668,2021-03-22,1,-0,118.178,118.18,3.85,119.5,28.6,21.95,3,13
TeamB-789547e7-1325-4153-a98d-5ecd497f3668,2021-03-23,1,-0,168.605,168.607,4.284,2.3,0,16.26,2,9
TeamB-789547e7-1325-4153-a98d-5ecd497f3668,2021-03-25,1,1e-4,142.673,142.655,3.403,0.5,0,14.98,17,19
TeamB-789547e7-1325-4153-a98d-5ecd497f3668,2021-03-26,1,-0,85.908,85.91,2.498,10.6,0,18.53,7,5
TeamB-789547e7-1325-4153-a98d-5ecd497f3668,2021-03-29,1,-0,132.857,132.858,4.588,142.1,26.9,22.74,5,4
TeamB-789547e7-1325-4153-a98d-5ecd497f3668,2021-03-30,1,-0,126.188,126.19,3.786,14.3,0,18.74,16,23
TeamB-789547e7-1325-4153-a98d-5ecd497f3668,2021-03-31,1,-0,134.39,134.392,2.941,16.7,0,19.26,5,10
TeamB-789547e7-1325-4153-a98d-5ecd497f3668,2021-04-06,1,-0,120.228,120.23,3.82,136.9,0,18.4,16,9
TeamB-789547e7-1325-4153-a98d-5ecd497f3668,2021-04-08,1,2e-4,122.842,122.822,4.278,213.5,150.2,28.16,5,2
TeamB-789547e7-1325-4153-a98d-5ecd497f3668,2021-04-09,1,-0,81.953,81.955,1.402,0.4,0,15.51,3,9
TeamB-789547e7-1325-4153-a98d-5ecd497f3668,2021-04-12,1,1e-4,149.188,149.172,6.143,328.2,87.6,25.79,8,3
TeamB-789547e7-1325-4153-a98d-5ecd497f3668,2021-04-13,1,-0,129.322,129.323,4.16,13.7,0,18.12,10,9
TeamB-789547e7-1325-4153-a98d-5ecd497f3668,2021-04-15,1,-0,136.877,136.878,3.989,21.7,1.7,19.7,4,15
TeamB-789547e7-1325-4153-a98d-5ecd497f3668,2021-04-16,1,-0,106.487,106.488,3.219,6.5,0,16.54,14,17
TeamB-789547e7-1325-4153-a98d-5ecd497f3668,2021-04-19,1,-0,120.333,120.335,3.056,0.5,0,15,3,6
TeamB-789547e7-1325-4153-a98d-5ecd497f3668,2021-04-21,1,-0,115.22,115.222,3.233,2.9,0,17.39,4,9
TeamB-789547e7-1325-4153-a98d-5ecd497f3668,2021-04-26,1,2e-4,80.473,80.455,2.698,0,0,14.46,2,2
TeamB-789547e7-1325-4153-a98d-5ecd497f3668,2021-04-27,1,-0,126.488,126.49,4.355,97.7,0,18.87,20,22
TeamB-789547e7-1325-4153-a98d-5ecd497f3668,2021-04-29,1,-0,115.053,115.055,4.789,186.9,37.4,22.9,16,8
TeamB-789547e7-1325-4153-a98d-5ecd497f3668,2021-04-30,1,1e-4,155.837,155.82,4.932,5.2,0,17.69,5,5
TeamB-789547e7-1325-4153-a98d-5ecd497f3668,2021-05-01,1,1e-4,123.403,123.387,6.049,116.5,26.9,22.95,2,7
TeamB-789547e7-1325-4153-a98d-5ecd497f3668,2021-05-03,1,2e-4,93.505,93.487,2.394,4.1,0,16.14,5,7
TeamB-789547e7-1325-4153-a98d-5ecd497f3668,2021-05-05,1,1e-4,137.162,137.142,4.534,235,121.8,26.08,15,9
TeamB-789547e7-1325-4153-a98d-5ecd497f3668,2021-05-07,1,2e-4,87.407,87.388,2.286,0.5,0,13.77,2,3
TeamB-789547e7-1325-4153-a98d-5ecd497f3668,2021-05-10,1,-0,73.392,73.393,2.601,1.4,0,15.81,13,15
TeamB-789547e7-1325-4153-a98d-5ecd497f3668,2021-05-11,1,2e-4,115.378,115.36,5.863,75.5,5.3,21.69,5,14
TeamB-789547e7-1325-4153-a98d-5ecd497f3668,2021-05-12,1,-0,96.065,96.067,1.992,1.9,0,16.08,11,11
TeamB-789547e7-1325-4153-a98d-5ecd497f3668,2021-05-15,1,-0,121.005,121.007,6.484,68,0,19.19,2,11
TeamB-789547e7-1325-4153-a98d-5ecd497f3668,2021-05-18,1,1e-4,130.99,130.972,3.83,10.6,1.7,20.45,5,7
TeamB-789547e7-1325-4153-a98d-5ecd497f3668,2021-05-19,1,-0,126.107,126.108,3.754,25.9,0,19.24,8,4
TeamB-789547e7-1325-4153-a98d-5ecd497f3668,2021-05-21,1,2e-4,89.888,89.87,2.633,0,0,13.49,3,5
TeamB-789547e7-1325-4153-a98d-5ecd497f3668,2021-05-22,1,-0,151.44,151.442,6.016,79.8,9.2,21.22,6,13
TeamB-789547e7-1325-4153-a98d-5ecd497f3668,2021-05-24,1,1e-4,123.185,123.167,3.691,25.2,0,17.93,4,8
TeamB-789547e7-1325-4153-a98d-5ecd497f3668,2021-05-25,1,-0,100.617,100.618,3.449,38.3,0,18.09,11,13
TeamB-789547e7-1325-4153-a98d-5ecd497f3668,2021-05-26,1,-0,118.353,118.355,4.606,20.8,0,17.23,20,6
TeamB-789547e7-1325-4153-a98d-5ecd497f3668,2021-05-28,1,2e-4,92.007,91.99,2.71,6.9,0,16.92,12,10
TeamB-789547e7-1325-4153-a98d-5ecd497f3668,2021-05-29,1,-0,126.537,126.538,5.76,89.8,10.8,20.41,5,2
TeamB-789547e7-1325-4153-a98d-5ecd497f3668,2021-05-31,1,-0,73.617,73.618,2.645,8.3,0,17.44,9,14
TeamB-789547e7-1325-4153-a98d-5ecd497f3668,2021-06-01,1,2e-4,121.005,120.987,3.288,2.8,0,16.5,5,9
TeamB-789547e7-1325-4153-a98d-5ecd497f3668,2021-06-02,1,1e-4,151.687,151.667,4.387,10.3,0,17.91,6,7
TeamB-789547e7-1325-4153-a98d-5ecd497f3668,2021-06-04,1,-0,94.905,94.907,2.793,0,0,15.48,7,9
TeamB-789547e7-1325-4153-a98d-5ecd497f3668,2021-06-07,1,-0,97.587,97.588,3.821,1.4,0,15.61,5,3
TeamB-789547e7-1325-4153-a98d-5ecd497f3668,2021-06-14,1,2e-4,89.938,89.918,2.612,6.9,0,17.22,9,8
TeamB-789547e7-1325-4153-a98d-5ecd497f3668,2021-06-15,1,2e-4,120.472,120.452,2.927,0,0,14.45,12,11
TeamB-789547e7-1325-4153-a98d-5ecd497f3668,2021-06-17,1,2e-4,107.49,107.473,3.342,6.8,0.6,16.74,12,22
TeamB-789547e7-1325-4153-a98d-5ecd497f3668,2021-06-18,1,-0,62.507,62.508,1.963,126.8,50.9,24.55,7,5
TeamB-789547e7-1325-4153-a98d-5ecd497f3668,2021-06-20,1,1e-4,116.74,116.723,4.134,33.1,0,19.06,6,8
TeamB-789547e7-1325-4153-a98d-5ecd497f3668,2021-06-21,1,-0,90.94,90.942,2.437,2.8,0,16.37,10,13
TeamB-789547e7-1325-4153-a98d-5ecd497f3668,2021-06-23,1,-0,87.872,87.873,2.525,9.7,1.2,18.96,11,12
TeamB-789547e7-1325-4153-a98d-5ecd497f3668,2021-06-25,1,2e-4,85.057,85.038,2.626,6.6,1.2,19.97,7,9
TeamB-789547e7-1325-4153-a98d-5ecd497f3668,2021-06-27,1,-0,81.588,81.59,2.986,88.3,1.7,19.77,4,9
TeamB-789547e7-1325-4153-a98d-5ecd497f3668,2021-06-29,1,0.0059,92.557,92.013,3.261,4.2,0,16.48,11,14
TeamB-789547e7-1325-4153-a98d-5ecd497f3668,2021-07-01,1,-0,69.023,69.025,2.311,4.3,0.6,15.59,5,16
TeamB-789547e7-1325-4153-a98d-5ecd497f3668,2021-07-03,1,-0,85.157,85.158,2.597,3.2,0,16.1,7,5
TeamB-789547e7-1325-4153-a98d-5ecd497f3668,2021-07-06,1,-0,92.655,92.657,2.069,0.9,0,14.87,9,14
TeamB-789547e7-1325-4153-a98d-5ecd497f3668,2021-07-07,1,2e-4,119.872,119.853,4.806,156.3,53.6,24.95,5,4
TeamB-789547e7-1325-4153-a98d-5ecd497f3668,2021-07-09,1,2e-4,88.607,88.588,2.69,1.4,0,16.4,5,8
TeamB-789547e7-1325-4153-a98d-5ecd497f3668,2021-07-11,1,3e-4,63.473,63.452,2.431,36.9,9.1,20.41,4,0
TeamB-789547e7-1325-4153-a98d-5ecd497f3668,2021-07-13,1,3e-4,72.922,72.903,2.543,1.4,0,16.48,2,4
TeamB-789547e7-1325-4153-a98d-5ecd497f3668,2021-07-31,1,-0,121.867,121.868,6.348,902.9,218.2,26.36,13,35
TeamB-789547e7-1325-4153-a98d-5ecd497f3668,2021-08-01,1,3e-4,99.473,99.448,4.238,231.1,52.5,22.8,9,13
TeamB-789547e7-1325-4153-a98d-5ecd497f3668,2021-08-02,1,2e-4,111.423,111.398,6.339,459,73.6,22.98,8,14
TeamB-789547e7-1325-4153-a98d-5ecd497f3668,2021-08-03,1,4e-4,69.93,69.903,2.303,57,2.8,20.16,7,4
TeamB-789547e7-1325-4153-a98d-5ecd497f3668,2021-08-05,1,1e-4,126.423,126.405,3.108,37.7,3.4,20.14,9,4
TeamB-789547e7-1325-4153-a98d-5ecd497f3668,2021-08-06,1,-0,89.123,89.125,2.655,8.9,0,16.79,8,7
TeamB-789547e7-1325-4153-a98d-5ecd497f3668,2021-08-08,1,1e-4,139.797,139.78,3.716,49.4,18.3,22.1,5,7
TeamB-789547e7-1325-4153-a98d-5ecd497f3668,2021-08-10,1,2e-4,103.372,103.347,2.967,16.7,1.7,18.51,16,21
TeamB-789547e7-1325-4153-a98d-5ecd497f3668,2021-08-11,1,2e-4,122.133,122.112,5.628,51.9,1.7,20.15,5,2
TeamB-789547e7-1325-4153-a98d-5ecd497f3668,2021-08-13,1,3e-4,88.325,88.3,2.888,5.2,0,17.43,6,9
TeamB-789547e7-1325-4153-a98d-5ecd497f3668,2021-08-14,1,2e-4,134.903,134.88,6.288,496.5,108.1,22.23,9,8
TeamB-789547e7-1325-4153-a98d-5ecd497f3668,2021-08-17,1,-0,67.123,67.125,3.282,11.1,0,17.12,8,12
TeamB-789547e7-1325-4153-a98d-5ecd497f3668,2021-08-18,1,2e-4,146.74,146.712,5.999,45.5,0.6,19.28,1,2
TeamB-789547e7-1325-4153-a98d-5ecd497f3668,2021-08-19,1,2e-4,83.038,83.02,3.048,2.8,0,16.49,8,11
TeamB-789547e7-1325-4153-a98d-5ecd497f3668,2021-08-20,1,3e-4,73.905,73.885,2.801,3.6,0,15.95,8,10
TeamB-789547e7-1325-4153-a98d-5ecd497f3668,2021-08-23,1,2e-4,79.022,79.003,2.654,2.8,0,17.17,7,6
TeamB-789547e7-1325-4153-a98d-5ecd497f3668,2021-08-24,1,1e-4,126.49,126.472,5.46,53.8,8.9,22.63,3,6
TeamB-789547e7-1325-4153-a98d-5ecd497f3668,2021-08-27,1,2e-4,104.557,104.537,3.18,34.1,16.4,23.09,6,12
TeamB-789547e7-1325-4153-a98d-5ecd497f3668,2021-08-30,1,3e-4,84.867,84.842,3.677,123.2,15.6,21.5,3,5
TeamB-789547e7-1325-4153-a98d-5ecd497f3668,2021-08-31,1,2e-4,82.523,82.505,2.406,0.4,0,15.14,9,13
TeamB-789547e7-1325-4153-a98d-5ecd497f3668,2021-09-01,1,2e-4,116.988,116.967,5.684,108.1,59.6,26.6,5,6
TeamB-789547e7-1325-4153-a98d-5ecd497f3668,2021-09-03,1,4e-4,71.572,71.545,2.486,2.3,0,16.37,2,6
TeamB-789547e7-1325-4153-a98d-5ecd497f3668,2021-09-04,1,2e-4,133.872,133.845,6.105,56.9,18.3,24.89,8,6
TeamB-789547e7-1325-4153-a98d-5ecd497f3668,2021-09-07,1,3e-4,64.063,64.043,2.285,0,0,14.56,15,13
TeamB-789547e7-1325-4153-a98d-5ecd497f3668,2021-09-08,1,2e-4,131.555,131.533,5.601,85.9,18.1,24.28,3,7
TeamB-789547e7-1325-4153-a98d-5ecd497f3668,2021-09-10,1,4e-4,66.505,66.478,2.223,0.9,0,15.49,7,15
TeamB-789547e7-1325-4153-a98d-5ecd497f3668,2021-09-16,1,3e-4,99.877,99.85,3.017,2.8,0,16.19,19,26
TeamB-789547e7-1325-4153-a98d-5ecd497f3668,2021-09-17,1,3e-4,81.932,81.905,2.656,56.9,10.5,21.94,6,11
TeamB-789547e7-1325-4153-a98d-5ecd497f3668,2021-09-21,1,2e-4,125.555,125.528,4.325,73,1.1,19.58,9,16
TeamB-789547e7-1325-4153-a98d-5ecd497f3668,2021-09-22,1,2e-4,127.775,127.755,2.816,11.3,0,18.62,6,13
TeamB-789547e7-1325-4153-a98d-5ecd497f3668,2021-09-24,1,-0,97.92,97.922,3.309,39.1,11.3,22.31,2,6
TeamB-789547e7-1325-4153-a98d-5ecd497f3668,2021-09-25,1,2e-4,91.74,91.72,2.019,0,0,13.64,5,10
TeamB-789547e7-1325-4153-a98d-5ecd497f3668,2021-09-28,1,2e-4,119.538,119.517,2.769,0,0,12.96,9,6
TeamB-789547e7-1325-4153-a98d-5ecd497f3668,2021-09-29,1,1e-4,121.055,121.038,4.034,17.3,0,19.56,8,10
TeamB-789547e7-1325-4153-a98d-5ecd497f3668,2021-10-01,1,2e-4,109.853,109.827,3.002,6.3,0,18.05,8,8
TeamB-789547e7-1325-4153-a98d-5ecd497f3668,2021-10-02,1,2e-4,135.067,135.04,5.61,63.4,22.4,24.78,2,5
TeamB-789547e7-1325-4153-a98d-5ecd497f3668,2021-10-05,1,2e-4,109.488,109.462,3.907,3.7,0,16.92,27,29
TeamB-789547e7-1325-4153-a98d-5ecd497f3668,2021-10-06,1,2e-4,111.49,111.463,4.253,15,0,17.92,5,14
TeamB-789547e7-1325-4153-a98d-5ecd497f3668,2021-10-08,1,2e-4,86.087,86.07,2.783,6.1,0,17.3,7,9
TeamB-789547e7-1325-4153-a98d-5ecd497f3668,2021-10-09,1,2e-4,124.538,124.512,5.97,50.5,1.1,19.97,2,3
TeamB-789547e7-1325-4153-a98d-5ecd497f3668,2021-10-12,1,2e-4,105.022,105.002,4.214,26.9,0,18.39,16,13
TeamB-789547e7-1325-4153-a98d-5ecd497f3668,2021-10-13,1,2e-4,122.023,121.998,3.932,0.9,0,15.6,8,20
TeamB-789547e7-1325-4153-a98d-5ecd497f3668,2021-10-15,1,3e-4,95.932,95.905,3.415,3.2,0,16.26,8,6
TeamB-789547e7-1325-4153-a98d-5ecd497f3668,2021-10-16,1,4e-4,65.338,65.312,2.467,2.7,0,15.95,4,11
TeamB-789547e7-1325-4153-a98d-5ecd497f3668,2021-10-17,1,2e-4,125.505,125.478,6.422,37.3,5.1,20.41,8,6
TeamB-789547e7-1325-4153-a98d-5ecd497f3668,2021-10-26,1,0.0053,88.723,88.257,2.841,19.4,3.5,20.01,26,21
TeamB-789547e7-1325-4153-a98d-5ecd497f3668,2021-10-27,1,3e-4,95.54,95.515,3.787,550.3,331.2,25.04,16,14
TeamB-789547e7-1325-4153-a98d-5ecd497f3668,2021-10-29,1,2e-4,115.972,115.945,4.421,33.6,6.3,20.9,4,15
TeamB-789547e7-1325-4153-a98d-5ecd497f3668,2021-10-30,1,2e-4,100.407,100.387,3.422,14,7.6,24.63,5,10
TeamB-789547e7-1325-4153-a98d-5ecd497f3668,2021-10-31,1,2e-4,150.805,150.777,6.509,90.5,44.8,23.06,6,12
TeamB-7ab47f4e-6eca-4793-880f-6a0dad3459c3,2021-02-01,1,-0,97.442,97.443,5.535,413.7,113.9,23.56,6,9
TeamB-7ab47f4e-6eca-4793-880f-6a0dad3459c3,2021-02-04,1,-0,107.007,107.008,3.434,506.2,170.7,23.91,6,2
TeamB-7ab47f4e-6eca-4793-880f-6a0dad3459c3,2021-02-05,1,-0,96.417,96.418,5.533,777.9,145.5,24.65,12,17
TeamB-7ab47f4e-6eca-4793-880f-6a0dad3459c3,2021-02-07,1,-0,108.055,108.057,7.24,892.5,470.4,25.81,4,9
TeamB-7ab47f4e-6eca-4793-880f-6a0dad3459c3,2021-02-08,1,-0,104.59,104.592,4.624,255.7,53.7,26.19,7,13
TeamB-7ab47f4e-6eca-4793-880f-6a0dad3459c3,2021-02-12,1,-0,75.217,75.218,4.685,1030,309.5,24.23,5,9
TeamB-7ab47f4e-6eca-4793-880f-6a0dad3459c3,2021-02-14,1,-0,93.172,93.173,4.225,281.2,71.5,25.13,6,10
TeamB-7ab47f4e-6eca-4793-880f-6a0dad3459c3,2021-02-15,1,-0,92.2,92.202,5.565,1469.8,449.7,25.63,9,12
TeamB-7ab47f4e-6eca-4793-880f-6a0dad3459c3,2021-02-17,1,-0,98.528,98.53,5.522,378.4,71.8,22.76,9,9
TeamB-7ab47f4e-6eca-4793-880f-6a0dad3459c3,2021-02-18,1,-0,83.488,83.49,4.025,515.4,268.3,25,14,7
TeamB-7ab47f4e-6eca-4793-880f-6a0dad3459c3,2021-02-20,1,-0,77.105,77.107,4.673,212.6,11.4,20.61,3,9
TeamB-7ab47f4e-6eca-4793-880f-6a0dad3459c3,2021-02-21,1,-0,105.887,105.888,6.731,656.9,143.5,23.58,10,15
TeamB-7ab47f4e-6eca-4793-880f-6a0dad3459c3,2021-02-26,1,-0,109.86,109.862,5.496,454.9,256.6,26.08,12,11
TeamB-7ab47f4e-6eca-4793-880f-6a0dad3459c3,2021-03-01,1,-0,104.235,104.237,5.341,327.7,175.7,27.17,6,4
TeamB-7ab47f4e-6eca-4793-880f-6a0dad3459c3,2021-03-02,1,-0,124.972,124.973,6.974,1000.3,278.1,24.24,6,8
TeamB-7ab47f4e-6eca-4793-880f-6a0dad3459c3,2021-03-04,1,-0,100.423,100.425,6.081,318.6,59,22.45,1,12
TeamB-7ab47f4e-6eca-4793-880f-6a0dad3459c3,2021-03-05,1,-0,107.83,107.832,5.919,445,114.3,24.85,7,11
TeamB-7ab47f4e-6eca-4793-880f-6a0dad3459c3,2021-03-06,1,-0,91.965,91.967,5.247,337.9,50.8,23.41,3,6
TeamB-7ab47f4e-6eca-4793-880f-6a0dad3459c3,2021-03-08,1,-0,100.873,100.875,5.493,474,170.9,23.71,5,13
TeamB-7ab47f4e-6eca-4793-880f-6a0dad3459c3,2021-03-09,1,-0,113.31,113.312,6.357,955.4,438.9,25.68,11,7
TeamB-7ab47f4e-6eca-4793-880f-6a0dad3459c3,2021-03-12,1,-0,102.122,102.123,7.356,746.7,167.1,24.63,6,7
TeamB-7ab47f4e-6eca-4793-880f-6a0dad3459c3,2021-03-15,1,-0,98.898,98.9,5.866,917,415.5,25.75,10,12
TeamB-7ab47f4e-6eca-4793-880f-6a0dad3459c3,2021-03-16,1,-0,106.902,106.903,5.474,252.4,86.3,23.66,3,9
TeamB-7ab47f4e-6eca-4793-880f-6a0dad3459c3,2021-03-18,1,-0,122.548,122.55,7.897,656.8,222.9,24.53,13,11
TeamB-7ab47f4e-6eca-4793-880f-6a0dad3459c3,2021-03-22,1,-0,123.223,123.225,5.673,384.9,121.7,23.45,5,11
TeamB-7ab47f4e-6eca-4793-880f-6a0dad3459c3,2021-03-23,1,-0,104.668,104.67,6.892,619.2,130.9,24.7,9,8
TeamB-7ab47f4e-6eca-4793-880f-6a0dad3459c3,2021-03-25,1,-0,116.417,116.418,5.437,380.8,83.8,25.33,8,12
TeamB-7ab47f4e-6eca-4793-880f-6a0dad3459c3,2021-03-29,1,-0,135.48,135.482,6.779,344.9,83.4,23.62,7,7
TeamB-7ab47f4e-6eca-4793-880f-6a0dad3459c3,2021-03-30,1,-0,125.087,125.088,6.93,529.6,113.2,23.49,10,15
TeamB-7ab47f4e-6eca-4793-880f-6a0dad3459c3,2021-03-31,1,-0,129.938,129.94,5.849,359.6,96.1,25.98,9,8
TeamB-7ab47f4e-6eca-4793-880f-6a0dad3459c3,2021-04-06,1,-0,120.337,120.338,5.375,507.4,34.7,24.12,12,10
TeamB-7ab47f4e-6eca-4793-880f-6a0dad3459c3,2021-04-08,1,-0,119.855,119.857,6.331,937.9,510.4,26.8,4,14
TeamB-7ab47f4e-6eca-4793-880f-6a0dad3459c3,2021-04-13,1,-0,132.623,132.625,6.997,521.7,155.9,24.65,10,22
TeamB-7ab47f4e-6eca-4793-880f-6a0dad3459c3,2021-04-15,1,-0,140.62,140.622,6.782,844.7,335,25.84,15,10
TeamB-7ab47f4e-6eca-4793-880f-6a0dad3459c3,2021-04-16,1,-0,102.96,102.962,5.092,222.9,59.9,25.16,5,6
TeamB-7ab47f4e-6eca-4793-880f-6a0dad3459c3,2021-04-19,1,-0,117.915,117.917,3.768,239.5,93.1,25.42,3,3
TeamB-7ab47f4e-6eca-4793-880f-6a0dad3459c3,2021-04-20,1,-0,83.503,83.505,6.234,601.5,157.2,24.56,7,11
TeamB-7ab47f4e-6eca-4793-880f-6a0dad3459c3,2021-04-21,1,-0,103.603,103.605,3.143,3.3,0,17.02,6,1
TeamB-7ab47f4e-6eca-4793-880f-6a0dad3459c3,2021-04-26,1,-0,100.47,100.472,3.281,107.9,9.2,20.82,3,7
TeamB-7ab47f4e-6eca-4793-880f-6a0dad3459c3,2021-05-04,1,-0,141.4,141.402,7.783,747.8,272.9,24.64,6,6
TeamB-7ab47f4e-6eca-4793-880f-6a0dad3459c3,2021-05-05,1,-0,125.945,125.947,6.259,316.4,49,22.31,9,8
TeamB-7ab47f4e-6eca-4793-880f-6a0dad3459c3,2021-05-07,1,-0,109.34,109.342,3.74,42.9,2.2,19.27,1,7
TeamB-7ab47f4e-6eca-4793-880f-6a0dad3459c3,2021-05-08,1,-0,78.963,78.965,6.064,922,296,25.38,4,3
TeamB-7ab47f4e-6eca-4793-880f-6a0dad3459c3,2021-05-10,1,-0,81.548,81.55,2.606,26.1,0,19.6,4,7
TeamB-7ab47f4e-6eca-4793-880f-6a0dad3459c3,2021-05-11,1,-0,83.77,83.772,7.107,843.5,180.5,24.44,5,8
TeamB-7ab47f4e-6eca-4793-880f-6a0dad3459c3,2021-05-12,1,-0,97.7,97.702,3.893,25.8,0.6,18.55,0,0
TeamB-7ab47f4e-6eca-4793-880f-6a0dad3459c3,2021-05-14,1,-0,106.507,106.508,4.247,116.3,19.8,21.82,7,14
TeamB-7ab47f4e-6eca-4793-880f-6a0dad3459c3,2021-05-18,1,-0,136.478,136.48,7.204,1169.6,455.1,24.99,3,6
TeamB-7ab47f4e-6eca-4793-880f-6a0dad3459c3,2021-05-19,1,-0,129.107,129.108,6.44,587.9,207.8,24.55,5,12
TeamB-7ab47f4e-6eca-4793-880f-6a0dad3459c3,2021-05-21,1,-0,123.355,123.357,4.038,120,28.3,22.44,7,11
TeamB-7ab47f4e-6eca-4793-880f-6a0dad3459c3,2021-05-24,1,-0,148.738,148.74,5.304,136.3,5.7,20.57,5,5
TeamB-7ab47f4e-6eca-4793-880f-6a0dad3459c3,2021-05-25,1,-0,108.45,108.452,6.194,726.3,276.4,24.45,10,12
TeamB-7ab47f4e-6eca-4793-880f-6a0dad3459c3,2021-05-26,1,-0,108.603,108.605,7.004,514.1,158.4,23.32,5,14
TeamB-7ab47f4e-6eca-4793-880f-6a0dad3459c3,2021-05-28,1,-0,98.867,98.868,3.75,230.4,123.3,25.53,5,3
TeamB-7ab47f4e-6eca-4793-880f-6a0dad3459c3,2021-05-29,1,-0,144.407,144.408,3.765,1201.3,493.1,24.67,4,1
TeamB-7ab47f4e-6eca-4793-880f-6a0dad3459c3,2021-05-31,1,-0,81.457,81.458,4.306,155.7,20.1,21.96,5,2
TeamB-7ab47f4e-6eca-4793-880f-6a0dad3459c3,2021-06-01,1,-0,117.737,117.738,6.085,792.8,375.8,25.52,9,8
TeamB-7ab47f4e-6eca-4793-880f-6a0dad3459c3,2021-06-02,1,-0,40.555,40.557,1.224,58.9,8.8,22.06,1,2
TeamB-7ab47f4e-6eca-4793-880f-6a0dad3459c3,2021-06-05,1,-0,129.52,129.522,3.956,1191.8,463.3,23.71,4,2
TeamB-7ab47f4e-6eca-4793-880f-6a0dad3459c3,2021-06-07,1,-0,104.76,104.762,5.977,116.5,10.3,21.06,5,3
TeamB-7ab47f4e-6eca-4793-880f-6a0dad3459c3,2021-06-10,1,-0,181.4,181.402,12.777,950.4,205.9,23.99,5,9
TeamB-7ab47f4e-6eca-4793-880f-6a0dad3459c3,2021-06-12,1,-0,107.487,107.488,2.972,102.8,37,24.19,0,1
TeamB-7ab47f4e-6eca-4793-880f-6a0dad3459c3,2021-06-13,1,-0,56.12,56.122,1.545,90.2,41.6,23,0,1
TeamB-7ab47f4e-6eca-4793-880f-6a0dad3459c3,2021-06-17,1,-0,76.123,76.125,3.544,91,5.2,20.59,5,12
TeamB-7ab47f4e-6eca-4793-880f-6a0dad3459c3,2021-06-18,1,-0,44.337,44.338,1.064,28,5.3,20.68,1,2
TeamB-7ab47f4e-6eca-4793-880f-6a0dad3459c3,2021-06-20,1,-0,87.352,87.353,3.101,73.7,5.1,19.92,3,5
TeamB-7ab47f4e-6eca-4793-880f-6a0dad3459c3,2021-06-21,1,-0,108.553,108.555,4.799,159.6,48.6,24.1,13,7
TeamB-7ab47f4e-6eca-4793-880f-6a0dad3459c3,2021-06-22,1,-0,136.84,136.842,2.694,537.2,180.3,24.27,6,3
TeamB-7ab47f4e-6eca-4793-880f-6a0dad3459c3,2021-06-23,1,-0,118.422,118.423,5.809,205.8,17.5,22.27,2,5
TeamB-7ab47f4e-6eca-4793-880f-6a0dad3459c3,2021-06-25,1,-0,109.037,109.038,5.247,219.5,63.2,23.17,8,9
TeamB-7ab47f4e-6eca-4793-880f-6a0dad3459c3,2021-06-26,1,-0,192.923,192.925,5.341,1248.8,274.6,26.05,2,7
TeamB-7ab47f4e-6eca-4793-880f-6a0dad3459c3,2021-06-27,1,-0,68.055,68.057,3.807,150.7,29,22,6,6
TeamB-7ab47f4e-6eca-4793-880f-6a0dad3459c3,2021-06-29,1,-0,105.853,105.855,5.205,309.4,116.4,24.48,8,11
TeamB-7ab47f4e-6eca-4793-880f-6a0dad3459c3,2021-06-30,1,-0,153.403,153.405,2.325,44.3,7.5,20.93,2,0
TeamB-7ab47f4e-6eca-4793-880f-6a0dad3459c3,2021-07-01,1,-0,72.537,72.538,2.899,169.3,54.3,22.78,6,3
TeamB-7ab47f4e-6eca-4793-880f-6a0dad3459c3,2021-07-03,1,-0,107.405,107.407,4.785,106.8,5.2,20.76,4,8
TeamB-7ab47f4e-6eca-4793-880f-6a0dad3459c3,2021-07-04,1,-0,153.14,153.142,1.309,5.5,0,16.26,1,0
TeamB-7ab47f4e-6eca-4793-880f-6a0dad3459c3,2021-07-06,1,-0,96.222,96.223,4.73,48.1,0.6,19.21,3,13
TeamB-7ab47f4e-6eca-4793-880f-6a0dad3459c3,2021-07-07,1,-0,135.233,135.235,6.727,500.2,163.9,26.87,7,7
TeamB-7ab47f4e-6eca-4793-880f-6a0dad3459c3,2021-07-09,1,-0,95.488,95.49,3.886,83.7,1.8,19.72,7,7
TeamB-7ab47f4e-6eca-4793-880f-6a0dad3459c3,2021-07-11,1,-0,67.872,67.873,3.511,86.4,7.5,21.09,1,8
TeamB-7ab47f4e-6eca-4793-880f-6a0dad3459c3,2021-07-13,1,-0,76.872,76.873,3.07,154.7,33.5,22.38,3,6
TeamB-7ab47f4e-6eca-4793-880f-6a0dad3459c3,2021-07-31,1,-0,123.357,123.358,6.445,330.7,84.8,23.23,1,8
TeamB-7ab47f4e-6eca-4793-880f-6a0dad3459c3,2021-08-01,1,-0,114.022,114.023,5.872,180.3,47.1,22.71,6,9
TeamB-7ab47f4e-6eca-4793-880f-6a0dad3459c3,2021-08-02,1,-0,111.522,111.523,1.647,71.7,17.5,22.34,2,4
TeamB-7ab47f4e-6eca-4793-880f-6a0dad3459c3,2021-08-03,1,-0,147.275,147.277,3.12,86.4,0,19.24,4,3
TeamB-7ab47f4e-6eca-4793-880f-6a0dad3459c3,2021-08-05,1,-0,138.055,138.057,7.263,376.9,89.8,25.13,6,8
TeamB-7ab47f4e-6eca-4793-880f-6a0dad3459c3,2021-08-06,1,-0,108.422,108.423,4.938,81.8,0.6,19.87,11,4
TeamB-7ab47f4e-6eca-4793-880f-6a0dad3459c3,2021-08-10,1,-0,114.472,114.473,4.169,180.5,45.8,22.39,5,5
TeamB-7ab47f4e-6eca-4793-880f-6a0dad3459c3,2021-08-13,1,-0,94.872,94.873,4.027,76.7,7.6,21.41,3,2
TeamB-7ab47f4e-6eca-4793-880f-6a0dad3459c3,2021-08-15,1,-0,158.133,158.135,12.472,838.8,90.7,24.76,4,8
TeamB-7ab47f4e-6eca-4793-880f-6a0dad3459c3,2021-08-19,1,-0,85.548,85.55,5.188,207.6,29.1,21.95,9,7
TeamB-7ab47f4e-6eca-4793-880f-6a0dad3459c3,2021-08-20,1,-0,75.855,75.857,1.123,2.3,0,16.27,0,0
TeamB-7ab47f4e-6eca-4793-880f-6a0dad3459c3,2021-08-23,1,-0,98.973,98.975,3.737,72.1,30.7,23.59,4,3
TeamB-7ab47f4e-6eca-4793-880f-6a0dad3459c3,2021-08-26,1,-0,109.9,109.902,4.32,257.3,107.4,24.9,7,6
TeamB-7ab47f4e-6eca-4793-880f-6a0dad3459c3,2021-08-27,1,-0,127.605,127.607,4.48,104.1,10.3,21.08,2,2
TeamB-7ab47f4e-6eca-4793-880f-6a0dad3459c3,2021-08-29,1,-0,136.543,136.545,9.435,608.6,154.1,24.78,10,13
TeamB-7ab47f4e-6eca-4793-880f-6a0dad3459c3,2021-08-30,1,-0,49.973,49.975,1.78,26.5,0,18.72,1,0
TeamB-7ab47f4e-6eca-4793-880f-6a0dad3459c3,2021-09-09,1,-0,163.955,163.957,8.369,548,186.3,26.72,5,6
TeamB-7ab47f4e-6eca-4793-880f-6a0dad3459c3,2021-09-10,1,-0,61.653,61.655,1.777,0,0,12.03,0,0
TeamB-7ab47f4e-6eca-4793-880f-6a0dad3459c3,2021-09-16,1,-0,117.425,117.427,5.478,330.2,64,22.61,10,15
TeamB-7ab47f4e-6eca-4793-880f-6a0dad3459c3,2021-09-17,1,-0,92.733,92.735,4.309,532.6,107,23.71,4,6
TeamB-7ab47f4e-6eca-4793-880f-6a0dad3459c3,2021-09-25,1,-0,121.895,121.897,3.823,224,75.9,23.01,4,7
TeamB-7ab47f4e-6eca-4793-880f-6a0dad3459c3,2021-09-27,1,1e-4,164.505,164.488,13.707,1113,170.9,23.18,8,8
TeamB-7ab47f4e-6eca-4793-880f-6a0dad3459c3,2021-09-28,1,-0,128.317,128.318,1.516,0.4,0,15.23,4,0
TeamB-7ab47f4e-6eca-4793-880f-6a0dad3459c3,2021-09-30,1,-0,206.922,206.923,14.821,3234.5,2338.3,35.89,3,12
TeamB-7ab47f4e-6eca-4793-880f-6a0dad3459c3,2021-10-01,1,-0,134.155,134.157,4.291,18,0.6,19,3,6
TeamB-7ab47f4e-6eca-4793-880f-6a0dad3459c3,2021-10-05,1,-0,110.373,110.375,5.337,323.4,129.7,27.23,7,13
TeamB-7ab47f4e-6eca-4793-880f-6a0dad3459c3,2021-10-06,1,-0,114.872,114.873,3.004,13.7,0,16.51,0,0
TeamB-7ab47f4e-6eca-4793-880f-6a0dad3459c3,2021-10-08,1,-0,144.372,144.373,5.88,178.2,32.3,23.32,11,9
TeamB-7ab47f4e-6eca-4793-880f-6a0dad3459c3,2021-10-12,1,1e-4,135.888,135.872,7.525,500.1,186.5,26.01,3,9
TeamB-7ab47f4e-6eca-4793-880f-6a0dad3459c3,2021-10-13,1,-0,162.87,162.872,14.026,1507.3,366.2,26.21,5,16
TeamB-7ab47f4e-6eca-4793-880f-6a0dad3459c3,2021-10-15,1,-0,137.512,137.513,6.465,374.6,60,22.56,14,21
TeamB-7ab47f4e-6eca-4793-880f-6a0dad3459c3,2021-10-17,1,-0,155.065,155.067,12.202,1085.2,204.8,24.13,6,15
TeamB-7ab47f4e-6eca-4793-880f-6a0dad3459c3,2021-10-19,1,2e-4,81.923,81.907,4.331,71.7,8.7,20.93,3,6
TeamB-7ab47f4e-6eca-4793-880f-6a0dad3459c3,2021-10-21,1,-0,103.575,103.577,4.491,243.3,41.9,23.61,6,8
TeamB-7ab47f4e-6eca-4793-880f-6a0dad3459c3,2021-10-22,1,-0,78.388,78.39,5.177,168,38.8,22.78,3,6
TeamB-7ab47f4e-6eca-4793-880f-6a0dad3459c3,2021-10-23,1,-0,125.487,125.488,9.514,700.6,129.7,23.36,4,12
TeamB-7ab47f4e-6eca-4793-880f-6a0dad3459c3,2021-10-26,1,-0,63.422,63.423,3.95,167.2,27.2,23.34,2,11
TeamB-7ab47f4e-6eca-4793-880f-6a0dad3459c3,2021-10-27,1,-0,100.04,100.042,6.2,824.2,429.6,23.87,15,14
TeamB-7ab47f4e-6eca-4793-880f-6a0dad3459c3,2021-10-29,1,-0,146.49,146.492,8.015,469,44.1,21.62,10,14
TeamB-7ab47f4e-6eca-4793-880f-6a0dad3459c3,2021-10-30,1,-0,117.873,117.875,5.438,113,12.2,21.49,10,3
TeamB-7ab47f4e-6eca-4793-880f-6a0dad3459c3,2021-10-31,1,-0,149.942,149.943,2.558,83.1,22.8,23.62,5,2
TeamB-7ab47f4e-6eca-4793-880f-6a0dad3459c3,2021-11-03,1,1e-4,129.562,129.545,6.357,210.9,43.1,24.33,4,8
TeamB-7ab47f4e-6eca-4793-880f-6a0dad3459c3,2021-11-04,1,-0,101.368,101.37,6.127,680.8,184.8,23.78,11,14
TeamB-7ab47f4e-6eca-4793-880f-6a0dad3459c3,2021-11-06,1,2e-4,85.732,85.715,3.152,86.7,7.1,21.85,8,7
TeamB-7ab47f4e-6eca-4793-880f-6a0dad3459c3,2021-11-07,1,-0,144.655,144.657,5.003,217.3,61.8,22.73,6,5
TeamB-7ab47f4e-6eca-4793-880f-6a0dad3459c3,2021-11-09,1,2e-4,110.888,110.872,5.371,97.1,7.7,21.68,5,7
TeamB-7ab47f4e-6eca-4793-880f-6a0dad3459c3,2021-11-12,1,2e-4,79.887,79.868,4.649,79.3,9.2,21.01,4,7
TeamB-7ab47f4e-6eca-4793-880f-6a0dad3459c3,2021-11-15,1,-0,95.458,95.46,5.567,210.9,23.6,23.12,9,11
TeamB-7ab47f4e-6eca-4793-880f-6a0dad3459c3,2021-11-18,1,-0,33.35,33.352,0.488,0,0,7.15,0,0
TeamB-7ab47f4e-6eca-4793-880f-6a0dad3459c3,2021-11-19,1,-0,137.925,137.927,0.538,0,0,6.17,0,0
TeamB-7d41e602-eece-328b-ff7b-118e820865d6,2021-02-01,1,-0,111.932,111.933,6.588,418.9,76.7,26.03,8,12
TeamB-7d41e602-eece-328b-ff7b-118e820865d6,2021-02-03,1,-0,59.067,59.068,2.72,27.7,0,18.67,5,0
TeamB-7d41e602-eece-328b-ff7b-118e820865d6,2021-02-04,1,-0,104.765,104.767,3.598,352.9,60,23,3,3
TeamB-7d41e602-eece-328b-ff7b-118e820865d6,2021-02-05,1,-0,101.982,101.983,6.44,1141.7,392.7,23.43,14,10
TeamB-7d41e602-eece-328b-ff7b-118e820865d6,2021-02-07,1,-0,107.922,107.923,7.238,767.4,334.8,29.15,4,18
TeamB-7d41e602-eece-328b-ff7b-118e820865d6,2021-02-08,1,-0,107.917,107.918,4.756,318.4,67.7,24.88,7,9
TeamB-7d41e602-eece-328b-ff7b-118e820865d6,2021-02-12,1,-0,77.155,77.157,4.673,998.5,329.9,24.47,7,18
TeamB-7d41e602-eece-328b-ff7b-118e820865d6,2021-02-14,1,-0,93.54,93.542,4.249,502.8,155.9,24.93,8,5
TeamB-7d41e602-eece-328b-ff7b-118e820865d6,2021-02-15,1,-0,84.51,84.512,6.009,1502.9,543.3,27.09,5,6
TeamB-7d41e602-eece-328b-ff7b-118e820865d6,2021-02-17,1,-0,100.847,100.848,5.456,236.9,45.1,21.62,4,11
TeamB-7d41e602-eece-328b-ff7b-118e820865d6,2021-02-18,1,-0,103.038,103.04,4.981,1151.6,586.1,26.13,17,8
TeamB-7d41e602-eece-328b-ff7b-118e820865d6,2021-02-20,1,-0,79.388,79.39,4.972,207.8,25.2,22.26,6,8
TeamB-7d41e602-eece-328b-ff7b-118e820865d6,2021-02-21,1,-0,35.852,35.853,1.837,55.4,10.2,20.79,10,3
TeamB-7d41e602-eece-328b-ff7b-118e820865d6,2021-02-24,1,-0,95.27,95.272,5.174,952.9,540.5,29.83,18,11
TeamB-7d41e602-eece-328b-ff7b-118e820865d6,2021-02-25,1,-0,98.258,98.26,5.442,231.1,27,21.68,3,6
TeamB-7d41e602-eece-328b-ff7b-118e820865d6,2021-02-26,1,-0,106.722,106.723,4.981,631.6,366.7,27.24,6,2
TeamB-7d41e602-eece-328b-ff7b-118e820865d6,2021-03-01,1,-0,105.557,105.558,6.186,686.8,283.7,29.21,7,6
TeamB-7d41e602-eece-328b-ff7b-118e820865d6,2021-03-02,1,-0,125.432,125.433,7.283,1133.5,282.1,25.42,13,10
TeamB-7d41e602-eece-328b-ff7b-118e820865d6,2021-03-04,1,-0,101.155,101.157,6.448,400.7,88.9,23.58,5,4
TeamB-7d41e602-eece-328b-ff7b-118e820865d6,2021-03-05,1,-0,116.707,116.708,5.461,433.8,75.4,25.53,3,6
TeamB-7d41e602-eece-328b-ff7b-118e820865d6,2021-03-06,1,-0,153.082,153.083,5.73,488.7,162.7,26.56,5,9
TeamB-7d41e602-eece-328b-ff7b-118e820865d6,2021-03-08,1,-0,104.907,104.908,5.782,503.7,112.1,24.64,6,11
TeamB-7d41e602-eece-328b-ff7b-118e820865d6,2021-03-09,1,-0,109.605,109.607,6.61,1407.8,787.5,26.99,6,19
TeamB-7d41e602-eece-328b-ff7b-118e820865d6,2021-03-12,1,-0,97.217,97.218,7.25,566.3,171.8,25.7,6,11
TeamB-7d41e602-eece-328b-ff7b-118e820865d6,2021-03-15,1,-0,102.412,102.413,6.075,1244.7,663.7,29.53,8,12
TeamB-7d41e602-eece-328b-ff7b-118e820865d6,2021-03-16,1,-0,99.483,99.485,5.2,314.1,27.5,22.51,6,16
TeamB-7d41e602-eece-328b-ff7b-118e820865d6,2021-03-18,1,-0,106.57,106.572,6.664,562.8,166,27.94,11,18
TeamB-7d41e602-eece-328b-ff7b-118e820865d6,2021-03-19,1,-0,76.922,76.923,3.752,121.5,18.3,22.72,5,6
TeamB-7d41e602-eece-328b-ff7b-118e820865d6,2021-03-22,1,-0,135.968,135.97,6.099,459.7,138.8,25.2,11,14
TeamB-7d41e602-eece-328b-ff7b-118e820865d6,2021-03-23,1,-0,148.503,148.505,7.087,379.3,91.8,24.18,6,11
TeamB-7d41e602-eece-328b-ff7b-118e820865d6,2021-03-25,1,-0,138.92,138.922,5.965,623.1,263.4,26.1,11,20
TeamB-7d41e602-eece-328b-ff7b-118e820865d6,2021-03-26,1,-0,108.728,108.73,3.266,34.9,0.6,19.47,3,4
TeamB-7d41e602-eece-328b-ff7b-118e820865d6,2021-03-29,1,-0,131.672,131.673,6.733,601.9,126.4,24.36,6,8
TeamB-7d41e602-eece-328b-ff7b-118e820865d6,2021-03-30,1,-0,163.438,163.44,6.28,351.4,100.9,24.11,10,14
TeamB-7d41e602-eece-328b-ff7b-118e820865d6,2021-03-31,1,-0,42.655,42.657,0.699,4.2,0,16.42,0,0
TeamB-7d41e602-eece-328b-ff7b-118e820865d6,2021-04-08,1,2e-4,95.138,95.122,5.655,2048.4,784.7,27.97,6,9
TeamB-7d41e602-eece-328b-ff7b-118e820865d6,2021-04-09,1,-0,223.473,223.475,4.25,758,288.6,21.79,2,3
TeamB-7d41e602-eece-328b-ff7b-118e820865d6,2021-04-12,1,-0,116.338,116.34,6.974,642.6,234.2,27.48,8,4
TeamB-7d41e602-eece-328b-ff7b-118e820865d6,2021-04-13,1,-0,134.573,134.575,7.693,1394.5,336.1,25.2,10,14
TeamB-7d41e602-eece-328b-ff7b-118e820865d6,2021-04-15,1,-0,126.505,126.507,6.494,698.9,237,27.45,13,6
TeamB-7d41e602-eece-328b-ff7b-118e820865d6,2021-04-16,1,2e-4,110.088,110.072,4.893,333.7,112,26,6,9
TeamB-7d41e602-eece-328b-ff7b-118e820865d6,2021-04-19,1,2e-4,120.138,120.12,3.794,146.5,25.1,20.96,6,6
TeamB-7d41e602-eece-328b-ff7b-118e820865d6,2021-04-20,1,-0,159.523,159.525,7.264,640.9,164.1,25.47,9,13
TeamB-7d41e602-eece-328b-ff7b-118e820865d6,2021-04-21,1,-0,75.653,75.655,3.539,690.1,320.8,24.29,3,3
TeamB-7d41e602-eece-328b-ff7b-118e820865d6,2021-04-26,1,-0,99.232,99.233,4.217,105.9,5.8,20.89,5,7
TeamB-7d41e602-eece-328b-ff7b-118e820865d6,2021-04-27,1,-0,135.938,135.94,8.474,1686.4,492.1,26.5,9,8
TeamB-7d41e602-eece-328b-ff7b-118e820865d6,2021-04-29,1,-0,120.905,120.907,5.293,300.2,63.4,23.29,7,12
TeamB-7d41e602-eece-328b-ff7b-118e820865d6,2021-04-30,1,-0,109.653,109.655,3.827,81.3,24.9,23.34,7,4
TeamB-7d41e602-eece-328b-ff7b-118e820865d6,2021-05-01,1,1e-4,166.723,166.705,13.781,1417.4,514.6,27.13,10,14
TeamB-7d41e602-eece-328b-ff7b-118e820865d6,2021-05-03,1,1e-4,143.988,143.972,3.685,76.4,18.6,21.37,7,2
TeamB-7d41e602-eece-328b-ff7b-118e820865d6,2021-05-04,1,-0,148.503,148.505,7.739,653.4,154.4,23.12,6,9
TeamB-7d41e602-eece-328b-ff7b-118e820865d6,2021-05-05,1,-0,139.888,139.89,7.767,908.9,275.5,26.89,13,22
TeamB-7d41e602-eece-328b-ff7b-118e820865d6,2021-05-07,1,-0,104.837,104.838,3.378,92.4,5.2,19.85,5,3
TeamB-7d41e602-eece-328b-ff7b-118e820865d6,2021-05-08,1,-0,152.99,152.992,7.453,1350.8,365.9,26.98,6,12
TeamB-7d41e602-eece-328b-ff7b-118e820865d6,2021-05-10,1,-0,85.443,85.445,3.23,85.6,8.6,21.28,2,5
TeamB-7d41e602-eece-328b-ff7b-118e820865d6,2021-05-11,1,-0,159.988,159.99,13.405,1548.8,395.2,25.66,17,15
TeamB-7d41e602-eece-328b-ff7b-118e820865d6,2021-05-12,1,-0,104.905,104.907,3.757,12.8,2.3,20.3,8,0
TeamB-7d41e602-eece-328b-ff7b-118e820865d6,2021-05-14,1,1e-4,112.907,112.89,2.987,18,1.1,19.74,5,2
TeamB-7d41e602-eece-328b-ff7b-118e820865d6,2021-05-15,1,-0,187.873,187.875,8.606,1621.3,603.1,26.03,7,12
TeamB-7d41e602-eece-328b-ff7b-118e820865d6,2021-05-18,1,-0,149.883,149.885,6.862,1205.2,548.9,27.89,7,13
TeamB-7d41e602-eece-328b-ff7b-118e820865d6,2021-05-19,1,-0,144.363,144.365,6.06,554.7,151.9,25.18,4,8
TeamB-7d41e602-eece-328b-ff7b-118e820865d6,2021-05-21,1,-0,108.308,108.31,3.776,75.3,6.8,20.51,6,10
TeamB-7d41e602-eece-328b-ff7b-118e820865d6,2021-05-22,1,-0,244.882,244.883,8.629,1275.6,519.1,27.25,8,7
TeamB-7d41e602-eece-328b-ff7b-118e820865d6,2021-05-26,1,-0,78.025,78.027,2.606,163.6,55.4,24.87,4,9
TeamB-7d41e602-eece-328b-ff7b-118e820865d6,2021-05-28,1,-0,101.088,101.09,0.944,13.1,0,17.52,0,3
TeamB-7d41e602-eece-328b-ff7b-118e820865d6,2021-05-29,1,-0,176.157,176.158,8.711,852.5,273.5,25.34,7,12
TeamB-7d41e602-eece-328b-ff7b-118e820865d6,2021-05-31,1,-0,83.788,83.79,3.58,89.7,6.3,20.37,3,4
TeamB-7d41e602-eece-328b-ff7b-118e820865d6,2021-06-01,1,1e-4,128.888,128.872,6.488,664.3,245,26.42,13,17
TeamB-7d41e602-eece-328b-ff7b-118e820865d6,2021-06-02,1,1e-4,158.95,158.933,9.254,1003.2,245,24.84,9,11
TeamB-7d41e602-eece-328b-ff7b-118e820865d6,2021-06-04,1,-0,111.583,111.585,3.163,59.9,13,22.38,4,6
TeamB-7d41e602-eece-328b-ff7b-118e820865d6,2021-06-05,1,1e-4,142.405,142.388,7.601,815.6,144.3,24.48,5,4
TeamB-7d41e602-eece-328b-ff7b-118e820865d6,2021-06-08,1,-0,99.537,99.538,4.758,1058.1,487.1,29.05,10,5
TeamB-7d41e602-eece-328b-ff7b-118e820865d6,2021-06-14,1,2e-4,93.638,93.622,4.021,234.4,103.7,25.84,17,9
TeamB-7d41e602-eece-328b-ff7b-118e820865d6,2021-06-15,1,-0,124.02,124.022,6.141,1347.8,702.6,27.45,8,17
TeamB-7d41e602-eece-328b-ff7b-118e820865d6,2021-06-17,1,-0,106.355,106.357,5.901,447.2,216.8,23.82,7,7
TeamB-7d41e602-eece-328b-ff7b-118e820865d6,2021-06-18,1,-0,66.185,66.187,2.327,131,21.9,21.75,4,0
TeamB-7d41e602-eece-328b-ff7b-118e820865d6,2021-06-20,1,-0,125.69,125.692,7.336,546.7,72.8,22.94,12,5
TeamB-7d41e602-eece-328b-ff7b-118e820865d6,2021-06-21,1,-0,63.49,63.492,2.707,18.6,3.5,21.1,1,1
TeamB-7d41e602-eece-328b-ff7b-118e820865d6,2021-06-22,1,1e-4,175.857,175.84,8.376,1243.4,475.5,23.81,6,10
TeamB-7d41e602-eece-328b-ff7b-118e820865d6,2021-06-23,1,-0,121.872,121.873,3.304,26.7,1.1,19.79,2,5
TeamB-7d41e602-eece-328b-ff7b-118e820865d6,2021-06-25,1,1e-4,139.887,139.868,3.943,123.8,16.1,20.98,7,5
TeamB-7d41e602-eece-328b-ff7b-118e820865d6,2021-06-26,1,-0,185.14,185.142,8.133,570.3,107.1,25.39,7,4
TeamB-7d41e602-eece-328b-ff7b-118e820865d6,2021-06-27,1,-0,89.398,89.4,0.661,3.8,0,16.85,0,0
TeamB-7d41e602-eece-328b-ff7b-118e820865d6,2021-06-29,1,-0,99.037,99.038,3.336,123.3,16.6,20.9,2,4
TeamB-7d41e602-eece-328b-ff7b-118e820865d6,2021-06-30,1,-0,154.003,154.005,11.199,1059.4,308.5,25.79,12,8
TeamB-7d41e602-eece-328b-ff7b-118e820865d6,2021-07-03,1,-0,102.905,102.907,2.708,33.7,11.6,21.41,3,4
TeamB-7d41e602-eece-328b-ff7b-118e820865d6,2021-07-04,1,1e-4,171.153,171.137,6.331,424.9,98.6,26.01,6,2
TeamB-7d41e602-eece-328b-ff7b-118e820865d6,2021-07-06,1,2e-4,105.838,105.82,2.024,0,0,13.6,1,0
TeamB-7d41e602-eece-328b-ff7b-118e820865d6,2021-07-07,1,-0,134.923,134.925,4.873,301.4,72.4,22,7,7
TeamB-7d41e602-eece-328b-ff7b-118e820865d6,2021-07-09,1,2e-4,89.372,89.355,1.97,37,9.4,21.67,1,0
TeamB-7d41e602-eece-328b-ff7b-118e820865d6,2021-07-10,1,1e-4,173.863,173.847,5.129,452.8,97.8,25.12,4,6
TeamB-7d41e602-eece-328b-ff7b-118e820865d6,2021-07-11,1,-0,77.478,77.48,3.103,1063.2,446.2,27.34,6,3
TeamB-7d41e602-eece-328b-ff7b-118e820865d6,2021-07-13,1,-0,78.473,78.475,3.082,100.2,19.2,21.58,1,0
TeamB-7d41e602-eece-328b-ff7b-118e820865d6,2021-07-14,1,-0,182.34,182.342,0.38,0,0,6,0,0
TeamB-7d41e602-eece-328b-ff7b-118e820865d6,2021-07-31,1,-0,121.443,121.445,6.666,687,153.5,24.2,5,11
TeamB-7d41e602-eece-328b-ff7b-118e820865d6,2021-08-01,1,2e-4,99.405,99.388,4.352,131.4,26.6,23.06,4,6
TeamB-7d41e602-eece-328b-ff7b-118e820865d6,2021-08-02,1,1e-4,128.023,128.005,6.046,510.3,83.7,23.8,1,8
TeamB-7d41e602-eece-328b-ff7b-118e820865d6,2021-08-05,1,1e-4,145.473,145.457,6.343,357.3,64.3,23.52,3,3
TeamB-7d41e602-eece-328b-ff7b-118e820865d6,2021-08-06,1,-0,88.123,88.125,2.743,8.7,0,17.36,3,0
TeamB-7d41e602-eece-328b-ff7b-118e820865d6,2021-08-07,1,-0,187.867,187.868,7.125,592.2,163.2,25.88,6,11
TeamB-7d41e602-eece-328b-ff7b-118e820865d6,2021-08-08,1,-0,162.622,162.623,1.858,6.4,0,16.13,0,0
TeamB-7d41e602-eece-328b-ff7b-118e820865d6,2021-08-17,1,-0,73.837,73.838,2.527,318.2,70.3,25.92,7,0
TeamB-7d41e602-eece-328b-ff7b-118e820865d6,2021-08-20,1,-0,75.405,75.407,5.286,2743.9,120.4,26.76,5,2
TeamB-7d41e602-eece-328b-ff7b-118e820865d6,2021-09-07,1,-0,67.817,67.818,2.244,7.9,0,17.46,1,3
TeamB-7d41e602-eece-328b-ff7b-118e820865d6,2021-10-05,1,-0,67.803,67.805,3.869,341.4,85.9,25.33,5,5
TeamB-7d41e602-eece-328b-ff7b-118e820865d6,2021-10-06,1,-0,124.905,124.907,5.941,435.3,169.8,25.95,4,5
TeamB-7d41e602-eece-328b-ff7b-118e820865d6,2021-10-08,1,-0,85.443,85.445,3.236,70.7,23,25.07,2,7
TeamB-7d41e602-eece-328b-ff7b-118e820865d6,2021-10-09,1,1e-4,145.372,145.35,3.882,363.9,97,28.54,5,2
TeamB-7d41e602-eece-328b-ff7b-118e820865d6,2021-10-10,1,2e-4,97.972,97.955,4.911,98,13.3,21.77,10,8
TeamB-7d41e602-eece-328b-ff7b-118e820865d6,2021-10-12,1,-0,112.17,112.172,6.43,497.9,130.2,25.34,14,16
TeamB-7d41e602-eece-328b-ff7b-118e820865d6,2021-10-13,1,1e-4,133.372,133.355,7.024,478.2,84.6,24.29,7,9
TeamB-7d41e602-eece-328b-ff7b-118e820865d6,2021-10-15,1,2e-4,109.642,109.617,4.301,463.9,144.2,25.24,2,9
TeamB-7d41e602-eece-328b-ff7b-118e820865d6,2021-10-16,1,3e-4,59.972,59.952,3.056,18.1,0,16.7,4,5
TeamB-7d41e602-eece-328b-ff7b-118e820865d6,2021-10-17,1,-0,173.055,173.057,7.357,484.2,64.3,22.94,3,3
TeamB-7d41e602-eece-328b-ff7b-118e820865d6,2021-10-21,1,-0,105.57,105.572,5.243,725,136.5,24.12,7,9
TeamB-7d41e602-eece-328b-ff7b-118e820865d6,2021-10-22,1,-0,107.543,107.545,6.417,172.3,46.1,23.37,8,9
TeamB-7d41e602-eece-328b-ff7b-118e820865d6,2021-10-26,1,-0,95.41,95.412,5.17,139.6,7,21.2,5,6
TeamB-7d41e602-eece-328b-ff7b-118e820865d6,2021-10-29,1,4e-4,44.872,44.852,2.543,52.9,0,17.81,6,4
TeamB-7d41e602-eece-328b-ff7b-118e820865d6,2021-10-30,1,2e-4,89.853,89.835,3.304,19.5,1.7,20.55,3,2
TeamB-7d41e602-eece-328b-ff7b-118e820865d6,2021-10-31,1,1e-4,147.487,147.467,5.635,512.7,95.4,24.43,6,2
TeamB-7d41e602-eece-328b-ff7b-118e820865d6,2021-11-03,1,-0,95.005,95.007,4.762,208.2,48.5,23.79,7,12
TeamB-7d41e602-eece-328b-ff7b-118e820865d6,2021-11-04,1,2e-4,103.287,103.267,6.236,1016.2,328.5,22.7,9,8
TeamB-7d41e602-eece-328b-ff7b-118e820865d6,2021-11-06,1,-0,79.332,79.333,3.66,136.5,42.5,24.76,4,9
TeamB-7d41e602-eece-328b-ff7b-118e820865d6,2021-11-07,1,1e-4,172.205,172.185,10.91,1244.7,293.3,24.91,10,19
TeamB-7d41e602-eece-328b-ff7b-118e820865d6,2021-11-10,1,7e-4,43.488,43.458,1.462,6.2,0,17.22,4,2
TeamB-7d41e602-eece-328b-ff7b-118e820865d6,2021-11-12,1,-0,66.157,66.158,4.329,126.3,12.6,23.35,4,6
TeamB-7d41e602-eece-328b-ff7b-118e820865d6,2021-11-13,1,-0,164.355,164.357,9.333,843.6,284.3,26.64,8,12
TeamB-7d41e602-eece-328b-ff7b-118e820865d6,2021-11-15,1,-0,82.987,82.988,4.36,186.5,45.5,24.03,11,8
TeamB-85776e9a-dd84-f39e-7154-5a137a1d5006,2021-06-21,1,-0,111.072,111.073,5.815,214.4,30.9,21.87,3,8
TeamB-85776e9a-dd84-f39e-7154-5a137a1d5006,2021-06-22,1,-0,65.053,65.055,3.266,877,349.9,25.42,2,5
TeamB-85776e9a-dd84-f39e-7154-5a137a1d5006,2021-06-23,1,-0,133.143,133.145,4.581,137.3,8.1,21.3,3,8
TeamB-85776e9a-dd84-f39e-7154-5a137a1d5006,2021-06-25,1,-0,108.878,108.88,4.741,295.8,59.8,22.04,1,4
TeamB-85776e9a-dd84-f39e-7154-5a137a1d5006,2021-06-26,1,1e-4,199.387,199.368,7.866,1682.6,390.8,25.27,3,4
TeamB-85776e9a-dd84-f39e-7154-5a137a1d5006,2021-06-27,1,-0,74.355,74.357,3.592,105.3,36.6,22.09,4,3
TeamB-85776e9a-dd84-f39e-7154-5a137a1d5006,2021-06-29,1,2e-4,79.955,79.938,3.808,106.5,16.5,22.68,4,2
TeamB-85776e9a-dd84-f39e-7154-5a137a1d5006,2021-06-30,1,1e-4,176.473,176.457,8.433,950.4,371.7,23.29,2,8
TeamB-85776e9a-dd84-f39e-7154-5a137a1d5006,2021-07-01,1,2e-4,71.905,71.888,2.681,164,39.9,22.59,1,1
TeamB-85776e9a-dd84-f39e-7154-5a137a1d5006,2021-07-04,1,-0,146.422,146.423,4.696,1142.6,497.1,24.66,7,8
TeamB-85776e9a-dd84-f39e-7154-5a137a1d5006,2021-07-06,1,-0,108.023,108.025,5.101,75.4,9.3,21.34,2,7
TeamB-85776e9a-dd84-f39e-7154-5a137a1d5006,2021-07-07,1,-0,131.522,131.523,7.558,1173.5,522.2,26.12,6,6
TeamB-85776e9a-dd84-f39e-7154-5a137a1d5006,2021-07-09,1,-0,90.338,90.34,4.288,73.2,4,20.73,1,3
TeamB-85776e9a-dd84-f39e-7154-5a137a1d5006,2021-07-10,1,-0,172.975,172.977,5.195,131.9,34.4,22.75,4,3
TeamB-85776e9a-dd84-f39e-7154-5a137a1d5006,2021-07-11,1,-0,91.888,91.89,2.815,28.7,1.7,20.13,4,3
TeamB-85776e9a-dd84-f39e-7154-5a137a1d5006,2021-07-13,1,-0,75.422,75.423,3.185,116.5,1.1,19.27,0,3
TeamB-85776e9a-dd84-f39e-7154-5a137a1d5006,2021-07-31,1,-0,122.49,122.492,7.195,434.3,78.9,23.22,1,8
TeamB-85776e9a-dd84-f39e-7154-5a137a1d5006,2021-08-01,1,-0,113.838,113.84,5.869,201,9.6,20.48,6,9
TeamB-85776e9a-dd84-f39e-7154-5a137a1d5006,2021-08-02,1,-0,117.505,117.507,6.689,441.1,26,21.14,6,9
TeamB-85776e9a-dd84-f39e-7154-5a137a1d5006,2021-08-03,1,-0,95.387,95.388,3.817,630.9,161.5,23.98,6,4
TeamB-85776e9a-dd84-f39e-7154-5a137a1d5006,2021-08-05,1,-0,142.353,142.355,6.237,219.8,14.1,22.35,11,14
TeamB-85776e9a-dd84-f39e-7154-5a137a1d5006,2021-08-06,1,-0,107.607,107.608,3.647,37.5,0,18.68,5,4
TeamB-85776e9a-dd84-f39e-7154-5a137a1d5006,2021-08-07,1,-0,87.888,87.89,6.923,672.1,121.3,23.8,2,5
TeamB-85776e9a-dd84-f39e-7154-5a137a1d5006,2021-08-10,1,-0,147.505,147.507,4.711,99.6,5.9,21,9,6
TeamB-85776e9a-dd84-f39e-7154-5a137a1d5006,2021-08-11,1,-0,169.15,169.152,12.047,546.7,63.3,22.98,7,5
TeamB-85776e9a-dd84-f39e-7154-5a137a1d5006,2021-08-13,1,-0,93.503,93.505,3.39,14.1,0,17.9,7,1
TeamB-85776e9a-dd84-f39e-7154-5a137a1d5006,2021-08-14,1,2e-4,95.29,95.273,2.877,56,1.7,19.91,3,4
TeamB-85776e9a-dd84-f39e-7154-5a137a1d5006,2021-08-17,1,-0,280.838,280.84,7.376,2301.4,1646.1,35.92,2,5
TeamB-85776e9a-dd84-f39e-7154-5a137a1d5006,2021-08-19,1,-0,77.157,77.158,4.455,178,11,21.8,3,4
TeamB-85776e9a-dd84-f39e-7154-5a137a1d5006,2021-08-20,1,-0,75.473,75.475,3.25,41.8,0,17.26,4,3
TeamB-85776e9a-dd84-f39e-7154-5a137a1d5006,2021-08-23,1,-0,141.9,141.902,10.383,973.4,187.7,23.65,5,4
TeamB-85776e9a-dd84-f39e-7154-5a137a1d5006,2021-08-26,1,-0,108.7,108.702,5.162,265,113.4,25.85,6,10
TeamB-85776e9a-dd84-f39e-7154-5a137a1d5006,2021-08-27,1,-0,125.817,125.818,4.291,89.6,6.4,21.31,8,3
TeamB-85776e9a-dd84-f39e-7154-5a137a1d5006,2021-08-29,1,-0,174.405,174.407,11.799,524.5,71.4,26.23,6,10
TeamB-85776e9a-dd84-f39e-7154-5a137a1d5006,2021-08-30,1,-0,50.173,50.175,1.627,38.6,0,18.63,1,0
TeamB-85776e9a-dd84-f39e-7154-5a137a1d5006,2021-09-07,1,-0,59.522,59.523,2.342,39.7,1.7,19.7,10,22
TeamB-85776e9a-dd84-f39e-7154-5a137a1d5006,2021-09-09,1,-0,154.438,154.44,9.175,432.5,103.2,22.79,13,22
TeamB-85776e9a-dd84-f39e-7154-5a137a1d5006,2021-09-15,1,-0,98.83,98.832,2.208,0.4,0,15.72,0,3
TeamB-85776e9a-dd84-f39e-7154-5a137a1d5006,2021-09-18,1,-0,137.067,137.068,10.865,965.8,150.1,25.36,3,15
TeamB-85776e9a-dd84-f39e-7154-5a137a1d5006,2021-09-24,1,-0,114.927,114.928,4.203,88,25.6,23.37,10,11
TeamB-85776e9a-dd84-f39e-7154-5a137a1d5006,2021-09-25,1,-0,116.897,116.898,2.787,2.8,0,16.39,6,6
TeamB-85776e9a-dd84-f39e-7154-5a137a1d5006,2021-09-26,1,-0,160.658,160.66,2.076,5.5,0,16.77,1,1
TeamB-85776e9a-dd84-f39e-7154-5a137a1d5006,2021-09-27,1,-0,175.372,175.373,13.116,932.8,206.1,24.56,5,9
TeamB-85776e9a-dd84-f39e-7154-5a137a1d5006,2021-09-28,1,-0,38.92,38.922,1.123,2.3,0,16.11,0,1
TeamB-85776e9a-dd84-f39e-7154-5a137a1d5006,2021-09-29,1,-0,125.455,125.457,6.458,348.1,49.4,21.48,2,13
TeamB-85776e9a-dd84-f39e-7154-5a137a1d5006,2021-09-30,1,-0,157.873,157.875,12.736,739.9,65.3,22.36,9,8
TeamB-85776e9a-dd84-f39e-7154-5a137a1d5006,2021-10-01,1,-0,114.02,114.022,3.133,2.8,0,16.71,5,0
TeamB-85776e9a-dd84-f39e-7154-5a137a1d5006,2021-10-05,1,-0,113.99,113.992,7.213,513.2,208,25.26,3,15
TeamB-85776e9a-dd84-f39e-7154-5a137a1d5006,2021-10-06,1,-0,120.505,120.507,5.45,129.5,8,20.75,6,13
TeamB-85776e9a-dd84-f39e-7154-5a137a1d5006,2021-10-08,1,-0,136.845,136.847,5.797,28.8,2.8,20.13,11,8
TeamB-85776e9a-dd84-f39e-7154-5a137a1d5006,2021-10-12,1,-0,131.212,131.213,7.25,400.3,157.4,28.06,5,16
TeamB-85776e9a-dd84-f39e-7154-5a137a1d5006,2021-10-13,1,-0,163.242,163.243,13.001,908.7,74.3,22.87,8,14
TeamB-85776e9a-dd84-f39e-7154-5a137a1d5006,2021-10-20,1,2e-4,76.805,76.787,5.969,311.5,68.1,26.01,1,4
TeamB-85776e9a-dd84-f39e-7154-5a137a1d5006,2021-10-23,1,-0,144.555,144.557,10.237,746.7,86.7,23.39,4,16
TeamB-85776e9a-dd84-f39e-7154-5a137a1d5006,2021-10-25,1,-0,100.575,100.577,5.117,720.9,538.2,35.85,2,6
TeamB-85776e9a-dd84-f39e-7154-5a137a1d5006,2021-10-29,1,0.0032,134.94,134.507,7.297,285.4,70.6,23.93,7,11
TeamB-85776e9a-dd84-f39e-7154-5a137a1d5006,2021-10-30,1,-0,102.313,102.315,3.741,28,0.6,18.9,2,2
TeamB-85776e9a-dd84-f39e-7154-5a137a1d5006,2021-11-02,1,-0,60.022,60.023,3.148,365.6,233.5,27.57,8,8
TeamB-85776e9a-dd84-f39e-7154-5a137a1d5006,2021-11-03,1,-0,145.04,145.042,5.742,78.2,4,20.12,4,16
TeamB-85776e9a-dd84-f39e-7154-5a137a1d5006,2021-11-04,1,-0,99.615,99.617,4.613,220.5,39.2,24.31,5,5
TeamB-85776e9a-dd84-f39e-7154-5a137a1d5006,2021-11-06,1,-0,88.245,88.247,4.341,40.7,1.7,19.93,2,8
TeamB-85776e9a-dd84-f39e-7154-5a137a1d5006,2021-11-12,1,-0,73.162,73.163,3.739,71.4,1.7,19.67,3,2
TeamB-85776e9a-dd84-f39e-7154-5a137a1d5006,2021-11-17,1,-0,111.503,111.505,4.641,95.4,10.9,20.4,5,16
TeamB-85776e9a-dd84-f39e-7154-5a137a1d5006,2021-11-24,1,-0,158.657,158.658,10.565,876.9,226.3,24.52,3,12
TeamB-8d723104-f773-83c1-3458-a748e9bb17bc,2020-06-01,1,-0,118.728,118.73,5.186,354,82.5,27.12,9,11
TeamB-8d723104-f773-83c1-3458-a748e9bb17bc,2020-06-02,1,-0,97.907,97.908,4.661,483.7,222.8,26.59,9,21
TeamB-8d723104-f773-83c1-3458-a748e9bb17bc,2020-06-04,1,-0,102.855,102.857,5.784,462.4,106.8,24.53,3,16
TeamB-8d723104-f773-83c1-3458-a748e9bb17bc,2020-06-09,1,-0,114.057,114.058,3.557,251.9,63,24.18,5,6
TeamB-8d723104-f773-83c1-3458-a748e9bb17bc,2020-06-10,1,-0,79.943,79.945,3.529,423.1,137.6,25.75,6,13
TeamB-8d723104-f773-83c1-3458-a748e9bb17bc,2020-06-11,1,-0,71.86,71.862,2.191,16.8,1.1,19.67,6,3
TeamB-8d723104-f773-83c1-3458-a748e9bb17bc,2020-06-12,1,-0,100.87,100.872,3.672,113.3,21.6,22.34,8,7
TeamB-8d723104-f773-83c1-3458-a748e9bb17bc,2020-06-13,1,-0,104.99,104.992,4.294,707.8,272,29.23,6,7
TeamB-8d723104-f773-83c1-3458-a748e9bb17bc,2020-06-16,1,-0,123.188,123.19,4.846,303.9,109.1,25.65,8,21
TeamB-8d723104-f773-83c1-3458-a748e9bb17bc,2020-06-17,1,-0,106.79,106.792,3.565,290,85.4,24.44,1,10
TeamB-8d723104-f773-83c1-3458-a748e9bb17bc,2020-06-18,1,-0,93.558,93.56,4.854,742.6,83.6,23.15,13,21
TeamB-8d723104-f773-83c1-3458-a748e9bb17bc,2020-06-22,1,-0,103.837,103.838,2.603,7.4,1.2,18.91,3,6
TeamB-8d723104-f773-83c1-3458-a748e9bb17bc,2020-06-23,1,-0,63.857,63.858,4.952,719.8,287,28.37,4,16
TeamB-8d723104-f773-83c1-3458-a748e9bb17bc,2020-06-25,1,-0,86.812,86.813,2.639,107.8,33.1,24.91,6,10
TeamB-8d723104-f773-83c1-3458-a748e9bb17bc,2020-06-26,1,-0,74.09,74.092,2.994,231.6,96.6,25.06,5,6
TeamB-8d723104-f773-83c1-3458-a748e9bb17bc,2020-06-27,1,-0,117.907,117.908,5.47,672.8,236.4,29.05,7,16
TeamB-8d723104-f773-83c1-3458-a748e9bb17bc,2020-06-29,1,-0,91.988,91.99,4.368,198.7,53,22.8,9,12
TeamB-8d723104-f773-83c1-3458-a748e9bb17bc,2020-06-30,1,-0,122.592,122.593,5.88,808.6,166.6,26.99,11,31
TeamB-8d723104-f773-83c1-3458-a748e9bb17bc,2020-07-01,1,-0,88.057,88.058,3.943,265.2,93.9,28.19,12,13
TeamB-8d723104-f773-83c1-3458-a748e9bb17bc,2020-07-02,1,-0,90.34,90.342,3.55,247.8,47.5,23.01,5,8
TeamB-8d723104-f773-83c1-3458-a748e9bb17bc,2020-07-03,1,-0,73.638,73.64,2.818,88.6,15.2,22.45,6,5
TeamB-8d723104-f773-83c1-3458-a748e9bb17bc,2020-07-04,1,-0,49.282,49.283,4.691,699.6,296.4,28.39,4,17
TeamB-8d723104-f773-83c1-3458-a748e9bb17bc,2020-07-07,1,-0,109.373,109.375,7.17,1305.5,376.7,28.56,10,22
TeamB-8d723104-f773-83c1-3458-a748e9bb17bc,2020-07-08,1,-0,79.97,79.972,3.926,206.6,35.3,22.75,12,12
TeamB-8d723104-f773-83c1-3458-a748e9bb17bc,2020-07-09,1,-0,97.405,97.407,3.628,204.4,25.9,21.93,8,12
TeamB-8d723104-f773-83c1-3458-a748e9bb17bc,2020-07-10,1,-0,119.59,119.592,10.398,1474.5,468.3,28.24,17,34
TeamB-8d723104-f773-83c1-3458-a748e9bb17bc,2020-07-14,1,-0,103.738,103.74,5.318,455.7,163.7,27.38,12,12
TeamB-8d723104-f773-83c1-3458-a748e9bb17bc,2020-07-15,1,-0,113.055,113.057,5.325,144.9,32.6,22.39,4,11
TeamB-8d723104-f773-83c1-3458-a748e9bb17bc,2020-07-16,1,-0,104.863,104.865,4.204,173.2,65,27.07,5,13
TeamB-8d723104-f773-83c1-3458-a748e9bb17bc,2020-07-17,1,-0,106.39,106.392,4.136,172.1,35.5,22.49,9,14
TeamB-8d723104-f773-83c1-3458-a748e9bb17bc,2020-07-18,1,-0,122.687,122.688,10.956,1825.3,661.4,27.84,11,36
TeamB-8d723104-f773-83c1-3458-a748e9bb17bc,2020-07-21,1,-0,106.692,106.693,4.508,465.7,218.8,27.93,8,22
TeamB-8d723104-f773-83c1-3458-a748e9bb17bc,2020-07-22,1,-0,79.005,79.007,3.979,258,49.1,22.44,7,13
TeamB-8d723104-f773-83c1-3458-a748e9bb17bc,2020-07-23,1,-0,77.605,77.607,3.313,79.4,2.3,20,8,6
TeamB-8d723104-f773-83c1-3458-a748e9bb17bc,2020-07-24,1,-0,133.555,133.557,10.78,1492.8,597.3,28.72,11,24
TeamB-8d723104-f773-83c1-3458-a748e9bb17bc,2020-07-28,1,-0,122.423,122.425,6.098,562.1,191.5,25.48,9,13
TeamB-8d723104-f773-83c1-3458-a748e9bb17bc,2020-07-29,1,-0,95.135,95.137,4.585,372.2,136.8,28.01,6,9
TeamB-8d723104-f773-83c1-3458-a748e9bb17bc,2020-07-31,1,-0,106.523,106.525,4.34,244.8,33.9,23.74,4,15
TeamB-8d723104-f773-83c1-3458-a748e9bb17bc,2020-08-01,1,-0,113.338,113.34,10.562,1593,646.6,29.23,10,38
TeamB-8d723104-f773-83c1-3458-a748e9bb17bc,2020-08-04,1,-0,97.473,97.475,6.014,616.8,150.7,24.41,10,22
TeamB-8d723104-f773-83c1-3458-a748e9bb17bc,2020-08-05,1,-0,71.802,71.803,2.908,168.3,38.9,25.84,2,6
TeamB-8d723104-f773-83c1-3458-a748e9bb17bc,2020-08-06,1,-0,92.557,92.558,3.339,146,29,21.52,7,16
TeamB-8d723104-f773-83c1-3458-a748e9bb17bc,2020-08-07,1,-0,134.505,134.507,10.892,1495.7,526.6,29.45,13,35
TeamB-8d723104-f773-83c1-3458-a748e9bb17bc,2020-08-10,1,-0,85.5,85.502,4.541,318.2,71.8,25.05,6,12
TeamB-8d723104-f773-83c1-3458-a748e9bb17bc,2020-08-11,1,-0,84.538,84.54,2.616,164.6,31.4,22.79,8,7
TeamB-8d723104-f773-83c1-3458-a748e9bb17bc,2020-08-12,1,-0,142.638,142.64,9.752,1379.7,424.4,27.71,5,16
TeamB-8d723104-f773-83c1-3458-a748e9bb17bc,2020-08-14,1,-0,89.353,89.355,2.848,126.9,31.6,23.69,5,3
TeamB-8d723104-f773-83c1-3458-a748e9bb17bc,2020-08-15,1,-0,77.47,77.472,3.193,317.9,144.7,26.86,9,1
TeamB-8d723104-f773-83c1-3458-a748e9bb17bc,2020-08-16,1,-0,122.038,122.04,9.842,1253.2,411.3,27.7,8,24
TeamB-8d723104-f773-83c1-3458-a748e9bb17bc,2020-08-19,1,-0,113.585,113.587,4.424,287.1,70.8,23.04,5,15
TeamB-8d723104-f773-83c1-3458-a748e9bb17bc,2020-08-20,1,-0,102.442,102.443,3.216,294.9,82.5,25.46,2,10
TeamB-8d723104-f773-83c1-3458-a748e9bb17bc,2020-08-25,1,-0,88.123,88.125,2.742,128.3,23.9,23.59,9,9
TeamB-8d723104-f773-83c1-3458-a748e9bb17bc,2020-08-29,1,-0,62.633,62.635,2.705,143.5,50.6,24.8,5,8
TeamB-8d723104-f773-83c1-3458-a748e9bb17bc,2020-08-30,1,-0,124.472,124.473,11.008,1418.2,544.6,26.3,13,22
TeamB-8d723104-f773-83c1-3458-a748e9bb17bc,2020-09-02,1,-0,85.637,85.638,4.901,253.7,56.3,23.96,6,15
TeamB-8d723104-f773-83c1-3458-a748e9bb17bc,2020-09-03,1,-0,101.223,101.225,4.492,308,101.1,25.46,6,13
TeamB-8d723104-f773-83c1-3458-a748e9bb17bc,2020-09-04,1,-0,73.64,73.642,3.013,200.7,37.7,23.7,10,13
TeamB-8d723104-f773-83c1-3458-a748e9bb17bc,2020-09-05,1,-0,120.372,120.373,10.267,1469.8,591.6,28.09,15,30
TeamB-8d723104-f773-83c1-3458-a748e9bb17bc,2020-09-09,1,-0,106.423,106.425,5.15,468.9,157.4,26.34,3,18
TeamB-8d723104-f773-83c1-3458-a748e9bb17bc,2020-09-11,1,-1e-4,32.328,32.33,1.628,179.2,69.3,24.08,4,6
TeamB-8d723104-f773-83c1-3458-a748e9bb17bc,2020-09-12,1,-0,109.108,109.11,10.131,1523.6,516.9,26.86,11,16
TeamB-8d723104-f773-83c1-3458-a748e9bb17bc,2020-09-24,1,-0,111.223,111.225,6.604,734,258,27.46,2,18
TeamB-8d723104-f773-83c1-3458-a748e9bb17bc,2020-09-25,1,-0,83.84,83.842,5.157,331.8,90.5,26.99,3,13
TeamB-8d723104-f773-83c1-3458-a748e9bb17bc,2020-09-26,1,-0,72.388,72.39,3.449,237.3,49.9,23.93,6,3
TeamB-8d723104-f773-83c1-3458-a748e9bb17bc,2020-09-27,1,-0,34.425,34.427,3.106,380.3,84.7,25.62,4,8
TeamB-8d723104-f773-83c1-3458-a748e9bb17bc,2020-09-30,1,-0,107.927,107.928,6.736,553.3,109.3,25.65,9,15
TeamB-8d723104-f773-83c1-3458-a748e9bb17bc,2020-10-01,1,-0,109.027,109.028,4.926,383,114.5,26.64,5,8
TeamB-8d723104-f773-83c1-3458-a748e9bb17bc,2020-10-02,1,-0,106.25,106.252,6.905,723.7,257.9,26.95,4,12
TeamB-8d723104-f773-83c1-3458-a748e9bb17bc,2020-10-05,1,-0,125.177,125.178,5.903,345.9,92,26.24,12,16
TeamB-8d723104-f773-83c1-3458-a748e9bb17bc,2020-10-06,1,-0,62.25,62.252,2.668,271.8,80.7,25.19,7,6
TeamB-8d723104-f773-83c1-3458-a748e9bb17bc,2020-10-07,1,-0,114.37,114.372,7.694,1108.5,388,30.08,7,19
TeamB-8d723104-f773-83c1-3458-a748e9bb17bc,2020-10-13,1,-0,97.23,97.232,5.897,455.6,108.4,25.26,10,15
TeamB-8d723104-f773-83c1-3458-a748e9bb17bc,2020-10-14,1,-0,90.237,90.238,5.654,764.1,255.1,26.88,8,15
TeamB-8d723104-f773-83c1-3458-a748e9bb17bc,2020-10-16,1,-0,88.95,88.952,4.162,315.7,70,26.01,8,17
TeamB-8d723104-f773-83c1-3458-a748e9bb17bc,2020-10-17,1,-0,58.828,58.83,2.697,123.7,14.1,21.78,5,5
TeamB-8d723104-f773-83c1-3458-a748e9bb17bc,2020-10-18,1,-0,96.1,96.102,8.24,1162.4,385.3,26.05,4,12
TeamB-8d723104-f773-83c1-3458-a748e9bb17bc,2020-10-21,1,-0,94.173,94.175,4.217,59.6,0.6,19.22,3,5
TeamB-8d723104-f773-83c1-3458-a748e9bb17bc,2020-10-22,1,-0,123.148,123.15,6.437,509.7,195.6,26.07,6,15
TeamB-8d723104-f773-83c1-3458-a748e9bb17bc,2020-10-29,1,-0,138.362,138.363,5.166,502.8,152.9,26.27,9,20
TeamB-8d723104-f773-83c1-3458-a748e9bb17bc,2020-10-30,1,-0,84.438,84.44,4.288,413.7,129.2,25.52,7,10
TeamB-8d723104-f773-83c1-3458-a748e9bb17bc,2020-10-31,1,-0,74.055,74.057,3.454,181.5,34.4,23,5,3
TeamB-8d723104-f773-83c1-3458-a748e9bb17bc,2020-11-01,1,-0,64.405,64.407,5.834,1058.7,314.9,25.62,3,17
TeamB-8d723104-f773-83c1-3458-a748e9bb17bc,2020-11-03,1,-0,46.515,46.517,1.904,86,16.1,21,8,4
TeamB-8d723104-f773-83c1-3458-a748e9bb17bc,2020-11-04,1,-0,125.745,125.747,10.199,1403.7,342.1,26.69,14,27
TeamB-8d723104-f773-83c1-3458-a748e9bb17bc,2020-11-06,1,-0,56.912,56.913,2.552,96.6,18.5,23.05,3,4
TeamB-8d723104-f773-83c1-3458-a748e9bb17bc,2020-11-07,1,-0,37.838,37.84,2.116,324.5,134.8,29.2,1,4
TeamB-8d723104-f773-83c1-3458-a748e9bb17bc,2020-11-10,1,-0,69.405,69.407,2.569,89.8,10.9,21.02,2,2
TeamB-8d723104-f773-83c1-3458-a748e9bb17bc,2020-11-11,1,-0,49.172,49.173,5.706,962.6,247,25.94,4,10
TeamB-8d723104-f773-83c1-3458-a748e9bb17bc,2020-11-14,1,-0,123.04,123.042,6.282,478.9,111.2,23.74,5,11
TeamB-8d723104-f773-83c1-3458-a748e9bb17bc,2020-11-16,1,-0,56.205,56.207,2.436,132.2,12.1,21.22,1,4
TeamB-8d723104-f773-83c1-3458-a748e9bb17bc,2020-11-19,1,-1e-4,32.407,32.408,3.049,506,175.8,25.22,3,5
TeamB-8d723104-f773-83c1-3458-a748e9bb17bc,2020-11-21,1,-0,76.405,76.407,2.326,73.7,1.7,19.8,2,5
TeamB-8d723104-f773-83c1-3458-a748e9bb17bc,2020-11-27,1,-0,64.407,64.408,2.93,59.5,1.1,19.62,2,7
TeamB-8d723104-f773-83c1-3458-a748e9bb17bc,2020-11-30,1,-0,95.855,95.857,4.64,138.2,7.9,20.19,7,9
TeamB-8d723104-f773-83c1-3458-a748e9bb17bc,2020-12-04,1,-0,92.407,92.408,5.366,489.3,86.1,23.06,3,9
TeamB-8d723104-f773-83c1-3458-a748e9bb17bc,2020-12-05,1,-0,74.89,74.892,3.495,179.4,27.9,22.43,9,10
TeamB-8d723104-f773-83c1-3458-a748e9bb17bc,2020-12-08,1,-0,69.532,69.533,3.303,153.1,14.1,22.02,9,6
TeamB-8d723104-f773-83c1-3458-a748e9bb17bc,2020-12-09,1,3e-4,57.843,57.825,2.163,73.2,3.4,20.56,5,4
TeamB-8d723104-f773-83c1-3458-a748e9bb17bc,2020-12-10,1,-0,75.863,75.865,4.901,359.5,100.6,26.77,7,14
TeamB-8d723104-f773-83c1-3458-a748e9bb17bc,2020-12-12,1,-0,69.53,69.532,2.937,145.7,16.5,20.93,6,6
TeamB-8d723104-f773-83c1-3458-a748e9bb17bc,2020-12-13,1,-0,106.173,106.175,9.883,1551.2,453.2,25.72,7,31
TeamB-8d723104-f773-83c1-3458-a748e9bb17bc,2021-02-01,1,-0,105.373,105.375,6.426,638.9,232.6,25.61,7,20
TeamB-8d723104-f773-83c1-3458-a748e9bb17bc,2021-02-03,1,-0,62.988,62.99,1.281,0,0,14.38,0,1
TeamB-8d723104-f773-83c1-3458-a748e9bb17bc,2021-02-04,1,2e-4,83.87,83.853,7.369,1046.2,367.4,25.87,9,9
TeamB-8d723104-f773-83c1-3458-a748e9bb17bc,2021-02-07,1,-0,96.988,96.99,5.894,565.9,148.3,24.96,4,16
TeamB-8d723104-f773-83c1-3458-a748e9bb17bc,2021-02-08,1,-0,108.922,108.923,5.157,393.6,91.1,25.54,13,15
TeamB-8d723104-f773-83c1-3458-a748e9bb17bc,2021-02-10,1,-0,62.573,62.575,4.097,194.9,38.5,22.14,6,11
TeamB-8d723104-f773-83c1-3458-a748e9bb17bc,2021-02-11,1,-0,120.04,120.042,11.281,1644.4,511.7,26.94,9,25
TeamB-8d723104-f773-83c1-3458-a748e9bb17bc,2021-02-20,1,-0,80.028,80.03,4.774,278.8,31.3,24.24,3,7
TeamB-8d723104-f773-83c1-3458-a748e9bb17bc,2021-02-21,1,-0,73.4,73.402,4.487,249.1,52.1,23.34,7,12
TeamB-8d723104-f773-83c1-3458-a748e9bb17bc,2021-02-24,1,-0,92.655,92.657,5.499,920.8,463.3,27.36,18,22
TeamB-8d723104-f773-83c1-3458-a748e9bb17bc,2021-02-25,1,-0,96.557,96.558,4.845,338.6,79.9,24.66,6,12
TeamB-8d723104-f773-83c1-3458-a748e9bb17bc,2021-02-26,1,-0,102.005,102.007,5.41,517.8,203.4,26.31,7,17
TeamB-8d723104-f773-83c1-3458-a748e9bb17bc,2021-03-01,1,-0,99.557,99.558,5.6,479.4,164.2,23.56,3,18
TeamB-8d723104-f773-83c1-3458-a748e9bb17bc,2021-03-02,1,-0,103.105,103.107,6.313,1054.9,386.9,27.35,7,12
TeamB-8d723104-f773-83c1-3458-a748e9bb17bc,2021-03-04,1,-0,97.088,97.09,5.485,515.4,217.9,27.03,5,19
TeamB-8d723104-f773-83c1-3458-a748e9bb17bc,2021-03-05,1,-0,117.9,117.902,6.081,478.4,127.1,24.09,7,18
TeamB-8d723104-f773-83c1-3458-a748e9bb17bc,2021-03-06,1,-0,126.915,126.917,5.353,477.4,169.7,24.72,10,10
TeamB-8d723104-f773-83c1-3458-a748e9bb17bc,2021-03-08,1,2e-4,101.753,101.737,5.027,435.4,96.9,24.7,5,11
TeamB-8d723104-f773-83c1-3458-a748e9bb17bc,2021-03-09,1,-0,107.607,107.608,5.755,1077,382.8,26.09,7,13
TeamB-8d723104-f773-83c1-3458-a748e9bb17bc,2021-03-12,1,-0,96.583,96.585,6.553,563.8,223.8,25.27,4,10
TeamB-8d723104-f773-83c1-3458-a748e9bb17bc,2021-03-15,1,-0,98.273,98.275,5.442,1115.8,531.6,25.43,8,19
TeamB-8d723104-f773-83c1-3458-a748e9bb17bc,2021-03-16,1,2e-4,120.077,120.055,5.251,397.3,135.9,24.77,11,17
TeamB-8d723104-f773-83c1-3458-a748e9bb17bc,2021-03-18,1,-0,109.54,109.542,6.547,535,176.2,24.03,11,24
TeamB-8d723104-f773-83c1-3458-a748e9bb17bc,2021-03-19,1,2e-4,94.683,94.667,5.551,359.9,108.1,24.75,10,8
TeamB-8d723104-f773-83c1-3458-a748e9bb17bc,2021-03-22,1,-0,119.837,119.838,5.331,426.7,113.3,24.6,13,17
TeamB-8d723104-f773-83c1-3458-a748e9bb17bc,2021-03-23,1,1e-4,128.792,128.775,8.226,2330.5,1598.9,35.59,13,22
TeamB-8d723104-f773-83c1-3458-a748e9bb17bc,2021-03-25,1,-0,94.86,94.862,4.558,417.7,156,26.43,9,22
TeamB-8d723104-f773-83c1-3458-a748e9bb17bc,2021-03-26,1,2e-4,74.84,74.823,3.654,117.5,11,21.65,13,6
TeamB-8d723104-f773-83c1-3458-a748e9bb17bc,2021-03-29,1,-0,137.475,137.477,6.954,709.6,198.8,24.81,9,16
TeamB-8d723104-f773-83c1-3458-a748e9bb17bc,2021-03-30,1,-0,159.267,159.268,7.849,1734.2,1127.3,35.71,15,22
TeamB-8d723104-f773-83c1-3458-a748e9bb17bc,2021-03-31,1,2e-4,96.037,96.018,4.821,287.5,62.1,25.96,4,7
TeamB-8d723104-f773-83c1-3458-a748e9bb17bc,2021-04-06,1,-0,110.897,110.898,5.74,605.6,72.4,24.25,9,16
TeamB-8d723104-f773-83c1-3458-a748e9bb17bc,2021-04-08,1,-0,115.795,115.797,6.41,766.3,149.3,25.35,5,15
TeamB-8d723104-f773-83c1-3458-a748e9bb17bc,2021-04-09,1,-0,84.702,84.703,4.169,263.6,75.2,26.24,8,8
TeamB-8d723104-f773-83c1-3458-a748e9bb17bc,2021-04-12,1,-0,107.01,107.012,7.918,1076.5,388.7,26.23,5,15
TeamB-8d723104-f773-83c1-3458-a748e9bb17bc,2021-04-15,1,-0,116.938,116.94,6.65,843.4,344.8,27.4,15,17
TeamB-8d723104-f773-83c1-3458-a748e9bb17bc,2021-04-16,1,-0,105.138,105.14,4.803,466.6,198.3,25.62,10,12
TeamB-8d723104-f773-83c1-3458-a748e9bb17bc,2021-04-20,1,1e-4,162.19,162.173,8.061,549.2,128,27.38,17,36
TeamB-8d723104-f773-83c1-3458-a748e9bb17bc,2021-04-21,1,-0,68.02,68.022,2.109,8.1,0,17.98,1,2
TeamB-8d723104-f773-83c1-3458-a748e9bb17bc,2021-04-26,1,-0,129.733,129.735,4.364,88.3,6.4,21.51,6,7
TeamB-8d723104-f773-83c1-3458-a748e9bb17bc,2021-04-27,1,-0,130.938,130.94,8.515,1867.6,515.5,26.69,14,25
TeamB-8d723104-f773-83c1-3458-a748e9bb17bc,2021-04-30,1,-0,148.222,148.223,4.969,847.3,518.2,23.69,4,7
TeamB-8d723104-f773-83c1-3458-a748e9bb17bc,2021-05-01,1,-0,42.852,42.853,4.183,737.7,219,26.48,1,10
TeamB-8d723104-f773-83c1-3458-a748e9bb17bc,2021-05-03,1,-0,79.048,79.05,3.377,130.1,12.2,21.57,5,6
TeamB-8d723104-f773-83c1-3458-a748e9bb17bc,2021-05-04,1,-0,131.907,131.908,7.668,720.4,189.8,28.79,13,26
TeamB-8d723104-f773-83c1-3458-a748e9bb17bc,2021-05-05,1,-0,132.078,132.08,6.829,649.8,125.6,25.26,12,26
TeamB-8d723104-f773-83c1-3458-a748e9bb17bc,2021-05-06,1,2e-4,90.54,90.522,3.109,305.1,119.7,26.89,1,8
TeamB-8d723104-f773-83c1-3458-a748e9bb17bc,2021-05-07,1,-0,76.202,76.203,3.05,57.9,5.1,20.8,4,1
TeamB-8d723104-f773-83c1-3458-a748e9bb17bc,2021-05-08,1,-0,65.182,65.183,5.385,1076.4,420.8,27.6,8,9
TeamB-8d723104-f773-83c1-3458-a748e9bb17bc,2021-05-11,1,-0,151.232,151.233,11.762,1750.9,594.1,26.48,17,33
TeamB-8d723104-f773-83c1-3458-a748e9bb17bc,2021-05-12,1,-0,60.95,60.952,1.971,0.5,0,14.39,1,1
TeamB-8d723104-f773-83c1-3458-a748e9bb17bc,2021-05-14,1,-0,96.205,96.207,3.164,187.3,50.8,25.03,8,9
TeamB-8d723104-f773-83c1-3458-a748e9bb17bc,2021-05-15,1,1e-4,149.923,149.905,9.372,1433.6,486.6,28.25,4,16
TeamB-8d723104-f773-83c1-3458-a748e9bb17bc,2021-05-18,1,2e-4,96.332,96.313,5.3,645.4,276.7,26.04,5,13
TeamB-8d723104-f773-83c1-3458-a748e9bb17bc,2021-05-19,1,-0,149.138,149.14,8.456,2578,915.7,27.27,7,11
TeamB-8d723104-f773-83c1-3458-a748e9bb17bc,2021-05-21,1,2e-4,100.47,100.452,1.948,29,1.7,19.6,1,1
TeamB-8d723104-f773-83c1-3458-a748e9bb17bc,2021-05-22,1,-0,197.522,197.523,12.542,1650.3,646.5,27.8,15,28
TeamB-8d723104-f773-83c1-3458-a748e9bb17bc,2021-05-24,1,2e-4,84.072,84.053,2.773,22,0,18.28,2,2
TeamB-8d723104-f773-83c1-3458-a748e9bb17bc,2021-05-26,1,-0,109.038,109.04,6.656,569,195.1,24.94,11,19
TeamB-8d723104-f773-83c1-3458-a748e9bb17bc,2021-05-28,1,-0,109.888,109.89,3.245,274.8,92.5,26.01,6,7
TeamB-8d723104-f773-83c1-3458-a748e9bb17bc,2021-05-29,1,-0,168.013,168.015,12.469,1340.4,442.5,28.88,16,15
TeamB-8d723104-f773-83c1-3458-a748e9bb17bc,2021-06-01,1,-0,127.172,127.173,6.125,857.8,381.1,26.96,14,14
TeamB-8d723104-f773-83c1-3458-a748e9bb17bc,2021-06-02,1,2e-4,76.348,76.332,2.478,65.5,0.6,19.41,3,3
TeamB-8d723104-f773-83c1-3458-a748e9bb17bc,2021-06-05,1,-0,144.573,144.575,10.819,1489.5,541.5,28.18,16,26
TeamB-8d723104-f773-83c1-3458-a748e9bb17bc,2021-06-14,1,-0,88.565,88.567,3.078,121,12.7,21.56,6,18
TeamB-8d723104-f773-83c1-3458-a748e9bb17bc,2021-06-15,1,-0,120.438,120.44,5.157,1081.4,203.7,25.19,13,12
TeamB-8d723104-f773-83c1-3458-a748e9bb17bc,2021-06-17,1,-0,102.637,102.638,5.117,450.6,72.7,23.54,8,19
TeamB-8d723104-f773-83c1-3458-a748e9bb17bc,2021-06-18,1,-0,57.673,57.675,1.767,107.4,11.4,20.84,4,4
TeamB-8d723104-f773-83c1-3458-a748e9bb17bc,2021-06-20,1,-0,116.338,116.34,6.578,530.4,155.8,25.99,10,12
TeamB-8d723104-f773-83c1-3458-a748e9bb17bc,2021-06-21,1,-0,89.073,89.075,3.239,68.5,9.3,21.47,6,6
TeamB-8d723104-f773-83c1-3458-a748e9bb17bc,2021-06-22,1,-0,180.522,180.523,12.066,1446.5,641.2,27.35,12,27
TeamB-8d723104-f773-83c1-3458-a748e9bb17bc,2021-06-25,1,-0,80.33,80.332,3.623,299.6,95.6,24.37,9,8
TeamB-8d723104-f773-83c1-3458-a748e9bb17bc,2021-06-26,1,-0,63.915,63.917,4.673,434.2,140.2,28.37,8,15
TeamB-8d723104-f773-83c1-3458-a748e9bb17bc,2021-06-29,1,-0,94.023,94.025,3.363,246.3,42.6,23,3,7
TeamB-8d723104-f773-83c1-3458-a748e9bb17bc,2021-06-30,1,2e-4,125.028,125.008,11.05,1369,431.3,29.96,9,29
TeamB-8d723104-f773-83c1-3458-a748e9bb17bc,2021-07-04,1,2e-4,119.29,119.272,9.987,1342.2,476.2,26.95,10,27
TeamB-8d723104-f773-83c1-3458-a748e9bb17bc,2021-07-07,1,4e-4,39.74,39.723,1.776,326.6,161.5,27.85,0,1
TeamB-8d723104-f773-83c1-3458-a748e9bb17bc,2021-07-09,1,-0,104.738,104.74,3.77,78.4,10.5,21.32,7,10
TeamB-8d723104-f773-83c1-3458-a748e9bb17bc,2021-07-10,1,2e-4,119.055,119.037,6.015,467.8,158.3,28.82,4,9
TeamB-8d723104-f773-83c1-3458-a748e9bb17bc,2021-07-11,1,-0,74.522,74.523,3.229,81.9,6.3,20.62,3,6
TeamB-8d723104-f773-83c1-3458-a748e9bb17bc,2021-07-13,1,-0,43.055,43.057,2.24,259.1,121.3,25.04,3,1
TeamB-9c845827-99f9-47f4-977d-2200a107a013,2020-09-24,1,-0,115.023,115.025,6.315,560,188.7,26.48,9,15
TeamB-9c845827-99f9-47f4-977d-2200a107a013,2020-09-25,1,-0,93.858,93.86,4.348,240.9,85.8,26.28,9,11
TeamB-9c845827-99f9-47f4-977d-2200a107a013,2020-09-26,1,-0,89.522,89.523,2.941,166.9,21,22.13,5,5
TeamB-9c845827-99f9-47f4-977d-2200a107a013,2020-09-27,1,-0,47.387,47.388,3.466,286,91.7,25.26,3,7
TeamB-9c845827-99f9-47f4-977d-2200a107a013,2020-09-29,1,-0,79.5,79.502,2.787,35.8,0.6,18.85,2,2
TeamB-9c845827-99f9-47f4-977d-2200a107a013,2020-09-30,1,-0,137.907,137.908,7.321,410.1,81.5,24.92,10,23
TeamB-9c845827-99f9-47f4-977d-2200a107a013,2020-10-01,1,-0,115.355,115.357,4.577,283.9,31.4,23.8,10,16
TeamB-9c845827-99f9-47f4-977d-2200a107a013,2020-10-02,1,-0,124.705,124.707,6.394,720.8,243.5,26.32,8,8
TeamB-9c845827-99f9-47f4-977d-2200a107a013,2020-10-06,1,-0,75.838,75.84,3.287,136.5,34.3,24.26,4,6
TeamB-9c845827-99f9-47f4-977d-2200a107a013,2020-10-07,1,1e-4,113.55,113.533,6.968,667.6,210.7,26.59,4,17
TeamB-9c845827-99f9-47f4-977d-2200a107a013,2020-10-11,1,-0,87.017,87.018,4.373,144.3,44.1,21.73,9,5
TeamB-9c845827-99f9-47f4-977d-2200a107a013,2020-10-13,1,-0,99.64,99.642,6.105,274,43.4,23.81,9,22
TeamB-9c845827-99f9-47f4-977d-2200a107a013,2020-10-14,1,2e-4,103.672,103.655,5.148,553,187.3,27.78,7,13
TeamB-9c845827-99f9-47f4-977d-2200a107a013,2020-10-16,1,-0,113.472,113.473,4.023,179,47.5,25.79,11,18
TeamB-9c845827-99f9-47f4-977d-2200a107a013,2020-10-17,1,2e-4,71.755,71.738,2.777,99.7,4,21.1,4,8
TeamB-9c845827-99f9-47f4-977d-2200a107a013,2020-10-18,1,4e-4,47.488,47.472,2.616,213.2,35.2,23.16,1,3
TeamB-9c845827-99f9-47f4-977d-2200a107a013,2020-10-21,1,2e-4,94.188,94.172,3.867,81.9,1.1,19.63,7,3
TeamB-9c845827-99f9-47f4-977d-2200a107a013,2020-10-22,1,-0,113.423,113.425,4.586,129.3,31.5,22.87,10,19
TeamB-9c845827-99f9-47f4-977d-2200a107a013,2020-10-23,1,-0,98.355,98.357,3.706,108.2,23.3,23.46,4,8
TeamB-9c845827-99f9-47f4-977d-2200a107a013,2020-10-26,1,-0,109.372,109.373,4.511,193.2,16.1,21.48,8,10
TeamB-9c845827-99f9-47f4-977d-2200a107a013,2020-10-27,1,-0,99.04,99.042,3.137,65.9,2.8,20.16,4,6
TeamB-9c845827-99f9-47f4-977d-2200a107a013,2020-10-29,1,-0,144.715,144.717,6.188,353.8,118,24.99,7,16
TeamB-9c845827-99f9-47f4-977d-2200a107a013,2020-10-30,1,-0,93.338,93.34,4.283,272.6,61.7,23.07,7,13
TeamB-9c845827-99f9-47f4-977d-2200a107a013,2020-10-31,1,-0,76.338,76.34,2.849,137.5,14.5,21.19,4,4
TeamB-9c845827-99f9-47f4-977d-2200a107a013,2020-11-01,1,4e-4,45.663,45.647,3.341,457.5,55.5,24.49,6,4
TeamB-9c845827-99f9-47f4-977d-2200a107a013,2020-11-02,1,-0,73.49,73.492,3.646,100.3,22.9,23.92,8,10
TeamB-9c845827-99f9-47f4-977d-2200a107a013,2020-11-03,1,-0,75.553,75.555,3.318,124,27.9,22.4,6,4
TeamB-9c845827-99f9-47f4-977d-2200a107a013,2020-11-04,1,-0,127.872,127.873,9.44,628.9,215.8,24.67,12,17
TeamB-9c845827-99f9-47f4-977d-2200a107a013,2020-11-07,1,-0,132.338,132.34,3.746,182.1,88.3,26.59,4,5
TeamB-9c845827-99f9-47f4-977d-2200a107a013,2020-11-10,1,-0,69.307,69.308,2.176,22.2,0.6,18.57,0,0
TeamB-9c845827-99f9-47f4-977d-2200a107a013,2020-11-11,1,-0,115.322,115.323,8.154,385.2,78,28.36,12,20
TeamB-9c845827-99f9-47f4-977d-2200a107a013,2020-11-14,1,1e-4,122.323,122.307,6.142,337.5,129.1,26.77,3,15
TeamB-9c845827-99f9-47f4-977d-2200a107a013,2020-11-15,1,-0,112.222,112.223,4.489,371.3,139.2,24.56,3,8
TeamB-9c845827-99f9-47f4-977d-2200a107a013,2020-11-16,1,-0,84.652,84.653,2.423,106.2,19.2,22.06,4,3
TeamB-9c845827-99f9-47f4-977d-2200a107a013,2020-11-21,1,-0,96.432,96.433,2.653,78.8,8.8,21.87,3,4
TeamB-9c845827-99f9-47f4-977d-2200a107a013,2020-11-22,1,-0,37.872,37.873,2.649,274.3,45.5,23.53,2,7
TeamB-9c845827-99f9-47f4-977d-2200a107a013,2020-11-30,1,-0,95.127,95.128,3.456,70.2,2.3,20.12,3,5
TeamB-9c845827-99f9-47f4-977d-2200a107a013,2020-12-01,1,-0,71.005,71.007,3.379,185.9,34.1,25.92,9,6
TeamB-9c845827-99f9-47f4-977d-2200a107a013,2020-12-04,1,-0,94.005,94.007,4.902,415.6,80.5,27.04,4,12
TeamB-9c845827-99f9-47f4-977d-2200a107a013,2020-12-05,1,2e-4,75.9,75.883,3.183,110,23.3,22.69,3,7
TeamB-9c845827-99f9-47f4-977d-2200a107a013,2020-12-06,1,3e-4,48.612,48.595,1.711,117,22.5,25.77,1,1
TeamB-9c845827-99f9-47f4-977d-2200a107a013,2020-12-08,1,-0,79.255,79.257,3.163,243.1,39.9,24.16,5,7
TeamB-9c845827-99f9-47f4-977d-2200a107a013,2020-12-09,1,-0,59.833,59.835,2.067,80.8,8.5,20.84,4,5
TeamB-9c845827-99f9-47f4-977d-2200a107a013,2020-12-10,1,-0,76.138,76.14,4.76,609.6,298.1,26,2,14
TeamB-9c845827-99f9-47f4-977d-2200a107a013,2020-12-12,1,-0,81.972,81.973,2.485,130.6,29.5,21.63,5,5
TeamB-9c845827-99f9-47f4-977d-2200a107a013,2021-02-01,1,-0,119.523,119.525,5.774,208.6,25.6,21.77,15,14
TeamB-9c845827-99f9-47f4-977d-2200a107a013,2021-02-03,1,-0,65.725,65.727,1.156,0,0,14.58,0,0
TeamB-9c845827-99f9-47f4-977d-2200a107a013,2021-02-04,1,-0,77.122,77.123,5.836,439.1,84.3,24.81,7,11
TeamB-9c845827-99f9-47f4-977d-2200a107a013,2021-02-05,1,-0,84.233,84.235,4.211,835.4,286.8,23.9,13,9
TeamB-9c845827-99f9-47f4-977d-2200a107a013,2021-02-07,1,-0,141.008,141.01,9.937,4179.6,3506.7,35.91,13,22
TeamB-9c845827-99f9-47f4-977d-2200a107a013,2021-02-10,1,-0,58.187,58.188,3.045,98.7,12.2,21.65,2,2
TeamB-9c845827-99f9-47f4-977d-2200a107a013,2021-02-11,1,2e-4,116.49,116.472,10.039,727.5,139,24.08,8,20
TeamB-9c845827-99f9-47f4-977d-2200a107a013,2021-02-20,1,2e-4,77.387,77.368,4.009,171.1,24.9,21.59,4,6
TeamB-9c845827-99f9-47f4-977d-2200a107a013,2021-02-21,1,-0,37.56,37.562,1.821,55.3,0,18.91,7,5
TeamB-9c845827-99f9-47f4-977d-2200a107a013,2021-02-24,1,-0,93.598,93.6,5.016,965.6,499.7,26.31,10,17
TeamB-9c845827-99f9-47f4-977d-2200a107a013,2021-02-25,1,-0,95.557,95.558,3.732,89.5,3.4,20.62,12,12
TeamB-9c845827-99f9-47f4-977d-2200a107a013,2021-02-26,1,-0,104.09,104.092,5.233,446.4,239.5,25.43,9,8
TeamB-9c845827-99f9-47f4-977d-2200a107a013,2021-03-02,1,-0,105.973,105.975,4.968,125.7,1.7,19.85,7,10
TeamB-9c845827-99f9-47f4-977d-2200a107a013,2021-03-04,1,-0,57.302,57.303,1.941,36.3,16.6,24.5,1,1
TeamB-9c845827-99f9-47f4-977d-2200a107a013,2021-03-05,1,-0,68.387,68.388,3.322,124.6,11.9,22.35,3,12
TeamB-9c845827-99f9-47f4-977d-2200a107a013,2021-03-06,1,-0,94.688,94.69,4.444,262.2,69.6,22.8,7,7
TeamB-9c845827-99f9-47f4-977d-2200a107a013,2021-03-08,1,-0,99.74,99.742,4.663,289.9,105,25.69,7,8
TeamB-9c845827-99f9-47f4-977d-2200a107a013,2021-03-09,1,2e-4,107.94,107.923,5.531,909.1,371,25.27,7,14
TeamB-9c845827-99f9-47f4-977d-2200a107a013,2021-03-12,1,2e-4,91.523,91.507,5.787,411.4,131.8,23.11,4,13
TeamB-9c845827-99f9-47f4-977d-2200a107a013,2021-03-18,1,2e-4,109.683,109.665,6.074,432.3,117.7,24.14,8,20
TeamB-9c845827-99f9-47f4-977d-2200a107a013,2021-03-19,1,2e-4,106.3,106.282,4.983,148.7,40.6,23.69,10,8
TeamB-9c845827-99f9-47f4-977d-2200a107a013,2021-03-22,1,2e-4,119.54,119.522,5.031,341.5,106.8,26.03,12,17
TeamB-9c845827-99f9-47f4-977d-2200a107a013,2021-03-23,1,-0,101.838,101.84,5.696,226.8,43.8,22.08,8,16
TeamB-9c845827-99f9-47f4-977d-2200a107a013,2021-03-25,1,-0,126,126.002,5.164,477.4,192.4,27.36,3,18
TeamB-9c845827-99f9-47f4-977d-2200a107a013,2021-03-26,1,-0,80.198,80.2,2.574,26.2,0,18.04,6,7
TeamB-9c845827-99f9-47f4-977d-2200a107a013,2021-03-29,1,-0,115.84,115.842,5.281,305.8,67.1,25.88,7,9
TeamB-9c845827-99f9-47f4-977d-2200a107a013,2021-03-30,1,-0,156.405,156.407,6,300.5,95.2,24.62,12,17
TeamB-9c845827-99f9-47f4-977d-2200a107a013,2021-03-31,1,-0,95.005,95.007,5.534,717.6,93.1,22.13,13,13
TeamB-9c845827-99f9-47f4-977d-2200a107a013,2021-04-06,1,2e-4,107.568,107.55,5.245,510.3,5.7,20.94,13,11
TeamB-9c845827-99f9-47f4-977d-2200a107a013,2021-04-08,1,-0,111.388,111.39,5.463,521.3,163.2,24.81,7,12
TeamB-9c845827-99f9-47f4-977d-2200a107a013,2021-04-09,1,-0,84.522,84.523,2.874,105.6,47.5,23.85,3,5
TeamB-9c845827-99f9-47f4-977d-2200a107a013,2021-04-12,1,2e-4,92.488,92.472,5.778,422,134.3,24.67,3,9
TeamB-9c845827-99f9-47f4-977d-2200a107a013,2021-04-13,1,-0,122.907,122.908,5.581,259.4,88.3,24,7,22
TeamB-9c845827-99f9-47f4-977d-2200a107a013,2021-04-15,1,-0,113.983,113.985,4.417,189.6,83,24.78,5,6
TeamB-9c845827-99f9-47f4-977d-2200a107a013,2021-04-16,1,-0,101.888,101.89,4.067,91,22.1,22.85,8,6
TeamB-9c845827-99f9-47f4-977d-2200a107a013,2021-04-19,1,-0,112.972,112.973,3.293,160.6,67.8,25.8,3,6
TeamB-9c845827-99f9-47f4-977d-2200a107a013,2021-04-20,1,-0,157.422,157.423,11.146,1348.7,615.2,27.33,16,15
TeamB-9c845827-99f9-47f4-977d-2200a107a013,2021-04-21,1,-0,65.905,65.907,1.02,0,0,14.23,0,1
TeamB-9c845827-99f9-47f4-977d-2200a107a013,2021-04-26,1,-0,79.388,79.39,2.981,45.9,1.1,19.71,2,2
TeamB-9c845827-99f9-47f4-977d-2200a107a013,2021-04-27,1,2e-4,127.107,127.087,7.604,953.4,250.6,26.7,6,18
TeamB-9c845827-99f9-47f4-977d-2200a107a013,2021-04-29,1,-0,93.982,93.983,4.159,122.6,14.5,21.82,4,12
TeamB-9c845827-99f9-47f4-977d-2200a107a013,2021-04-30,1,2e-4,122.005,121.987,3.197,76.5,7.4,21.14,1,3
TeamB-9c845827-99f9-47f4-977d-2200a107a013,2021-05-01,1,1e-4,167.943,167.925,10.815,1032.9,411.3,25.88,5,17
TeamB-9c845827-99f9-47f4-977d-2200a107a013,2021-05-03,1,3e-4,61.153,61.135,2.244,90.7,20.1,22.52,4,2
TeamB-9c845827-99f9-47f4-977d-2200a107a013,2021-05-04,1,-0,109.333,109.335,4.947,171.5,33.4,23.93,7,8
TeamB-9c845827-99f9-47f4-977d-2200a107a013,2021-05-05,1,4e-4,50.542,50.523,1.14,33,0.6,18.51,1,1
TeamB-9c845827-99f9-47f4-977d-2200a107a013,2021-05-07,1,-0,64.64,64.642,2.891,147.3,31.8,23.73,6,12
TeamB-9c845827-99f9-47f4-977d-2200a107a013,2021-05-08,1,1e-4,165.29,165.273,11.73,1072.9,366,26.89,13,18
TeamB-9c845827-99f9-47f4-977d-2200a107a013,2021-05-11,1,-0,63.938,63.94,5.229,568.9,141.8,23.9,2,10
TeamB-9c845827-99f9-47f4-977d-2200a107a013,2021-05-12,1,-0,82.385,82.387,2.58,21.5,3.9,20.23,3,2
TeamB-9c845827-99f9-47f4-977d-2200a107a013,2021-05-14,1,2e-4,100.933,100.913,3.338,76.6,8.7,21.48,1,7
TeamB-9c845827-99f9-47f4-977d-2200a107a013,2021-05-15,1,-0,166.087,166.088,10.683,730.7,95.8,23.82,8,18
TeamB-9c845827-99f9-47f4-977d-2200a107a013,2021-05-18,1,-0,117.473,117.475,6.131,861.5,378.5,28.14,8,9
TeamB-9c845827-99f9-47f4-977d-2200a107a013,2021-05-19,1,-0,110.363,110.365,4.551,293,64.6,24.1,5,16
TeamB-9c845827-99f9-47f4-977d-2200a107a013,2021-05-21,1,2e-4,108.302,108.285,2.762,29.4,1.2,19.67,2,4
TeamB-9c845827-99f9-47f4-977d-2200a107a013,2021-05-22,1,-0,106.423,106.425,7.766,676.9,172.5,24.42,3,13
TeamB-9c845827-99f9-47f4-977d-2200a107a013,2021-05-24,1,2e-4,78.24,78.223,2.207,0,0,14.91,0,1
TeamB-9c845827-99f9-47f4-977d-2200a107a013,2021-05-25,1,1e-4,184.248,184.23,13.333,5970.1,4793.3,35.84,9,16
TeamB-9c845827-99f9-47f4-977d-2200a107a013,2021-05-28,1,2e-4,100.045,100.027,2.496,55.6,6.9,20.55,2,5
TeamB-9c845827-99f9-47f4-977d-2200a107a013,2021-05-29,1,1e-4,154.095,154.073,6.881,483.2,236.9,28.48,4,7
TeamB-9c845827-99f9-47f4-977d-2200a107a013,2021-05-31,1,2e-4,77.187,77.17,3.468,139.5,6.4,21,11,9
TeamB-9c845827-99f9-47f4-977d-2200a107a013,2021-06-01,1,2e-4,114.972,114.953,5.204,617.5,230.3,25.43,8,19
TeamB-9c845827-99f9-47f4-977d-2200a107a013,2021-06-02,1,1e-4,153.303,153.285,8.173,729.6,223.6,25.07,9,16
TeamB-9c845827-99f9-47f4-977d-2200a107a013,2021-06-17,1,-0,93.123,93.125,4.409,392.7,28.3,21.88,5,6
TeamB-9c845827-99f9-47f4-977d-2200a107a013,2021-06-18,1,-0,67.115,67.117,2.944,34.1,5.8,21.55,6,4
TeamB-9c845827-99f9-47f4-977d-2200a107a013,2021-06-21,1,-0,89.105,89.107,2.587,23.1,1.8,20.93,4,3
TeamB-9c845827-99f9-47f4-977d-2200a107a013,2021-06-22,1,-0,146.015,146.017,9.096,532.2,87.9,22.44,8,18
TeamB-9c845827-99f9-47f4-977d-2200a107a013,2021-06-25,1,-0,38.855,38.857,1.275,106.8,17.4,21.49,1,6
TeamB-9c845827-99f9-47f4-977d-2200a107a013,2021-06-26,1,2e-4,135.167,135.145,10.074,939.1,315.7,24.92,11,17
TeamB-9c845827-99f9-47f4-977d-2200a107a013,2021-06-29,1,2e-4,97.023,97.007,2.315,14.7,0,18.36,6,3
TeamB-9c845827-99f9-47f4-977d-2200a107a013,2021-06-30,1,-0,48.783,48.785,4.253,636.1,180.5,26.98,7,8
TeamB-9c845827-99f9-47f4-977d-2200a107a013,2021-07-01,1,-0,73.887,73.888,2.27,114.1,11.5,21.22,4,5
TeamB-9c845827-99f9-47f4-977d-2200a107a013,2021-07-04,1,-0,128.89,128.892,8.364,943.9,266,25.47,11,12
TeamB-9c845827-99f9-47f4-977d-2200a107a013,2021-07-07,1,-0,134.448,134.45,6.627,817.1,264,25.74,6,8
TeamB-9c845827-99f9-47f4-977d-2200a107a013,2021-07-09,1,-0,83.188,83.19,2.791,63,6.8,20.41,3,5
TeamB-9c845827-99f9-47f4-977d-2200a107a013,2021-07-10,1,2e-4,92.693,92.677,7.296,507.5,75,23.72,4,11
TeamB-9c845827-99f9-47f4-977d-2200a107a013,2021-07-13,1,-0,79.442,79.443,2.9,52.2,7.5,20.71,6,4
TeamB-9c845827-99f9-47f4-977d-2200a107a013,2021-07-31,1,-0,121.987,121.988,6.149,520.7,170.4,24.23,6,18
TeamB-9c845827-99f9-47f4-977d-2200a107a013,2021-08-01,1,2e-4,107.557,107.54,3.964,258,72.2,24.74,3,8
TeamB-9c845827-99f9-47f4-977d-2200a107a013,2021-08-02,1,2e-4,80.232,80.215,5.428,349.8,62.6,24.94,4,6
TeamB-9c845827-99f9-47f4-977d-2200a107a013,2021-08-03,1,-0,79.767,79.768,2.967,373.8,84,22.01,4,1
TeamB-9c845827-99f9-47f4-977d-2200a107a013,2021-08-05,1,-0,143.205,143.207,6.151,503.1,121,23.45,5,11
TeamB-9c845827-99f9-47f4-977d-2200a107a013,2021-08-06,1,2e-4,94.07,94.053,3.242,68.1,12.9,21.75,2,2
TeamB-9c845827-99f9-47f4-977d-2200a107a013,2021-08-07,1,-0,144.905,144.907,8.71,635,120.8,23.88,5,10
TeamB-9c845827-99f9-47f4-977d-2200a107a013,2021-08-10,1,-0,107.022,107.023,3.997,379.9,66.5,23.38,3,5
TeamB-9c845827-99f9-47f4-977d-2200a107a013,2021-08-11,1,0.0011,18.795,18.775,1.915,117.9,23.9,24.86,3,4
TeamB-9c845827-99f9-47f4-977d-2200a107a013,2021-08-13,1,-0,83.642,83.643,2.654,91.5,12.5,21.69,5,4
TeamB-9c845827-99f9-47f4-977d-2200a107a013,2021-08-20,1,-0,72.057,72.058,2.856,112.8,7,20.66,8,6
TeamB-9c845827-99f9-47f4-977d-2200a107a013,2021-08-21,1,2e-4,104.257,104.238,4.932,182.1,60.5,26.06,2,3
TeamB-9c845827-99f9-47f4-977d-2200a107a013,2021-08-27,1,-0,107.313,107.315,4.331,70.3,2.8,20.55,3,6
TeamB-9c845827-99f9-47f4-977d-2200a107a013,2021-08-28,1,-0,45.407,45.408,2.432,131.2,0,18.58,3,3
TeamB-9c845827-99f9-47f4-977d-2200a107a013,2021-08-30,1,-0,87.472,87.473,4.355,93.1,7.6,21.73,4,7
TeamB-9c845827-99f9-47f4-977d-2200a107a013,2021-08-31,1,-0,85.107,85.108,1.91,0,0,14.37,1,4
TeamB-9c845827-99f9-47f4-977d-2200a107a013,2021-09-01,1,-0,129.385,129.387,6.73,664.3,175.5,26.42,2,7
TeamB-9c845827-99f9-47f4-977d-2200a107a013,2021-09-03,1,-0,72.447,72.448,0.723,0,0,11.85,0,0
TeamB-9c845827-99f9-47f4-977d-2200a107a013,2021-09-04,1,-0,152.59,152.592,9.678,588.6,112.4,25.5,3,18
TeamB-9c845827-99f9-47f4-977d-2200a107a013,2021-09-07,1,-0,58.645,58.647,1.816,6.4,0,18.58,4,6
TeamB-9c845827-99f9-47f4-977d-2200a107a013,2021-09-08,1,-0,49.383,49.385,3.386,615.2,101.2,26.67,3,8
TeamB-9c845827-99f9-47f4-977d-2200a107a013,2021-09-10,1,-0,47.487,47.488,0.597,0,0,13.83,1,3
TeamB-9c845827-99f9-47f4-977d-2200a107a013,2021-09-11,1,-0,143.598,143.6,7.466,415,102.4,24.17,9,12
TeamB-9c845827-99f9-47f4-977d-2200a107a013,2021-09-21,1,-0,93.038,93.04,3.572,122.7,10.3,20.52,10,14
TeamB-9c845827-99f9-47f4-977d-2200a107a013,2021-09-22,1,-0,102.913,102.915,3.565,403.6,209.8,25.43,4,8
TeamB-9c845827-99f9-47f4-977d-2200a107a013,2021-09-24,1,-0,102.188,102.19,5.943,286.3,24.6,21.15,5,14
TeamB-9c845827-99f9-47f4-977d-2200a107a013,2021-09-25,1,-0,86.838,86.84,3.008,66.7,2.9,21.26,3,5
TeamB-9c845827-99f9-47f4-977d-2200a107a013,2021-09-26,1,-0,130.187,130.188,6.878,281.7,73.1,26.49,4,15
TeamB-9c845827-99f9-47f4-977d-2200a107a013,2021-09-29,1,-0,113.522,113.523,6.069,455.1,128.1,25.95,10,21
TeamB-9c845827-99f9-47f4-977d-2200a107a013,2021-10-01,1,-0,69.568,69.57,1.91,39.9,6,22.43,1,8
TeamB-9c845827-99f9-47f4-977d-2200a107a013,2021-10-02,1,-0,82.602,82.603,3.695,59.8,23.7,23.73,5,4
TeamB-9c845827-99f9-47f4-977d-2200a107a013,2021-10-05,1,-0,97.342,97.343,5.02,161.7,30.3,24.87,11,17
TeamB-9c845827-99f9-47f4-977d-2200a107a013,2021-10-06,1,-0,104.125,104.127,4.783,171.8,13,23.04,5,16
TeamB-9c845827-99f9-47f4-977d-2200a107a013,2021-10-08,1,-0,82.657,82.658,1.733,36.8,5.5,21.95,7,7
TeamB-9c845827-99f9-47f4-977d-2200a107a013,2021-10-09,1,-0,194.37,194.372,10.86,2554.2,1872.8,35.78,2,10
TeamB-9c845827-99f9-47f4-977d-2200a107a013,2021-10-12,1,-0,103.33,103.332,4.708,314.8,118.2,28.14,4,13
TeamB-9c845827-99f9-47f4-977d-2200a107a013,2021-10-15,1,-0,94.885,94.887,4.25,243.3,43.5,27.55,7,14
TeamB-9c845827-99f9-47f4-977d-2200a107a013,2021-10-16,1,-0,61.89,61.892,2.178,32,3.5,21.21,4,10
TeamB-9c845827-99f9-47f4-977d-2200a107a013,2021-10-17,1,-0,55.098,55.1,5.264,405.8,80.3,26.83,2,14
TeamB-9c845827-99f9-47f4-977d-2200a107a013,2021-10-26,1,-1e-4,32.84,32.842,1.296,2.3,0,16.13,2,2
TeamB-9c845827-99f9-47f4-977d-2200a107a013,2021-10-29,1,-0,133.987,133.988,5.803,104.6,9.9,22.48,9,7
TeamB-9c845827-99f9-47f4-977d-2200a107a013,2021-10-30,1,-0,94.24,94.242,2.469,58.5,8.8,21.91,2,3
TeamB-9c845827-99f9-47f4-977d-2200a107a013,2021-10-31,1,-0,145.907,145.908,6.102,286.6,88.3,26.12,3,16
TeamB-9c845827-99f9-47f4-977d-2200a107a013,2021-11-03,1,-0,73.637,73.638,1.999,31.5,2.3,20.16,4,4
TeamB-9c845827-99f9-47f4-977d-2200a107a013,2021-11-04,1,-0,67.04,67.042,3.294,66.7,1.7,19.75,9,10
TeamB-9c845827-99f9-47f4-977d-2200a107a013,2021-11-06,1,-0,71.545,71.547,1.356,15.4,1.1,19.92,0,4
TeamB-9c845827-99f9-47f4-977d-2200a107a013,2021-11-07,1,-0,50.633,50.635,4.396,239.6,70.5,30.09,4,10
TeamB-9c845827-99f9-47f4-977d-2200a107a013,2021-11-12,1,-0,70.572,70.573,3.2,140.4,26.3,24.41,4,13
TeamB-9c845827-99f9-47f4-977d-2200a107a013,2021-11-13,1,-0,118.023,118.025,8.416,758.9,256,29.24,4,14
TeamB-a0116be5-ab0c-1681-c8f8-e3d0d3290a4c,2021-04-13,1,-0,121.557,121.558,5.795,478.8,93.5,24.77,7,11
TeamB-a0116be5-ab0c-1681-c8f8-e3d0d3290a4c,2021-04-15,1,-0,138.957,138.958,6.486,740.1,286,26.76,12,15
TeamB-a0116be5-ab0c-1681-c8f8-e3d0d3290a4c,2021-04-16,1,-0,104.055,104.057,4.253,193.6,20.7,20.88,2,7
TeamB-a0116be5-ab0c-1681-c8f8-e3d0d3290a4c,2021-04-19,1,-0,152.51,152.512,3.769,190.3,12.7,21.48,10,6
TeamB-a0116be5-ab0c-1681-c8f8-e3d0d3290a4c,2021-04-20,1,-0,157.23,157.232,2.755,31.8,2.3,20.17,3,4
TeamB-a0116be5-ab0c-1681-c8f8-e3d0d3290a4c,2021-04-21,1,-0,110.507,110.508,5.058,888.9,262.6,22.45,8,12
TeamB-a0116be5-ab0c-1681-c8f8-e3d0d3290a4c,2021-04-26,1,-0,152.62,152.622,4.741,118.1,13.2,23.32,11,11
TeamB-a0116be5-ab0c-1681-c8f8-e3d0d3290a4c,2021-04-27,1,-0,134.138,134.14,8.495,1916.3,422.3,25.98,11,17
TeamB-a0116be5-ab0c-1681-c8f8-e3d0d3290a4c,2021-04-29,1,-0,119.9,119.902,5.317,201.6,42.5,23.94,6,4
TeamB-a0116be5-ab0c-1681-c8f8-e3d0d3290a4c,2021-04-30,1,-0,105.157,105.158,3.94,176.6,10.8,21.14,2,7
TeamB-a0116be5-ab0c-1681-c8f8-e3d0d3290a4c,2021-05-01,1,-0,122.322,122.323,2.111,71.2,13.6,23.01,0,1
TeamB-a0116be5-ab0c-1681-c8f8-e3d0d3290a4c,2021-05-03,1,-0,136.107,136.108,3.865,91.8,4.6,20.24,3,4
TeamB-a0116be5-ab0c-1681-c8f8-e3d0d3290a4c,2021-05-04,1,-0,155.457,155.458,8.863,909.9,353.8,23.78,15,18
TeamB-a0116be5-ab0c-1681-c8f8-e3d0d3290a4c,2021-05-05,1,-0,127.123,127.125,7.284,953,211,23.05,12,20
TeamB-a0116be5-ab0c-1681-c8f8-e3d0d3290a4c,2021-05-06,1,-0,87.54,87.542,1.811,88.5,19.2,22.05,3,2
TeamB-a0116be5-ab0c-1681-c8f8-e3d0d3290a4c,2021-05-07,1,-0,121.488,121.49,3.503,51.9,5.9,21.44,0,5
TeamB-a0116be5-ab0c-1681-c8f8-e3d0d3290a4c,2021-05-08,1,-0,135.188,135.19,2.643,983,414.3,23.31,3,3
TeamB-a0116be5-ab0c-1681-c8f8-e3d0d3290a4c,2021-05-10,1,-0,84.072,84.073,3.652,83.8,8.7,21.61,2,4
TeamB-a0116be5-ab0c-1681-c8f8-e3d0d3290a4c,2021-05-11,1,-0,38.925,38.927,1.81,319.2,80.8,22,6,18
TeamB-a0116be5-ab0c-1681-c8f8-e3d0d3290a4c,2021-05-12,1,-0,82.47,82.472,2.502,17.5,0,17.97,5,1
TeamB-a0116be5-ab0c-1681-c8f8-e3d0d3290a4c,2021-05-14,1,-0,116.007,116.008,3.386,55.3,0.6,19.43,6,6
TeamB-a0116be5-ab0c-1681-c8f8-e3d0d3290a4c,2021-05-18,1,-0,97.473,97.475,6.212,966.5,460.1,25.67,8,8
TeamB-a0116be5-ab0c-1681-c8f8-e3d0d3290a4c,2021-05-19,1,-0,121.92,121.922,5.952,553.2,184.7,27.48,6,8
TeamB-a0116be5-ab0c-1681-c8f8-e3d0d3290a4c,2021-05-21,1,-0,97.355,97.357,4.001,157.8,22.2,21.84,7,9
TeamB-a0116be5-ab0c-1681-c8f8-e3d0d3290a4c,2021-05-24,1,-0,78.708,78.71,3.018,29.5,0,18.7,8,1
TeamB-a3f2c9bf-9c63-16b9-50f2-44556f25e2a2,2020-06-01,1,-0,113.903,113.905,5.348,437.8,145,23.92,8,15
TeamB-a3f2c9bf-9c63-16b9-50f2-44556f25e2a2,2020-06-02,1,-0,112.398,112.4,4.71,383.2,103.9,24.19,8,9
TeamB-a3f2c9bf-9c63-16b9-50f2-44556f25e2a2,2020-06-04,1,-0,98.475,98.477,5.364,360.2,73.2,23.32,4,14
TeamB-a3f2c9bf-9c63-16b9-50f2-44556f25e2a2,2020-06-05,1,-0,102.673,102.675,5.439,255.5,79.6,23.97,5,8
TeamB-a3f2c9bf-9c63-16b9-50f2-44556f25e2a2,2020-06-09,1,-0,85.168,85.17,3.924,170.1,45.9,23.04,1,2
TeamB-a3f2c9bf-9c63-16b9-50f2-44556f25e2a2,2020-06-10,1,-0,59.688,59.69,3.063,271.7,131.7,27.32,7,7
TeamB-a3f2c9bf-9c63-16b9-50f2-44556f25e2a2,2020-06-11,1,-0,69.09,69.092,2.121,3.7,0,16.52,1,3
TeamB-a3f2c9bf-9c63-16b9-50f2-44556f25e2a2,2020-06-12,1,-0,95.108,95.11,3.571,95.1,31.8,24.02,2,3
TeamB-a3f2c9bf-9c63-16b9-50f2-44556f25e2a2,2020-06-13,1,-0,98.173,98.175,8.218,918.5,191.8,23.87,4,15
TeamB-a3f2c9bf-9c63-16b9-50f2-44556f25e2a2,2020-06-16,1,-0,117.483,117.485,5.012,243,63.9,23.9,6,4
TeamB-a3f2c9bf-9c63-16b9-50f2-44556f25e2a2,2020-06-17,1,-0,96.898,96.9,3.61,183,44.5,23.14,1,8
TeamB-a3f2c9bf-9c63-16b9-50f2-44556f25e2a2,2020-06-18,1,-0,107.455,107.457,5.366,624.7,87.3,25.1,2,13
TeamB-a3f2c9bf-9c63-16b9-50f2-44556f25e2a2,2020-06-22,1,-0,95.718,95.72,3.445,126.4,31.8,21.59,3,5
TeamB-a3f2c9bf-9c63-16b9-50f2-44556f25e2a2,2020-06-23,1,-0,55.888,55.89,4.578,680.8,291.5,26.71,2,6
TeamB-a3f2c9bf-9c63-16b9-50f2-44556f25e2a2,2020-06-25,1,-0,80.01,80.012,2.186,58.7,24.8,22.9,0,5
TeamB-a3f2c9bf-9c63-16b9-50f2-44556f25e2a2,2020-06-26,1,-0,71.395,71.397,3.177,148.2,45.6,25.33,1,6
TeamB-a3f2c9bf-9c63-16b9-50f2-44556f25e2a2,2020-06-27,1,-0,35.04,35.042,2.315,357.5,160.5,26.33,1,5
TeamB-a3f2c9bf-9c63-16b9-50f2-44556f25e2a2,2020-06-30,1,-0,116.973,116.975,6.105,588,100.4,24.25,8,3
TeamB-a3f2c9bf-9c63-16b9-50f2-44556f25e2a2,2020-07-01,1,-0,85.023,85.025,4.103,220.7,71.1,24.05,2,4
TeamB-a3f2c9bf-9c63-16b9-50f2-44556f25e2a2,2020-07-02,1,-0,90.05,90.052,4.137,166.6,35,23.43,2,4
TeamB-a3f2c9bf-9c63-16b9-50f2-44556f25e2a2,2020-07-03,1,-0,73.872,73.873,3.206,160.3,42.3,23.55,4,4
TeamB-a3f2c9bf-9c63-16b9-50f2-44556f25e2a2,2020-07-04,1,-0,38.878,38.88,3.447,391.2,142.9,25.92,0,6
TeamB-a3f2c9bf-9c63-16b9-50f2-44556f25e2a2,2020-07-07,1,-0,106.99,106.992,6.606,1009.8,383.8,26.19,11,19
TeamB-a3f2c9bf-9c63-16b9-50f2-44556f25e2a2,2020-07-09,1,-0,92.39,92.392,3.228,112.6,29.1,22.35,5,6
TeamB-a3f2c9bf-9c63-16b9-50f2-44556f25e2a2,2020-07-10,1,-0,115.92,115.922,10.321,1098.6,284.9,28.31,2,17
TeamB-a3f2c9bf-9c63-16b9-50f2-44556f25e2a2,2020-07-14,1,-0,108.157,108.158,6.997,890.1,195.3,25.03,10,22
TeamB-a3f2c9bf-9c63-16b9-50f2-44556f25e2a2,2020-07-15,1,-0,99.687,99.688,4.719,97.7,28.7,22.68,3,7
TeamB-a3f2c9bf-9c63-16b9-50f2-44556f25e2a2,2020-07-16,1,-0,95.865,95.867,3.212,243.5,104.3,25.43,5,8
TeamB-a3f2c9bf-9c63-16b9-50f2-44556f25e2a2,2020-07-17,1,-0,103.953,103.955,4.042,275.5,28.5,20.96,8,10
TeamB-a3f2c9bf-9c63-16b9-50f2-44556f25e2a2,2020-07-18,1,-0,118.872,118.873,10.81,1392.6,470.8,26.6,3,17
TeamB-a3f2c9bf-9c63-16b9-50f2-44556f25e2a2,2020-07-21,1,-0,103.448,103.45,5.892,873.2,224.9,25.2,7,23
TeamB-a3f2c9bf-9c63-16b9-50f2-44556f25e2a2,2020-07-22,1,-0,92.35,92.352,4.248,232.8,21.3,21.38,3,5
TeamB-a3f2c9bf-9c63-16b9-50f2-44556f25e2a2,2020-07-23,1,-0,92.338,92.34,2.817,81.9,27.1,22.06,7,2
TeamB-a3f2c9bf-9c63-16b9-50f2-44556f25e2a2,2020-07-24,1,-0,117.483,117.485,10.36,1423,540.3,28.64,3,16
TeamB-a3f2c9bf-9c63-16b9-50f2-44556f25e2a2,2020-07-28,1,-0,99.225,99.227,6.762,503,142.5,26.2,7,6
TeamB-a3f2c9bf-9c63-16b9-50f2-44556f25e2a2,2020-07-29,1,-0,98.633,98.635,4.57,287.9,52.8,22.51,5,8
TeamB-a3f2c9bf-9c63-16b9-50f2-44556f25e2a2,2020-07-31,1,-0,66.367,66.368,3.163,174,18.8,22.42,6,2
TeamB-a3f2c9bf-9c63-16b9-50f2-44556f25e2a2,2020-08-01,1,-0,117.52,117.522,10.506,1176.7,367,26.39,6,19
TeamB-a3f2c9bf-9c63-16b9-50f2-44556f25e2a2,2020-08-04,1,-0,89.6,89.602,4.219,370.6,62.3,23.63,5,5
TeamB-a3f2c9bf-9c63-16b9-50f2-44556f25e2a2,2020-08-05,1,-0,68.858,68.86,3.227,181.8,35.1,22,2,5
TeamB-a3f2c9bf-9c63-16b9-50f2-44556f25e2a2,2020-08-06,1,-0,79.972,79.973,3.383,151.5,7,21.11,5,6
TeamB-a3f2c9bf-9c63-16b9-50f2-44556f25e2a2,2020-08-10,1,-0,104.133,104.135,5.422,236.6,54.1,24.19,3,7
TeamB-a3f2c9bf-9c63-16b9-50f2-44556f25e2a2,2020-08-11,1,-0,99.872,99.873,3.405,220.1,35.1,23.82,5,5
TeamB-a3f2c9bf-9c63-16b9-50f2-44556f25e2a2,2020-08-12,1,-0,137.648,137.65,10.587,1139.3,272.2,26.06,6,17
TeamB-a3f2c9bf-9c63-16b9-50f2-44556f25e2a2,2020-08-14,1,-0,84.445,84.447,2.626,84.2,35.4,22.34,2,4
TeamB-a3f2c9bf-9c63-16b9-50f2-44556f25e2a2,2020-08-16,1,-0,124.105,124.107,10.171,1071.8,321,26.9,5,12
TeamB-a3f2c9bf-9c63-16b9-50f2-44556f25e2a2,2020-08-19,1,-0,94.39,94.392,4.546,426.3,108.2,26.2,4,7
TeamB-a3f2c9bf-9c63-16b9-50f2-44556f25e2a2,2020-08-20,1,-0,89.072,89.073,3.852,318.8,84.7,23.33,3,5
TeamB-a3f2c9bf-9c63-16b9-50f2-44556f25e2a2,2020-08-21,1,-0,59.202,59.203,3.041,216.8,45.6,22.58,3,3
TeamB-a3f2c9bf-9c63-16b9-50f2-44556f25e2a2,2020-08-22,1,-0,136.09,136.092,0.316,0,0,6.34,0,0
TeamB-a3f2c9bf-9c63-16b9-50f2-44556f25e2a2,2020-08-25,1,-0,68.417,68.418,3.378,140.5,24.6,21.82,4,2
TeamB-a3f2c9bf-9c63-16b9-50f2-44556f25e2a2,2020-08-29,1,-0,78.105,78.107,3.297,144.4,23.4,21.31,2,7
TeamB-a3f2c9bf-9c63-16b9-50f2-44556f25e2a2,2020-08-30,1,-0,127.222,127.223,10.977,1111.2,332.5,27.77,5,19
TeamB-a3f2c9bf-9c63-16b9-50f2-44556f25e2a2,2020-09-02,1,-0,94.723,94.725,5.297,329.8,51.1,22.93,6,7
TeamB-a3f2c9bf-9c63-16b9-50f2-44556f25e2a2,2020-09-03,1,-0,88.992,88.993,4.15,319.8,106.6,23.81,1,6
TeamB-a3f2c9bf-9c63-16b9-50f2-44556f25e2a2,2020-09-04,1,-0,79.01,79.012,3.135,114.6,23.6,21.7,9,9
TeamB-a3f2c9bf-9c63-16b9-50f2-44556f25e2a2,2020-09-05,1,-0,107.505,107.507,10.627,1381.4,407.6,29.1,5,19
TeamB-a3f2c9bf-9c63-16b9-50f2-44556f25e2a2,2020-09-08,1,-0,93.465,93.467,5.669,902.7,309.8,25.21,3,15
TeamB-a3f2c9bf-9c63-16b9-50f2-44556f25e2a2,2020-09-09,1,-0,97.218,97.22,4.804,514.2,207.7,25.3,3,10
TeamB-a3f2c9bf-9c63-16b9-50f2-44556f25e2a2,2020-09-11,1,-0,69.212,69.213,3.483,103,9.1,20.46,4,3
TeamB-a3f2c9bf-9c63-16b9-50f2-44556f25e2a2,2020-09-12,1,-0,122.182,122.183,11.17,1630.3,532.5,26.67,8,15
TeamB-a3f2c9bf-9c63-16b9-50f2-44556f25e2a2,2020-09-21,1,-0,113.737,113.738,5.43,216.3,32.8,22.47,5,15
TeamB-a3f2c9bf-9c63-16b9-50f2-44556f25e2a2,2020-09-22,1,-0,102.417,102.418,6.074,706.2,169.1,25.14,13,10
TeamB-a3f2c9bf-9c63-16b9-50f2-44556f25e2a2,2020-09-24,1,-0,114.125,114.127,6.386,456.8,135.6,25.1,4,11
TeamB-a3f2c9bf-9c63-16b9-50f2-44556f25e2a2,2020-09-25,1,-0,90.995,90.997,4.993,447.6,96.8,23.74,2,5
TeamB-a3f2c9bf-9c63-16b9-50f2-44556f25e2a2,2020-09-26,1,-0,91.833,91.835,3.581,223.9,24.8,21.2,8,2
TeamB-a3f2c9bf-9c63-16b9-50f2-44556f25e2a2,2020-09-27,1,-0,121.003,121.005,10.046,1306.7,364.7,27.15,8,17
TeamB-a3f2c9bf-9c63-16b9-50f2-44556f25e2a2,2020-09-29,1,-0,74.562,74.563,2.173,1.3,0,15.84,0,0
TeamB-a3f2c9bf-9c63-16b9-50f2-44556f25e2a2,2020-09-30,1,-0,120.6,120.602,6.88,339.1,70.6,23.78,11,13
TeamB-a3f2c9bf-9c63-16b9-50f2-44556f25e2a2,2020-10-01,1,-0,103.387,103.388,4.863,291.4,65.2,23.08,5,6
TeamB-a3f2c9bf-9c63-16b9-50f2-44556f25e2a2,2020-10-02,1,-0,113.988,113.99,6.001,669,208.5,25.07,7,5
TeamB-a3f2c9bf-9c63-16b9-50f2-44556f25e2a2,2020-10-05,1,-0,109.655,109.657,5.541,311.8,41.5,21.98,7,11
TeamB-a3f2c9bf-9c63-16b9-50f2-44556f25e2a2,2020-10-06,1,-0,73.305,73.307,3.381,215.8,41.3,22.46,2,3
TeamB-a3f2c9bf-9c63-16b9-50f2-44556f25e2a2,2020-10-07,1,-0,130.488,130.49,12.544,1791.6,667.6,29.26,5,25
TeamB-a3f2c9bf-9c63-16b9-50f2-44556f25e2a2,2020-10-10,1,-0,87.283,87.285,4.34,129.8,26.7,22.89,12,9
TeamB-a3f2c9bf-9c63-16b9-50f2-44556f25e2a2,2020-10-13,1,-0,99.2,99.202,5.672,295.5,70.8,22.89,2,12
TeamB-a3f2c9bf-9c63-16b9-50f2-44556f25e2a2,2020-10-14,1,-0,95.623,95.625,5.374,764.4,189.9,24.89,4,5
TeamB-a3f2c9bf-9c63-16b9-50f2-44556f25e2a2,2020-10-16,1,-0,109.88,109.882,5.206,331.6,41.1,21.78,5,8
TeamB-a3f2c9bf-9c63-16b9-50f2-44556f25e2a2,2020-10-17,1,-0,66.9,66.902,2.697,95.7,12.1,21.34,2,2
TeamB-a3f2c9bf-9c63-16b9-50f2-44556f25e2a2,2020-10-18,1,-0,120.227,120.228,10.501,1149.7,251.1,28.49,6,18
TeamB-a3f2c9bf-9c63-16b9-50f2-44556f25e2a2,2020-10-21,1,-0,68.532,68.533,2.844,54.5,1.1,19.78,3,7
TeamB-a3f2c9bf-9c63-16b9-50f2-44556f25e2a2,2020-10-22,1,-0,117.555,117.557,5.711,381.1,137.5,23.77,7,7
TeamB-a3f2c9bf-9c63-16b9-50f2-44556f25e2a2,2020-10-23,1,-0,88.192,88.193,3.79,37.4,11.1,21.9,5,1
TeamB-a3f2c9bf-9c63-16b9-50f2-44556f25e2a2,2020-10-26,1,-0,108.203,108.205,4.874,228.2,35.9,22.94,2,4
TeamB-a3f2c9bf-9c63-16b9-50f2-44556f25e2a2,2020-10-29,1,-0,103.855,103.857,5.458,527,145.4,23.88,6,15
TeamB-a3f2c9bf-9c63-16b9-50f2-44556f25e2a2,2020-10-30,1,-0,79.607,79.608,4.16,347.6,148.2,24.59,7,8
TeamB-a3f2c9bf-9c63-16b9-50f2-44556f25e2a2,2020-10-31,1,-0,72.022,72.023,2.976,166.1,53,24.39,4,4
TeamB-a3f2c9bf-9c63-16b9-50f2-44556f25e2a2,2020-11-01,1,-0,58.065,58.067,2.996,483,187.3,25.32,0,3
TeamB-a3f2c9bf-9c63-16b9-50f2-44556f25e2a2,2020-11-03,1,-0,75.917,75.918,3.242,124.6,18.6,21.87,3,3
TeamB-a3f2c9bf-9c63-16b9-50f2-44556f25e2a2,2020-11-04,1,-0,123.613,123.615,9.792,1263,314,24.88,3,23
TeamB-a3f2c9bf-9c63-16b9-50f2-44556f25e2a2,2020-11-06,1,-0,98.92,98.922,3.188,101.3,17.3,21.53,1,3
TeamB-a3f2c9bf-9c63-16b9-50f2-44556f25e2a2,2020-11-07,1,-0,48.005,48.007,3.438,390.3,122.2,24.66,3,4
TeamB-a3f2c9bf-9c63-16b9-50f2-44556f25e2a2,2020-11-10,1,-0,71.907,71.908,3.406,126.5,29.1,22.16,3,3
TeamB-a3f2c9bf-9c63-16b9-50f2-44556f25e2a2,2020-11-11,1,-0,116.708,116.71,11.35,1233.1,312.6,26.8,7,21
TeamB-a3f2c9bf-9c63-16b9-50f2-44556f25e2a2,2020-11-14,1,-0,113.552,113.553,6.449,553.1,156.6,26.62,6,14
TeamB-a3f2c9bf-9c63-16b9-50f2-44556f25e2a2,2020-11-15,1,-0,100.448,100.45,6.08,661.8,191.3,25.58,8,10
TeamB-a3f2c9bf-9c63-16b9-50f2-44556f25e2a2,2020-11-16,1,-0,54.76,54.762,2.351,185.2,39.5,22.56,2,5
TeamB-a3f2c9bf-9c63-16b9-50f2-44556f25e2a2,2020-11-19,1,-0,122.97,122.972,10.401,1348.1,494.8,26.95,6,21
TeamB-a3f2c9bf-9c63-16b9-50f2-44556f25e2a2,2020-11-21,1,-0,61.24,61.242,2.687,153.1,52.7,25.14,2,5
TeamB-a3f2c9bf-9c63-16b9-50f2-44556f25e2a2,2020-11-22,1,-0,123.145,123.147,10.257,1443.7,609.6,27.83,10,26
TeamB-a3f2c9bf-9c63-16b9-50f2-44556f25e2a2,2020-11-30,1,-0,93.815,93.817,4.775,285.2,44.9,21.31,5,13
TeamB-a3f2c9bf-9c63-16b9-50f2-44556f25e2a2,2020-12-01,1,-0,78.2,78.202,4.908,503.6,111.6,23.62,9,9
TeamB-a3f2c9bf-9c63-16b9-50f2-44556f25e2a2,2020-12-02,1,-0,64,64.002,2.757,20.5,0,19.41,2,2
TeamB-a3f2c9bf-9c63-16b9-50f2-44556f25e2a2,2020-12-04,1,-0,100.905,100.907,5.545,598,201.9,24.25,9,8
TeamB-a3f2c9bf-9c63-16b9-50f2-44556f25e2a2,2020-12-05,1,2e-4,82.355,82.338,3.81,167.5,24,23.34,3,4
TeamB-a3f2c9bf-9c63-16b9-50f2-44556f25e2a2,2020-12-06,1,-0,155.673,155.675,10.778,1307.4,320.2,25.97,9,25
TeamB-a3f2c9bf-9c63-16b9-50f2-44556f25e2a2,2020-12-08,1,4e-4,46.683,46.667,1.997,18.6,5.2,20.59,3,1
TeamB-a3f2c9bf-9c63-16b9-50f2-44556f25e2a2,2020-12-09,1,-0,63.957,63.958,2.445,66.3,3.4,20.19,3,3
TeamB-a3f2c9bf-9c63-16b9-50f2-44556f25e2a2,2020-12-10,1,-0,76.85,76.852,4.645,423.6,157.3,26.41,7,10
TeamB-a3f2c9bf-9c63-16b9-50f2-44556f25e2a2,2020-12-12,1,-0,70.155,70.157,2.786,116.6,31.4,21.56,5,2
TeamB-a3f2c9bf-9c63-16b9-50f2-44556f25e2a2,2020-12-13,1,-0,171.355,171.357,13.896,1435.2,440.6,26.55,7,18
TeamB-a7126274-c2d2-4f4e-9b67-35d376aefacc,2020-06-01,1,-0,111.433,111.435,4.739,286.7,125.7,25.27,7,9
TeamB-a7126274-c2d2-4f4e-9b67-35d376aefacc,2020-06-02,1,-0,118.857,118.858,4.875,527.7,173.4,24.52,11,10
TeamB-a7126274-c2d2-4f4e-9b67-35d376aefacc,2020-06-04,1,-0,95.853,95.855,5.806,563.7,191.7,25.67,7,6
TeamB-a7126274-c2d2-4f4e-9b67-35d376aefacc,2020-06-05,1,-0,104.698,104.7,5.579,538.2,232,27.04,2,10
TeamB-a7126274-c2d2-4f4e-9b67-35d376aefacc,2020-06-10,1,-0,80.85,80.852,3.557,112.5,2.4,21.61,0,5
TeamB-a7126274-c2d2-4f4e-9b67-35d376aefacc,2020-06-11,1,-0,68.293,68.295,1.718,0.4,0,15.71,4,0
TeamB-a7126274-c2d2-4f4e-9b67-35d376aefacc,2020-06-18,1,-0,68.54,68.542,2.945,198.3,39.6,21.13,9,5
TeamB-a7126274-c2d2-4f4e-9b67-35d376aefacc,2020-06-22,1,-0,96.887,96.888,3.648,195.7,17.6,20.63,7,8
TeamB-a7126274-c2d2-4f4e-9b67-35d376aefacc,2020-06-23,1,-0,48.42,48.422,5.23,680.6,255.6,25.85,2,8
TeamB-a7126274-c2d2-4f4e-9b67-35d376aefacc,2020-06-25,1,-0,81.377,81.378,2.984,137.1,6.8,20.34,4,4
TeamB-a7126274-c2d2-4f4e-9b67-35d376aefacc,2020-06-26,1,-0,78.113,78.115,3.411,142.3,47,23.55,7,3
TeamB-a7126274-c2d2-4f4e-9b67-35d376aefacc,2020-06-27,1,-0,91.37,91.372,7.833,1071,500.3,29.24,7,20
TeamB-a7126274-c2d2-4f4e-9b67-35d376aefacc,2020-06-30,1,-0,94.083,94.085,4.824,346.4,68,24.79,8,7
TeamB-a7126274-c2d2-4f4e-9b67-35d376aefacc,2020-07-01,1,-0,104.395,104.397,4.064,405.4,178.4,24.97,6,4
TeamB-a7126274-c2d2-4f4e-9b67-35d376aefacc,2020-07-02,1,-0,89.87,89.872,3.142,168.9,38.6,22.89,2,4
TeamB-a7126274-c2d2-4f4e-9b67-35d376aefacc,2020-07-03,1,-0,93.837,93.838,4.13,249.6,41.3,22.29,10,6
TeamB-a7126274-c2d2-4f4e-9b67-35d376aefacc,2020-07-04,1,-0,121.142,121.143,9.634,1319.5,461.3,26.21,2,17
TeamB-a7126274-c2d2-4f4e-9b67-35d376aefacc,2020-07-07,1,-0,94.99,94.992,5.837,698.6,306.1,26.08,14,12
TeamB-a7126274-c2d2-4f4e-9b67-35d376aefacc,2020-07-09,1,-0,108.94,108.942,2.443,35.3,4,20.39,1,3
TeamB-a7126274-c2d2-4f4e-9b67-35d376aefacc,2020-07-14,1,-0,110.372,110.373,6.231,440.5,111.5,26.07,4,3
TeamB-a7126274-c2d2-4f4e-9b67-35d376aefacc,2020-07-16,1,-0,77.883,77.885,3.432,173.3,78.7,26.23,3,8
TeamB-a7126274-c2d2-4f4e-9b67-35d376aefacc,2020-07-17,1,-0,99.84,99.842,4.296,206.3,40.9,23.5,12,14
TeamB-a7126274-c2d2-4f4e-9b67-35d376aefacc,2020-07-21,1,-0,107.105,107.107,4.547,372.8,146.6,24.88,13,13
TeamB-a7126274-c2d2-4f4e-9b67-35d376aefacc,2020-07-22,1,-0,90.608,90.61,3.845,203.6,78.3,26.08,7,5
TeamB-a7126274-c2d2-4f4e-9b67-35d376aefacc,2020-07-23,1,-0,77.523,77.525,2.731,104.3,14.1,22.52,5,1
TeamB-a7126274-c2d2-4f4e-9b67-35d376aefacc,2020-08-05,1,-1e-4,32.333,32.335,1.419,5.5,0,16.39,0,0
TeamB-a7126274-c2d2-4f4e-9b67-35d376aefacc,2020-08-10,1,-0,122.682,122.683,4.814,303.9,136.2,25.5,5,11
TeamB-a7126274-c2d2-4f4e-9b67-35d376aefacc,2020-08-14,1,-0,90.373,90.375,3.985,504.1,125,25.01,10,8
TeamB-a7126274-c2d2-4f4e-9b67-35d376aefacc,2020-08-16,1,-0,33.737,33.738,2.305,595.7,181.6,22.8,1,8
TeamB-a7126274-c2d2-4f4e-9b67-35d376aefacc,2020-08-20,1,-0,82.922,82.923,3.124,264.9,109.2,24.52,1,0
TeamB-a7126274-c2d2-4f4e-9b67-35d376aefacc,2020-08-29,1,-0,48.972,48.973,1.549,13.4,0,18.09,0,2
TeamB-a7126274-c2d2-4f4e-9b67-35d376aefacc,2020-09-11,1,-0,68.762,68.763,3.269,684.1,487.1,25.41,3,3
TeamB-a7126274-c2d2-4f4e-9b67-35d376aefacc,2020-09-24,1,-0,120.698,120.7,6.411,566,221.9,25.44,12,7
TeamB-a7126274-c2d2-4f4e-9b67-35d376aefacc,2020-09-26,1,-0,84.907,84.908,2.713,102.2,11.2,22.03,5,1
TeamB-a7126274-c2d2-4f4e-9b67-35d376aefacc,2020-09-29,1,-0,50.017,50.018,2.159,0,0,14.35,0,2
TeamB-a7126274-c2d2-4f4e-9b67-35d376aefacc,2020-09-30,1,-0,87.405,87.407,4.612,262.3,51.9,22.84,7,10
TeamB-a7126274-c2d2-4f4e-9b67-35d376aefacc,2020-10-02,1,-0,91.905,91.907,5.637,623.8,210.6,25.12,12,11
TeamB-a7126274-c2d2-4f4e-9b67-35d376aefacc,2020-10-05,1,-0,114.74,114.742,6.311,593,218.7,26.3,15,13
TeamB-a7126274-c2d2-4f4e-9b67-35d376aefacc,2020-10-07,1,-0,33.973,33.975,2.5,419.4,187.1,27.08,2,4
TeamB-a7126274-c2d2-4f4e-9b67-35d376aefacc,2020-10-11,1,-0,93.997,93.998,4.927,176.4,35.7,21.73,6,9
TeamB-a7126274-c2d2-4f4e-9b67-35d376aefacc,2020-10-13,1,-0,101.223,101.225,5.898,376,69.6,23.3,9,4
TeamB-a7126274-c2d2-4f4e-9b67-35d376aefacc,2020-10-14,1,-0,107.07,107.072,4.167,204.2,73.3,24.84,3,8
TeamB-a7126274-c2d2-4f4e-9b67-35d376aefacc,2020-10-16,1,-0,103.292,103.293,4.947,391.6,109.2,25.56,10,10
TeamB-a7126274-c2d2-4f4e-9b67-35d376aefacc,2020-10-21,1,-0,84.855,84.857,3.027,60.1,6.3,21.03,3,3
TeamB-a7126274-c2d2-4f4e-9b67-35d376aefacc,2020-10-22,1,-0,128.015,128.017,6.337,623.3,216.6,25.62,12,9
TeamB-a7126274-c2d2-4f4e-9b67-35d376aefacc,2020-10-23,1,-0,86.438,86.44,4.19,129,17.4,23.74,6,7
TeamB-a7126274-c2d2-4f4e-9b67-35d376aefacc,2020-10-26,1,-2e-4,10.205,10.207,0.365,0,0,12.47,1,0
TeamB-a7126274-c2d2-4f4e-9b67-35d376aefacc,2020-10-27,1,-0,92.64,92.642,3.412,88.5,16.3,21.64,6,5
TeamB-a7126274-c2d2-4f4e-9b67-35d376aefacc,2020-10-29,1,-0,104.932,104.933,5.44,579.2,235.7,27.05,6,8
TeamB-a7126274-c2d2-4f4e-9b67-35d376aefacc,2020-10-30,1,-0,81.382,81.383,3.787,393.3,113.5,24.53,14,25
TeamB-a7126274-c2d2-4f4e-9b67-35d376aefacc,2020-11-01,1,-0,62.673,62.675,5.208,745,355.8,27.83,4,14
TeamB-a7126274-c2d2-4f4e-9b67-35d376aefacc,2020-11-03,1,-0,75.95,75.952,2.839,131.2,34.2,23.81,8,5
TeamB-a7126274-c2d2-4f4e-9b67-35d376aefacc,2020-11-05,1,-0,82.482,82.483,3.672,216.8,42.7,21.91,9,2
TeamB-a7126274-c2d2-4f4e-9b67-35d376aefacc,2020-11-06,1,-0,86.248,86.25,2.012,130,28.5,21.83,6,6
TeamB-a7126274-c2d2-4f4e-9b67-35d376aefacc,2020-11-07,1,-0,133.723,133.725,10.266,1587.7,718.9,28.38,4,16
TeamB-a7126274-c2d2-4f4e-9b67-35d376aefacc,2020-11-10,1,-0,68.32,68.322,3.181,119.9,21.7,23.95,4,4
TeamB-a7126274-c2d2-4f4e-9b67-35d376aefacc,2020-11-12,1,-0,46.005,46.007,1.241,30,8.6,22.59,7,0
TeamB-a7126274-c2d2-4f4e-9b67-35d376aefacc,2020-11-14,1,-0,114.61,114.612,6.252,644,250.5,27.43,9,10
TeamB-a7126274-c2d2-4f4e-9b67-35d376aefacc,2020-11-16,1,-0,60.242,60.243,2.828,199,65.9,24.02,3,6
TeamB-a7126274-c2d2-4f4e-9b67-35d376aefacc,2020-11-21,1,-0,66.443,66.445,2.972,95.6,12.1,20.93,2,6
TeamB-a7126274-c2d2-4f4e-9b67-35d376aefacc,2020-11-22,1,-0,50.142,50.143,4.077,570.7,207.5,29.43,9,5
TeamB-a7126274-c2d2-4f4e-9b67-35d376aefacc,2020-11-27,1,-0,63.088,63.09,2.958,53.8,1.7,19.76,5,3
TeamB-a7126274-c2d2-4f4e-9b67-35d376aefacc,2020-11-30,1,-0,96.125,96.127,4.324,155.1,30.4,24.42,5,11
TeamB-a7126274-c2d2-4f4e-9b67-35d376aefacc,2020-12-01,1,-0,60.422,60.423,2.961,65.9,12.8,22.07,5,4
TeamB-a7126274-c2d2-4f4e-9b67-35d376aefacc,2020-12-04,1,-0,88.422,88.423,5.294,371,83.2,24.9,7,5
TeamB-a7126274-c2d2-4f4e-9b67-35d376aefacc,2020-12-05,1,-0,99.558,99.56,2.618,68.2,16,22.32,5,1
TeamB-a7126274-c2d2-4f4e-9b67-35d376aefacc,2020-12-06,1,-0,80.648,80.65,7.195,1113.1,406.6,26.96,4,11
TeamB-a7126274-c2d2-4f4e-9b67-35d376aefacc,2020-12-09,1,-0,60.493,60.495,2.278,27.2,0.6,19.47,2,3
TeamB-a7126274-c2d2-4f4e-9b67-35d376aefacc,2020-12-12,1,-0,54.528,54.53,1.974,134.2,60.8,27.1,1,2
TeamB-a7126274-c2d2-4f4e-9b67-35d376aefacc,2021-02-01,1,-0,114.35,114.352,5.994,717.5,274.6,26.63,12,18
TeamB-a7126274-c2d2-4f4e-9b67-35d376aefacc,2021-02-04,1,-0,55.062,55.063,5.343,926.3,365.7,26.39,5,12
TeamB-a7126274-c2d2-4f4e-9b67-35d376aefacc,2021-02-07,1,-0,111.545,111.547,6.85,905.1,344.3,27.61,9,10
TeamB-a7126274-c2d2-4f4e-9b67-35d376aefacc,2021-02-08,1,-0,54.59,54.592,1.609,36.1,6.2,20.35,0,2
TeamB-a7126274-c2d2-4f4e-9b67-35d376aefacc,2021-02-24,1,-0,74.825,74.827,3.667,209.2,36.3,24.53,7,5
TeamB-a7126274-c2d2-4f4e-9b67-35d376aefacc,2021-03-01,1,-0,69.557,69.558,3.048,148,44.5,23.15,1,3
TeamB-a7126274-c2d2-4f4e-9b67-35d376aefacc,2021-03-02,1,-0,108.43,108.432,5.66,434.4,75.9,24.31,7,11
TeamB-a7126274-c2d2-4f4e-9b67-35d376aefacc,2021-03-04,1,-0,105.1,105.102,5.828,376.3,110.3,24.74,5,6
TeamB-a7126274-c2d2-4f4e-9b67-35d376aefacc,2021-03-05,1,-0,65.838,65.84,3.737,220.3,67.1,26.02,11,10
TeamB-a7126274-c2d2-4f4e-9b67-35d376aefacc,2021-03-06,1,-1e-4,17.808,17.81,0.585,0,0,15.64,0,0
TeamB-a7126274-c2d2-4f4e-9b67-35d376aefacc,2021-04-09,1,-0,96.888,96.89,1.278,88.6,49.3,24.46,1,2
TeamB-a7126274-c2d2-4f4e-9b67-35d376aefacc,2021-04-12,1,-0,76.338,76.34,5.171,505.6,172.5,26.58,4,12
TeamB-a7126274-c2d2-4f4e-9b67-35d376aefacc,2021-06-07,1,-0,85.453,85.455,3.939,60.2,0,19.57,3,5
TeamB-a7126274-c2d2-4f4e-9b67-35d376aefacc,2021-06-09,1,-0,91.007,91.008,2.859,37.7,11.2,22.26,4,5
TeamB-a7126274-c2d2-4f4e-9b67-35d376aefacc,2021-06-14,1,-0,78.815,78.817,3.38,200.1,31.6,22.45,12,6
TeamB-a7126274-c2d2-4f4e-9b67-35d376aefacc,2021-06-20,1,-0,125.338,125.34,6.888,647.7,182.2,27.62,11,10
TeamB-a7126274-c2d2-4f4e-9b67-35d376aefacc,2021-06-21,1,-0,71.09,71.092,3.285,47.5,3.4,20.57,6,6
TeamB-a7126274-c2d2-4f4e-9b67-35d376aefacc,2021-06-23,1,-0,117.99,117.992,2.554,0.4,0,15.08,0,0
TeamB-a7126274-c2d2-4f4e-9b67-35d376aefacc,2021-06-25,1,-0,81.705,81.707,2.33,111.5,6.9,20.65,7,5
TeamB-a7126274-c2d2-4f4e-9b67-35d376aefacc,2021-06-26,1,-0,154.44,154.442,4.165,645.2,226.6,26.21,8,6
TeamB-a7126274-c2d2-4f4e-9b67-35d376aefacc,2021-06-27,1,-1e-4,20.06,20.062,0.706,0.4,0,15.82,1,0
TeamB-a7126274-c2d2-4f4e-9b67-35d376aefacc,2021-06-29,1,-0,37.45,37.452,1.527,51.1,10.3,22.37,8,3
TeamB-a7126274-c2d2-4f4e-9b67-35d376aefacc,2021-06-30,1,-0,155.688,155.69,5.98,984.3,385.1,26.17,8,13
TeamB-a7126274-c2d2-4f4e-9b67-35d376aefacc,2021-07-04,1,-0,132.993,132.995,3.66,811.4,351,24.92,9,9
TeamB-a7126274-c2d2-4f4e-9b67-35d376aefacc,2021-07-07,1,2e-4,106.697,106.68,4.786,598.6,257.7,30.94,13,15
TeamB-a7126274-c2d2-4f4e-9b67-35d376aefacc,2021-07-09,1,-0,84.57,84.572,3.264,137.6,28.7,22.35,8,3
TeamB-a7126274-c2d2-4f4e-9b67-35d376aefacc,2021-07-11,1,-0,57.922,57.923,3.252,410.7,162.8,23.98,9,16
TeamB-a7126274-c2d2-4f4e-9b67-35d376aefacc,2021-07-13,1,-0,87.975,87.977,3.6,308.7,88.9,25.11,6,6
TeamB-a7126274-c2d2-4f4e-9b67-35d376aefacc,2021-07-31,1,-0,122.522,122.523,5.495,469.6,117,27.1,6,5
TeamB-a7126274-c2d2-4f4e-9b67-35d376aefacc,2021-08-01,1,-0,108.337,108.338,3.758,145.9,46.7,27.22,4,6
TeamB-a7126274-c2d2-4f4e-9b67-35d376aefacc,2021-08-03,1,2e-4,73.355,73.338,2.789,297.1,19.5,20.51,6,3
TeamB-a7126274-c2d2-4f4e-9b67-35d376aefacc,2021-08-05,1,-0,117.337,117.338,4.469,174.3,41.4,23.19,10,11
TeamB-a7126274-c2d2-4f4e-9b67-35d376aefacc,2021-08-06,1,-0,90.307,90.308,3.266,131,39.3,23.66,5,4
TeamB-a7126274-c2d2-4f4e-9b67-35d376aefacc,2021-08-07,1,-0,140.683,140.685,2.036,384.3,182.6,24.89,7,5
TeamB-a7126274-c2d2-4f4e-9b67-35d376aefacc,2021-08-10,1,-0,104.203,104.205,3.465,219,95.2,25.12,8,3
TeamB-a7126274-c2d2-4f4e-9b67-35d376aefacc,2021-08-11,1,-0,117.35,117.352,5.925,821.8,286.9,27.8,5,7
TeamB-a7126274-c2d2-4f4e-9b67-35d376aefacc,2021-08-13,1,-0,64.22,64.222,2.613,67.7,5.1,21.05,3,2
TeamB-a7126274-c2d2-4f4e-9b67-35d376aefacc,2021-08-17,1,-0,61.705,61.707,3.288,277,116.7,24.82,3,2
TeamB-a7126274-c2d2-4f4e-9b67-35d376aefacc,2021-08-19,1,-0,81.523,81.525,3.323,46.8,9.6,22.44,4,15
TeamB-a7126274-c2d2-4f4e-9b67-35d376aefacc,2021-08-20,1,-0,109.04,109.042,3.852,1299.7,1031.8,35.56,1,0
TeamB-a7126274-c2d2-4f4e-9b67-35d376aefacc,2021-08-23,1,-0,78.81,78.812,2.82,64.7,15.8,22.63,1,7
TeamB-a7126274-c2d2-4f4e-9b67-35d376aefacc,2021-08-24,1,1e-4,133.958,133.942,7.889,1030.4,381.1,27.28,5,19
TeamB-a7126274-c2d2-4f4e-9b67-35d376aefacc,2021-08-27,1,-0,78.228,78.23,2.52,62.7,12.2,22.04,7,2
TeamB-a7126274-c2d2-4f4e-9b67-35d376aefacc,2021-08-28,1,1e-4,175.018,175,3.805,386.4,131.9,28.13,3,22
TeamB-a7126274-c2d2-4f4e-9b67-35d376aefacc,2021-08-30,1,-0,84.855,84.857,3.786,59.8,8.5,23.27,7,3
TeamB-a7126274-c2d2-4f4e-9b67-35d376aefacc,2021-08-31,1,-0,94.205,94.207,2.743,57.7,2.9,19.66,2,5
TeamB-a7126274-c2d2-4f4e-9b67-35d376aefacc,2021-09-01,1,-0,39.338,39.34,4.096,737.1,301.7,29.06,7,5
TeamB-a7126274-c2d2-4f4e-9b67-35d376aefacc,2021-09-21,1,-0,89.287,89.288,3.414,213.1,39.8,23.09,15,13
TeamB-a7126274-c2d2-4f4e-9b67-35d376aefacc,2021-09-22,1,-0,122.715,122.717,3.439,333.6,164.8,25.59,6,3
TeamB-a7126274-c2d2-4f4e-9b67-35d376aefacc,2021-09-26,1,3e-4,61.163,61.147,0.341,0,0,11.99,0,0
TeamB-a7126274-c2d2-4f4e-9b67-35d376aefacc,2021-09-29,1,-0,88.89,88.892,4.068,349.1,58.4,25.65,14,16
TeamB-a7126274-c2d2-4f4e-9b67-35d376aefacc,2021-10-01,1,-0,87.942,87.943,2.232,82.6,21,23.68,14,11
TeamB-a7126274-c2d2-4f4e-9b67-35d376aefacc,2021-10-02,1,-0,125.905,125.907,10.651,1459.4,515.2,27.87,10,27
TeamB-a7126274-c2d2-4f4e-9b67-35d376aefacc,2021-10-05,1,-0,100.1,100.102,5.013,243.3,39.3,24.24,10,14
TeamB-a7126274-c2d2-4f4e-9b67-35d376aefacc,2021-10-06,1,-0,91.345,91.347,4.378,283.3,50.6,21.73,4,12
TeamB-a7126274-c2d2-4f4e-9b67-35d376aefacc,2021-10-08,1,-0,56.887,56.888,1.239,100.7,9.1,20.85,9,3
TeamB-a7126274-c2d2-4f4e-9b67-35d376aefacc,2021-10-09,1,1e-4,129.022,129.005,8.508,1263.6,500.2,27.05,7,18
TeamB-a7126274-c2d2-4f4e-9b67-35d376aefacc,2021-10-16,1,-0,71.463,71.465,2.343,576.2,497.8,35.93,3,6
TeamB-a7126274-c2d2-4f4e-9b67-35d376aefacc,2021-10-17,1,-0,143.422,143.423,8.131,1344.9,587.2,28.38,6,16
TeamB-a7126274-c2d2-4f4e-9b67-35d376aefacc,2021-10-27,1,-0,98.518,98.52,4.291,284.1,158.3,27.85,13,18
TeamB-ab5ec6e5-b0f3-401e-8dc5-aa6c5070e255,2020-07-21,1,-0,111.79,111.792,5.082,484,220.2,26.74,9,8
TeamB-ab5ec6e5-b0f3-401e-8dc5-aa6c5070e255,2020-08-13,1,-1e-4,24.145,24.147,0.965,0,0,10.55,0,1
TeamB-ab5ec6e5-b0f3-401e-8dc5-aa6c5070e255,2020-08-15,1,-0,63.905,63.907,3.453,1077.8,38.3,21.63,6,6
TeamB-ab5ec6e5-b0f3-401e-8dc5-aa6c5070e255,2020-08-17,1,-0,67.903,67.905,3.463,648.2,26.3,22.61,4,4
TeamB-ab5ec6e5-b0f3-401e-8dc5-aa6c5070e255,2020-08-19,1,-0,72.972,72.973,4.231,826.1,37.2,22.28,13,9
TeamB-ab5ec6e5-b0f3-401e-8dc5-aa6c5070e255,2020-08-21,1,-0,68.878,68.88,3.989,1271.6,26.4,21.46,0,3
TeamB-ab5ec6e5-b0f3-401e-8dc5-aa6c5070e255,2020-08-24,1,-0,81.895,81.897,4.144,559.5,96.9,23.13,0,5
TeamB-ab5ec6e5-b0f3-401e-8dc5-aa6c5070e255,2020-08-27,1,-0,72.538,72.54,2.719,166.2,14.2,20.52,0,2
TeamB-ab5ec6e5-b0f3-401e-8dc5-aa6c5070e255,2020-08-29,1,-0,82.172,82.173,2.882,94.8,27.8,24.59,9,3
TeamB-ab5ec6e5-b0f3-401e-8dc5-aa6c5070e255,2020-09-01,1,-0,60.52,60.522,3.431,144.5,11.8,22.17,8,13
TeamB-ab5ec6e5-b0f3-401e-8dc5-aa6c5070e255,2020-09-02,1,-0,99.79,99.792,5.712,462.6,121.7,24.37,8,15
TeamB-ab5ec6e5-b0f3-401e-8dc5-aa6c5070e255,2020-09-04,1,-0,82.605,82.607,3.509,723.5,100.1,24.71,14,15
TeamB-ab5ec6e5-b0f3-401e-8dc5-aa6c5070e255,2020-09-08,1,-0,99.35,99.352,4.575,633.6,227.4,27.52,4,10
TeamB-ab5ec6e5-b0f3-401e-8dc5-aa6c5070e255,2020-09-09,1,-0,107.303,107.305,5.792,1030.7,258.7,26.74,3,18
TeamB-ab5ec6e5-b0f3-401e-8dc5-aa6c5070e255,2020-09-11,1,-0,72.267,72.268,3.333,242,56.3,24.1,4,12
TeamB-ab5ec6e5-b0f3-401e-8dc5-aa6c5070e255,2020-09-12,1,-1e-4,17.657,17.658,1.25,163.6,64.3,24.1,1,2
TeamB-ab5ec6e5-b0f3-401e-8dc5-aa6c5070e255,2020-09-21,1,-0,135.073,135.075,6.298,483.2,113.8,26.35,10,18
TeamB-ab5ec6e5-b0f3-401e-8dc5-aa6c5070e255,2020-09-22,1,-0,114.65,114.652,6.143,1104.7,222.5,25.73,11,12
TeamB-ab5ec6e5-b0f3-401e-8dc5-aa6c5070e255,2020-09-24,1,-0,114.905,114.907,6.151,769.5,325.6,28.09,6,9
TeamB-ab5ec6e5-b0f3-401e-8dc5-aa6c5070e255,2020-09-26,1,-0,81.72,81.722,2.569,154,49.5,24.22,0,1
TeamB-ab5ec6e5-b0f3-401e-8dc5-aa6c5070e255,2020-09-27,1,-0,44.828,44.83,3.942,779.2,229.3,28.01,6,12
TeamB-ab5ec6e5-b0f3-401e-8dc5-aa6c5070e255,2020-09-29,1,-0,77.173,77.175,3.096,17.8,0,18.42,4,4
TeamB-ab5ec6e5-b0f3-401e-8dc5-aa6c5070e255,2020-09-30,1,-0,131.755,131.757,7.324,615.6,134.6,26.19,16,18
TeamB-ab5ec6e5-b0f3-401e-8dc5-aa6c5070e255,2020-10-01,1,-0,73.66,73.662,3.797,300.5,88,23.28,8,8
TeamB-ab5ec6e5-b0f3-401e-8dc5-aa6c5070e255,2020-10-02,1,-0,82.538,82.54,3.155,226.6,103.7,25.85,1,2
TeamB-ab5ec6e5-b0f3-401e-8dc5-aa6c5070e255,2020-10-05,1,-0,122.905,122.907,6.019,636.9,228.4,26.75,6,10
TeamB-ab5ec6e5-b0f3-401e-8dc5-aa6c5070e255,2020-10-06,1,-0,73.603,73.605,3.297,231.8,101,24.77,4,14
TeamB-ab5ec6e5-b0f3-401e-8dc5-aa6c5070e255,2020-10-07,1,-0,79.565,79.567,6.696,1026,347.3,28.43,4,16
TeamB-ab5ec6e5-b0f3-401e-8dc5-aa6c5070e255,2020-10-08,1,-0,60.972,60.973,1.927,7.2,0,18.25,1,2
TeamB-ab5ec6e5-b0f3-401e-8dc5-aa6c5070e255,2020-10-10,1,-0,95.527,95.528,4.396,159.1,47.5,25.51,7,18
TeamB-ab5ec6e5-b0f3-401e-8dc5-aa6c5070e255,2020-10-11,1,-0,101.555,101.557,4.634,184.9,63.3,23.59,11,20
TeamB-ab5ec6e5-b0f3-401e-8dc5-aa6c5070e255,2020-10-13,1,-0,125.557,125.558,6.121,575.1,203.9,25.02,5,8
TeamB-ab5ec6e5-b0f3-401e-8dc5-aa6c5070e255,2020-10-14,1,-0,96.038,96.04,2.934,255.4,103.7,25.36,5,4
TeamB-ab5ec6e5-b0f3-401e-8dc5-aa6c5070e255,2020-10-16,1,-0,40.053,40.055,1.285,64.8,5.2,20.5,6,1
TeamB-ab5ec6e5-b0f3-401e-8dc5-aa6c5070e255,2020-10-21,1,-0,73.59,73.592,3.215,72,1.7,19.37,4,7
TeamB-ab5ec6e5-b0f3-401e-8dc5-aa6c5070e255,2020-10-22,1,-0,118.428,118.43,6.593,783.8,240.1,25.24,9,10
TeamB-ab5ec6e5-b0f3-401e-8dc5-aa6c5070e255,2020-10-23,1,-0,96.397,96.398,4.474,286.5,1.7,19.71,4,9
TeamB-ab5ec6e5-b0f3-401e-8dc5-aa6c5070e255,2020-10-26,1,-0,113.99,113.992,5.995,387,77,22.29,10,13
TeamB-ab5ec6e5-b0f3-401e-8dc5-aa6c5070e255,2020-10-27,1,-0,105.76,105.762,5.452,552,326.5,26.95,7,14
TeamB-ab5ec6e5-b0f3-401e-8dc5-aa6c5070e255,2020-10-29,1,-0,106.472,106.473,6.602,829.5,338.9,26.62,5,22
TeamB-ab5ec6e5-b0f3-401e-8dc5-aa6c5070e255,2020-10-30,1,-0,94.688,94.69,5.265,664.2,249.1,26.37,9,13
TeamB-ab5ec6e5-b0f3-401e-8dc5-aa6c5070e255,2020-10-31,1,-0,84.755,84.757,3.478,184.4,54.7,25.38,3,9
TeamB-ab5ec6e5-b0f3-401e-8dc5-aa6c5070e255,2020-11-01,1,-1e-4,20.607,20.608,1.443,398.8,93.1,27.52,4,6
TeamB-ab5ec6e5-b0f3-401e-8dc5-aa6c5070e255,2020-11-02,1,-0,69.288,69.29,3.371,108.3,23.2,23.62,7,5
TeamB-ab5ec6e5-b0f3-401e-8dc5-aa6c5070e255,2020-11-03,1,-0,82.023,82.025,2.874,134,52,23.32,0,2
TeamB-ab5ec6e5-b0f3-401e-8dc5-aa6c5070e255,2020-11-04,1,-0,117.543,117.545,10.07,1595.8,474.1,26.51,8,10
TeamB-ab5ec6e5-b0f3-401e-8dc5-aa6c5070e255,2020-11-06,1,-0,88.747,88.748,3.332,184.9,64,25.66,9,6
TeamB-ab5ec6e5-b0f3-401e-8dc5-aa6c5070e255,2020-11-10,1,-0,68.532,68.533,3.324,200.6,72.6,26.66,3,7
TeamB-ab5ec6e5-b0f3-401e-8dc5-aa6c5070e255,2020-11-11,1,-0,115.912,115.913,10.666,1419.5,392.5,25.24,11,19
TeamB-ab5ec6e5-b0f3-401e-8dc5-aa6c5070e255,2020-11-14,1,-0,119.457,119.458,6.719,996.5,407.8,28.36,6,16
TeamB-ab5ec6e5-b0f3-401e-8dc5-aa6c5070e255,2020-11-15,1,-0,62.462,62.463,3.078,94.8,12.7,23.09,3,3
TeamB-ab5ec6e5-b0f3-401e-8dc5-aa6c5070e255,2020-11-16,1,-0,62.278,62.28,1.357,47.2,1.7,19.96,4,0
TeamB-ab5ec6e5-b0f3-401e-8dc5-aa6c5070e255,2020-11-21,1,2e-4,68.598,68.582,3.166,157.8,76.9,27.47,4,3
TeamB-ab5ec6e5-b0f3-401e-8dc5-aa6c5070e255,2020-11-22,1,-0,48.86,48.862,4.004,675,242.2,26.41,3,8
TeamB-ab5ec6e5-b0f3-401e-8dc5-aa6c5070e255,2020-11-30,1,-0,97.517,97.518,5.477,824.5,438.7,25.67,2,11
TeamB-ab5ec6e5-b0f3-401e-8dc5-aa6c5070e255,2020-12-01,1,-0,85.513,85.515,4.123,246.4,72.7,23.32,7,12
TeamB-ab5ec6e5-b0f3-401e-8dc5-aa6c5070e255,2020-12-04,1,-0,83.777,83.778,5.908,680.8,278.6,25.4,13,13
TeamB-ab5ec6e5-b0f3-401e-8dc5-aa6c5070e255,2020-12-05,1,-0,83.772,83.773,3.31,219.8,107.8,24.42,4,8
TeamB-ab5ec6e5-b0f3-401e-8dc5-aa6c5070e255,2020-12-06,1,-0,153.64,153.642,10.936,1360.1,451.2,27.94,7,17
TeamB-ab5ec6e5-b0f3-401e-8dc5-aa6c5070e255,2020-12-09,1,-0,59.755,59.757,2.835,133.4,60,25.92,2,8
TeamB-ab5ec6e5-b0f3-401e-8dc5-aa6c5070e255,2020-12-10,1,-0,75.205,75.207,4.82,673.6,238.2,24.66,3,12
TeamB-ab5ec6e5-b0f3-401e-8dc5-aa6c5070e255,2020-12-12,1,-0,73.572,73.573,2.684,144.1,34.8,24.1,3,5
TeamB-ab5ec6e5-b0f3-401e-8dc5-aa6c5070e255,2020-12-13,1,-0,191.267,191.268,11.99,1560.4,552.7,27.82,7,23
TeamB-ab5ec6e5-b0f3-401e-8dc5-aa6c5070e255,2021-02-01,1,-0,110.69,110.692,6.486,698.8,236.7,25.87,16,21
TeamB-ab5ec6e5-b0f3-401e-8dc5-aa6c5070e255,2021-02-03,1,-0,56.87,56.872,1.788,10.1,0.6,17.84,1,2
TeamB-ab5ec6e5-b0f3-401e-8dc5-aa6c5070e255,2021-02-04,1,-0,109.405,109.407,9.628,1533.2,587.7,27.05,12,18
TeamB-ab5ec6e5-b0f3-401e-8dc5-aa6c5070e255,2021-02-05,1,-1e-4,30.702,30.703,1.376,77.2,16,22.63,2,2
TeamB-ab5ec6e5-b0f3-401e-8dc5-aa6c5070e255,2021-02-07,1,-0,111.27,111.272,7.434,1030.7,435.5,28.21,11,14
TeamB-ab5ec6e5-b0f3-401e-8dc5-aa6c5070e255,2021-02-08,1,-0,90.612,90.613,4.833,376.7,66.2,24.77,11,20
TeamB-ab5ec6e5-b0f3-401e-8dc5-aa6c5070e255,2021-02-10,1,-0,64.572,64.573,3.739,232.4,33.9,21.84,4,8
TeamB-ab5ec6e5-b0f3-401e-8dc5-aa6c5070e255,2021-02-11,1,-0,173.75,173.752,9.175,1319.2,370,27.05,7,20
TeamB-ab5ec6e5-b0f3-401e-8dc5-aa6c5070e255,2021-02-20,1,-0,43.787,43.788,2.26,57.2,6.9,20.72,1,3
TeamB-ab5ec6e5-b0f3-401e-8dc5-aa6c5070e255,2021-02-25,1,-0,46.637,46.638,2.706,74.7,1.7,19.67,4,2
TeamB-ab5ec6e5-b0f3-401e-8dc5-aa6c5070e255,2021-02-26,1,-0,90.722,90.723,2.852,89.3,10.5,21.55,3,3
TeamB-ab5ec6e5-b0f3-401e-8dc5-aa6c5070e255,2021-03-01,1,-0,84.362,84.363,4.358,413.6,120.9,24.91,6,11
TeamB-ab5ec6e5-b0f3-401e-8dc5-aa6c5070e255,2021-03-02,1,1e-4,117.372,117.355,3.938,217.4,27.6,21.15,5,9
TeamB-ab5ec6e5-b0f3-401e-8dc5-aa6c5070e255,2021-03-04,1,0.0028,104.493,104.197,6.115,681.7,215.4,25.91,5,15
TeamB-ab5ec6e5-b0f3-401e-8dc5-aa6c5070e255,2021-03-05,1,-0,114.223,114.225,5.415,554.7,188.1,26.22,7,20
TeamB-ab5ec6e5-b0f3-401e-8dc5-aa6c5070e255,2021-03-06,1,-0,88.038,88.04,4.688,440.1,166,24.08,4,10
TeamB-ab5ec6e5-b0f3-401e-8dc5-aa6c5070e255,2021-03-08,1,-0,105.473,105.475,5.72,715.9,223.6,27.04,7,12
TeamB-ab5ec6e5-b0f3-401e-8dc5-aa6c5070e255,2021-03-09,1,-0,92.282,92.283,4.141,240.6,58.1,23.83,6,11
TeamB-ab5ec6e5-b0f3-401e-8dc5-aa6c5070e255,2021-03-12,1,-0,99.023,99.025,7.266,924.1,323.7,25.19,12,23
TeamB-ab5ec6e5-b0f3-401e-8dc5-aa6c5070e255,2021-03-15,1,-0,100.537,100.538,5.378,1163.6,587,26.55,5,18
TeamB-ab5ec6e5-b0f3-401e-8dc5-aa6c5070e255,2021-03-16,1,-0,93.838,93.84,5.495,500.4,114.3,23.47,4,14
TeamB-ab5ec6e5-b0f3-401e-8dc5-aa6c5070e255,2021-03-18,1,2e-4,107.622,107.605,6.572,831.2,291.5,25.55,12,21
TeamB-ab5ec6e5-b0f3-401e-8dc5-aa6c5070e255,2021-03-19,1,-0,103.515,103.517,6.105,426.8,141,27.15,17,15
TeamB-ab5ec6e5-b0f3-401e-8dc5-aa6c5070e255,2021-03-22,1,-0,124.887,124.888,5.818,500.2,116.7,23.81,6,22
TeamB-ab5ec6e5-b0f3-401e-8dc5-aa6c5070e255,2021-03-23,1,-0,129.887,129.888,7.293,970.5,352.1,25.86,15,15
TeamB-ab5ec6e5-b0f3-401e-8dc5-aa6c5070e255,2021-03-25,1,-0,132.307,132.308,7.251,1333,600.1,26.65,13,24
TeamB-ab5ec6e5-b0f3-401e-8dc5-aa6c5070e255,2021-03-26,1,-0,68.415,68.417,3.115,49.1,7.6,21.24,3,13
TeamB-ab5ec6e5-b0f3-401e-8dc5-aa6c5070e255,2021-03-29,1,-0,137.432,137.433,6.711,561.4,184,26.22,8,16
TeamB-ab5ec6e5-b0f3-401e-8dc5-aa6c5070e255,2021-03-30,1,-0,167.932,167.933,6.834,605.4,211.5,27.31,16,19
TeamB-ab5ec6e5-b0f3-401e-8dc5-aa6c5070e255,2021-03-31,1,2e-4,98.87,98.853,6.342,1045,382.4,28.01,9,17
TeamB-ab5ec6e5-b0f3-401e-8dc5-aa6c5070e255,2021-04-06,1,1e-4,127.372,127.355,6.099,1222.3,95.7,25.25,23,25
TeamB-ab5ec6e5-b0f3-401e-8dc5-aa6c5070e255,2021-04-08,1,-0,128.372,128.373,6.394,1158.2,647.7,33.62,10,14
TeamB-ab5ec6e5-b0f3-401e-8dc5-aa6c5070e255,2021-04-09,1,-0,89.468,89.47,4.685,226.1,88.5,27.51,12,6
TeamB-ab5ec6e5-b0f3-401e-8dc5-aa6c5070e255,2021-04-12,1,-0,119.387,119.388,8.06,1763.8,891.9,27.91,9,18
TeamB-ab5ec6e5-b0f3-401e-8dc5-aa6c5070e255,2021-04-13,1,-0,117.705,117.707,5.557,545.8,174.1,27.3,15,23
TeamB-ab5ec6e5-b0f3-401e-8dc5-aa6c5070e255,2021-04-15,1,-0,140.173,140.175,7.008,1210.1,641.8,27.06,11,12
TeamB-ab5ec6e5-b0f3-401e-8dc5-aa6c5070e255,2021-04-16,1,-0,108.328,108.33,5.198,416,153.7,27.1,9,10
TeamB-ab5ec6e5-b0f3-401e-8dc5-aa6c5070e255,2021-04-19,1,-0,105.422,105.423,3.551,412.8,212.1,26.12,5,4
TeamB-ab5ec6e5-b0f3-401e-8dc5-aa6c5070e255,2021-04-20,1,-0,102.338,102.34,5.767,636.4,160.6,24.76,5,13
TeamB-ab5ec6e5-b0f3-401e-8dc5-aa6c5070e255,2021-05-03,1,-0,81.92,81.922,3.445,138.2,4.6,19.91,6,6
TeamB-ab5ec6e5-b0f3-401e-8dc5-aa6c5070e255,2021-05-04,1,-0,94.09,94.092,4.863,528.4,253.4,25.9,8,13
TeamB-ab5ec6e5-b0f3-401e-8dc5-aa6c5070e255,2021-05-05,1,-0,115.11,115.112,6.507,649.2,260.6,26.31,15,11
TeamB-ab5ec6e5-b0f3-401e-8dc5-aa6c5070e255,2021-05-06,1,-0,67.173,67.175,1.628,3.7,0,16.3,3,2
TeamB-ab5ec6e5-b0f3-401e-8dc5-aa6c5070e255,2021-05-07,1,-0,84.973,84.975,3.448,174.2,96.9,26.49,7,6
TeamB-ab5ec6e5-b0f3-401e-8dc5-aa6c5070e255,2021-05-08,1,-0,94.157,94.158,7.383,979.7,369.5,25.19,3,15
TeamB-ab5ec6e5-b0f3-401e-8dc5-aa6c5070e255,2021-05-12,1,-0,70.455,70.457,3.277,167.8,23.2,21.66,6,8
TeamB-ab5ec6e5-b0f3-401e-8dc5-aa6c5070e255,2021-05-14,1,-0,105.515,105.517,3.965,177.8,42.7,23.55,4,10
TeamB-ab5ec6e5-b0f3-401e-8dc5-aa6c5070e255,2021-05-18,1,3e-4,145.29,145.243,6.297,1102,444.5,25.99,12,15
TeamB-ab5ec6e5-b0f3-401e-8dc5-aa6c5070e255,2021-05-19,1,-0,143.205,143.207,6.471,1034.9,604.4,27.69,13,14
TeamB-ab5ec6e5-b0f3-401e-8dc5-aa6c5070e255,2021-05-21,1,-0,87.057,87.058,2.655,62,31.4,24.56,1,6
TeamB-ab5ec6e5-b0f3-401e-8dc5-aa6c5070e255,2021-05-24,1,-0,88.02,88.022,3.04,49.3,2.9,20.95,8,8
TeamB-ab5ec6e5-b0f3-401e-8dc5-aa6c5070e255,2021-05-25,1,-0,72.538,72.54,2.921,94.6,16.1,23.21,3,7
TeamB-ab5ec6e5-b0f3-401e-8dc5-aa6c5070e255,2021-05-26,1,1e-4,122.673,122.657,6.605,789,257.1,27.01,7,22
TeamB-ab5ec6e5-b0f3-401e-8dc5-aa6c5070e255,2021-05-28,1,-0,106.99,106.992,3.307,145.2,33.4,23.43,3,7
TeamB-ab5ec6e5-b0f3-401e-8dc5-aa6c5070e255,2021-05-29,1,-0,59.507,59.508,5.397,620.2,259.6,27.37,1,10
TeamB-ab5ec6e5-b0f3-401e-8dc5-aa6c5070e255,2021-05-31,1,-0,86.672,86.673,4.184,130.9,13.3,21.7,6,4
TeamB-ab5ec6e5-b0f3-401e-8dc5-aa6c5070e255,2021-06-01,1,1e-4,114.895,114.878,5.911,951.1,409.9,27.55,8,18
TeamB-ab5ec6e5-b0f3-401e-8dc5-aa6c5070e255,2021-06-02,1,-0,65.988,65.99,2.6,256.1,47.6,22.93,2,6
TeamB-ab5ec6e5-b0f3-401e-8dc5-aa6c5070e255,2021-06-04,1,-0,95.405,95.407,3.545,198.1,89.1,25.57,4,8
TeamB-ab5ec6e5-b0f3-401e-8dc5-aa6c5070e255,2021-06-05,1,1e-4,140.503,140.487,8.782,876.9,239.9,26.13,6,17
TeamB-ab5ec6e5-b0f3-401e-8dc5-aa6c5070e255,2021-06-07,1,-0,106.9,106.902,4.577,79.4,2.3,19.84,8,10
TeamB-ab5ec6e5-b0f3-401e-8dc5-aa6c5070e255,2021-06-08,1,-0,92.507,92.508,4.76,1484.8,971.4,28.99,8,6
TeamB-ab5ec6e5-b0f3-401e-8dc5-aa6c5070e255,2021-06-09,1,-0,104.403,104.405,3.609,368.4,209.1,25.23,3,3
TeamB-ab5ec6e5-b0f3-401e-8dc5-aa6c5070e255,2021-06-14,1,2e-4,87.055,87.038,3.724,307.8,130.3,25.06,7,12
TeamB-ab5ec6e5-b0f3-401e-8dc5-aa6c5070e255,2021-06-15,1,-0,126.155,126.157,6.401,1676.5,458.6,26.66,8,19
TeamB-ab5ec6e5-b0f3-401e-8dc5-aa6c5070e255,2021-06-17,1,2e-4,108.623,108.607,5.774,965.8,499.5,24.82,12,21
TeamB-ab5ec6e5-b0f3-401e-8dc5-aa6c5070e255,2021-06-18,1,-0,62.59,62.592,2.91,320.5,63.4,22.72,9,8
TeamB-ab5ec6e5-b0f3-401e-8dc5-aa6c5070e255,2021-06-20,1,-0,119.177,119.178,7.232,944.7,365.4,26.02,15,12
TeamB-ab5ec6e5-b0f3-401e-8dc5-aa6c5070e255,2021-06-21,1,-0,95,95.002,3.581,187.4,65.7,26.58,4,10
TeamB-ab5ec6e5-b0f3-401e-8dc5-aa6c5070e255,2021-06-22,1,-0,173.47,173.472,9.332,1403.4,534.6,27.59,13,21
TeamB-ab5ec6e5-b0f3-401e-8dc5-aa6c5070e255,2021-06-23,1,-0,54.403,54.405,1.155,6.1,0,17.4,1,0
TeamB-ab5ec6e5-b0f3-401e-8dc5-aa6c5070e255,2021-06-25,1,2e-4,94.973,94.955,3.242,172.1,95.4,25.56,2,4
TeamB-ab5ec6e5-b0f3-401e-8dc5-aa6c5070e255,2021-06-26,1,-0,130.39,130.392,10.427,1125.6,486.1,29.56,7,19
TeamB-ab5ec6e5-b0f3-401e-8dc5-aa6c5070e255,2021-06-27,1,3e-4,61.072,61.055,2.337,0,0,13.28,0,1
TeamB-ab5ec6e5-b0f3-401e-8dc5-aa6c5070e255,2021-06-29,1,-0,92.907,92.908,3.249,219.1,97,25.89,5,11
TeamB-ab5ec6e5-b0f3-401e-8dc5-aa6c5070e255,2021-06-30,1,-0,154.822,154.823,10.862,1401.9,511.9,28.15,12,24
TeamB-ab5ec6e5-b0f3-401e-8dc5-aa6c5070e255,2021-07-03,1,-0,103.638,103.64,3.466,83,20.4,24.72,6,5
TeamB-ab5ec6e5-b0f3-401e-8dc5-aa6c5070e255,2021-07-04,1,-0,121.973,121.975,9.936,1368.6,554,27.65,11,14
TeamB-ab5ec6e5-b0f3-401e-8dc5-aa6c5070e255,2021-08-01,1,-0,90.855,90.857,2.227,23.1,0,18.83,5,4
TeamB-ab5ec6e5-b0f3-401e-8dc5-aa6c5070e255,2021-08-05,1,-0,104.623,104.625,6.852,822.6,310.7,27.24,8,16
TeamB-ab5ec6e5-b0f3-401e-8dc5-aa6c5070e255,2021-08-06,1,2e-4,98.938,98.92,2.716,35.7,12,22.5,2,7
TeamB-ab5ec6e5-b0f3-401e-8dc5-aa6c5070e255,2021-08-08,1,-0,116.14,116.142,4.25,237.4,46.8,22.67,9,13
TeamB-ab5ec6e5-b0f3-401e-8dc5-aa6c5070e255,2021-08-10,1,-0,97.855,97.857,4.14,253.3,97.1,23.44,7,10
TeamB-ab5ec6e5-b0f3-401e-8dc5-aa6c5070e255,2021-08-17,1,-0,69.057,69.058,3.513,410.1,140.5,24.79,3,6
TeamB-ab5ec6e5-b0f3-401e-8dc5-aa6c5070e255,2021-08-19,1,-0,85.838,85.84,4.888,396.9,154.3,26.15,7,16
TeamB-ab5ec6e5-b0f3-401e-8dc5-aa6c5070e255,2021-08-20,1,-0,93.405,93.407,3.125,258,106,24.15,3,5
TeamB-ab5ec6e5-b0f3-401e-8dc5-aa6c5070e255,2021-08-23,1,3e-4,84.357,84.335,3.836,241.4,49.6,23.89,10,7
TeamB-ab5ec6e5-b0f3-401e-8dc5-aa6c5070e255,2021-08-24,1,3e-4,58.055,58.037,5.335,657.3,270.7,27.34,8,5
TeamB-ab5ec6e5-b0f3-401e-8dc5-aa6c5070e255,2021-08-27,1,-0,99.123,99.125,4.017,96.9,24.3,24.27,6,7
TeamB-ab5ec6e5-b0f3-401e-8dc5-aa6c5070e255,2021-08-28,1,2e-4,118.338,118.318,6.966,780.3,312.4,27.89,6,14
TeamB-ab5ec6e5-b0f3-401e-8dc5-aa6c5070e255,2021-08-30,1,-0,93.122,93.123,4.057,283.2,67.7,24.81,5,12
TeamB-ab5ec6e5-b0f3-401e-8dc5-aa6c5070e255,2021-08-31,1,2e-4,97.888,97.867,4.053,420.6,48.6,23.73,2,7
TeamB-ab5ec6e5-b0f3-401e-8dc5-aa6c5070e255,2021-09-01,1,4e-4,47.437,47.418,3.756,1103.1,343.5,26.91,1,7
TeamB-ab5ec6e5-b0f3-401e-8dc5-aa6c5070e255,2021-09-03,1,-0,85.39,85.392,3.638,451.3,221.8,25.32,8,11
TeamB-ab5ec6e5-b0f3-401e-8dc5-aa6c5070e255,2021-09-04,1,2e-4,121.05,121.03,7.876,1257.5,520.9,26.71,8,19
TeamB-ab5ec6e5-b0f3-401e-8dc5-aa6c5070e255,2021-09-07,1,2e-4,68.35,68.333,3.35,280,23.1,22.03,10,5
TeamB-ab5ec6e5-b0f3-401e-8dc5-aa6c5070e255,2021-09-08,1,3e-4,53.922,53.903,3.895,1227.2,307.5,27.63,3,7
TeamB-ab5ec6e5-b0f3-401e-8dc5-aa6c5070e255,2021-09-10,1,-0,79.963,79.965,3.033,51.1,5.2,21.12,4,3
TeamB-ab5ec6e5-b0f3-401e-8dc5-aa6c5070e255,2021-09-11,1,2e-4,135.872,135.847,10.143,1404.4,528.4,27.35,10,25
TeamB-ab5ec6e5-b0f3-401e-8dc5-aa6c5070e255,2021-09-16,1,1e-4,112.132,112.115,5.295,467.7,174.8,26.98,6,9
TeamB-ab5ec6e5-b0f3-401e-8dc5-aa6c5070e255,2021-09-17,1,3e-4,84.933,84.912,4.127,569.3,186.7,26.31,5,11
TeamB-ab5ec6e5-b0f3-401e-8dc5-aa6c5070e255,2021-09-21,1,2e-4,120.022,120,5.915,622.7,219.4,27.64,13,31
TeamB-ab5ec6e5-b0f3-401e-8dc5-aa6c5070e255,2021-09-22,1,-0,132.487,132.488,5.276,866.3,491.8,27.78,5,8
TeamB-ab5ec6e5-b0f3-401e-8dc5-aa6c5070e255,2021-09-24,1,2e-4,107.857,107.837,6.489,652.2,216.6,26.5,9,11
TeamB-ab5ec6e5-b0f3-401e-8dc5-aa6c5070e255,2021-09-25,1,2e-4,93.065,93.048,3.712,211.1,78.3,26.38,7,16
TeamB-ab5ec6e5-b0f3-401e-8dc5-aa6c5070e255,2021-09-26,1,-0,126.743,126.745,10.1,1329.6,555.7,27.99,6,18
TeamB-ab5ec6e5-b0f3-401e-8dc5-aa6c5070e255,2021-09-28,1,2e-4,84.137,84.12,3.393,157.5,28.3,22.44,5,5
TeamB-ab5ec6e5-b0f3-401e-8dc5-aa6c5070e255,2021-09-29,1,-0,134.035,134.037,7.525,804.6,317.9,25.63,12,17
TeamB-ab5ec6e5-b0f3-401e-8dc5-aa6c5070e255,2021-10-01,1,2e-4,89.527,89.507,3.632,208.7,50.5,24.54,4,8
TeamB-ab5ec6e5-b0f3-401e-8dc5-aa6c5070e255,2021-10-02,1,2e-4,117.055,117.035,10.064,1523.5,595.3,25.86,12,19
TeamB-ab5ec6e5-b0f3-401e-8dc5-aa6c5070e255,2021-10-05,1,2e-4,121.488,121.468,7.591,1010.5,367.6,26.25,15,17
TeamB-ab5ec6e5-b0f3-401e-8dc5-aa6c5070e255,2021-10-06,1,-0,119.523,119.525,6.828,885.9,347.9,27.26,10,16
TeamB-ab5ec6e5-b0f3-401e-8dc5-aa6c5070e255,2021-10-08,1,2e-4,95.81,95.793,3.302,121.5,42,25.47,3,7
TeamB-ab5ec6e5-b0f3-401e-8dc5-aa6c5070e255,2021-10-09,1,3e-4,60.903,60.885,5.044,655.4,184.9,25.77,3,12
TeamB-ab5ec6e5-b0f3-401e-8dc5-aa6c5070e255,2021-10-12,1,1e-4,135.13,135.113,6.482,771.4,292.3,25.16,9,17
TeamB-ab5ec6e5-b0f3-401e-8dc5-aa6c5070e255,2021-10-13,1,1e-4,130.35,130.333,6.898,734.1,167.4,24.2,10,23
TeamB-ab5ec6e5-b0f3-401e-8dc5-aa6c5070e255,2021-10-15,1,-0,109.54,109.542,6.074,787.4,243,26.24,7,15
TeamB-ab5ec6e5-b0f3-401e-8dc5-aa6c5070e255,2021-10-16,1,3e-4,63.888,63.867,2.874,98.7,9.3,20.92,6,10
TeamB-ab5ec6e5-b0f3-401e-8dc5-aa6c5070e255,2021-10-17,1,3e-4,58.538,58.522,5.588,738.5,217.3,26.86,8,9
TeamB-ab5ec6e5-b0f3-401e-8dc5-aa6c5070e255,2021-10-29,1,1e-4,121.507,121.49,4.51,590.5,247.1,26,1,15
TeamB-ab5ec6e5-b0f3-401e-8dc5-aa6c5070e255,2021-10-30,1,2e-4,100.467,100.45,3.541,134.4,28.4,26.62,4,5
TeamB-ab5ec6e5-b0f3-401e-8dc5-aa6c5070e255,2021-11-03,1,-0,87.238,87.24,4.191,219.6,45.9,23.79,11,11
TeamB-ab5ec6e5-b0f3-401e-8dc5-aa6c5070e255,2021-11-04,1,3e-4,93.457,93.432,5.721,1433.2,186.5,22.68,14,6
TeamB-ab5ec6e5-b0f3-401e-8dc5-aa6c5070e255,2021-11-06,1,-0,89.123,89.125,4.337,801.2,138.2,23.94,6,6
TeamB-ab5ec6e5-b0f3-401e-8dc5-aa6c5070e255,2021-11-09,1,-0,92.057,92.058,3.94,129.7,7.4,20.03,7,10
TeamB-ab5ec6e5-b0f3-401e-8dc5-aa6c5070e255,2021-11-12,1,3e-4,80.557,80.533,4.93,364,80.7,25.15,14,15
TeamB-ab5ec6e5-b0f3-401e-8dc5-aa6c5070e255,2021-11-13,1,4e-4,54.403,54.382,5.425,1108.3,451.1,27.78,0,12
TeamB-ab691983-3544-4a0e-8f70-db44d85cb907,2020-06-01,1,-0,120.905,120.907,5.781,176.5,53.7,23.85,6,4
TeamB-ab691983-3544-4a0e-8f70-db44d85cb907,2020-06-02,1,-0,100.238,100.24,5.265,273.7,102.8,25.22,3,13
TeamB-ab691983-3544-4a0e-8f70-db44d85cb907,2020-06-03,1,-0,66.907,66.908,2.87,50.7,5.2,20.73,0,5
TeamB-ab691983-3544-4a0e-8f70-db44d85cb907,2020-06-04,1,-0,98.257,98.258,5.149,192.7,28.4,23.44,8,9
TeamB-ab691983-3544-4a0e-8f70-db44d85cb907,2020-06-05,1,-0,118.838,118.84,5.468,233.7,20.3,23.21,7,5
TeamB-ab691983-3544-4a0e-8f70-db44d85cb907,2020-06-09,1,-0,120.87,120.872,5.714,293.3,123.8,24.18,2,7
TeamB-ab691983-3544-4a0e-8f70-db44d85cb907,2020-06-10,1,-0,82.488,82.49,3.292,367.2,159.8,27,6,6
TeamB-ab691983-3544-4a0e-8f70-db44d85cb907,2020-06-11,1,-0,72.94,72.942,1.905,29.3,0,18.6,2,2
TeamB-ab691983-3544-4a0e-8f70-db44d85cb907,2020-06-12,1,-0,95.872,95.873,4.389,154,46.4,22.83,6,4
TeamB-ab691983-3544-4a0e-8f70-db44d85cb907,2020-06-13,1,-0,105.92,105.922,9.046,759,255.8,26.86,7,5
TeamB-ab691983-3544-4a0e-8f70-db44d85cb907,2020-06-15,1,-0,65.922,65.923,3.614,122.8,3.4,19.75,3,2
TeamB-ab691983-3544-4a0e-8f70-db44d85cb907,2020-06-16,1,-0,114.022,114.023,5.31,390.2,113.7,23.62,3,8
TeamB-ab691983-3544-4a0e-8f70-db44d85cb907,2020-06-17,1,-0,93.635,93.637,3.52,237.7,44.8,22.49,6,1
TeamB-ab691983-3544-4a0e-8f70-db44d85cb907,2020-06-18,1,-0,98.2,98.202,4.745,484,90.6,26.17,13,19
TeamB-ab691983-3544-4a0e-8f70-db44d85cb907,2020-06-22,1,-0,96.322,96.323,4.152,152.4,33.5,24.57,7,4
TeamB-ab691983-3544-4a0e-8f70-db44d85cb907,2020-06-23,1,-0,119.422,119.423,9.717,858.6,205.9,25.64,4,4
TeamB-ab691983-3544-4a0e-8f70-db44d85cb907,2020-06-25,1,-0,81.335,81.337,3.15,83.1,30.5,23.66,10,4
TeamB-ab691983-3544-4a0e-8f70-db44d85cb907,2020-06-26,1,-0,78.097,78.098,3.35,120,54.3,25.31,10,7
TeamB-ab691983-3544-4a0e-8f70-db44d85cb907,2020-06-27,1,-0,118.122,118.123,9.365,553.7,118,25.02,6,5
TeamB-ab691983-3544-4a0e-8f70-db44d85cb907,2020-06-30,1,-0,111.707,111.708,6.327,564.5,114.9,25.95,11,18
TeamB-ab691983-3544-4a0e-8f70-db44d85cb907,2020-07-01,1,-0,106.388,106.39,5.013,510.4,202.4,23.74,7,5
TeamB-ab691983-3544-4a0e-8f70-db44d85cb907,2020-07-02,1,-0,92.337,92.338,5.102,245.1,50.1,23.98,6,10
TeamB-ab691983-3544-4a0e-8f70-db44d85cb907,2020-07-03,1,-0,87.472,87.473,4.003,137.7,35.8,24.45,3,7
TeamB-ab691983-3544-4a0e-8f70-db44d85cb907,2020-07-04,1,-0,118.535,118.537,10.424,810.2,222.2,26.38,8,22
TeamB-ab691983-3544-4a0e-8f70-db44d85cb907,2020-07-07,1,-0,108.205,108.207,6.986,576.3,191.9,26.79,7,13
TeamB-ab691983-3544-4a0e-8f70-db44d85cb907,2020-07-08,1,-0,93.698,93.7,3.404,96.8,16.5,22.67,3,9
TeamB-ab691983-3544-4a0e-8f70-db44d85cb907,2020-07-09,1,-0,86.088,86.09,3.847,123.3,27.7,23.42,6,9
TeamB-ab691983-3544-4a0e-8f70-db44d85cb907,2020-07-10,1,-0,114.905,114.907,10.493,1021.4,230.5,27.97,5,6
TeamB-ab691983-3544-4a0e-8f70-db44d85cb907,2020-07-14,1,-0,106.845,106.847,7.144,666,144.2,26.61,10,20
TeamB-ab691983-3544-4a0e-8f70-db44d85cb907,2020-07-15,1,-0,102.188,102.19,5.12,79,4,20.36,6,7
TeamB-ab691983-3544-4a0e-8f70-db44d85cb907,2020-07-16,1,-0,103.255,103.257,4.386,247.7,96.8,25.49,7,9
TeamB-ab691983-3544-4a0e-8f70-db44d85cb907,2020-07-17,1,-0,95.277,95.278,4.278,127.3,27.8,23.44,5,13
TeamB-ab691983-3544-4a0e-8f70-db44d85cb907,2020-07-18,1,-0,53.742,53.743,5.205,386,102,25.94,1,4
TeamB-ab691983-3544-4a0e-8f70-db44d85cb907,2020-07-21,1,-0,111.973,111.975,5.77,741.9,293.7,26.13,6,19
TeamB-ab691983-3544-4a0e-8f70-db44d85cb907,2020-07-22,1,-0,86.433,86.435,3.559,103.5,10.2,20.47,5,2
TeamB-ab691983-3544-4a0e-8f70-db44d85cb907,2020-07-23,1,-0,69.992,69.993,3.305,140.3,19.4,23.84,7,3
TeamB-ab691983-3544-4a0e-8f70-db44d85cb907,2020-07-24,1,-0,127.753,127.755,10.367,921.5,217.2,24.31,2,7
TeamB-ab691983-3544-4a0e-8f70-db44d85cb907,2020-07-27,1,-0,67.9,67.902,1.891,41.5,12,22.53,3,3
TeamB-ab691983-3544-4a0e-8f70-db44d85cb907,2020-07-28,1,-0,109.618,109.62,6.985,543.1,195.2,26.89,5,14
TeamB-ab691983-3544-4a0e-8f70-db44d85cb907,2020-07-29,1,-0,87.187,87.188,4.536,270.4,94.1,27.69,4,5
TeamB-ab691983-3544-4a0e-8f70-db44d85cb907,2020-07-31,1,-0,85.95,85.952,4.249,177.8,41.9,23.95,7,13
TeamB-ab691983-3544-4a0e-8f70-db44d85cb907,2020-08-01,1,-0,116.537,116.538,10.094,611.4,103.9,24.41,7,9
TeamB-ab691983-3544-4a0e-8f70-db44d85cb907,2020-08-04,1,-0,98.383,98.385,5.47,322.4,108.3,26.79,8,16
TeamB-ab691983-3544-4a0e-8f70-db44d85cb907,2020-08-05,1,-0,63.59,63.592,3.361,273,57.3,25.36,3,6
TeamB-ab691983-3544-4a0e-8f70-db44d85cb907,2020-08-06,1,-0,90.403,90.405,3.773,184.6,44.1,23.86,4,10
TeamB-ab691983-3544-4a0e-8f70-db44d85cb907,2020-08-07,1,-0,121.047,121.048,10.668,806.5,140.9,25.12,3,7
TeamB-ab691983-3544-4a0e-8f70-db44d85cb907,2020-08-10,1,-0,102.853,102.855,5.217,235.8,35.7,25.29,7,4
TeamB-ab691983-3544-4a0e-8f70-db44d85cb907,2020-08-11,1,-0,80.37,80.372,3.278,208.7,39.2,23.72,4,9
TeamB-ab691983-3544-4a0e-8f70-db44d85cb907,2020-08-12,1,-0,150.02,150.022,10.736,1003.6,240.6,26.75,8,9
TeamB-ab691983-3544-4a0e-8f70-db44d85cb907,2020-08-14,1,-0,89.578,89.58,2.823,105.4,49.9,23.56,2,1
TeamB-ab691983-3544-4a0e-8f70-db44d85cb907,2020-08-15,1,-0,73.063,73.065,2.558,118.7,29.2,22.7,6,2
TeamB-ab691983-3544-4a0e-8f70-db44d85cb907,2020-08-16,1,-0,120.33,120.332,10.071,743.4,205.7,26.19,5,7
TeamB-ab691983-3544-4a0e-8f70-db44d85cb907,2020-08-19,1,-0,93.838,93.84,5.019,201.6,36.9,23.35,13,10
TeamB-ab691983-3544-4a0e-8f70-db44d85cb907,2020-08-20,1,-0,87.423,87.425,3.441,182.2,24.3,21.95,2,4
TeamB-ab691983-3544-4a0e-8f70-db44d85cb907,2020-08-21,1,-0,61.69,61.692,2.228,97,37.2,22.61,2,5
TeamB-ab691983-3544-4a0e-8f70-db44d85cb907,2020-08-24,1,-0,83.407,83.408,3.284,33.8,0,17.74,4,4
TeamB-ab691983-3544-4a0e-8f70-db44d85cb907,2020-08-25,1,-0,70.723,70.725,3.45,139.1,24.6,21.85,5,8
TeamB-ab691983-3544-4a0e-8f70-db44d85cb907,2020-09-03,1,-0,97.988,97.99,3.783,157.9,82.3,24.64,4,5
TeamB-ab691983-3544-4a0e-8f70-db44d85cb907,2020-09-04,1,-0,84.757,84.758,3.368,200.6,36.3,24.77,7,5
TeamB-ab691983-3544-4a0e-8f70-db44d85cb907,2020-09-05,1,-0,119.987,119.988,10.28,751.3,217.4,25.49,3,8
TeamB-ab691983-3544-4a0e-8f70-db44d85cb907,2020-09-08,1,-0,42.017,42.018,2.15,206,140.9,26.13,2,0
TeamB-ab691983-3544-4a0e-8f70-db44d85cb907,2020-09-11,1,-0,70.473,70.475,3.419,124.3,12.1,21.29,3,5
TeamB-ab691983-3544-4a0e-8f70-db44d85cb907,2020-09-12,1,-0,122.373,122.375,10.144,871.3,283.1,26.35,4,6
TeamB-ab691983-3544-4a0e-8f70-db44d85cb907,2020-09-25,1,-0,86.422,86.423,5.168,350.3,136.1,25.53,2,10
TeamB-ab691983-3544-4a0e-8f70-db44d85cb907,2020-09-26,1,-0,77.287,77.288,3.767,158.4,56.7,27.37,4,11
TeamB-ab691983-3544-4a0e-8f70-db44d85cb907,2020-09-27,1,-0,116.972,116.973,10.148,899.6,207.5,22.71,2,10
TeamB-ab691983-3544-4a0e-8f70-db44d85cb907,2020-09-30,1,-0,130.305,130.307,7.347,298,67.2,23.37,7,17
TeamB-ab691983-3544-4a0e-8f70-db44d85cb907,2020-10-02,1,-0,118.787,118.788,6.654,729.2,294.7,26.8,8,10
TeamB-ab691983-3544-4a0e-8f70-db44d85cb907,2020-10-05,1,-0,110.622,110.623,5.754,177,34.3,23.69,11,7
TeamB-ab691983-3544-4a0e-8f70-db44d85cb907,2020-10-06,1,-0,72.507,72.508,3.716,116.7,28.7,22.4,4,6
TeamB-ab691983-3544-4a0e-8f70-db44d85cb907,2020-10-07,1,-0,163.227,163.228,13.388,948.2,169.3,27.4,6,10
TeamB-ab691983-3544-4a0e-8f70-db44d85cb907,2020-10-14,1,-0,99.153,99.155,5.465,587.1,278.3,25.46,6,5
TeamB-ab691983-3544-4a0e-8f70-db44d85cb907,2020-10-16,1,-0,112.428,112.43,5.339,146.2,27.8,22.69,3,2
TeamB-ab691983-3544-4a0e-8f70-db44d85cb907,2020-10-17,1,-0,67.397,67.398,2.77,93.3,16.7,21.31,2,5
TeamB-ab691983-3544-4a0e-8f70-db44d85cb907,2020-10-18,1,-0,119.677,119.678,10.646,878.9,233.5,26.88,3,9
TeamB-ab691983-3544-4a0e-8f70-db44d85cb907,2020-10-30,1,-0,81.372,81.373,4.107,279.4,110.6,25.59,5,5
TeamB-ab691983-3544-4a0e-8f70-db44d85cb907,2020-10-31,1,2e-4,81.653,81.637,2.874,43.7,0.6,19.28,6,2
TeamB-ab691983-3544-4a0e-8f70-db44d85cb907,2020-11-01,1,-0,116.737,116.738,10.397,914.9,223.5,23.52,2,11
TeamB-ab691983-3544-4a0e-8f70-db44d85cb907,2020-11-03,1,-0,77.578,77.58,3.526,173.5,39.3,21.94,4,3
TeamB-ab691983-3544-4a0e-8f70-db44d85cb907,2020-11-05,1,-0,66.482,66.483,3.398,78.9,12.5,21.07,0,3
TeamB-ab691983-3544-4a0e-8f70-db44d85cb907,2020-11-06,1,-0,80.02,80.022,3.995,130.5,24.2,22.15,5,4
TeamB-ab691983-3544-4a0e-8f70-db44d85cb907,2020-11-07,1,-0,132.372,132.373,10.574,778.9,282.3,27.05,5,14
TeamB-ab691983-3544-4a0e-8f70-db44d85cb907,2020-11-10,1,-0,80.202,80.203,3.342,117.9,25.5,22.33,3,4
TeamB-ab691983-3544-4a0e-8f70-db44d85cb907,2020-11-11,1,-0,115.13,115.132,10.42,672.7,91.1,23.09,5,11
TeamB-ab691983-3544-4a0e-8f70-db44d85cb907,2020-11-12,1,-0,37.49,37.492,1.397,1.4,0,15.63,1,0
TeamB-ab691983-3544-4a0e-8f70-db44d85cb907,2020-11-14,1,-0,110.773,110.775,6.539,469.5,145,25.93,5,9
TeamB-ab691983-3544-4a0e-8f70-db44d85cb907,2020-11-15,1,-0,105.367,105.368,6.109,616.5,315.7,27.51,9,13
TeamB-ab691983-3544-4a0e-8f70-db44d85cb907,2020-11-16,1,-0,62.332,62.333,3.359,152.6,46.9,23.03,3,5
TeamB-ab691983-3544-4a0e-8f70-db44d85cb907,2020-11-19,1,-0,74.172,74.173,5.353,297.1,32.7,21.6,3,2
TeamB-ab691983-3544-4a0e-8f70-db44d85cb907,2020-11-21,1,-0,64.973,64.975,2.234,47.1,22.9,23.86,0,1
TeamB-ab691983-3544-4a0e-8f70-db44d85cb907,2020-11-22,1,-0,119.772,119.773,9.813,689.9,144.3,25.42,6,15
TeamB-ab691983-3544-4a0e-8f70-db44d85cb907,2020-12-04,1,-0,83.28,83.282,5.362,330.3,110,24.44,2,4
TeamB-ab691983-3544-4a0e-8f70-db44d85cb907,2020-12-05,1,-0,77.738,77.74,2.662,110,22.4,22.03,2,3
TeamB-ab691983-3544-4a0e-8f70-db44d85cb907,2020-12-06,1,-0,145.438,145.44,10.681,1045.5,309.6,26.61,6,16
TeamB-ab691983-3544-4a0e-8f70-db44d85cb907,2020-12-09,1,-0,59.14,59.142,2.711,49.4,3.4,20.12,4,4
TeamB-ab691983-3544-4a0e-8f70-db44d85cb907,2020-12-10,1,-0,78.14,78.142,4.847,494.4,167.1,25.06,2,7
TeamB-ab691983-3544-4a0e-8f70-db44d85cb907,2020-12-12,1,-0,74.822,74.823,3.221,77.5,8.6,23.2,4,4
TeamB-ab691983-3544-4a0e-8f70-db44d85cb907,2020-12-13,1,-0,176.38,176.382,13.66,1117.9,249.8,25.84,5,13
TeamB-ab691983-3544-4a0e-8f70-db44d85cb907,2021-02-01,1,-0,122.033,122.035,6.328,333.9,86.8,24.3,13,15
TeamB-ab691983-3544-4a0e-8f70-db44d85cb907,2021-02-03,1,-0,60.655,60.657,2.135,18.7,0,18.51,1,3
TeamB-ab691983-3544-4a0e-8f70-db44d85cb907,2021-02-04,1,-0,124.007,124.008,11.3,888.3,228.8,25.62,5,12
TeamB-ab691983-3544-4a0e-8f70-db44d85cb907,2021-02-05,1,-1e-4,30.488,30.49,1.596,113.2,23.8,22.69,2,2
TeamB-ab691983-3544-4a0e-8f70-db44d85cb907,2021-02-07,1,-0,107.72,107.722,7.577,624.9,190.1,27.08,7,6
TeamB-ab691983-3544-4a0e-8f70-db44d85cb907,2021-02-08,1,-0,96.422,96.423,5.375,196.2,24,23.83,8,9
TeamB-ab691983-3544-4a0e-8f70-db44d85cb907,2021-02-10,1,-0,65.838,65.84,3.555,137.5,30.6,23.11,1,3
TeamB-ab691983-3544-4a0e-8f70-db44d85cb907,2021-02-11,1,-0,106.172,106.173,8.574,614.7,122.3,24.82,2,7
TeamB-ab691983-3544-4a0e-8f70-db44d85cb907,2021-02-20,1,-0,76.44,76.442,4.687,193.7,24.5,23.11,6,4
TeamB-ab691983-3544-4a0e-8f70-db44d85cb907,2021-02-21,1,-0,101.905,101.907,6.323,201.8,56.9,26.23,11,4
TeamB-ab691983-3544-4a0e-8f70-db44d85cb907,2021-02-24,1,2e-4,91.957,91.94,5.489,995.9,449,26.63,12,11
TeamB-ab691983-3544-4a0e-8f70-db44d85cb907,2021-02-25,1,-0,95.653,95.655,5.029,220.8,63.3,23.91,10,4
TeamB-ab691983-3544-4a0e-8f70-db44d85cb907,2021-02-26,1,-0,105.178,105.18,5.122,387.3,197.3,26.85,3,8
TeamB-ab691983-3544-4a0e-8f70-db44d85cb907,2021-03-01,1,-0,102.357,102.358,5.091,339.1,149.8,27.3,5,6
TeamB-ab691983-3544-4a0e-8f70-db44d85cb907,2021-03-02,1,-0,106.19,106.192,5.781,362.9,84,24.56,5,2
TeamB-ab691983-3544-4a0e-8f70-db44d85cb907,2021-03-04,1,-0,98.72,98.722,5.947,350.5,82.2,24.93,9,5
TeamB-ab691983-3544-4a0e-8f70-db44d85cb907,2021-03-05,1,-0,110.57,110.572,5.795,291.2,46.6,23.34,3,9
TeamB-ab691983-3544-4a0e-8f70-db44d85cb907,2021-03-06,1,-0,87.89,87.892,5.449,408.6,78.4,24.45,4,11
TeamB-ab691983-3544-4a0e-8f70-db44d85cb907,2021-03-08,1,-0,99.145,99.147,4.718,101.9,3.4,20.49,2,7
TeamB-ab691983-3544-4a0e-8f70-db44d85cb907,2021-03-09,1,-0,105.722,105.723,6.144,1010.6,463.4,26.55,4,11
TeamB-ab691983-3544-4a0e-8f70-db44d85cb907,2021-03-12,1,-0,97.948,97.95,6.682,385.1,107,24.11,6,10
TeamB-ab691983-3544-4a0e-8f70-db44d85cb907,2021-03-15,1,2e-4,99.022,99.002,5.678,760.2,272,25.02,5,14
TeamB-ab691983-3544-4a0e-8f70-db44d85cb907,2021-03-16,1,-0,88.757,88.758,4.953,190.6,33.6,24.3,2,4
TeamB-ab691983-3544-4a0e-8f70-db44d85cb907,2021-03-18,1,0.0027,107.005,106.717,6.224,463,131,23.35,12,10
TeamB-ab691983-3544-4a0e-8f70-db44d85cb907,2021-03-19,1,-0,96.547,96.548,5.687,234.6,52.5,23.84,19,8
TeamB-ab691983-3544-4a0e-8f70-db44d85cb907,2021-03-22,1,-0,120.623,120.625,6.032,437.5,120.1,24.64,8,24
TeamB-ab691983-3544-4a0e-8f70-db44d85cb907,2021-03-23,1,-0,99.657,99.658,6.24,296.1,40.1,21.52,6,7
TeamB-ab691983-3544-4a0e-8f70-db44d85cb907,2021-03-25,1,-0,138.855,138.857,7.086,916.8,354.7,26.35,7,13
TeamB-ab691983-3544-4a0e-8f70-db44d85cb907,2021-03-26,1,-0,101.972,101.973,3.818,121.2,10.3,20.59,5,4
TeamB-ab691983-3544-4a0e-8f70-db44d85cb907,2021-03-29,1,-0,127.063,127.065,7.085,423.8,92.2,25.26,7,8
TeamB-ab691983-3544-4a0e-8f70-db44d85cb907,2021-03-30,1,-0,105.737,105.738,6.291,454,141.6,23.32,9,17
TeamB-ab691983-3544-4a0e-8f70-db44d85cb907,2021-04-06,1,2e-4,114.507,114.488,5.917,752.7,31,21.37,12,17
TeamB-ab691983-3544-4a0e-8f70-db44d85cb907,2021-04-08,1,-0,121.397,121.398,5.969,822.6,409.4,27.32,7,4
TeamB-ab691983-3544-4a0e-8f70-db44d85cb907,2021-04-09,1,-0,77.923,77.925,3.339,170.9,65.9,27.08,8,1
TeamB-ab691983-3544-4a0e-8f70-db44d85cb907,2021-04-12,1,-0,139.837,139.838,7.762,694,147.5,26.82,5,8
TeamB-ab691983-3544-4a0e-8f70-db44d85cb907,2021-04-13,1,1e-4,128.067,128.048,6.531,381.5,91.4,24.65,10,8
TeamB-ab691983-3544-4a0e-8f70-db44d85cb907,2021-04-15,1,-0,129.507,129.508,6.011,523.1,169.5,27.59,9,6
TeamB-ab691983-3544-4a0e-8f70-db44d85cb907,2021-04-16,1,-0,101.628,101.63,4.412,76,12.4,22.49,1,4
TeamB-ab691983-3544-4a0e-8f70-db44d85cb907,2021-04-19,1,-0,119.007,119.008,4.121,333.4,79.7,23.32,2,2
TeamB-ab691983-3544-4a0e-8f70-db44d85cb907,2021-04-20,1,-0,159.023,159.025,11.615,1013.1,192.3,24.65,7,15
TeamB-ab691983-3544-4a0e-8f70-db44d85cb907,2021-04-26,1,-0,97.057,97.058,3.573,52.9,4.6,20.22,2,5
TeamB-ab691983-3544-4a0e-8f70-db44d85cb907,2021-04-27,1,1e-4,134.37,134.35,8.039,689,235.8,26.4,11,40
TeamB-ab691983-3544-4a0e-8f70-db44d85cb907,2021-05-05,1,-0,133.8,133.802,7.966,620.4,151.4,26.59,16,25
TeamB-ab691983-3544-4a0e-8f70-db44d85cb907,2021-05-07,1,-0,73.213,73.215,2.57,23.7,10.2,22.44,4,4
TeamB-ab691983-3544-4a0e-8f70-db44d85cb907,2021-05-08,1,-0,153.223,153.225,10.566,917.5,237.5,27.07,3,15
TeamB-ab691983-3544-4a0e-8f70-db44d85cb907,2021-05-10,1,-0,75.99,75.992,2.9,47.5,9.4,21.66,0,3
TeamB-ab691983-3544-4a0e-8f70-db44d85cb907,2021-05-11,1,-0,150.462,150.463,11.525,848.5,194.1,24.34,7,21
TeamB-ab691983-3544-4a0e-8f70-db44d85cb907,2021-05-12,1,-0,102.463,102.465,3.731,17.2,0,17.32,2,2
TeamB-ab691983-3544-4a0e-8f70-db44d85cb907,2021-05-14,1,2e-4,107.39,107.373,3.424,76.6,6.3,21.13,11,8
TeamB-ab691983-3544-4a0e-8f70-db44d85cb907,2021-05-15,1,-0,199.555,199.557,11.966,876.2,234.1,24.87,6,13
TeamB-ab691983-3544-4a0e-8f70-db44d85cb907,2021-05-25,1,-0,110.057,110.058,6.279,730,274.6,27.16,7,6
TeamB-ab691983-3544-4a0e-8f70-db44d85cb907,2021-05-26,1,-0,107.017,107.018,5.945,342,128.7,25.09,9,8
TeamB-ab691983-3544-4a0e-8f70-db44d85cb907,2021-05-28,1,-0,106.357,106.358,3.265,60.9,14.2,22.15,4,5
TeamB-ab691983-3544-4a0e-8f70-db44d85cb907,2021-05-29,1,-0,144.872,144.873,10.506,787.6,340.3,25.8,9,10
TeamB-ab691983-3544-4a0e-8f70-db44d85cb907,2021-05-31,1,-0,68.238,68.24,2.776,31.8,0,17.69,3,1
TeamB-ab691983-3544-4a0e-8f70-db44d85cb907,2021-06-01,1,-0,118.523,118.525,6.095,700.6,402.7,26.46,14,8
TeamB-ab691983-3544-4a0e-8f70-db44d85cb907,2021-06-14,1,-0,47.857,47.858,1.645,35.7,3.5,21.13,8,10
TeamB-ab691983-3544-4a0e-8f70-db44d85cb907,2021-06-15,1,-0,118.49,118.492,5.294,972.7,138.4,26.66,9,8
TeamB-ab691983-3544-4a0e-8f70-db44d85cb907,2021-06-18,1,0.7087,110.517,32.192,1.533,29,0,17.59,2,2
TeamB-ab691983-3544-4a0e-8f70-db44d85cb907,2021-06-20,1,0.1514,91.927,78.005,4.212,124.2,1.1,19.67,3,10
TeamB-ab691983-3544-4a0e-8f70-db44d85cb907,2021-06-21,1,-1e-4,18.892,18.893,0.919,22.9,9.1,23.5,2,0
TeamB-ab691983-3544-4a0e-8f70-db44d85cb907,2021-06-22,1,-0,161.317,161.318,11.556,883.7,308.9,27.48,8,7
TeamB-ab691983-3544-4a0e-8f70-db44d85cb907,2021-06-25,1,-0,92.675,92.677,2.914,45.9,8.8,21.7,4,0
TeamB-ab691983-3544-4a0e-8f70-db44d85cb907,2021-06-26,1,-0,53.188,53.19,4.836,255.1,65.2,24.09,4,2
TeamB-ab691983-3544-4a0e-8f70-db44d85cb907,2021-06-27,1,-0,98.973,98.975,3.442,198.7,44,23.23,3,4
TeamB-ab691983-3544-4a0e-8f70-db44d85cb907,2021-06-29,1,-0,103.14,103.142,3.322,123.2,32.6,22.21,6,8
TeamB-ab691983-3544-4a0e-8f70-db44d85cb907,2021-06-30,1,-0,141.488,141.49,10.984,794,253.5,27.07,5,7
TeamB-ab691983-3544-4a0e-8f70-db44d85cb907,2021-07-01,1,-0,64.353,64.355,2.698,0,0,11.89,2,0
TeamB-ab691983-3544-4a0e-8f70-db44d85cb907,2021-07-03,1,-0,100.538,100.54,3.659,77.5,19.7,23.93,4,5
TeamB-ab691983-3544-4a0e-8f70-db44d85cb907,2021-07-04,1,-0,126.805,126.807,9.731,761.3,168.6,26.65,8,7
TeamB-ab691983-3544-4a0e-8f70-db44d85cb907,2021-07-07,1,-0,118.71,118.712,6.389,711.5,354.6,27.08,10,11
TeamB-ab691983-3544-4a0e-8f70-db44d85cb907,2021-07-09,1,-0,88.838,88.84,3.475,132,14.2,23.91,2,5
TeamB-ab691983-3544-4a0e-8f70-db44d85cb907,2021-07-10,1,0.109,119.06,106.08,9.071,701.2,170.5,25.81,4,7
TeamB-ab691983-3544-4a0e-8f70-db44d85cb907,2021-07-13,1,-0,86.737,86.738,3.432,45.7,5.2,21.27,5,6
TeamB-ab691983-3544-4a0e-8f70-db44d85cb907,2021-07-14,1,-0,135.922,135.923,0.319,0,0,5.67,0,0
TeamB-ab691983-3544-4a0e-8f70-db44d85cb907,2021-07-31,1,-0,122.623,122.625,5.919,330.6,37.3,22.22,5,11
TeamB-ab691983-3544-4a0e-8f70-db44d85cb907,2021-08-01,1,-0,107.855,107.857,4.294,114.9,15.5,22.48,4,5
TeamB-ab691983-3544-4a0e-8f70-db44d85cb907,2021-08-02,1,-0,50.9,50.902,3.838,189.1,35.2,24.09,1,7
TeamB-ab691983-3544-4a0e-8f70-db44d85cb907,2021-08-05,1,-0,124.885,124.887,6.489,205.9,34.3,23.01,4,8
TeamB-ab691983-3544-4a0e-8f70-db44d85cb907,2021-08-06,1,-0,100.85,100.852,3.705,87.4,13.3,21.57,6,5
TeamB-ab691983-3544-4a0e-8f70-db44d85cb907,2021-08-07,1,-0,121.838,121.84,10.149,803.6,193.4,27.11,10,12
TeamB-ab691983-3544-4a0e-8f70-db44d85cb907,2021-08-10,1,-0,117.262,117.263,4.272,157.8,66.9,22.83,1,5
TeamB-ab691983-3544-4a0e-8f70-db44d85cb907,2021-08-11,1,-0,71.623,71.625,5.528,281.9,74.2,24.86,2,3
TeamB-ab691983-3544-4a0e-8f70-db44d85cb907,2021-08-13,1,-0,88.905,88.907,3.636,99.8,1.7,19.74,4,6
TeamB-ab691983-3544-4a0e-8f70-db44d85cb907,2021-08-14,1,-0,140.072,140.073,9.782,875.9,250.1,25.13,4,9
TeamB-ab691983-3544-4a0e-8f70-db44d85cb907,2021-08-17,1,-0,74.387,74.388,3.873,298.8,49.1,22.85,7,10
TeamB-ab691983-3544-4a0e-8f70-db44d85cb907,2021-08-18,1,-0,137.87,137.872,9.192,384.6,80.8,22.72,1,2
TeamB-ab691983-3544-4a0e-8f70-db44d85cb907,2021-08-20,1,-0,74.053,74.055,3.249,86.8,21.6,22.1,3,4
TeamB-ab691983-3544-4a0e-8f70-db44d85cb907,2021-08-21,1,-0,176.538,176.54,9.678,622,245.4,25.04,8,2
TeamB-ab691983-3544-4a0e-8f70-db44d85cb907,2021-08-23,1,-0,89.887,89.888,3.403,118.5,5.2,20.77,5,7
TeamB-ab691983-3544-4a0e-8f70-db44d85cb907,2021-08-24,1,-0,64.45,64.452,5.512,301.7,34.9,21.3,5,0
TeamB-ab691983-3544-4a0e-8f70-db44d85cb907,2021-08-26,1,-0,58.337,58.338,2.841,218.9,98.1,24.65,1,3
TeamB-ab691983-3544-4a0e-8f70-db44d85cb907,2021-08-27,1,-0,92.615,92.617,3.44,51,2.3,19.51,5,2
TeamB-ab691983-3544-4a0e-8f70-db44d85cb907,2021-08-28,1,-0,132.157,132.158,9.717,506.8,67.4,24.62,8,11
TeamB-ab691983-3544-4a0e-8f70-db44d85cb907,2021-08-30,1,-0,78.373,78.375,3.573,101.3,18,21.67,0,2
TeamB-ab691983-3544-4a0e-8f70-db44d85cb907,2021-08-31,1,-0,72.618,72.62,2.679,51.8,18.3,23.28,5,2
TeamB-ab691983-3544-4a0e-8f70-db44d85cb907,2021-09-01,1,-0,123.92,123.922,10.021,927.3,378.1,29.05,7,8
TeamB-ab691983-3544-4a0e-8f70-db44d85cb907,2021-09-03,1,-0,88.922,88.923,3.835,162.6,18.4,21.62,3,6
TeamB-ab691983-3544-4a0e-8f70-db44d85cb907,2021-09-04,1,-0,128.667,128.668,10.015,717.2,121.7,25.74,3,10
TeamB-ab691983-3544-4a0e-8f70-db44d85cb907,2021-09-07,1,-0,64.487,64.488,2.543,35.7,0.6,18.61,4,2
TeamB-ab691983-3544-4a0e-8f70-db44d85cb907,2021-09-08,1,-0,138.488,138.49,10.278,967.1,301.1,24.59,2,9
TeamB-ab691983-3544-4a0e-8f70-db44d85cb907,2021-09-10,1,-0,73.443,73.445,3.468,63.1,4,20.43,3,6
TeamB-ab691983-3544-4a0e-8f70-db44d85cb907,2021-09-11,1,-0,152.47,152.472,9.391,441.3,70.2,24.02,4,4
TeamB-ab691983-3544-4a0e-8f70-db44d85cb907,2021-09-24,1,-0,103.54,103.542,5.99,304.1,103.2,26.04,2,5
TeamB-ab691983-3544-4a0e-8f70-db44d85cb907,2021-09-25,1,-0,97.405,97.407,3.099,73.9,4,20.4,3,5
TeamB-ab691983-3544-4a0e-8f70-db44d85cb907,2021-09-26,1,-0,124.118,124.12,9.868,685.5,132.9,24.13,3,6
TeamB-ab691983-3544-4a0e-8f70-db44d85cb907,2021-09-28,1,-0,80.723,80.725,3.478,125.6,5.2,20.98,0,5
TeamB-ab691983-3544-4a0e-8f70-db44d85cb907,2021-09-29,1,-0,125.37,125.372,7.064,354.1,43.9,21.69,6,18
TeamB-ab691983-3544-4a0e-8f70-db44d85cb907,2021-10-01,1,-0,91.943,91.945,3.7,60.1,4,20.24,3,6
TeamB-ab691983-3544-4a0e-8f70-db44d85cb907,2021-10-02,1,-0,89.972,89.973,7.4,528.1,107.8,25.24,3,7
TeamB-ab691983-3544-4a0e-8f70-db44d85cb907,2021-10-05,1,-0,113.855,113.857,6.587,523.6,165.5,26.71,10,10
TeamB-ab691983-3544-4a0e-8f70-db44d85cb907,2021-10-06,1,-0,108.687,108.688,6.137,189.5,16,21.29,8,7
TeamB-ab691983-3544-4a0e-8f70-db44d85cb907,2021-10-08,1,-0,88.9,88.902,2.505,61.2,10.4,24.01,5,2
TeamB-ab691983-3544-4a0e-8f70-db44d85cb907,2021-10-09,1,-0,130.332,130.333,10.508,905.7,231.6,27.67,8,9
TeamB-ab691983-3544-4a0e-8f70-db44d85cb907,2021-10-12,1,-0,113.372,113.373,6.423,404.5,189.7,25.65,4,4
TeamB-ab691983-3544-4a0e-8f70-db44d85cb907,2021-10-13,1,-0,102.743,102.745,5.596,195,22,23.24,3,15
TeamB-ab691983-3544-4a0e-8f70-db44d85cb907,2021-10-15,1,-0,104.64,104.642,5.57,237.4,61.4,24.01,9,14
TeamB-ab691983-3544-4a0e-8f70-db44d85cb907,2021-10-16,1,-0,67.255,67.257,3.043,111.2,6.8,20.81,5,6
TeamB-ab691983-3544-4a0e-8f70-db44d85cb907,2021-10-17,1,-0,137.555,137.557,8.784,608.8,112.4,24.45,5,7
TeamB-ab691983-3544-4a0e-8f70-db44d85cb907,2021-10-29,1,-0,65.01,65.012,3.432,78.5,4.5,20.49,6,5
TeamB-ab691983-3544-4a0e-8f70-db44d85cb907,2021-10-30,1,-0,97.473,97.475,4.031,130.9,29.7,26.38,11,4
TeamB-ab691983-3544-4a0e-8f70-db44d85cb907,2021-10-31,1,-0,104.558,104.56,8.715,711.4,279.5,25.05,6,9
TeamB-ab691983-3544-4a0e-8f70-db44d85cb907,2021-11-04,1,-0,97.418,97.42,5.91,531.7,190.5,26.38,6,8
TeamB-ab691983-3544-4a0e-8f70-db44d85cb907,2021-11-06,1,-0,74.723,74.725,2.313,16.1,1.7,19.55,3,4
TeamB-ab691983-3544-4a0e-8f70-db44d85cb907,2021-11-10,1,-1e-4,26.087,26.088,1.134,30.5,0,18.63,1,0
TeamB-ab691983-3544-4a0e-8f70-db44d85cb907,2021-11-12,1,-0,75.203,75.205,4.492,171.7,23.6,22.04,2,5
TeamB-ab691983-3544-4a0e-8f70-db44d85cb907,2021-11-13,1,-1e-4,21.978,21.98,2.089,118.3,15.9,21.56,5,4
TeamB-afc13e53-2c77-48cb-8a78-743663bbb84f,2020-06-01,1,-0,119.903,119.905,5.905,301.2,70.4,25.02,7,9
TeamB-afc13e53-2c77-48cb-8a78-743663bbb84f,2020-06-02,1,-0,93.44,93.442,4.723,268.4,91.4,24.85,8,7
TeamB-afc13e53-2c77-48cb-8a78-743663bbb84f,2020-06-03,1,-0,75.157,75.158,3.569,112.8,7,21.04,8,1
TeamB-afc13e53-2c77-48cb-8a78-743663bbb84f,2020-06-04,1,-0,101.853,101.855,6.462,525,158.6,26.15,8,8
TeamB-afc13e53-2c77-48cb-8a78-743663bbb84f,2020-06-05,1,-0,100.138,100.14,5.769,369.2,142.8,26.63,7,11
TeamB-afc13e53-2c77-48cb-8a78-743663bbb84f,2020-06-09,1,-0,113.417,113.418,5.023,281.3,99.6,25.81,5,8
TeamB-afc13e53-2c77-48cb-8a78-743663bbb84f,2020-06-10,1,-0,78.987,78.988,3.889,395.6,190.4,28.77,11,8
TeamB-afc13e53-2c77-48cb-8a78-743663bbb84f,2020-06-11,1,-0,72.437,72.438,2.423,28.4,2.3,20.22,7,1
TeamB-afc13e53-2c77-48cb-8a78-743663bbb84f,2020-06-12,1,-0,98.182,98.183,4.285,98.8,28.6,23.56,6,5
TeamB-afc13e53-2c77-48cb-8a78-743663bbb84f,2020-06-13,1,-0,132.407,132.408,10.651,916.3,279.4,27.82,8,16
TeamB-afc13e53-2c77-48cb-8a78-743663bbb84f,2020-06-16,1,-0,119.422,119.423,5.553,283.1,80.4,25.47,6,9
TeamB-afc13e53-2c77-48cb-8a78-743663bbb84f,2020-06-17,1,-0,107.422,107.423,4.994,288.8,73.6,23.26,5,14
TeamB-afc13e53-2c77-48cb-8a78-743663bbb84f,2020-06-18,1,-0,103.828,103.83,5.745,712.6,118.4,26.56,9,8
TeamB-afc13e53-2c77-48cb-8a78-743663bbb84f,2020-06-22,1,-0,90.405,90.407,4.398,207.1,31.4,25.87,8,8
TeamB-afc13e53-2c77-48cb-8a78-743663bbb84f,2020-06-23,1,-0,119.99,119.992,8.962,910.4,377.8,28.28,5,5
TeamB-afc13e53-2c77-48cb-8a78-743663bbb84f,2020-06-25,1,-0,97.708,97.71,4.297,134.8,30.1,25.07,6,6
TeamB-afc13e53-2c77-48cb-8a78-743663bbb84f,2020-06-26,1,-0,76.343,76.345,3.526,193.7,64.1,27.06,5,4
TeamB-afc13e53-2c77-48cb-8a78-743663bbb84f,2020-06-27,1,-0,131.408,131.41,9.656,1154.7,569.7,27.84,12,8
TeamB-afc13e53-2c77-48cb-8a78-743663bbb84f,2020-06-30,1,-0,115.988,115.99,7.311,962.4,219.2,27.34,12,9
TeamB-afc13e53-2c77-48cb-8a78-743663bbb84f,2020-07-02,1,-0,81.972,81.973,3.167,169.4,35.5,25.33,6,5
TeamB-afc13e53-2c77-48cb-8a78-743663bbb84f,2020-07-03,1,-0,94.872,94.873,3.848,119.6,22.1,26.1,9,4
TeamB-afc13e53-2c77-48cb-8a78-743663bbb84f,2020-07-04,1,-0,93.905,93.907,6.947,901.1,306.1,25.53,4,8
TeamB-afc13e53-2c77-48cb-8a78-743663bbb84f,2020-07-07,1,-0,107.522,107.523,6.989,976.8,282.6,30.4,9,5
TeamB-afc13e53-2c77-48cb-8a78-743663bbb84f,2020-07-08,1,-0,94.403,94.405,3.737,102.6,20.7,23.59,8,3
TeamB-afc13e53-2c77-48cb-8a78-743663bbb84f,2020-07-09,1,-0,103.505,103.507,4.261,132.7,23.1,24.74,9,4
TeamB-afc13e53-2c77-48cb-8a78-743663bbb84f,2020-07-10,1,-0,122.73,122.732,9.647,1062.8,410.8,27.64,12,16
TeamB-afc13e53-2c77-48cb-8a78-743663bbb84f,2020-07-14,1,-0,83.005,83.007,5.812,738.4,80.5,24.57,8,11
TeamB-afc13e53-2c77-48cb-8a78-743663bbb84f,2020-07-15,1,-0,110.988,110.99,4.992,132.4,27,22.88,6,3
TeamB-afc13e53-2c77-48cb-8a78-743663bbb84f,2020-07-16,1,-0,95.467,95.468,4.538,241.5,87,26.52,8,6
TeamB-afc13e53-2c77-48cb-8a78-743663bbb84f,2020-07-17,1,-0,91.438,91.44,4.214,264.7,68.7,24.58,7,6
TeamB-afc13e53-2c77-48cb-8a78-743663bbb84f,2020-07-18,1,-0,115.905,115.907,10.18,1286.6,532.9,28.03,11,8
TeamB-afc13e53-2c77-48cb-8a78-743663bbb84f,2020-07-21,1,-0,104.627,104.628,5.307,558.5,234.2,28.11,6,9
TeamB-afc13e53-2c77-48cb-8a78-743663bbb84f,2020-07-22,1,-0,84.972,84.973,4.092,189.3,41.8,22.03,6,3
TeamB-afc13e53-2c77-48cb-8a78-743663bbb84f,2020-07-23,1,-0,76.222,76.223,3.824,246.1,90.7,27.5,9,5
TeamB-afc13e53-2c77-48cb-8a78-743663bbb84f,2020-07-24,1,-0,62.457,62.458,5.472,698.8,263.1,27.67,7,5
TeamB-afc13e53-2c77-48cb-8a78-743663bbb84f,2020-07-27,1,-0,85.59,85.592,2.579,106.1,30.8,22.79,9,3
TeamB-afc13e53-2c77-48cb-8a78-743663bbb84f,2020-07-28,1,-0,117.752,117.753,7.627,661.1,182,26.82,17,13
TeamB-afc13e53-2c77-48cb-8a78-743663bbb84f,2020-07-29,1,-0,91.257,91.258,4.577,296.8,81.9,25.28,6,7
TeamB-afc13e53-2c77-48cb-8a78-743663bbb84f,2020-07-31,1,-0,129.493,129.495,4.605,265.8,45,25.63,10,6
TeamB-afc13e53-2c77-48cb-8a78-743663bbb84f,2020-08-01,1,-0,107.19,107.192,8.614,653,168.6,26.22,3,7
TeamB-afc13e53-2c77-48cb-8a78-743663bbb84f,2020-08-04,1,-0,97.555,97.557,6.336,623.5,195,27.61,9,5
TeamB-afc13e53-2c77-48cb-8a78-743663bbb84f,2020-08-05,1,-0,69.753,69.755,3.882,252.2,17.2,20.92,8,5
TeamB-afc13e53-2c77-48cb-8a78-743663bbb84f,2020-08-06,1,-0,56.988,56.99,3.185,176.3,58.1,24.04,7,4
TeamB-afc13e53-2c77-48cb-8a78-743663bbb84f,2020-08-07,1,-0,114.517,114.518,9.761,995.6,362.4,26.8,4,7
TeamB-afc13e53-2c77-48cb-8a78-743663bbb84f,2020-08-10,1,-0,103.98,103.982,5.768,248.1,62.4,24.45,12,4
TeamB-afc13e53-2c77-48cb-8a78-743663bbb84f,2020-08-11,1,-0,83.337,83.338,3.692,222.1,55.7,25.3,6,3
TeamB-afc13e53-2c77-48cb-8a78-743663bbb84f,2020-08-12,1,-0,55.913,55.915,5.51,616.8,250.7,26.13,5,4
TeamB-afc13e53-2c77-48cb-8a78-743663bbb84f,2020-08-14,1,-0,83.743,83.745,2.713,151.9,46.3,24.83,4,3
TeamB-afc13e53-2c77-48cb-8a78-743663bbb84f,2020-08-15,1,-0,78.572,78.573,3.757,349.1,203.7,26.77,7,2
TeamB-afc13e53-2c77-48cb-8a78-743663bbb84f,2020-08-16,1,-0,80.022,80.023,7.086,974.2,315.9,26.89,4,5
TeamB-afc13e53-2c77-48cb-8a78-743663bbb84f,2020-08-19,1,-0,101.632,101.633,6.459,712.1,242.7,26.84,8,8
TeamB-afc13e53-2c77-48cb-8a78-743663bbb84f,2020-08-20,1,-0,91.972,91.973,4.028,338,101.5,25.26,2,4
TeamB-afc13e53-2c77-48cb-8a78-743663bbb84f,2020-08-21,1,-0,64.092,64.093,3.456,266,86.4,24.9,7,7
TeamB-afc13e53-2c77-48cb-8a78-743663bbb84f,2020-08-25,1,-0,75.538,75.54,3.59,196.9,37.5,26.09,12,8
TeamB-afc13e53-2c77-48cb-8a78-743663bbb84f,2020-08-29,1,-0,74.888,74.89,3.57,259.1,93.6,26.21,7,4
TeamB-afc13e53-2c77-48cb-8a78-743663bbb84f,2020-08-30,1,-0,125.833,125.835,10.631,1092.5,396.1,27.2,6,2
TeamB-afc13e53-2c77-48cb-8a78-743663bbb84f,2020-09-02,1,-0,92.888,92.89,5.408,433.3,62.8,23.77,7,8
TeamB-afc13e53-2c77-48cb-8a78-743663bbb84f,2020-09-04,1,-0,76.155,76.157,3.389,239.6,54.6,24.42,11,5
TeamB-afc13e53-2c77-48cb-8a78-743663bbb84f,2020-09-05,1,-0,119.105,119.107,10.671,1497.8,591,26.39,9,16
TeamB-afc13e53-2c77-48cb-8a78-743663bbb84f,2020-09-08,1,-0,83.723,83.725,5.287,574.9,260.9,29.35,4,4
TeamB-afc13e53-2c77-48cb-8a78-743663bbb84f,2020-09-09,1,-0,99.633,99.635,6.751,1041.6,212.3,26.08,4,7
TeamB-afc13e53-2c77-48cb-8a78-743663bbb84f,2020-09-11,1,-0,69.808,69.81,3.653,248.5,121.4,26.62,8,4
TeamB-afc13e53-2c77-48cb-8a78-743663bbb84f,2020-09-12,1,-0,109.238,109.24,8.718,1085.9,318.7,28.22,8,8
TeamB-afc13e53-2c77-48cb-8a78-743663bbb84f,2020-09-24,1,-0,109.255,109.257,6.428,627.3,274.7,27.48,8,9
TeamB-afc13e53-2c77-48cb-8a78-743663bbb84f,2020-09-25,1,-0,88.155,88.157,5.128,537.4,189.8,23.58,10,10
TeamB-afc13e53-2c77-48cb-8a78-743663bbb84f,2020-09-26,1,-0,80.207,80.208,3.044,199.5,36.7,22.29,10,3
TeamB-afc13e53-2c77-48cb-8a78-743663bbb84f,2020-09-27,1,-0,110.968,110.97,8.726,1145.6,507.5,28.29,6,14
TeamB-afc13e53-2c77-48cb-8a78-743663bbb84f,2020-10-01,1,-0,91.223,91.225,5.557,654.2,239.5,27,9,9
TeamB-afc13e53-2c77-48cb-8a78-743663bbb84f,2020-10-02,1,-0,110.905,110.907,6.252,729.6,314.1,28.41,11,7
TeamB-afc13e53-2c77-48cb-8a78-743663bbb84f,2020-10-05,1,-0,117.503,117.505,6.015,376.3,91.2,24.13,3,8
TeamB-afc13e53-2c77-48cb-8a78-743663bbb84f,2020-10-06,1,-0,75.245,75.247,3.403,258.1,60.5,23.57,7,7
TeamB-afc13e53-2c77-48cb-8a78-743663bbb84f,2020-10-07,1,-0,163.398,163.4,14.458,2141.7,967.1,29.9,19,15
TeamB-afc13e53-2c77-48cb-8a78-743663bbb84f,2020-10-11,1,-0,101.472,101.473,4.782,191.6,51.4,26.87,8,5
TeamB-afc13e53-2c77-48cb-8a78-743663bbb84f,2020-10-13,1,-0,114.04,114.042,6.145,344.1,118.4,23.9,7,8
TeamB-afc13e53-2c77-48cb-8a78-743663bbb84f,2020-10-14,1,-0,98.023,98.025,5.547,758.3,280.5,26.75,6,7
TeamB-afc13e53-2c77-48cb-8a78-743663bbb84f,2020-10-16,1,-0,100.203,100.205,4.953,337.3,59.2,22.11,5,6
TeamB-afc13e53-2c77-48cb-8a78-743663bbb84f,2020-10-17,1,-0,65.08,65.082,2.63,111.7,21.3,22.27,4,2
TeamB-afc13e53-2c77-48cb-8a78-743663bbb84f,2020-10-18,1,-0,122.49,122.492,9.45,1101.8,338.9,26.81,11,8
TeamB-afc13e53-2c77-48cb-8a78-743663bbb84f,2020-10-29,1,-0,102.627,102.628,5.961,632.3,231,26.24,11,11
TeamB-afc13e53-2c77-48cb-8a78-743663bbb84f,2020-10-30,1,-0,93.435,93.437,5.428,519.8,195.1,26.09,10,11
TeamB-afc13e53-2c77-48cb-8a78-743663bbb84f,2020-10-31,1,-0,74.54,74.542,3.187,110.8,24.5,23.22,4,6
TeamB-afc13e53-2c77-48cb-8a78-743663bbb84f,2020-11-01,1,-0,90.217,90.218,7.868,1314.1,580.7,27.13,7,9
TeamB-afc13e53-2c77-48cb-8a78-743663bbb84f,2020-11-03,1,-0,92.38,92.382,3.737,136.2,46.6,22.53,9,3
TeamB-afc13e53-2c77-48cb-8a78-743663bbb84f,2020-11-04,1,-0,84.017,84.018,6.551,660.9,242,26.13,8,8
TeamB-afc13e53-2c77-48cb-8a78-743663bbb84f,2020-11-06,1,-0,53.975,53.977,1.602,44.8,1.1,19.91,2,4
TeamB-afc13e53-2c77-48cb-8a78-743663bbb84f,2020-11-07,1,-0,129.423,129.425,10.69,1240.2,463.2,28.24,8,12
TeamB-afc13e53-2c77-48cb-8a78-743663bbb84f,2020-11-10,1,-0,74.34,74.342,3.538,185.5,43.6,26.07,2,5
TeamB-afc13e53-2c77-48cb-8a78-743663bbb84f,2020-11-11,1,-0,118.263,118.265,6.928,921.7,382.3,27.1,6,8
TeamB-afc13e53-2c77-48cb-8a78-743663bbb84f,2020-11-12,1,-0,57.732,57.733,2.227,56.6,27.9,25.68,5,11
TeamB-afc13e53-2c77-48cb-8a78-743663bbb84f,2020-11-14,1,-0,115.303,115.305,6.018,450,168.1,25.46,7,7
TeamB-afc13e53-2c77-48cb-8a78-743663bbb84f,2020-11-15,1,-0,108.107,108.108,5.735,701.7,266.8,25.32,9,6
TeamB-afc13e53-2c77-48cb-8a78-743663bbb84f,2020-11-16,1,-0,62.243,62.245,2.917,209.6,100.6,25.02,1,0
TeamB-afc13e53-2c77-48cb-8a78-743663bbb84f,2020-11-19,1,-0,119.053,119.055,10.239,1284.4,468.8,27.57,10,14
TeamB-afc13e53-2c77-48cb-8a78-743663bbb84f,2020-11-21,1,-0,64.627,64.628,2.827,124.4,28.8,22.46,5,4
TeamB-afc13e53-2c77-48cb-8a78-743663bbb84f,2020-11-22,1,1e-4,129.603,129.587,9.619,1080,415,26.91,7,12
TeamB-afc13e53-2c77-48cb-8a78-743663bbb84f,2020-11-30,1,-0,99.838,99.84,4.987,166.6,22.6,21.68,6,7
TeamB-afc13e53-2c77-48cb-8a78-743663bbb84f,2020-12-01,1,-0,89.138,89.14,4.514,251.3,52.5,23.24,7,10
TeamB-afc13e53-2c77-48cb-8a78-743663bbb84f,2020-12-02,1,-0,71.583,71.585,3.061,83.1,3.4,20.35,3,6
TeamB-afc13e53-2c77-48cb-8a78-743663bbb84f,2020-12-04,1,-0,92.95,92.952,5.262,489,190,26.82,18,13
TeamB-afc13e53-2c77-48cb-8a78-743663bbb84f,2020-12-05,1,-0,83.748,83.75,3.945,160.3,34.9,24.66,6,6
TeamB-afc13e53-2c77-48cb-8a78-743663bbb84f,2020-12-06,1,1e-4,146.798,146.782,10.714,1086.1,431.3,27.67,11,7
TeamB-afc13e53-2c77-48cb-8a78-743663bbb84f,2020-12-08,1,-0,47.872,47.873,2.187,21.6,1.7,20.34,4,3
TeamB-afc13e53-2c77-48cb-8a78-743663bbb84f,2020-12-09,1,-0,58.96,58.962,2.254,63.1,10.9,21.17,4,3
TeamB-afc13e53-2c77-48cb-8a78-743663bbb84f,2020-12-10,1,2e-4,75.812,75.795,5.095,566.7,222.8,27.45,8,8
TeamB-afc13e53-2c77-48cb-8a78-743663bbb84f,2020-12-12,1,2e-4,77.523,77.505,3.501,158.7,22.6,21.91,4,7
TeamB-afc13e53-2c77-48cb-8a78-743663bbb84f,2020-12-13,1,-0,175.198,175.2,14.503,1830.7,699.1,27.52,10,19
TeamB-afc13e53-2c77-48cb-8a78-743663bbb84f,2021-02-01,1,-0,110.92,110.922,7.201,659.9,209.2,26.15,14,10
TeamB-afc13e53-2c77-48cb-8a78-743663bbb84f,2021-02-03,1,-0,59.627,59.628,2.331,148.5,15.7,21.52,4,2
TeamB-afc13e53-2c77-48cb-8a78-743663bbb84f,2021-02-04,1,-0,111.14,111.142,9.582,1181.1,372.2,26.68,12,13
TeamB-afc13e53-2c77-48cb-8a78-743663bbb84f,2021-02-05,1,-0,81.523,81.525,1.597,55.5,4,20.76,3,1
TeamB-afc13e53-2c77-48cb-8a78-743663bbb84f,2021-02-07,1,-0,106.838,106.84,7.185,1059.8,509.6,27.75,4,15
TeamB-afc13e53-2c77-48cb-8a78-743663bbb84f,2021-02-08,1,-0,98.708,98.71,4.801,356.7,99,24.82,6,5
TeamB-afc13e53-2c77-48cb-8a78-743663bbb84f,2021-02-10,1,-0,63.403,63.405,4.267,267.1,31.4,22.35,6,5
TeamB-afc13e53-2c77-48cb-8a78-743663bbb84f,2021-02-11,1,1e-4,170.63,170.613,13.571,1466.2,499.8,25.34,18,14
TeamB-afc13e53-2c77-48cb-8a78-743663bbb84f,2021-02-20,1,-0,83.053,83.055,5.347,391.7,133.3,23.92,10,6
TeamB-afc13e53-2c77-48cb-8a78-743663bbb84f,2021-02-21,1,-0,107.352,107.353,6.141,346,108.6,25.73,9,4
TeamB-afc13e53-2c77-48cb-8a78-743663bbb84f,2021-02-25,1,-0,99.04,99.042,5.108,342.1,91.8,26.16,10,5
TeamB-afc13e53-2c77-48cb-8a78-743663bbb84f,2021-02-26,1,-0,99.915,99.917,5.738,563.5,284.8,27.82,4,4
TeamB-afc13e53-2c77-48cb-8a78-743663bbb84f,2021-03-01,1,-0,123.957,123.958,7.382,536.8,195.8,25.87,10,6
TeamB-afc13e53-2c77-48cb-8a78-743663bbb84f,2021-03-02,1,-0,122.147,122.148,7.24,1030.9,401.8,27.04,11,15
TeamB-afc13e53-2c77-48cb-8a78-743663bbb84f,2021-03-04,1,-0,96.307,96.308,5.884,505.8,189.4,25.28,7,8
TeamB-afc13e53-2c77-48cb-8a78-743663bbb84f,2021-03-05,1,-0,111.457,111.458,6.547,388.3,115.3,25.43,11,8
TeamB-afc13e53-2c77-48cb-8a78-743663bbb84f,2021-03-06,1,-0,97.607,97.608,5.035,374.1,80.9,25.65,7,15
TeamB-afc13e53-2c77-48cb-8a78-743663bbb84f,2021-03-08,1,-0,120.32,120.322,6.211,455.7,122.6,24.64,2,7
TeamB-afc13e53-2c77-48cb-8a78-743663bbb84f,2021-03-09,1,-0,107.973,107.975,6.24,966,458.1,27.83,10,8
TeamB-afc13e53-2c77-48cb-8a78-743663bbb84f,2021-03-12,1,-0,93.24,93.242,6.551,531.1,124.7,24.33,12,8
TeamB-afc13e53-2c77-48cb-8a78-743663bbb84f,2021-03-15,1,-0,112.915,112.917,5.739,861.5,422,27.04,8,12
TeamB-afc13e53-2c77-48cb-8a78-743663bbb84f,2021-03-16,1,-0,92.812,92.813,4.769,114.1,6.8,20.61,7,12
TeamB-afc13e53-2c77-48cb-8a78-743663bbb84f,2021-03-18,1,-0,105.153,105.155,6.459,575.8,121.4,24.32,18,13
TeamB-afc13e53-2c77-48cb-8a78-743663bbb84f,2021-03-19,1,2e-4,78.438,78.422,4.932,379,107.2,24.44,11,10
TeamB-afc13e53-2c77-48cb-8a78-743663bbb84f,2021-03-22,1,1e-4,134.918,134.902,6.302,438.4,102.4,24.42,9,9
TeamB-afc13e53-2c77-48cb-8a78-743663bbb84f,2021-03-23,1,-0,101.692,101.693,6.611,386.7,80,23.52,5,9
TeamB-afc13e53-2c77-48cb-8a78-743663bbb84f,2021-03-25,1,-0,145.173,145.175,7.438,814.4,309.5,25.72,7,15
TeamB-afc13e53-2c77-48cb-8a78-743663bbb84f,2021-03-26,1,-0,85.723,85.725,3.533,105,2.9,20.85,3,8
TeamB-afc13e53-2c77-48cb-8a78-743663bbb84f,2021-03-29,1,-0,141.723,141.725,7.73,642.8,238,26.11,11,7
TeamB-afc13e53-2c77-48cb-8a78-743663bbb84f,2021-03-30,1,-0,115.612,115.613,5.928,507.4,198.2,25.13,10,4
TeamB-afc13e53-2c77-48cb-8a78-743663bbb84f,2021-03-31,1,-0,96.572,96.573,6.244,936.7,370.9,27.68,16,6
TeamB-afc13e53-2c77-48cb-8a78-743663bbb84f,2021-04-06,2,-0,225.422,225.425,11.515,900.5,95.4,23.57,18,21
TeamB-afc13e53-2c77-48cb-8a78-743663bbb84f,2021-04-07,1,-0,106.403,106.405,6.196,313.1,60.6,24.14,1,16
TeamB-afc13e53-2c77-48cb-8a78-743663bbb84f,2021-04-08,1,-0,98.243,98.245,4.67,318.7,71.6,22.8,5,9
TeamB-afc13e53-2c77-48cb-8a78-743663bbb84f,2021-04-09,1,-0,99.725,99.727,5.272,301.9,67,23.55,6,23
TeamB-afc13e53-2c77-48cb-8a78-743663bbb84f,2021-04-10,1,-0,381.737,381.738,3.841,839.9,595.6,25.96,13,16
TeamB-afc13e53-2c77-48cb-8a78-743663bbb84f,2021-04-12,2,1e-4,224.957,224.94,13.569,1279.6,350.4,26.48,20,24
TeamB-afc13e53-2c77-48cb-8a78-743663bbb84f,2021-04-13,2,-0,343.863,343.867,16.051,3528.5,2525.6,35.9,21,30
TeamB-afc13e53-2c77-48cb-8a78-743663bbb84f,2021-04-14,1,-0,113.338,113.34,7.243,605.9,223.9,27.55,6,19
TeamB-afc13e53-2c77-48cb-8a78-743663bbb84f,2021-04-15,1,1e-4,125.005,124.987,6.807,706.3,258.3,26.28,18,4
TeamB-afc13e53-2c77-48cb-8a78-743663bbb84f,2021-04-16,2,-0,169.278,169.282,8.116,723.8,326,26.38,12,14
TeamB-afc13e53-2c77-48cb-8a78-743663bbb84f,2021-04-17,1,-0,160.99,160.992,6.872,526.2,130,24.74,7,8
TeamB-afc13e53-2c77-48cb-8a78-743663bbb84f,2021-04-19,2,-0,225.113,225.117,8.176,443.8,133,23.98,5,14
TeamB-afc13e53-2c77-48cb-8a78-743663bbb84f,2021-04-20,2,-0,226.142,226.145,12.764,847.1,238.8,26.85,10,27
TeamB-afc13e53-2c77-48cb-8a78-743663bbb84f,2021-04-21,2,-0,164.362,164.365,9.34,620.6,158.9,24.43,20,24
TeamB-afc13e53-2c77-48cb-8a78-743663bbb84f,2021-04-22,1,-0,84.538,84.54,4.103,305.8,82.3,23.58,2,4
TeamB-afc13e53-2c77-48cb-8a78-743663bbb84f,2021-04-23,1,-0,190.053,190.055,8.412,386.8,119,26.97,4,15
TeamB-afc13e53-2c77-48cb-8a78-743663bbb84f,2021-04-26,1,-0,140.945,140.947,6.169,83.5,7.7,22.59,0,5
TeamB-afc13e53-2c77-48cb-8a78-743663bbb84f,2021-04-27,1,-0,134.952,134.953,9.127,1671.6,665.3,28.43,16,14
TeamB-afc13e53-2c77-48cb-8a78-743663bbb84f,2021-04-29,1,-0,119.207,119.208,5.744,278.8,72.8,25.76,9,8
TeamB-afc13e53-2c77-48cb-8a78-743663bbb84f,2021-04-30,1,-0,118.62,118.622,4.307,159.4,32.8,22.75,3,7
TeamB-afc13e53-2c77-48cb-8a78-743663bbb84f,2021-05-01,1,-0,158.37,158.372,12.451,1424,552.6,27.75,17,15
TeamB-afc13e53-2c77-48cb-8a78-743663bbb84f,2021-05-03,1,-0,131.165,131.167,3.777,119.8,18.7,21.73,7,4
TeamB-afc13e53-2c77-48cb-8a78-743663bbb84f,2021-05-04,1,-0,141.39,141.392,7.98,753.3,224.5,25.97,27,14
TeamB-afc13e53-2c77-48cb-8a78-743663bbb84f,2021-05-05,1,1e-4,127.308,127.292,8.205,1138.9,328.3,27.45,21,11
TeamB-afc13e53-2c77-48cb-8a78-743663bbb84f,2021-05-07,1,-0,98.64,98.642,3.589,114.2,27.4,22.06,5,2
TeamB-afc13e53-2c77-48cb-8a78-743663bbb84f,2021-05-08,1,-0,162.222,162.223,12.473,1278.1,457.9,27.52,10,14
TeamB-afc13e53-2c77-48cb-8a78-743663bbb84f,2021-05-10,1,-0,83.757,83.758,3.78,118.1,15.8,22.36,5,8
TeamB-afc13e53-2c77-48cb-8a78-743663bbb84f,2021-05-11,1,-0,143.44,143.442,11.419,1313.9,492.9,27.7,11,19
TeamB-afc13e53-2c77-48cb-8a78-743663bbb84f,2021-05-12,1,2e-4,86.74,86.723,3.771,6.9,0,16.99,1,0
TeamB-afc13e53-2c77-48cb-8a78-743663bbb84f,2021-05-14,1,-0,95.65,95.652,4.486,159.5,24.3,23.78,5,3
TeamB-afc13e53-2c77-48cb-8a78-743663bbb84f,2021-05-15,1,-0,124.22,124.222,10.224,1201.9,516.6,26.86,9,14
TeamB-afc13e53-2c77-48cb-8a78-743663bbb84f,2021-05-18,1,-0,144.802,144.803,7.137,1063.8,576.4,27.99,5,5
TeamB-afc13e53-2c77-48cb-8a78-743663bbb84f,2021-05-19,2,-0,244.41,244.413,14.065,1649.6,612.2,26.84,16,21
TeamB-afc13e53-2c77-48cb-8a78-743663bbb84f,2021-05-21,2,1e-4,205.127,205.11,7.389,515.3,121.9,24.66,16,21
TeamB-afc13e53-2c77-48cb-8a78-743663bbb84f,2021-05-22,2,0,330.087,330.072,16.415,1700,640.8,30.13,16,17
TeamB-afc13e53-2c77-48cb-8a78-743663bbb84f,2021-05-24,2,-0,182.755,182.758,7.232,176.5,15.6,21.02,9,18
TeamB-afc13e53-2c77-48cb-8a78-743663bbb84f,2021-05-25,2,1e-4,229.247,229.232,11.356,855.7,266.6,25.85,26,24
TeamB-afc13e53-2c77-48cb-8a78-743663bbb84f,2021-05-26,1,-0,97.507,97.508,5.341,788.7,321.1,25.58,6,14
TeamB-afc13e53-2c77-48cb-8a78-743663bbb84f,2021-05-28,2,-0,146.55,146.553,7.271,633.8,242.7,25.21,7,8
TeamB-afc13e53-2c77-48cb-8a78-743663bbb84f,2021-05-29,2,-0,315.927,315.93,16.254,1622.8,519.9,27.04,13,18
TeamB-afc13e53-2c77-48cb-8a78-743663bbb84f,2021-05-31,2,-0,172.077,172.08,5.937,132.3,25.7,21.61,7,17
TeamB-afc13e53-2c77-48cb-8a78-743663bbb84f,2021-06-01,1,1e-4,123.948,123.93,6.401,578.8,280.3,27.12,6,6
TeamB-afc13e53-2c77-48cb-8a78-743663bbb84f,2021-06-02,1,-0,76.523,76.525,3.203,217.1,34.2,20.97,5,3
TeamB-afc13e53-2c77-48cb-8a78-743663bbb84f,2021-06-04,1,-0,104.487,104.488,3.5,92.5,24.7,24.53,5,2
TeamB-afc13e53-2c77-48cb-8a78-743663bbb84f,2021-06-05,1,1e-4,136.142,136.123,10.367,924.1,329.5,27.65,12,11
TeamB-afc13e53-2c77-48cb-8a78-743663bbb84f,2021-06-07,1,-0,99.007,99.008,3.323,75.9,0.6,18.91,5,12
TeamB-afc13e53-2c77-48cb-8a78-743663bbb84f,2021-06-14,1,-0,100.473,100.475,4.852,161.3,14.8,23.08,5,12
TeamB-afc13e53-2c77-48cb-8a78-743663bbb84f,2021-06-15,1,-0,87.538,87.54,4.542,63.5,1.7,19.35,4,9
TeamB-afc13e53-2c77-48cb-8a78-743663bbb84f,2021-06-16,1,-0,114.822,114.823,6.315,554.1,217.7,24.87,3,6
TeamB-afc13e53-2c77-48cb-8a78-743663bbb84f,2021-06-18,1,-0,87.062,87.063,3.626,142.7,17.9,23.06,3,16
TeamB-afc13e53-2c77-48cb-8a78-743663bbb84f,2021-06-19,1,-0,103.105,103.107,6.707,464.2,127.9,24.75,3,16
TeamB-afc13e53-2c77-48cb-8a78-743663bbb84f,2021-06-20,1,-0,129.023,129.025,6.897,555.2,140.6,26.82,8,5
TeamB-afc13e53-2c77-48cb-8a78-743663bbb84f,2021-06-21,1,2e-4,90.472,90.455,3.91,136.1,24.1,22.57,5,3
TeamB-afc13e53-2c77-48cb-8a78-743663bbb84f,2021-06-22,2,1e-4,328.293,328.273,16.242,1349.1,505.5,28.16,21,22
TeamB-afc13e53-2c77-48cb-8a78-743663bbb84f,2021-06-23,2,1e-4,142.172,142.157,4.374,29,0,18.26,9,7
TeamB-afc13e53-2c77-48cb-8a78-743663bbb84f,2021-06-24,1,-0,81.372,81.373,3.822,96.9,15.4,22.61,5,12
TeamB-afc13e53-2c77-48cb-8a78-743663bbb84f,2021-06-25,2,1e-4,155.662,155.642,6.81,506,178,25.59,8,8
TeamB-afc13e53-2c77-48cb-8a78-743663bbb84f,2021-06-26,1,-0,128.652,128.653,6.691,725.8,291,28.15,5,9
TeamB-afc13e53-2c77-48cb-8a78-743663bbb84f,2021-06-27,1,4e-4,49.053,49.035,2.362,0,0,13.19,0,0
TeamB-afc13e53-2c77-48cb-8a78-743663bbb84f,2021-06-28,1,-0,81.54,81.542,3.521,23.7,0,18.86,10,10
TeamB-afc13e53-2c77-48cb-8a78-743663bbb84f,2021-06-29,2,1e-4,185.795,185.778,7.679,573.4,156,25.25,11,17
TeamB-afc13e53-2c77-48cb-8a78-743663bbb84f,2021-06-30,2,-0,313.61,313.613,15.361,2318.2,855.1,27.84,20,20
TeamB-afc13e53-2c77-48cb-8a78-743663bbb84f,2021-07-02,1,-0,90.422,90.423,3.655,106.2,28.6,24.16,5,4
TeamB-afc13e53-2c77-48cb-8a78-743663bbb84f,2021-07-03,1,4e-4,57.903,57.882,2.991,157.6,20.2,21.48,1,5
TeamB-afc13e53-2c77-48cb-8a78-743663bbb84f,2021-07-04,2,-0,293.393,293.397,12.841,1083.3,438.5,28.28,8,13
TeamB-afc13e53-2c77-48cb-8a78-743663bbb84f,2021-07-05,1,-0,75.39,75.392,3.817,61.8,28.5,23.07,0,5
TeamB-afc13e53-2c77-48cb-8a78-743663bbb84f,2021-07-07,2,1e-4,205.393,205.378,11.843,1295.8,554.4,28,5,13
TeamB-afc13e53-2c77-48cb-8a78-743663bbb84f,2021-07-08,1,-0,89.52,89.522,4.073,147.1,36.2,22.32,5,7
TeamB-afc13e53-2c77-48cb-8a78-743663bbb84f,2021-07-09,2,-0,149.777,149.78,6.337,364.9,95.5,24.03,6,8
TeamB-afc13e53-2c77-48cb-8a78-743663bbb84f,2021-07-10,2,1e-4,257.782,257.765,14.169,1493,509.4,28.56,7,19
TeamB-afc13e53-2c77-48cb-8a78-743663bbb84f,2021-07-12,1,-0,101.537,101.538,3.759,105.8,9.8,20.69,5,9
TeamB-afc13e53-2c77-48cb-8a78-743663bbb84f,2021-07-13,2,1e-4,200.593,200.578,9.495,365.9,123.7,28.24,10,16
TeamB-afc13e53-2c77-48cb-8a78-743663bbb84f,2021-07-14,2,1e-4,237.807,237.79,6.479,575.5,284.9,25.01,8,6
TeamB-afc13e53-2c77-48cb-8a78-743663bbb84f,2021-07-16,1,-0,90.403,90.405,2.907,211.9,50.5,22.39,5,3
TeamB-afc13e53-2c77-48cb-8a78-743663bbb84f,2021-07-17,1,-0,190.488,190.49,8.664,1398.1,402.2,27.45,14,9
TeamB-afc13e53-2c77-48cb-8a78-743663bbb84f,2021-07-28,1,-0,82.2,82.202,4.465,217.6,35.9,21.55,3,8
TeamB-afc13e53-2c77-48cb-8a78-743663bbb84f,2021-07-29,1,-0,89.64,89.642,4.444,309.9,78.1,22.96,3,8
TeamB-afc13e53-2c77-48cb-8a78-743663bbb84f,2021-07-30,1,-0,163.538,163.54,10.758,1134.7,376.3,26.36,5,22
TeamB-afc13e53-2c77-48cb-8a78-743663bbb84f,2021-07-31,1,1e-4,119.038,119.022,7.244,902.7,329.9,27.17,13,6
TeamB-afc13e53-2c77-48cb-8a78-743663bbb84f,2021-08-01,1,2e-4,109.537,109.518,4.998,304,85.7,26.18,8,5
TeamB-afc13e53-2c77-48cb-8a78-743663bbb84f,2021-08-02,2,2e-4,222.08,222.042,12.709,1237.1,347.6,26.76,13,21
TeamB-afc13e53-2c77-48cb-8a78-743663bbb84f,2021-08-03,2,2e-4,195.475,195.437,9.46,668.5,207.6,25.16,11,16
TeamB-afc13e53-2c77-48cb-8a78-743663bbb84f,2021-08-04,1,-0,127.637,127.638,7.316,1034,367.9,26.15,6,12
TeamB-afc13e53-2c77-48cb-8a78-743663bbb84f,2021-08-05,1,2e-4,117.802,117.78,7.039,796.8,243.7,24.79,9,8
TeamB-afc13e53-2c77-48cb-8a78-743663bbb84f,2021-08-06,2,1e-4,155.842,155.825,6.701,440,137.9,23.55,7,6
TeamB-afc13e53-2c77-48cb-8a78-743663bbb84f,2021-08-07,2,1e-4,233.237,233.222,11.802,1222.9,440,26.65,11,10
TeamB-afc13e53-2c77-48cb-8a78-743663bbb84f,2021-08-09,1,-0,86.837,86.838,2.202,43.3,0,19.34,3,6
TeamB-afc13e53-2c77-48cb-8a78-743663bbb84f,2021-08-10,2,1e-4,209.078,209.063,10.979,1410.3,568.7,24.14,24,18
TeamB-afc13e53-2c77-48cb-8a78-743663bbb84f,2021-08-11,2,1e-4,176.822,176.8,14.466,1383,468.1,26.59,8,24
TeamB-afc13e53-2c77-48cb-8a78-743663bbb84f,2021-08-13,2,1e-4,152.843,152.828,5.995,362.4,99.9,23.96,7,5
TeamB-afc13e53-2c77-48cb-8a78-743663bbb84f,2021-08-14,2,1e-4,315.035,315.012,14.281,2137.3,449.8,26.48,11,20
TeamB-afc13e53-2c77-48cb-8a78-743663bbb84f,2021-08-16,1,-0,83.555,83.557,3.955,93.8,15.5,21.11,7,10
TeamB-afc13e53-2c77-48cb-8a78-743663bbb84f,2021-08-17,2,-0,150.823,150.827,7.515,656.5,198.3,25.63,9,16
TeamB-afc13e53-2c77-48cb-8a78-743663bbb84f,2021-08-18,2,1e-4,308.827,308.81,12.815,833.2,230.7,26.76,10,9
TeamB-afc13e53-2c77-48cb-8a78-743663bbb84f,2021-08-20,2,1e-4,137.39,137.373,8.285,439.7,76.9,22.79,10,10
TeamB-afc13e53-2c77-48cb-8a78-743663bbb84f,2021-08-21,2,1e-4,376.478,376.445,15.372,1290.3,451,27.93,10,18
TeamB-afc13e53-2c77-48cb-8a78-743663bbb84f,2021-08-22,1,-0,117.545,117.547,7.874,749,297.2,26.15,8,14
TeamB-afc13e53-2c77-48cb-8a78-743663bbb84f,2021-08-23,2,1e-4,185.873,185.858,6.426,267.5,68.9,23.62,8,6
TeamB-afc13e53-2c77-48cb-8a78-743663bbb84f,2021-08-24,2,1e-4,189.248,189.232,14.576,1886.6,616.4,27.76,9,16
TeamB-afc13e53-2c77-48cb-8a78-743663bbb84f,2021-08-25,1,-0,145.307,145.308,11.472,833.3,242.5,25.02,8,15
TeamB-afc13e53-2c77-48cb-8a78-743663bbb84f,2021-08-26,2,1e-4,163.36,163.343,6.782,375.6,124.7,25.7,11,11
TeamB-afc13e53-2c77-48cb-8a78-743663bbb84f,2021-08-27,2,1e-4,179.867,179.85,6.863,434.7,85.6,25.2,13,8
TeamB-afc13e53-2c77-48cb-8a78-743663bbb84f,2021-08-28,2,0.0031,296.633,295.71,16.658,1609.3,553,29.1,10,17
TeamB-afc13e53-2c77-48cb-8a78-743663bbb84f,2021-08-30,2,1e-4,189.242,189.225,8.063,330.7,67.1,22.74,14,10
TeamB-afc13e53-2c77-48cb-8a78-743663bbb84f,2021-08-31,2,2e-4,191.262,191.225,8.903,353.5,58,23.19,9,14
TeamB-afc13e53-2c77-48cb-8a78-743663bbb84f,2021-09-01,2,3e-4,152.597,152.558,11.183,1136.8,427.2,29.94,16,10
TeamB-afc13e53-2c77-48cb-8a78-743663bbb84f,2021-09-03,2,2e-4,161.877,161.84,7.046,426.6,48.5,23.52,5,13
TeamB-afc13e53-2c77-48cb-8a78-743663bbb84f,2021-09-04,1,-0,181.49,181.492,5.461,500.7,158.6,25.15,5,5
TeamB-afc13e53-2c77-48cb-8a78-743663bbb84f,2021-09-06,1,2e-4,120.488,120.47,4.831,132.5,17.2,24.05,2,8
TeamB-afc13e53-2c77-48cb-8a78-743663bbb84f,2021-09-07,2,2e-4,176.505,176.462,9.199,337.2,26.5,23.06,14,22
TeamB-afc13e53-2c77-48cb-8a78-743663bbb84f,2021-09-08,1,2e-4,103.855,103.837,7.183,701.4,224.5,25.37,6,17
TeamB-afc13e53-2c77-48cb-8a78-743663bbb84f,2021-09-09,1,2e-4,95.055,95.037,5.673,406,127.1,26.3,4,10
TeamB-afc13e53-2c77-48cb-8a78-743663bbb84f,2021-09-10,1,3e-4,71.755,71.737,2.421,9,0,17.31,3,3
TeamB-afc13e53-2c77-48cb-8a78-743663bbb84f,2021-09-11,2,2e-4,206.372,206.335,11.625,1082.5,397.2,27.44,9,11
TeamB-afc13e53-2c77-48cb-8a78-743663bbb84f,2021-09-12,1,1e-4,199.987,199.968,8.273,1650.8,490.9,27.46,16,4
TeamB-afc13e53-2c77-48cb-8a78-743663bbb84f,2021-09-16,1,2e-4,111.967,111.942,5.057,289.6,65.7,22.56,10,10
TeamB-afc13e53-2c77-48cb-8a78-743663bbb84f,2021-09-21,1,2e-4,122.953,122.932,6.118,399.2,81.5,24.08,9,7
TeamB-afc13e53-2c77-48cb-8a78-743663bbb84f,2021-09-22,1,1e-4,134.398,134.382,6.534,1006.7,530.7,28.83,9,6
TeamB-afc13e53-2c77-48cb-8a78-743663bbb84f,2021-09-24,2,-0,184.423,184.427,11.286,910.5,314.2,26.86,11,17
TeamB-afc13e53-2c77-48cb-8a78-743663bbb84f,2021-09-25,2,1e-4,259.005,258.988,9.555,669.1,209.2,24.61,6,7
TeamB-afc13e53-2c77-48cb-8a78-743663bbb84f,2021-09-26,1,1e-4,128.67,128.653,6.691,820.9,282.4,26.84,6,10
TeamB-afc13e53-2c77-48cb-8a78-743663bbb84f,2021-09-27,1,2e-4,85.602,85.583,3.899,109.1,14,21.87,9,9
TeamB-afc13e53-2c77-48cb-8a78-743663bbb84f,2021-09-28,2,1e-4,242.962,242.943,12.904,581.3,128.9,25.07,19,17
TeamB-afc13e53-2c77-48cb-8a78-743663bbb84f,2021-09-29,2,1e-4,235.613,235.597,13.74,1396.5,537.2,26.42,11,28
TeamB-afc13e53-2c77-48cb-8a78-743663bbb84f,2021-10-01,2,1e-4,162.203,162.185,7.195,361.6,88.3,24.5,11,6
TeamB-afc13e53-2c77-48cb-8a78-743663bbb84f,2021-10-02,2,1e-4,308.202,308.177,13.079,1606.8,248,25.36,10,14
TeamB-afc13e53-2c77-48cb-8a78-743663bbb84f,2021-10-04,1,2e-4,88.405,88.387,3.95,141.3,2.3,19.75,5,10
TeamB-afc13e53-2c77-48cb-8a78-743663bbb84f,2021-10-05,2,1e-4,237.36,237.332,14.385,812.4,235.8,27.96,13,31
TeamB-afc13e53-2c77-48cb-8a78-743663bbb84f,2021-10-06,2,0.001,183.752,183.575,11.96,1221.3,283.6,26.92,15,16
TeamB-afc13e53-2c77-48cb-8a78-743663bbb84f,2021-10-08,2,1e-4,181.155,181.138,8.269,635.1,157,24.13,10,12
TeamB-afc13e53-2c77-48cb-8a78-743663bbb84f,2021-10-09,2,2e-4,251.592,251.545,19.034,5607.4,3777.3,35.93,12,19
TeamB-afc13e53-2c77-48cb-8a78-743663bbb84f,2021-10-10,1,3e-4,92.883,92.86,4.688,181.1,47.9,26.98,7,6
TeamB-afc13e53-2c77-48cb-8a78-743663bbb84f,2021-10-11,1,3e-4,69.487,69.468,2.572,27,0,18.77,3,7
TeamB-afc13e53-2c77-48cb-8a78-743663bbb84f,2021-10-12,2,2e-4,214.74,214.7,11.904,1126.1,389.3,27.85,9,20
TeamB-afc13e53-2c77-48cb-8a78-743663bbb84f,2021-10-13,2,2e-4,228.615,228.58,15.944,1207.8,275.9,26.73,26,17
TeamB-afc13e53-2c77-48cb-8a78-743663bbb84f,2021-10-15,2,3e-4,156.17,156.13,9.378,769.2,197,26.14,10,11
TeamB-afc13e53-2c77-48cb-8a78-743663bbb84f,2021-10-16,2,2e-4,214.617,214.568,15.017,1436.1,521.1,25.95,24,18
TeamB-afc13e53-2c77-48cb-8a78-743663bbb84f,2021-10-17,1,1e-4,127.405,127.388,11.507,1568.6,670.5,27.26,12,7
TeamB-afc13e53-2c77-48cb-8a78-743663bbb84f,2021-10-21,1,2e-4,106.565,106.545,5.476,710.1,123.1,23.35,14,7
TeamB-afc13e53-2c77-48cb-8a78-743663bbb84f,2021-10-22,1,2e-4,102.905,102.882,6.542,205.1,23.8,23.24,8,7
TeamB-afc13e53-2c77-48cb-8a78-743663bbb84f,2021-10-26,1,-0,88.247,88.248,4.741,133.1,9.2,20.92,6,4
TeamB-afc13e53-2c77-48cb-8a78-743663bbb84f,2021-10-27,1,2e-4,99.917,99.898,4.94,498.7,245.7,23.99,10,5
TeamB-afc13e53-2c77-48cb-8a78-743663bbb84f,2021-10-28,1,-0,102.448,102.45,5.06,175.1,35,22.06,1,6
TeamB-afc13e53-2c77-48cb-8a78-743663bbb84f,2021-10-29,2,2e-4,245.115,245.077,16.083,1277.4,347.4,25.41,12,22
TeamB-afc13e53-2c77-48cb-8a78-743663bbb84f,2021-10-30,1,2e-4,96.14,96.12,3.71,81.3,1.7,18.88,4,2
TeamB-afc13e53-2c77-48cb-8a78-743663bbb84f,2021-10-31,1,2e-4,144.108,144.083,10.941,1071,371.4,28.32,11,14
TeamB-afc13e53-2c77-48cb-8a78-743663bbb84f,2021-11-02,1,2e-4,105.355,105.338,5.389,178.5,26.8,24.32,3,8
TeamB-afc13e53-2c77-48cb-8a78-743663bbb84f,2021-11-03,2,2e-4,205.938,205.9,10.626,375.6,43.3,21.8,14,25
TeamB-afc13e53-2c77-48cb-8a78-743663bbb84f,2021-11-04,2,2e-4,194.975,194.93,12.735,1145.9,356.3,26.81,15,16
TeamB-afc13e53-2c77-48cb-8a78-743663bbb84f,2021-11-06,2,3e-4,127.295,127.258,6.075,407.4,98.6,24.12,13,5
TeamB-afc13e53-2c77-48cb-8a78-743663bbb84f,2021-11-07,2,1e-4,286.202,286.178,23.086,1931.9,490.1,27.51,21,23
TeamB-afc13e53-2c77-48cb-8a78-743663bbb84f,2021-11-09,1,4e-4,58.905,58.883,2.743,35.1,0,18.76,6,1
TeamB-afc13e53-2c77-48cb-8a78-743663bbb84f,2021-11-12,2,1e-4,148.805,148.788,8.705,560.7,106.5,22.94,9,18
TeamB-afc13e53-2c77-48cb-8a78-743663bbb84f,2021-11-13,2,1e-4,311.365,311.342,22.855,2239.1,838,27.64,14,20
TeamB-afc13e53-2c77-48cb-8a78-743663bbb84f,2021-11-15,1,2e-4,87.94,87.922,4.8,231,64.2,23.25,7,8
TeamB-afc13e53-2c77-48cb-8a78-743663bbb84f,2021-11-16,1,3e-4,77.507,77.487,4.405,89.6,1.2,19.87,5,4
TeamB-b5d32b16-6619-4cb1-d710-37d1b83e90ec,2021-11-03,1,3e-4,85.507,85.48,3.403,5.1,0,16.83,16,22
TeamB-b5d32b16-6619-4cb1-d710-37d1b83e90ec,2021-11-04,1,3e-4,93.407,93.38,3.614,50.2,22.1,21.74,4,4
TeamB-b5d32b16-6619-4cb1-d710-37d1b83e90ec,2021-11-06,1,3e-4,76.357,76.33,2.592,3.3,0,16.64,8,7
TeamB-b5d32b16-6619-4cb1-d710-37d1b83e90ec,2021-11-09,1,5e-4,58.268,58.242,1.738,0.9,0,15.81,5,5
TeamB-b5d32b16-6619-4cb1-d710-37d1b83e90ec,2021-11-10,1,3e-4,91.748,91.722,3.697,34.7,0,17.99,9,16
TeamB-b5d32b16-6619-4cb1-d710-37d1b83e90ec,2021-11-12,1,4e-4,79.833,79.805,3.374,2.3,0,16.41,10,10
TeamB-b5d32b16-6619-4cb1-d710-37d1b83e90ec,2021-11-13,1,2e-4,118.538,118.512,5.46,98,25.1,22.84,5,6
TeamB-baf3897a-3e70-f16a-5548-5822de1b372a,2020-06-02,1,-0,96.337,96.338,4.406,343.3,87.1,22.82,3,3
TeamB-baf3897a-3e70-f16a-5548-5822de1b372a,2020-06-04,1,-0,102.353,102.355,5.725,270.6,27.4,22.85,4,6
TeamB-baf3897a-3e70-f16a-5548-5822de1b372a,2020-06-05,1,-0,113.873,113.875,5.181,301.3,52.2,22.48,5,6
TeamB-baf3897a-3e70-f16a-5548-5822de1b372a,2020-06-09,1,-0,98.372,98.373,4.755,349.5,90.2,24.61,6,7
TeamB-baf3897a-3e70-f16a-5548-5822de1b372a,2020-06-10,1,-0,73.423,73.425,1.432,138.9,10.2,20.35,4,0
TeamB-baf3897a-3e70-f16a-5548-5822de1b372a,2020-06-11,1,-0,70.92,70.922,1.896,20.3,2.3,20.19,4,1
TeamB-baf3897a-3e70-f16a-5548-5822de1b372a,2020-06-12,1,-0,93.057,93.058,3.186,37.9,9.2,21.1,5,3
TeamB-baf3897a-3e70-f16a-5548-5822de1b372a,2020-06-16,1,-0,85.003,85.005,3.717,189.4,44,23.18,3,4
TeamB-baf3897a-3e70-f16a-5548-5822de1b372a,2020-06-17,1,-0,104.683,104.685,3.329,136.8,3.4,20.14,5,1
TeamB-baf3897a-3e70-f16a-5548-5822de1b372a,2020-06-18,1,-0,86.657,86.658,4.255,181.5,60.8,30,4,2
TeamB-baf3897a-3e70-f16a-5548-5822de1b372a,2020-06-22,1,-0,104.837,104.838,3.354,127.6,45.1,23.93,0,5
TeamB-baf3897a-3e70-f16a-5548-5822de1b372a,2020-06-23,1,-0,34.707,34.708,2.357,352.7,109.2,25.37,1,3
TeamB-baf3897a-3e70-f16a-5548-5822de1b372a,2020-06-25,1,-0,78.423,78.425,2.375,50.2,27.8,24.08,2,3
TeamB-baf3897a-3e70-f16a-5548-5822de1b372a,2020-06-26,1,-0,81.388,81.39,3.171,108.2,47.2,23.19,1,6
TeamB-baf3897a-3e70-f16a-5548-5822de1b372a,2020-06-30,1,-0,109.605,109.607,6.311,561.5,127.6,24.82,9,18
TeamB-baf3897a-3e70-f16a-5548-5822de1b372a,2020-07-01,1,-0,88.522,88.523,4.088,218.8,87.2,26.53,4,11
TeamB-baf3897a-3e70-f16a-5548-5822de1b372a,2020-07-02,1,-0,85.107,85.108,3.197,88.2,13.3,21.09,4,1
TeamB-baf3897a-3e70-f16a-5548-5822de1b372a,2020-07-03,1,-0,71.607,71.608,2.083,26.1,1.1,19.74,5,2
TeamB-baf3897a-3e70-f16a-5548-5822de1b372a,2020-07-04,1,-1e-4,20.97,20.972,1.847,265.3,123.8,25.45,0,2
TeamB-baf3897a-3e70-f16a-5548-5822de1b372a,2020-07-07,1,-0,93.405,93.407,5.306,375.9,115,26.92,2,6
TeamB-baf3897a-3e70-f16a-5548-5822de1b372a,2020-07-08,1,-0,81.672,81.673,3.042,49.9,3.4,20.5,2,2
TeamB-baf3897a-3e70-f16a-5548-5822de1b372a,2020-07-09,1,-0,87.673,87.675,3.129,94.1,22.3,22.43,4,3
TeamB-baf3897a-3e70-f16a-5548-5822de1b372a,2020-07-13,1,-0,85.983,85.985,3.277,15.6,0,18.17,1,3
TeamB-baf3897a-3e70-f16a-5548-5822de1b372a,2020-07-14,1,-0,90.95,90.952,5.56,334.5,64.7,23.67,3,11
TeamB-baf3897a-3e70-f16a-5548-5822de1b372a,2020-07-15,1,-0,104.123,104.125,4.307,76,9.2,21.15,4,1
TeamB-baf3897a-3e70-f16a-5548-5822de1b372a,2020-07-16,1,-0,91.382,91.383,3.775,205.1,58.8,23.84,1,2
TeamB-baf3897a-3e70-f16a-5548-5822de1b372a,2020-07-17,1,-0,102.838,102.84,3.432,73.2,20.9,21.8,5,7
TeamB-baf3897a-3e70-f16a-5548-5822de1b372a,2020-07-21,1,-0,99.722,99.723,5.44,563.7,164.4,25.52,9,17
TeamB-baf3897a-3e70-f16a-5548-5822de1b372a,2020-07-22,1,-0,77.517,77.518,2.807,13.6,0,17.7,2,4
TeamB-baf3897a-3e70-f16a-5548-5822de1b372a,2020-07-23,1,-0,95.275,95.277,2.825,52,19,23.87,4,3
TeamB-baf3897a-3e70-f16a-5548-5822de1b372a,2020-07-31,1,-0,100.92,100.922,3.057,59.2,8.6,20.91,4,3
TeamB-baf3897a-3e70-f16a-5548-5822de1b372a,2020-08-01,1,-1e-4,28.522,28.523,0.528,40.6,6.3,20.67,1,1
TeamB-baf3897a-3e70-f16a-5548-5822de1b372a,2020-08-04,1,-0,95.553,95.555,4.944,257,83.9,24.45,6,12
TeamB-baf3897a-3e70-f16a-5548-5822de1b372a,2020-08-05,1,-0,59.405,59.407,2.823,106.1,6.8,20.33,3,0
TeamB-baf3897a-3e70-f16a-5548-5822de1b372a,2020-08-06,1,-0,80.148,80.15,3.169,80.1,5.1,20.58,4,6
TeamB-baf3897a-3e70-f16a-5548-5822de1b372a,2020-08-10,1,-0,92.887,92.888,4.168,238.6,70.2,25.03,8,5
TeamB-baf3897a-3e70-f16a-5548-5822de1b372a,2020-08-11,1,-0,68.422,68.423,2.554,99.3,13.8,23.04,1,4
TeamB-baf3897a-3e70-f16a-5548-5822de1b372a,2020-08-24,1,-0,81.638,81.64,3.665,49.3,1.7,20.03,10,4
TeamB-baf3897a-3e70-f16a-5548-5822de1b372a,2020-08-25,1,-0,70.407,70.408,2.303,56.9,0,18.95,0,2
TeamB-baf3897a-3e70-f16a-5548-5822de1b372a,2020-08-26,1,-1e-4,25.883,25.885,1.363,177.6,76.2,25.05,1,1
TeamB-baf3897a-3e70-f16a-5548-5822de1b372a,2020-08-27,1,-0,52.057,52.058,2.254,143.1,2.2,19.44,6,1
TeamB-baf3897a-3e70-f16a-5548-5822de1b372a,2020-08-30,1,-0,121.857,121.858,10.718,637.9,168.3,26.43,4,4
TeamB-baf3897a-3e70-f16a-5548-5822de1b372a,2020-09-02,1,-0,84.42,84.422,4.625,188.6,36,22.41,2,10
TeamB-baf3897a-3e70-f16a-5548-5822de1b372a,2020-09-03,1,-0,85.855,85.857,2.969,156.5,54.3,23.76,4,3
TeamB-baf3897a-3e70-f16a-5548-5822de1b372a,2020-09-04,1,-0,74.882,74.883,2.613,131.7,9.3,21.42,5,1
TeamB-baf3897a-3e70-f16a-5548-5822de1b372a,2020-09-08,1,-0,77.923,77.925,4.169,344.3,124,24.76,2,5
TeamB-baf3897a-3e70-f16a-5548-5822de1b372a,2020-09-09,1,-0,100.307,100.308,4.065,146.6,28.9,23.79,1,9
TeamB-baf3897a-3e70-f16a-5548-5822de1b372a,2020-09-11,1,-0,70.838,70.84,3.2,72.3,2.9,20.83,2,7
TeamB-baf3897a-3e70-f16a-5548-5822de1b372a,2020-09-21,1,-0,129.538,129.54,5.153,201.8,21.2,21.07,5,9
TeamB-baf3897a-3e70-f16a-5548-5822de1b372a,2020-09-22,1,-0,95.205,95.207,4.591,457.4,156.3,24.25,5,9
TeamB-baf3897a-3e70-f16a-5548-5822de1b372a,2020-09-24,1,-0,111.038,111.04,5.541,235.7,52.9,23.03,3,1
TeamB-baf3897a-3e70-f16a-5548-5822de1b372a,2020-09-25,1,-0,87.038,87.04,4.767,180.4,60.5,25.72,2,3
TeamB-baf3897a-3e70-f16a-5548-5822de1b372a,2020-09-26,1,-0,91.653,91.655,3.01,48.9,0,17.93,3,4
TeamB-baf3897a-3e70-f16a-5548-5822de1b372a,2020-09-30,1,-0,114.023,114.025,7.022,459,78.6,25.11,10,7
TeamB-baf3897a-3e70-f16a-5548-5822de1b372a,2020-10-01,1,-0,86.37,86.372,4.072,275.4,57.5,23.54,4,5
TeamB-baf3897a-3e70-f16a-5548-5822de1b372a,2020-10-02,1,-0,111.838,111.84,6.098,709.8,245.4,25.99,5,4
TeamB-baf3897a-3e70-f16a-5548-5822de1b372a,2020-10-05,1,-0,104.432,104.433,6.097,285.9,22.4,23.96,4,6
TeamB-baf3897a-3e70-f16a-5548-5822de1b372a,2020-10-06,1,-0,86.838,86.84,3.736,130.8,13.2,21.46,4,8
TeamB-baf3897a-3e70-f16a-5548-5822de1b372a,2020-10-08,1,-0,63.073,63.075,2.558,67.1,13.6,21.92,0,3
TeamB-baf3897a-3e70-f16a-5548-5822de1b372a,2020-10-10,1,-0,92.532,92.533,4.251,48.8,0.6,19.18,5,3
TeamB-baf3897a-3e70-f16a-5548-5822de1b372a,2020-10-13,1,-0,99.9,99.902,5.816,314.4,46.3,22.62,4,6
TeamB-baf3897a-3e70-f16a-5548-5822de1b372a,2020-10-16,1,-0,95.933,95.935,4.71,142,14.1,22.54,6,8
TeamB-baf3897a-3e70-f16a-5548-5822de1b372a,2020-10-17,1,-0,62.988,62.99,2.923,51.9,0,18.96,3,2
TeamB-baf3897a-3e70-f16a-5548-5822de1b372a,2020-10-21,1,-0,96.872,96.873,4.14,62,0.6,19.02,1,4
TeamB-baf3897a-3e70-f16a-5548-5822de1b372a,2020-10-22,1,-0,101.97,101.972,5.433,360.1,67.8,23.56,8,6
TeamB-baf3897a-3e70-f16a-5548-5822de1b372a,2020-10-27,1,-0,121.607,121.608,4.939,495.9,259.4,25.32,6,2
TeamB-baf3897a-3e70-f16a-5548-5822de1b372a,2020-10-29,1,-0,96.005,96.007,5.463,364.9,62.7,23.73,3,9
TeamB-baf3897a-3e70-f16a-5548-5822de1b372a,2020-10-30,1,-0,86.105,86.107,3.897,197.1,31.8,22.11,4,4
TeamB-baf3897a-3e70-f16a-5548-5822de1b372a,2020-10-31,1,-0,68.023,68.025,2.693,87.7,0.6,19.52,1,5
TeamB-baf3897a-3e70-f16a-5548-5822de1b372a,2020-11-02,1,-0,73.607,73.608,3.51,101,12.3,22,9,7
TeamB-baf3897a-3e70-f16a-5548-5822de1b372a,2020-11-03,1,-0,68.872,68.873,2.777,44.5,8.1,21.1,6,4
TeamB-baf3897a-3e70-f16a-5548-5822de1b372a,2020-11-04,1,-0,71.193,71.195,5.088,352.8,63.5,22.04,4,6
TeamB-baf3897a-3e70-f16a-5548-5822de1b372a,2020-11-05,1,-0,77.37,77.372,3.101,116.5,20.1,21.21,5,3
TeamB-baf3897a-3e70-f16a-5548-5822de1b372a,2020-11-06,1,-0,59.54,59.542,2.102,30.9,1.1,19.97,2,0
TeamB-baf3897a-3e70-f16a-5548-5822de1b372a,2020-11-10,1,-0,73.337,73.338,3.015,102.4,9.9,21.74,6,4
TeamB-baf3897a-3e70-f16a-5548-5822de1b372a,2020-11-12,1,-0,59.14,59.142,2.584,51.3,0,18.46,2,3
TeamB-baf3897a-3e70-f16a-5548-5822de1b372a,2020-11-14,1,-0,117.055,117.057,5.573,284,54.5,23.08,2,7
TeamB-baf3897a-3e70-f16a-5548-5822de1b372a,2020-11-16,1,-0,56.987,56.988,2.127,31.1,0.6,19.06,2,3
TeamB-baf3897a-3e70-f16a-5548-5822de1b372a,2020-11-21,1,-0,63.738,63.74,2.393,5.2,0,17.77,1,2
TeamB-baf3897a-3e70-f16a-5548-5822de1b372a,2020-11-22,1,-1e-4,23.488,23.49,1.048,117.8,26.6,22.68,1,0
TeamB-baf3897a-3e70-f16a-5548-5822de1b372a,2020-11-30,1,-0,95.855,95.857,4.506,142,25.9,22.33,7,11
TeamB-baf3897a-3e70-f16a-5548-5822de1b372a,2020-12-01,1,-0,45.92,45.922,1.811,55.4,4.5,20.21,1,5
TeamB-baf3897a-3e70-f16a-5548-5822de1b372a,2020-12-04,1,-0,92.348,92.35,5.337,385.2,54.1,22.05,3,7
TeamB-baf3897a-3e70-f16a-5548-5822de1b372a,2020-12-05,1,-0,76.623,76.625,3.064,77,23.9,24.56,5,7
TeamB-baf3897a-3e70-f16a-5548-5822de1b372a,2020-12-08,1,-0,72.153,72.155,3.202,172.5,3.4,19.82,5,2
TeamB-baf3897a-3e70-f16a-5548-5822de1b372a,2020-12-09,1,-0,70.905,70.907,2.175,49.9,4,19.98,0,2
TeamB-baf3897a-3e70-f16a-5548-5822de1b372a,2020-12-10,1,-0,75.888,75.89,4.582,448,118.8,24.26,7,4
TeamB-baf3897a-3e70-f16a-5548-5822de1b372a,2020-12-12,1,-0,75.907,75.908,2.815,73.4,13.5,22.08,2,3
TeamB-d3fbf47a-7e5b-1e7f-9ca5-499d004ae545,2021-02-01,1,-0,97.37,97.372,5.28,182.6,88.8,23.33,7,7
TeamB-d3fbf47a-7e5b-1e7f-9ca5-499d004ae545,2021-02-08,1,-0,96.205,96.207,5.62,251.6,66.5,23.32,0,9
TeamB-d3fbf47a-7e5b-1e7f-9ca5-499d004ae545,2021-02-15,1,-0,95.068,95.07,5.824,344.1,70.9,22.44,4,15
TeamB-d3fbf47a-7e5b-1e7f-9ca5-499d004ae545,2021-02-18,1,-0,84.5,84.502,4.299,219.3,73.1,26.54,3,4
TeamB-d3fbf47a-7e5b-1e7f-9ca5-499d004ae545,2021-02-19,1,-0,62.917,62.918,3.222,349.9,138.1,25.33,6,3
TeamB-d3fbf47a-7e5b-1e7f-9ca5-499d004ae545,2021-02-20,1,-0,126.972,126.973,9.335,1199.8,342.9,26.07,1,5
TeamB-d3fbf47a-7e5b-1e7f-9ca5-499d004ae545,2021-02-22,1,-0,80.723,80.725,4.071,137,37.9,25.17,5,4
TeamB-d3fbf47a-7e5b-1e7f-9ca5-499d004ae545,2021-02-25,1,-0,127.837,127.838,8.175,523.4,96.3,22.87,6,17
TeamB-d3fbf47a-7e5b-1e7f-9ca5-499d004ae545,2021-03-01,1,-0,80.973,80.975,4.488,94.8,2.8,20.15,1,6
TeamB-d3fbf47a-7e5b-1e7f-9ca5-499d004ae545,2021-03-12,1,-0,104.688,104.69,9.281,1144.3,401.7,25.17,1,20
TeamB-d3fbf47a-7e5b-1e7f-9ca5-499d004ae545,2021-03-15,1,-0,90.862,90.863,5.117,128.4,2.9,20.54,6,11
TeamB-d3fbf47a-7e5b-1e7f-9ca5-499d004ae545,2021-03-19,1,-0,115.838,115.84,9.555,1409.4,424.9,26.97,1,12
TeamB-d3fbf47a-7e5b-1e7f-9ca5-499d004ae545,2021-03-22,1,-0,106.118,106.12,5.28,241.6,41.2,23.72,3,12
TeamB-d3fbf47a-7e5b-1e7f-9ca5-499d004ae545,2021-03-23,1,-0,85.22,85.222,5.208,199,60.7,23.25,1,6
TeamB-d3fbf47a-7e5b-1e7f-9ca5-499d004ae545,2021-03-27,1,-0,126.837,126.838,9.185,846.8,332,26.08,4,10
TeamB-d3fbf47a-7e5b-1e7f-9ca5-499d004ae545,2021-03-30,1,-0,89.955,89.957,5.587,175.5,9.7,20.83,3,2
TeamB-d3fbf47a-7e5b-1e7f-9ca5-499d004ae545,2021-04-05,1,-0,52.8,52.802,2.653,72.2,0.6,19.28,6,2
TeamB-d3fbf47a-7e5b-1e7f-9ca5-499d004ae545,2021-04-07,1,-0,95.157,95.158,5.921,255.2,37.3,24.47,1,5
TeamB-d3fbf47a-7e5b-1e7f-9ca5-499d004ae545,2021-04-08,1,-0,76.023,76.025,3.016,220.3,107.1,24.17,4,13
TeamB-d3fbf47a-7e5b-1e7f-9ca5-499d004ae545,2021-04-09,1,-0,96.372,96.373,5.748,282.7,68.8,23.41,6,8
TeamB-d3fbf47a-7e5b-1e7f-9ca5-499d004ae545,2021-04-10,1,-0,68.538,68.54,3.239,798.7,578.7,26.01,23,25
TeamB-d3fbf47a-7e5b-1e7f-9ca5-499d004ae545,2021-04-12,2,-0,255.745,255.748,13.322,1099.2,344.2,26.52,8,21
TeamB-d3fbf47a-7e5b-1e7f-9ca5-499d004ae545,2021-04-13,2,-0,292.26,292.263,13.894,1665.2,800.8,35.9,19,30
TeamB-d3fbf47a-7e5b-1e7f-9ca5-499d004ae545,2021-04-14,1,-0,113.903,113.905,7.383,718.1,293.2,25.54,3,20
TeamB-d3fbf47a-7e5b-1e7f-9ca5-499d004ae545,2021-04-15,1,-0,139.907,139.908,6.443,1069.1,434.7,26.39,11,19
TeamB-d3fbf47a-7e5b-1e7f-9ca5-499d004ae545,2021-04-16,2,-0,174.407,174.41,7.519,602.6,180,25.54,7,10
TeamB-d3fbf47a-7e5b-1e7f-9ca5-499d004ae545,2021-04-17,1,-0,168.337,168.338,7.062,485.8,123,24.53,1,9
TeamB-d3fbf47a-7e5b-1e7f-9ca5-499d004ae545,2021-04-19,2,-0,223.745,223.748,7.971,404.6,97.6,23.12,9,15
TeamB-d3fbf47a-7e5b-1e7f-9ca5-499d004ae545,2021-04-20,1,-0,159.872,159.873,3.726,244.2,81.6,24.71,1,8
TeamB-d3fbf47a-7e5b-1e7f-9ca5-499d004ae545,2021-04-21,2,-0,162.278,162.282,9.765,1589.8,359.5,24.45,8,18
TeamB-d3fbf47a-7e5b-1e7f-9ca5-499d004ae545,2021-04-22,1,-0,78.352,78.353,3.823,279.8,96.7,23.99,7,4
TeamB-d3fbf47a-7e5b-1e7f-9ca5-499d004ae545,2021-04-23,1,-0,190.588,190.59,8.257,389.7,81.3,26.2,6,7
TeamB-d3fbf47a-7e5b-1e7f-9ca5-499d004ae545,2021-04-26,2,-0,195.088,195.092,8.639,369.8,36.1,25.8,13,21
TeamB-d3fbf47a-7e5b-1e7f-9ca5-499d004ae545,2021-04-27,1,-0,133.855,133.857,8.579,2039.2,548.2,25.63,7,18
TeamB-d3fbf47a-7e5b-1e7f-9ca5-499d004ae545,2021-04-28,1,-0,121.588,121.59,7.018,538.5,201.2,24.53,3,15
TeamB-d3fbf47a-7e5b-1e7f-9ca5-499d004ae545,2021-04-29,1,-0,100.72,100.722,4.162,177.3,32.4,24.31,15,8
TeamB-d3fbf47a-7e5b-1e7f-9ca5-499d004ae545,2021-04-30,2,-0,203.01,203.013,7.673,715.1,269.9,25.5,12,23
TeamB-d3fbf47a-7e5b-1e7f-9ca5-499d004ae545,2021-05-01,1,-0,160.023,160.025,4.075,239.6,111.7,26.08,10,12
TeamB-d3fbf47a-7e5b-1e7f-9ca5-499d004ae545,2021-05-03,1,-0,88.372,88.373,2.545,85.5,6.4,20.69,5,8
TeamB-d3fbf47a-7e5b-1e7f-9ca5-499d004ae545,2021-05-04,1,-0,104.532,104.533,5.04,341.4,74.6,24.32,9,25
TeamB-d3fbf47a-7e5b-1e7f-9ca5-499d004ae545,2021-05-06,1,-0,111.892,111.893,2.213,55.4,19.9,26.75,4,3
TeamB-d3fbf47a-7e5b-1e7f-9ca5-499d004ae545,2021-05-07,1,-0,118.887,118.888,3.186,93.3,11.5,20.73,12,17
TeamB-d3fbf47a-7e5b-1e7f-9ca5-499d004ae545,2021-05-08,1,-0,144.855,144.857,2.679,338.5,126.3,28.92,4,9
TeamB-d3fbf47a-7e5b-1e7f-9ca5-499d004ae545,2021-05-10,2,-0,178.898,178.902,7.295,300.1,62.4,25.46,12,23
TeamB-d3fbf47a-7e5b-1e7f-9ca5-499d004ae545,2021-05-11,1,-0,99.883,99.885,5.271,207.7,18.8,22.48,3,10
TeamB-d3fbf47a-7e5b-1e7f-9ca5-499d004ae545,2021-05-12,1,-0,109.903,109.905,3.321,17.7,0,18.05,5,3
TeamB-d3fbf47a-7e5b-1e7f-9ca5-499d004ae545,2021-05-14,2,-0,205.502,205.505,6.749,404.4,120.4,23.04,14,16
TeamB-d3fbf47a-7e5b-1e7f-9ca5-499d004ae545,2021-05-15,1,-0,46.688,46.69,4.048,1675.9,375.1,27.71,4,10
TeamB-d3fbf47a-7e5b-1e7f-9ca5-499d004ae545,2021-05-17,1,-0,109.065,109.067,3.077,70.9,10.3,21.59,2,6
TeamB-d3fbf47a-7e5b-1e7f-9ca5-499d004ae545,2021-05-18,2,-0,238.928,238.932,11.4,1051,377,31.85,15,34
TeamB-d3fbf47a-7e5b-1e7f-9ca5-499d004ae545,2021-05-19,2,-0,224.3,224.303,12.435,1377.7,479.4,26.41,15,29
TeamB-d3fbf47a-7e5b-1e7f-9ca5-499d004ae545,2021-05-21,1,-0,138.867,138.868,3.47,163.7,13.8,21.13,6,11
TeamB-d3fbf47a-7e5b-1e7f-9ca5-499d004ae545,2021-05-22,1,-0,47.137,47.138,2.35,710.5,135.1,23.01,4,3
TeamB-d3fbf47a-7e5b-1e7f-9ca5-499d004ae545,2021-05-24,1,-0,146.103,146.105,4.255,229.2,39.6,22.46,4,7
TeamB-d3fbf47a-7e5b-1e7f-9ca5-499d004ae545,2021-05-25,1,-0,75.833,75.835,3.675,302.3,71,24.1,9,9
TeamB-d3fbf47a-7e5b-1e7f-9ca5-499d004ae545,2021-05-28,1,-0,97.832,97.833,3.119,262.1,129.9,24.96,5,6
TeamB-d3fbf47a-7e5b-1e7f-9ca5-499d004ae545,2021-05-29,1,-0,143.238,143.24,2.907,594.4,215.8,25.51,5,7
TeamB-d3fbf47a-7e5b-1e7f-9ca5-499d004ae545,2021-05-31,1,-0,79.078,79.08,3.764,110,5.1,20.66,12,11
TeamB-d3fbf47a-7e5b-1e7f-9ca5-499d004ae545,2021-06-01,1,-0,122.242,122.243,4.811,653,225.5,25.89,11,24
TeamB-d3fbf47a-7e5b-1e7f-9ca5-499d004ae545,2021-06-02,1,-0,33.457,33.458,0.582,0,0,14.52,0,0
TeamB-d3fbf47a-7e5b-1e7f-9ca5-499d004ae545,2021-06-05,1,-0,72.783,72.785,1.96,1045.6,379.6,23.16,1,3
TeamB-d3fbf47a-7e5b-1e7f-9ca5-499d004ae545,2021-06-08,1,-0,75.338,75.34,2.499,144.1,50.6,22.75,3,2
TeamB-d3fbf47a-7e5b-1e7f-9ca5-499d004ae545,2021-06-09,1,-0,125.838,125.84,5.816,484,135.7,24.87,10,24
TeamB-d3fbf47a-7e5b-1e7f-9ca5-499d004ae545,2021-06-10,1,-0,125.02,125.022,5.092,793.1,307.6,28.01,2,11
TeamB-d3fbf47a-7e5b-1e7f-9ca5-499d004ae545,2021-06-13,1,-0,92.872,92.873,2.39,207.2,91,24.07,2,4
TeamB-d3fbf47a-7e5b-1e7f-9ca5-499d004ae545,2021-06-14,1,-0,100.97,100.972,6.734,1979.8,1282.1,35.85,4,15
TeamB-d3fbf47a-7e5b-1e7f-9ca5-499d004ae545,2021-06-17,1,-0,119.117,119.118,4,143.6,12.7,21.78,7,13
TeamB-d3fbf47a-7e5b-1e7f-9ca5-499d004ae545,2021-06-18,1,-0,35.073,35.075,0.863,17.2,0,18.98,3,2
TeamB-d3fbf47a-7e5b-1e7f-9ca5-499d004ae545,2021-06-20,1,-0,129.638,129.64,6.857,621.6,160.8,25.39,7,22
TeamB-d3fbf47a-7e5b-1e7f-9ca5-499d004ae545,2021-06-21,1,-0,115.522,115.523,3.422,43,3.5,20.99,3,17
TeamB-d3fbf47a-7e5b-1e7f-9ca5-499d004ae545,2021-06-22,1,-0,136.778,136.78,3.608,406.3,120.1,23.75,1,3
TeamB-d3fbf47a-7e5b-1e7f-9ca5-499d004ae545,2021-06-23,1,-0,112.383,112.385,4.386,187.6,41.4,22.22,7,18
TeamB-d3fbf47a-7e5b-1e7f-9ca5-499d004ae545,2021-06-25,1,-0,128.257,128.258,4.537,169.5,29.9,21.65,17,27
TeamB-d3fbf47a-7e5b-1e7f-9ca5-499d004ae545,2021-06-26,1,-0,150.312,150.313,2.81,922.3,303.7,25.89,6,11
TeamB-d3fbf47a-7e5b-1e7f-9ca5-499d004ae545,2021-06-27,1,-0,91.973,91.975,3.882,45.6,3,21.32,7,19
TeamB-d3fbf47a-7e5b-1e7f-9ca5-499d004ae545,2021-06-29,1,-0,115.72,115.722,3.776,201.3,40.2,23.94,15,15
TeamB-d3fbf47a-7e5b-1e7f-9ca5-499d004ae545,2021-06-30,1,-0,153.24,153.242,2.177,27.1,7.5,21.49,5,2
TeamB-d3fbf47a-7e5b-1e7f-9ca5-499d004ae545,2021-07-01,1,-0,65.768,65.77,2.55,138.1,55.8,23.05,6,7
TeamB-d3fbf47a-7e5b-1e7f-9ca5-499d004ae545,2021-07-03,1,-0,115.523,115.525,3.823,192.8,20.4,21.66,12,23
TeamB-d3fbf47a-7e5b-1e7f-9ca5-499d004ae545,2021-07-04,1,-0,137.557,137.558,2.392,979,451.1,23.46,8,9
TeamB-d3fbf47a-7e5b-1e7f-9ca5-499d004ae545,2021-07-06,1,-0,111.082,111.083,3.463,62.8,1.2,19.22,9,10
TeamB-d3fbf47a-7e5b-1e7f-9ca5-499d004ae545,2021-07-07,1,-0,105.463,105.465,3.983,590.8,206.8,26.18,10,27
TeamB-d3fbf47a-7e5b-1e7f-9ca5-499d004ae545,2021-07-09,1,-0,96.807,96.808,3.173,121.2,20.3,23.14,5,8
TeamB-d3fbf47a-7e5b-1e7f-9ca5-499d004ae545,2021-07-11,1,-0,68.988,68.99,3.27,89.4,6.9,21.19,4,8
TeamB-d3fbf47a-7e5b-1e7f-9ca5-499d004ae545,2021-07-13,1,-0,70.873,70.875,2.102,36.3,10.3,22.91,5,8
TeamB-d3fbf47a-7e5b-1e7f-9ca5-499d004ae545,2021-07-31,1,-0,114.4,114.402,6.406,636.9,179.5,24.41,13,16
TeamB-d3fbf47a-7e5b-1e7f-9ca5-499d004ae545,2021-08-01,1,-0,91.972,91.973,4.287,238.9,63.4,23.46,12,20
TeamB-d3fbf47a-7e5b-1e7f-9ca5-499d004ae545,2021-08-02,1,-1e-4,31.7,31.702,0.653,45.9,1.7,19.67,3,3
TeamB-d3fbf47a-7e5b-1e7f-9ca5-499d004ae545,2021-08-03,1,-0,96.715,96.717,3.281,372.8,105.9,22.91,13,6
TeamB-d3fbf47a-7e5b-1e7f-9ca5-499d004ae545,2021-08-05,1,-0,137.873,137.875,4.804,303.3,94.4,25.99,6,21
TeamB-d3fbf47a-7e5b-1e7f-9ca5-499d004ae545,2021-08-06,1,-0,102.43,102.432,3.669,56.4,7.4,20.55,8,12
TeamB-d3fbf47a-7e5b-1e7f-9ca5-499d004ae545,2021-08-10,1,-0,97.478,97.48,3.197,192.1,38.5,25.86,11,11
TeamB-d3fbf47a-7e5b-1e7f-9ca5-499d004ae545,2021-08-11,1,-0,127.853,127.855,6.495,532.2,139.9,25.01,10,9
TeamB-d3fbf47a-7e5b-1e7f-9ca5-499d004ae545,2021-08-13,1,-0,96.418,96.42,3.547,56.3,1.7,20.07,6,11
TeamB-d3fbf47a-7e5b-1e7f-9ca5-499d004ae545,2021-08-15,1,-1e-4,30.883,30.885,1.611,29.9,7.6,21.2,2,2
TeamB-d3fbf47a-7e5b-1e7f-9ca5-499d004ae545,2021-08-19,1,-0,77.055,77.057,4.143,160.2,25.6,22.08,5,19
TeamB-d3fbf47a-7e5b-1e7f-9ca5-499d004ae545,2021-08-20,1,-0,73.898,73.9,3.686,331.4,157.9,24.43,4,12
TeamB-d3fbf47a-7e5b-1e7f-9ca5-499d004ae545,2021-08-23,1,-0,157.862,157.863,11.903,1726.9,696.3,26.65,14,21
TeamB-d3fbf47a-7e5b-1e7f-9ca5-499d004ae545,2021-08-24,1,-1e-4,26.857,26.858,0.459,0,0,12.81,1,0
TeamB-d3fbf47a-7e5b-1e7f-9ca5-499d004ae545,2021-08-27,1,-0,112.942,112.943,3.897,105.1,20,22.34,8,8
TeamB-d3fbf47a-7e5b-1e7f-9ca5-499d004ae545,2021-08-29,1,-0,144.155,144.157,8.87,967.6,384.3,26.81,12,32
TeamB-d3fbf47a-7e5b-1e7f-9ca5-499d004ae545,2021-08-30,1,-0,48.023,48.025,1.446,30.9,0,18.25,0,1
TeamB-d3fbf47a-7e5b-1e7f-9ca5-499d004ae545,2021-09-07,1,-0,68.038,68.04,3.286,112.2,2.3,19.78,5,16
TeamB-d3fbf47a-7e5b-1e7f-9ca5-499d004ae545,2021-09-09,1,-0,154.88,154.882,9.292,1080.3,516.3,28.76,8,15
TeamB-d3fbf47a-7e5b-1e7f-9ca5-499d004ae545,2021-09-10,1,-0,60.637,60.638,1.36,0,0,13.34,1,0
TeamB-d3fbf47a-7e5b-1e7f-9ca5-499d004ae545,2021-09-16,1,-0,113.873,113.875,4.551,271.3,80.7,25.57,7,12
TeamB-d3fbf47a-7e5b-1e7f-9ca5-499d004ae545,2021-09-17,1,-0,75.225,75.227,2.525,162.3,51.5,24.04,8,20
TeamB-d3fbf47a-7e5b-1e7f-9ca5-499d004ae545,2021-09-22,1,-0,137.245,137.247,3.842,437.5,175.5,25.14,10,14
TeamB-d3fbf47a-7e5b-1e7f-9ca5-499d004ae545,2021-09-24,1,-0,113.227,113.228,5.902,511.6,147.2,24.7,9,19
TeamB-d3fbf47a-7e5b-1e7f-9ca5-499d004ae545,2021-09-25,1,-0,117.905,117.907,3.612,247.9,80.8,23.49,6,5
TeamB-d3fbf47a-7e5b-1e7f-9ca5-499d004ae545,2021-09-27,1,-0,141.088,141.09,10.579,1319.1,565.7,27.06,10,32
TeamB-d3fbf47a-7e5b-1e7f-9ca5-499d004ae545,2021-09-29,1,-0,120.722,120.723,4.448,392.6,68.2,25.58,7,19
TeamB-d3fbf47a-7e5b-1e7f-9ca5-499d004ae545,2021-09-30,1,-0,121.19,121.192,10.278,1099.3,324.7,25.66,4,17
TeamB-d3fbf47a-7e5b-1e7f-9ca5-499d004ae545,2021-10-01,1,-0,70.295,70.297,1.673,9,0,17.53,1,3
TeamB-d3fbf47a-7e5b-1e7f-9ca5-499d004ae545,2021-10-05,1,-0,117.905,117.907,5.708,368.3,98,28.4,15,26
TeamB-d3fbf47a-7e5b-1e7f-9ca5-499d004ae545,2021-10-06,1,-0,115.057,115.058,5.618,489.3,157.2,23.79,17,29
TeamB-d3fbf47a-7e5b-1e7f-9ca5-499d004ae545,2021-10-08,1,-0,144.103,144.105,4.71,380,110.2,23.75,12,18
TeamB-d3fbf47a-7e5b-1e7f-9ca5-499d004ae545,2021-10-10,1,-0,146.405,146.407,8.41,953.6,350.9,26.4,21,43
TeamB-d3fbf47a-7e5b-1e7f-9ca5-499d004ae545,2021-10-12,1,-0,134.422,134.423,5.732,645.8,292.3,26.14,7,25
TeamB-d3fbf47a-7e5b-1e7f-9ca5-499d004ae545,2021-10-13,1,-0,164.113,164.115,11.038,1208.3,359.3,29.26,18,42
TeamB-d3fbf47a-7e5b-1e7f-9ca5-499d004ae545,2021-10-15,1,-0,92.872,92.873,4.543,261.7,60.7,24.86,7,16
TeamB-d3fbf47a-7e5b-1e7f-9ca5-499d004ae545,2021-10-17,1,-0,62.903,62.905,3.77,542.5,275.5,27.82,5,23
TeamB-d3fbf47a-7e5b-1e7f-9ca5-499d004ae545,2021-10-21,1,-0,97.687,97.688,4.003,183.6,34,27.93,7,20
TeamB-d3fbf47a-7e5b-1e7f-9ca5-499d004ae545,2021-10-22,1,-0,81.438,81.44,3.667,117,12.4,22.26,7,15
TeamB-d3fbf47a-7e5b-1e7f-9ca5-499d004ae545,2021-10-26,1,-0,88.35,88.352,4.034,174.1,32.3,24.2,8,9
TeamB-d3fbf47a-7e5b-1e7f-9ca5-499d004ae545,2021-10-27,1,-0,93.84,93.842,4.894,492.4,171.3,23.69,16,18
TeamB-d3fbf47a-7e5b-1e7f-9ca5-499d004ae545,2021-10-29,1,-0,130.857,130.858,6.077,500.3,107.1,25.08,6,25
TeamB-d3fbf47a-7e5b-1e7f-9ca5-499d004ae545,2021-10-30,1,-0,120.362,120.363,4.127,45.2,5.9,21.74,6,11
TeamB-d3fbf47a-7e5b-1e7f-9ca5-499d004ae545,2021-11-03,1,-0,126.747,126.748,5.492,161.4,18.7,23.9,9,28
TeamB-d3fbf47a-7e5b-1e7f-9ca5-499d004ae545,2021-11-04,1,-0,73.922,73.923,3.165,148.5,12.5,20.75,9,15
TeamB-d3fbf47a-7e5b-1e7f-9ca5-499d004ae545,2021-11-06,1,-0,90.872,90.873,3.736,148.1,28.4,21.69,5,12
TeamB-d3fbf47a-7e5b-1e7f-9ca5-499d004ae545,2021-11-07,1,-0,141.793,141.795,0.412,8.5,0,17.96,0,0
TeamB-d3fbf47a-7e5b-1e7f-9ca5-499d004ae545,2021-11-10,1,-0,56.332,56.333,3.114,237.6,56.3,22.62,9,21
TeamB-d3fbf47a-7e5b-1e7f-9ca5-499d004ae545,2021-11-12,1,-0,76.755,76.757,3.604,204.7,37.6,22.83,5,12
TeamB-d3fbf47a-7e5b-1e7f-9ca5-499d004ae545,2021-11-15,1,-0,87.905,87.907,3.917,173.4,25.8,22.63,8,26
TeamB-d3fbf47a-7e5b-1e7f-9ca5-499d004ae545,2021-11-18,1,-0,70.482,70.483,0.342,0,0,6.42,0,0
TeamB-d9501f3a-aaa1-4311-8b8b-3a8d3f21480f,2021-02-01,1,-0,109.657,109.658,5.788,458.8,88.7,23.35,6,13
TeamB-d9501f3a-aaa1-4311-8b8b-3a8d3f21480f,2021-02-04,1,-1e-4,22.025,22.027,1.768,213.7,75.3,24.11,2,3
TeamB-d9501f3a-aaa1-4311-8b8b-3a8d3f21480f,2021-02-05,1,-0,92.288,92.29,4.643,644.6,56.7,22.17,3,6
TeamB-d9501f3a-aaa1-4311-8b8b-3a8d3f21480f,2021-02-07,1,-0,107.74,107.742,6.291,669.9,317.7,27.1,8,2
TeamB-d9501f3a-aaa1-4311-8b8b-3a8d3f21480f,2021-02-08,1,-0,78.203,78.205,4.155,233.5,39.9,24.51,4,8
TeamB-d9501f3a-aaa1-4311-8b8b-3a8d3f21480f,2021-02-21,1,-0,106.157,106.158,5.774,393.6,81.5,23.93,16,12
TeamB-d9501f3a-aaa1-4311-8b8b-3a8d3f21480f,2021-02-24,1,-0,119.373,119.375,5.37,1005.1,482.5,28.05,18,17
TeamB-d9501f3a-aaa1-4311-8b8b-3a8d3f21480f,2021-02-25,1,-0,406.373,406.375,10.173,3505.4,2812.4,35.77,12,12
TeamB-d9501f3a-aaa1-4311-8b8b-3a8d3f21480f,2021-03-04,1,-0,104.023,104.025,5.621,628.6,293.4,28.56,8,9
TeamB-d9501f3a-aaa1-4311-8b8b-3a8d3f21480f,2021-03-05,1,-0,104.62,104.622,5.939,400.6,85.1,23.49,8,7
TeamB-d9501f3a-aaa1-4311-8b8b-3a8d3f21480f,2021-03-06,1,-0,84.272,84.273,4.915,340.3,91.6,23.95,3,5
TeamB-d9501f3a-aaa1-4311-8b8b-3a8d3f21480f,2021-03-08,1,-0,102.397,102.398,4.857,343.4,119.4,23.68,8,13
TeamB-d9501f3a-aaa1-4311-8b8b-3a8d3f21480f,2021-03-09,1,-0,121.84,121.842,5.845,1011.7,480.1,26.73,8,7
TeamB-d9501f3a-aaa1-4311-8b8b-3a8d3f21480f,2021-03-22,1,-0,126.403,126.405,5.482,473.3,153,24.83,10,7
TeamB-d9501f3a-aaa1-4311-8b8b-3a8d3f21480f,2021-03-23,1,-0,101.477,101.478,5.892,363.9,75,22.92,7,9
TeamB-d9501f3a-aaa1-4311-8b8b-3a8d3f21480f,2021-03-25,1,-0,129.215,129.217,6.118,1008.3,424.6,28.57,9,15
TeamB-d9501f3a-aaa1-4311-8b8b-3a8d3f21480f,2021-03-26,1,-0,79.437,79.438,3.612,83.4,2.2,20.18,3,2
TeamB-d9501f3a-aaa1-4311-8b8b-3a8d3f21480f,2021-03-29,1,-0,129.818,129.82,6.383,479.5,138.4,25.45,4,5
TeamB-d9501f3a-aaa1-4311-8b8b-3a8d3f21480f,2021-03-30,1,-0,150.407,150.408,5.958,363.7,58,21.66,6,11
TeamB-d9501f3a-aaa1-4311-8b8b-3a8d3f21480f,2021-03-31,1,-0,35.972,35.973,1.143,32.9,0.6,18.39,0,0
TeamB-d9501f3a-aaa1-4311-8b8b-3a8d3f21480f,2021-04-08,1,-0,105.855,105.857,5.648,715.1,199.4,25.22,7,13
TeamB-d9501f3a-aaa1-4311-8b8b-3a8d3f21480f,2021-04-09,1,-0,95.473,95.475,3.687,230.5,67.6,25.28,5,5
TeamB-d9501f3a-aaa1-4311-8b8b-3a8d3f21480f,2021-04-12,1,-0,111.657,111.658,7.697,1268.5,503.5,25.36,11,10
TeamB-d9501f3a-aaa1-4311-8b8b-3a8d3f21480f,2021-04-13,1,-0,118.02,118.022,5.69,379.6,120.3,24.79,3,5
TeamB-d9501f3a-aaa1-4311-8b8b-3a8d3f21480f,2021-04-15,1,-0,107.427,107.428,5.241,348.3,37.4,22.91,4,6
TeamB-d9501f3a-aaa1-4311-8b8b-3a8d3f21480f,2021-04-16,1,-0,102.887,102.888,3.988,199.8,35.8,22.5,4,6
TeamB-d9501f3a-aaa1-4311-8b8b-3a8d3f21480f,2021-04-19,1,-0,110.855,110.857,4.343,434.5,120.5,24.45,5,6
TeamB-d9501f3a-aaa1-4311-8b8b-3a8d3f21480f,2021-04-20,1,-0,132.617,132.618,5.639,651.4,248.3,25.43,7,11
TeamB-d9501f3a-aaa1-4311-8b8b-3a8d3f21480f,2021-04-21,1,-0,74.777,74.778,2.348,13.8,0,17.02,0,2
TeamB-d9501f3a-aaa1-4311-8b8b-3a8d3f21480f,2021-04-26,1,-0,86.897,86.898,2.329,25.9,6.4,21.26,4,9
TeamB-d9501f3a-aaa1-4311-8b8b-3a8d3f21480f,2021-04-27,1,-0,127.355,127.357,8.144,1677.5,454.5,27.38,7,11
TeamB-d9501f3a-aaa1-4311-8b8b-3a8d3f21480f,2021-04-29,1,-0,96.855,96.857,3.899,107.2,7.5,20.29,4,4
TeamB-d9501f3a-aaa1-4311-8b8b-3a8d3f21480f,2021-04-30,1,-0,91.638,91.64,2.706,152.4,30,22.84,5,7
TeamB-d9501f3a-aaa1-4311-8b8b-3a8d3f21480f,2021-05-04,1,-0,123.883,123.885,6.603,874.6,353,25.63,6,10
TeamB-d9501f3a-aaa1-4311-8b8b-3a8d3f21480f,2021-05-05,1,-0,125.315,125.317,6.51,429.1,168.6,27.04,11,9
TeamB-d9501f3a-aaa1-4311-8b8b-3a8d3f21480f,2021-05-07,1,-0,90.725,90.727,2.681,66.6,4,20.84,6,4
TeamB-d9501f3a-aaa1-4311-8b8b-3a8d3f21480f,2021-05-08,1,-0,163.89,163.892,9.059,852.3,252.3,25.57,10,7
TeamB-d9501f3a-aaa1-4311-8b8b-3a8d3f21480f,2021-05-10,1,-0,79.967,79.968,2.856,61.1,0,18.57,7,2
TeamB-d9501f3a-aaa1-4311-8b8b-3a8d3f21480f,2021-05-11,1,-0,150.693,150.695,6.134,1188.5,255.4,24.98,9,6
TeamB-d9501f3a-aaa1-4311-8b8b-3a8d3f21480f,2021-05-12,1,-0,96.588,96.59,2.947,132.1,25.6,23.52,1,1
TeamB-d9501f3a-aaa1-4311-8b8b-3a8d3f21480f,2021-05-14,1,-0,113.095,113.097,2.471,44.4,4.1,21.34,7,5
TeamB-d9501f3a-aaa1-4311-8b8b-3a8d3f21480f,2021-05-15,1,-0,100.405,100.407,7.079,848.3,316.9,28.81,12,5
TeamB-d9501f3a-aaa1-4311-8b8b-3a8d3f21480f,2021-05-18,1,-0,150.907,150.908,6.399,1136.5,602.5,28.49,9,5
TeamB-d9501f3a-aaa1-4311-8b8b-3a8d3f21480f,2021-05-21,1,-0,92.338,92.34,2.873,133.7,13.8,21.52,10,5
TeamB-d9501f3a-aaa1-4311-8b8b-3a8d3f21480f,2021-05-24,1,-0,127.007,127.008,4.544,174.8,33.4,23.16,4,9
TeamB-d9501f3a-aaa1-4311-8b8b-3a8d3f21480f,2021-05-25,1,-0,108.333,108.335,5.768,634.9,189.4,24.57,10,7
TeamB-d9501f3a-aaa1-4311-8b8b-3a8d3f21480f,2021-05-26,1,-0,106.138,106.14,5.988,426,78.7,23.49,19,10
TeamB-d9501f3a-aaa1-4311-8b8b-3a8d3f21480f,2021-05-28,1,-0,107.353,107.355,3.677,258.8,87,23.02,9,11
TeamB-d9501f3a-aaa1-4311-8b8b-3a8d3f21480f,2021-05-29,1,-0,147.223,147.225,6.099,655.2,216.3,27.26,8,8
TeamB-d9501f3a-aaa1-4311-8b8b-3a8d3f21480f,2021-06-05,1,-0,144.387,144.388,9.876,994.5,284.3,26.94,13,11
TeamB-d9501f3a-aaa1-4311-8b8b-3a8d3f21480f,2021-06-20,1,-0,123.677,123.678,6.112,386.2,52.1,24.3,12,10
TeamB-d9501f3a-aaa1-4311-8b8b-3a8d3f21480f,2021-06-21,1,-0,97.323,97.325,3.283,94,3.4,19.84,13,5
TeamB-d9501f3a-aaa1-4311-8b8b-3a8d3f21480f,2021-06-22,1,-0,117.4,117.402,6.341,597.2,165.6,25.74,7,12
TeamB-d9501f3a-aaa1-4311-8b8b-3a8d3f21480f,2021-06-23,1,-0,95.85,95.852,0.807,3.3,0,17.25,1,0
TeamB-d9501f3a-aaa1-4311-8b8b-3a8d3f21480f,2021-06-25,1,-0,81.835,81.837,3.267,274.3,90.3,23.72,7,2
TeamB-d9501f3a-aaa1-4311-8b8b-3a8d3f21480f,2021-06-26,1,-0,68.538,68.54,5.42,1049.4,301.8,27.39,6,4
TeamB-d9501f3a-aaa1-4311-8b8b-3a8d3f21480f,2021-06-27,1,-0,99.008,99.01,3.986,184.4,43.3,23,5,1
TeamB-d9501f3a-aaa1-4311-8b8b-3a8d3f21480f,2021-06-29,1,-0,103.782,103.783,3.206,215.5,41.1,22.69,11,10
TeamB-d9501f3a-aaa1-4311-8b8b-3a8d3f21480f,2021-06-30,1,-0,171.355,171.357,12.22,1204.9,365.6,25.91,15,16
TeamB-d9501f3a-aaa1-4311-8b8b-3a8d3f21480f,2021-07-01,1,-0,46.773,46.775,2.272,0,0,12.24,0,0
TeamB-d9501f3a-aaa1-4311-8b8b-3a8d3f21480f,2021-07-03,1,-0,93.843,93.845,1.727,46,5.7,20.47,7,7
TeamB-d9501f3a-aaa1-4311-8b8b-3a8d3f21480f,2021-07-06,1,-0,126.222,126.223,2.478,103.8,50,25.84,5,8
TeamB-d9501f3a-aaa1-4311-8b8b-3a8d3f21480f,2021-07-07,1,-0,122.123,122.125,6.205,945.6,428.7,27.96,13,7
TeamB-d9501f3a-aaa1-4311-8b8b-3a8d3f21480f,2021-07-09,1,-0,87.138,87.14,3.105,157.7,16.6,21.12,9,4
TeamB-d9501f3a-aaa1-4311-8b8b-3a8d3f21480f,2021-07-10,1,-0,173.673,173.675,11.927,1123.8,387,26.69,14,14
TeamB-d9501f3a-aaa1-4311-8b8b-3a8d3f21480f,2021-07-31,1,-0,120.973,120.975,5.805,735.5,228.7,26,6,2
TeamB-d9501f3a-aaa1-4311-8b8b-3a8d3f21480f,2021-08-01,1,-0,103.388,103.39,4.224,288.9,109,25.4,13,17
TeamB-d9501f3a-aaa1-4311-8b8b-3a8d3f21480f,2021-08-02,1,-0,149.122,149.123,5.538,638.2,124.3,24.26,3,8
TeamB-d9501f3a-aaa1-4311-8b8b-3a8d3f21480f,2021-08-03,1,-0,76.977,76.978,2.884,523.8,250.7,22.49,9,6
TeamB-d9501f3a-aaa1-4311-8b8b-3a8d3f21480f,2021-08-05,1,-0,129.072,129.073,6.684,749.6,258.1,24.43,13,7
TeamB-d9501f3a-aaa1-4311-8b8b-3a8d3f21480f,2021-08-06,1,-0,145.283,145.285,4.618,253.5,87,24.27,12,10
TeamB-d9501f3a-aaa1-4311-8b8b-3a8d3f21480f,2021-08-07,1,-0,116.387,116.388,4.875,642.7,206.8,28.22,10,5
TeamB-d9501f3a-aaa1-4311-8b8b-3a8d3f21480f,2021-08-10,1,-0,120.945,120.947,3.929,188.5,76.5,24.67,9,11
TeamB-d9501f3a-aaa1-4311-8b8b-3a8d3f21480f,2021-08-11,1,-0,122.063,122.065,10.121,1229.7,307.5,26.63,15,8
TeamB-d9501f3a-aaa1-4311-8b8b-3a8d3f21480f,2021-08-13,1,-0,90.382,90.383,3.698,145.5,22,21.45,11,3
TeamB-d9501f3a-aaa1-4311-8b8b-3a8d3f21480f,2021-08-14,1,-0,54.888,54.89,3.364,456,175.6,26.86,2,2
TeamB-d9501f3a-aaa1-4311-8b8b-3a8d3f21480f,2021-08-17,1,-0,66.338,66.34,3.67,449.6,140.7,24.28,8,4
TeamB-d9501f3a-aaa1-4311-8b8b-3a8d3f21480f,2021-08-18,1,-0,144.507,144.508,3.359,683.5,154.5,28.26,2,5
TeamB-d9501f3a-aaa1-4311-8b8b-3a8d3f21480f,2021-08-19,1,-0,85.423,85.425,3.29,43.6,2.9,20.81,11,10
TeamB-d9501f3a-aaa1-4311-8b8b-3a8d3f21480f,2021-08-20,1,-0,71.903,71.905,2.727,187.6,49.4,22.67,1,0
TeamB-d9501f3a-aaa1-4311-8b8b-3a8d3f21480f,2021-08-21,1,-0,67.6,67.602,4.732,717.2,276.3,28.71,8,7
TeamB-d9501f3a-aaa1-4311-8b8b-3a8d3f21480f,2021-08-23,1,-0,135.805,135.807,3.656,234.1,44.1,23.51,3,2
TeamB-d9501f3a-aaa1-4311-8b8b-3a8d3f21480f,2021-08-24,1,-0,133.855,133.857,10.756,1471.2,538.9,27.91,17,11
TeamB-d9501f3a-aaa1-4311-8b8b-3a8d3f21480f,2021-08-26,1,-0,74.538,74.54,2.996,304,110.9,24.63,6,2
TeamB-d9501f3a-aaa1-4311-8b8b-3a8d3f21480f,2021-08-27,1,-0,91.372,91.373,2.993,121.6,29.2,22.69,10,5
TeamB-d9501f3a-aaa1-4311-8b8b-3a8d3f21480f,2021-08-28,1,-0,122.757,122.758,9.318,968.5,303.8,26.37,10,6
TeamB-d9501f3a-aaa1-4311-8b8b-3a8d3f21480f,2021-08-30,1,-0,87.388,87.39,3.839,313.4,108.6,24.85,9,5
TeamB-d9501f3a-aaa1-4311-8b8b-3a8d3f21480f,2021-08-31,1,-0,151.028,151.03,3.651,171.6,32.8,25.5,4,4
TeamB-d9501f3a-aaa1-4311-8b8b-3a8d3f21480f,2021-09-03,1,-0,86.905,86.907,2.946,253.5,110.5,25.13,4,2
TeamB-d9501f3a-aaa1-4311-8b8b-3a8d3f21480f,2021-09-04,1,-0,151.483,151.485,3.055,349,113.9,27.13,9,3
TeamB-d9501f3a-aaa1-4311-8b8b-3a8d3f21480f,2021-09-08,1,-0,51.905,51.907,3.878,939.6,296.5,28.67,3,3
TeamB-d9501f3a-aaa1-4311-8b8b-3a8d3f21480f,2021-09-29,1,-0,105.857,105.858,7.171,1180.3,547.4,26.99,12,25
TeamB-d9501f3a-aaa1-4311-8b8b-3a8d3f21480f,2021-10-01,1,-0,90.023,90.025,3.848,119,33.3,24.35,10,13
TeamB-d9501f3a-aaa1-4311-8b8b-3a8d3f21480f,2021-10-05,1,-0,61.752,61.753,2.016,246.5,67.6,24.73,2,8
TeamB-d9501f3a-aaa1-4311-8b8b-3a8d3f21480f,2021-10-06,1,-0,99.832,99.833,4.862,1543.5,27.4,20.71,2,1
TeamB-d9501f3a-aaa1-4311-8b8b-3a8d3f21480f,2021-10-13,1,-0,99.988,99.99,3.124,425.6,73.3,22.01,23,23
TeamB-d9501f3a-aaa1-4311-8b8b-3a8d3f21480f,2021-10-15,1,-0,113.922,113.923,4.578,208.5,10.9,21.18,13,16
TeamB-d9501f3a-aaa1-4311-8b8b-3a8d3f21480f,2021-10-19,1,-0,82.057,82.058,3.977,68.7,0.6,18.98,5,5
TeamB-d9501f3a-aaa1-4311-8b8b-3a8d3f21480f,2021-10-22,1,-0,97.538,97.54,5.954,142.7,35,22.93,3,12
TeamB-d9501f3a-aaa1-4311-8b8b-3a8d3f21480f,2021-10-26,1,-0,59.255,59.257,3.589,145.2,29.3,22.75,8,7
TeamB-d9501f3a-aaa1-4311-8b8b-3a8d3f21480f,2021-10-27,1,-0,101.44,101.442,5.237,761.2,265.8,24.76,13,0
TeamB-d9501f3a-aaa1-4311-8b8b-3a8d3f21480f,2021-10-29,1,-0,108.878,108.88,6.046,594.6,164.1,25.64,14,11
TeamB-d9501f3a-aaa1-4311-8b8b-3a8d3f21480f,2021-10-30,1,-0,102.84,102.842,3.629,140.2,54,22.66,6,4
TeamB-d9501f3a-aaa1-4311-8b8b-3a8d3f21480f,2021-11-03,1,-0,90.045,90.047,4.33,207.4,41.8,23.16,14,12
TeamB-d9501f3a-aaa1-4311-8b8b-3a8d3f21480f,2021-11-04,1,-0,89.055,89.057,5.004,638.3,273.9,29.67,10,5
TeamB-d9501f3a-aaa1-4311-8b8b-3a8d3f21480f,2021-11-06,1,-0,69.807,69.808,1.886,29.5,0,18.72,3,4
TeamB-d9501f3a-aaa1-4311-8b8b-3a8d3f21480f,2021-11-07,1,-0,64.292,64.293,5.071,430.1,158.8,27.06,4,6
TeamB-d9501f3a-aaa1-4311-8b8b-3a8d3f21480f,2021-11-12,1,-0,78.905,78.907,4.646,228.5,34.3,23.27,6,5
TeamB-d9501f3a-aaa1-4311-8b8b-3a8d3f21480f,2021-11-13,1,-0,49.35,49.352,3.758,507.2,242,28.92,15,14
TeamB-e005b860-51ef-1922-fe43-c49e149818d1,2020-06-16,1,-0,78.833,78.835,3.315,178.8,37.1,21.67,6,4
TeamB-e005b860-51ef-1922-fe43-c49e149818d1,2020-06-18,1,-1e-4,31.655,31.657,1.101,0.9,0,15.78,0,0
TeamB-e005b860-51ef-1922-fe43-c49e149818d1,2020-06-23,1,-1e-4,25.473,25.475,1.301,253.5,111.3,25.7,1,4
TeamB-e005b860-51ef-1922-fe43-c49e149818d1,2020-06-25,1,-0,87.223,87.225,2.392,46.7,15.1,21.67,2,4
TeamB-e005b860-51ef-1922-fe43-c49e149818d1,2020-06-26,1,-0,72.407,72.408,2.841,132.2,40.3,22.59,1,3
TeamB-e005b860-51ef-1922-fe43-c49e149818d1,2020-06-27,1,-1e-4,25.022,25.023,1.213,205.4,77.5,24.88,3,2
TeamB-e005b860-51ef-1922-fe43-c49e149818d1,2020-06-29,1,-0,97.205,97.207,4.272,80.7,21.5,21.94,9,6
TeamB-e005b860-51ef-1922-fe43-c49e149818d1,2020-06-30,1,-0,110.937,110.938,6.239,752.3,143.8,26.24,9,12
TeamB-e005b860-51ef-1922-fe43-c49e149818d1,2020-07-01,1,-0,88.337,88.338,4.269,266.9,58.1,22.53,8,8
TeamB-e005b860-51ef-1922-fe43-c49e149818d1,2020-07-02,1,-0,90.44,90.442,3.962,202.6,55.3,24.6,6,12
TeamB-e005b860-51ef-1922-fe43-c49e149818d1,2020-07-03,1,-0,71.937,71.938,3.201,63.2,17.3,21.78,4,3
TeamB-e005b860-51ef-1922-fe43-c49e149818d1,2020-07-07,1,-0,107.422,107.423,6.82,1101.6,267,25.51,16,23
TeamB-e005b860-51ef-1922-fe43-c49e149818d1,2020-07-08,1,-0,81.473,81.475,3.47,124.3,7.4,20.28,4,4
TeamB-e005b860-51ef-1922-fe43-c49e149818d1,2020-07-09,1,-0,89.888,89.89,3.72,115.9,23.9,23.31,11,8
TeamB-e005b860-51ef-1922-fe43-c49e149818d1,2020-07-13,1,-0,67.507,67.508,3.07,17.1,0,18.24,8,3
TeamB-e005b860-51ef-1922-fe43-c49e149818d1,2020-07-14,1,-0,115.065,115.067,6.834,511.2,100.9,24.71,14,15
TeamB-e005b860-51ef-1922-fe43-c49e149818d1,2020-07-15,1,-0,105.203,105.205,5.025,137,34.1,27.81,5,16
TeamB-e005b860-51ef-1922-fe43-c49e149818d1,2020-07-16,1,-0,94.37,94.372,4.305,242,73.8,24.97,6,7
TeamB-e005b860-51ef-1922-fe43-c49e149818d1,2020-07-17,1,-0,101.59,101.592,3.849,110.6,16.1,21.21,7,12
TeamB-e005b860-51ef-1922-fe43-c49e149818d1,2020-07-20,1,-0,56.557,56.558,2.561,52.5,0,18.27,8,7
TeamB-e005b860-51ef-1922-fe43-c49e149818d1,2020-07-21,1,-0,103.003,103.005,5.951,1051.7,204.9,26.13,10,12
TeamB-e005b860-51ef-1922-fe43-c49e149818d1,2020-07-22,1,-0,78.055,78.057,3.651,122.7,4,20.04,5,9
TeamB-e005b860-51ef-1922-fe43-c49e149818d1,2020-07-23,1,-0,69.133,69.135,2.754,58.6,13,21.97,5,6
TeamB-e005b860-51ef-1922-fe43-c49e149818d1,2020-07-27,1,-0,70.867,70.868,2.229,121.9,17.6,22.12,5,8
TeamB-e005b860-51ef-1922-fe43-c49e149818d1,2020-07-28,1,-0,111.507,111.508,7.013,859.4,166.9,26.11,12,18
TeamB-e005b860-51ef-1922-fe43-c49e149818d1,2020-07-29,1,-0,94.34,94.342,4.575,350.3,83.6,23.43,7,9
TeamB-e005b860-51ef-1922-fe43-c49e149818d1,2020-07-31,1,-0,96.538,96.54,3.844,173.1,44.7,22.15,6,8
TeamB-e005b860-51ef-1922-fe43-c49e149818d1,2020-08-01,1,-2e-4,10.922,10.923,0.432,66.8,26,24.25,0,1
TeamB-e005b860-51ef-1922-fe43-c49e149818d1,2020-08-03,1,-0,75.89,75.892,2.83,44.9,4,20.33,5,2
TeamB-e005b860-51ef-1922-fe43-c49e149818d1,2020-08-04,1,-0,101.972,101.973,6.511,638.3,107,25.76,10,15
TeamB-e005b860-51ef-1922-fe43-c49e149818d1,2020-08-05,1,-0,63.453,63.455,3.134,202,38.1,22.1,5,8
TeamB-e005b860-51ef-1922-fe43-c49e149818d1,2020-08-06,1,-0,93.588,93.59,3.68,114.8,14.2,22.13,7,11
TeamB-e005b860-51ef-1922-fe43-c49e149818d1,2020-08-10,1,-0,91.95,91.952,4.538,317.4,49,24.36,5,7
TeamB-e005b860-51ef-1922-fe43-c49e149818d1,2020-08-11,1,-0,87.362,87.363,2.992,86.5,13.1,21.84,6,3
TeamB-e005b860-51ef-1922-fe43-c49e149818d1,2020-08-14,1,-0,90.972,90.973,3.637,349.2,32.1,21.78,5,4
TeamB-e005b860-51ef-1922-fe43-c49e149818d1,2020-08-15,1,-0,63.99,63.992,2.48,120.4,23.3,22.28,3,3
TeamB-e005b860-51ef-1922-fe43-c49e149818d1,2020-08-18,1,-0,76.338,76.34,3.009,63.9,26.1,22.56,1,3
TeamB-e005b860-51ef-1922-fe43-c49e149818d1,2020-08-19,1,-0,80.337,80.338,4.638,312.8,51.9,23,7,12
TeamB-e005b860-51ef-1922-fe43-c49e149818d1,2020-08-20,1,-0,75.057,75.058,3.199,372.4,121.6,23.97,7,5
TeamB-e005b860-51ef-1922-fe43-c49e149818d1,2020-08-21,1,-0,63.713,63.715,3.229,196.5,37.6,23.34,8,10
TeamB-e005b860-51ef-1922-fe43-c49e149818d1,2020-08-24,1,-0,84.935,84.937,3.986,101.2,3.5,20.7,6,11
TeamB-e005b860-51ef-1922-fe43-c49e149818d1,2020-08-25,1,-0,61.922,61.923,2.05,69.9,14.3,23.11,1,6
TeamB-e005b860-51ef-1922-fe43-c49e149818d1,2020-08-27,1,-0,56.898,56.9,2.449,145.1,16,20.7,4,3
TeamB-e005b860-51ef-1922-fe43-c49e149818d1,2020-08-29,1,-0,71.053,71.055,2.881,186.8,32.7,22.33,3,6
TeamB-e005b860-51ef-1922-fe43-c49e149818d1,2020-08-30,1,-0,109.413,109.415,9.277,1263.6,307.3,25.52,7,11
TeamB-e005b860-51ef-1922-fe43-c49e149818d1,2020-09-02,1,-0,93.192,93.193,5.209,481.3,44.9,24.18,8,20
TeamB-e005b860-51ef-1922-fe43-c49e149818d1,2020-09-03,1,-0,86.853,86.855,3.778,419.4,120.1,24.9,6,4
TeamB-e005b860-51ef-1922-fe43-c49e149818d1,2020-09-04,1,-0,67.657,67.658,2.452,111.3,23.5,23.85,4,9
TeamB-e005b860-51ef-1922-fe43-c49e149818d1,2020-09-07,1,-0,71.44,71.442,2.947,146.4,8.1,20.97,5,10
TeamB-e005b860-51ef-1922-fe43-c49e149818d1,2020-09-08,1,-0,94.818,94.82,5.652,992.4,219.1,26.91,9,9
TeamB-e005b860-51ef-1922-fe43-c49e149818d1,2020-09-09,1,-0,93.99,93.992,4.067,162.8,46.5,24.09,4,11
TeamB-e005b860-51ef-1922-fe43-c49e149818d1,2020-09-11,1,-0,69.173,69.175,3.337,228.1,56.5,22.81,6,14
TeamB-e005b860-51ef-1922-fe43-c49e149818d1,2020-09-21,1,-0,129.875,129.877,6.049,304.1,38,22.43,9,5
TeamB-e005b860-51ef-1922-fe43-c49e149818d1,2020-09-22,1,-0,107.122,107.123,5.983,1000.3,163.1,25.38,9,7
TeamB-e005b860-51ef-1922-fe43-c49e149818d1,2020-09-24,1,-0,112.055,112.057,6.629,733.5,193.4,25.17,3,8
TeamB-e005b860-51ef-1922-fe43-c49e149818d1,2020-09-25,1,-0,89.54,89.542,4.943,380.6,95.6,25.82,5,10
TeamB-e005b860-51ef-1922-fe43-c49e149818d1,2020-09-26,1,-0,80.392,80.393,2.749,107.5,24.3,21.93,5,7
TeamB-e005b860-51ef-1922-fe43-c49e149818d1,2020-09-27,1,-1e-4,26.923,26.925,2.154,458.4,94.1,24.52,2,5
TeamB-e005b860-51ef-1922-fe43-c49e149818d1,2020-09-29,1,-0,77.007,77.008,2.745,17.3,0,17.8,5,3
TeamB-e005b860-51ef-1922-fe43-c49e149818d1,2020-09-30,1,-0,125.505,125.507,7.483,476.6,83.6,22.73,15,27
TeamB-e005b860-51ef-1922-fe43-c49e149818d1,2020-10-01,1,-0,91.872,91.873,5.316,431.8,78,23.43,5,14
TeamB-e005b860-51ef-1922-fe43-c49e149818d1,2020-10-02,1,-0,110.057,110.058,6.511,793.5,229.2,24.52,14,9
TeamB-e005b860-51ef-1922-fe43-c49e149818d1,2020-10-05,1,-0,111.94,111.942,6.259,513.1,81.3,22.24,14,18
TeamB-e005b860-51ef-1922-fe43-c49e149818d1,2020-10-06,1,-0,86.853,86.855,4.003,331.9,79.1,23.74,5,7
TeamB-e005b860-51ef-1922-fe43-c49e149818d1,2020-10-08,1,-0,69.94,69.942,2.853,78.7,8.1,21.15,2,4
TeamB-e005b860-51ef-1922-fe43-c49e149818d1,2020-10-10,1,-0,94.905,94.907,4.811,163.2,23.8,21.83,10,7
TeamB-e005b860-51ef-1922-fe43-c49e149818d1,2020-10-11,1,-0,99.538,99.54,4.938,134,47.2,23.37,6,10
TeamB-e005b860-51ef-1922-fe43-c49e149818d1,2020-10-13,1,-0,111.522,111.523,6.888,517.7,130.3,23.83,12,17
TeamB-e005b860-51ef-1922-fe43-c49e149818d1,2020-10-14,1,-0,102.607,102.608,5.613,814.8,268,24.89,8,14
TeamB-e005b860-51ef-1922-fe43-c49e149818d1,2020-10-16,1,-0,107.14,107.142,4.645,290.2,80.6,23.85,7,9
TeamB-e005b860-51ef-1922-fe43-c49e149818d1,2020-10-17,1,-0,65.338,65.34,2.782,56.6,7.5,21.16,9,9
TeamB-e005b860-51ef-1922-fe43-c49e149818d1,2020-10-21,1,-0,87.505,87.507,4.241,86.6,2.3,19.58,7,8
TeamB-e005b860-51ef-1922-fe43-c49e149818d1,2020-10-22,1,-0,121.957,121.958,5.974,524.8,153.3,24.88,15,22
TeamB-e005b860-51ef-1922-fe43-c49e149818d1,2020-10-23,1,-0,97.337,97.338,3.782,40.7,6.5,22.08,5,4
TeamB-e005b860-51ef-1922-fe43-c49e149818d1,2020-10-26,1,-0,88.85,88.852,3.868,202.4,26.8,23.19,6,10
TeamB-e005b860-51ef-1922-fe43-c49e149818d1,2020-10-27,1,-0,119.455,119.457,5.536,650.8,357.8,27.09,10,10
TeamB-e005b860-51ef-1922-fe43-c49e149818d1,2020-10-29,1,-0,116.655,116.657,6.023,574.4,126.8,23.82,8,11
TeamB-e005b860-51ef-1922-fe43-c49e149818d1,2020-10-30,1,-0,82.172,82.173,4.642,506.2,144.9,24.85,4,14
TeamB-e005b860-51ef-1922-fe43-c49e149818d1,2020-10-31,1,-0,78.567,78.568,3.245,130.5,9.1,20.94,7,7
TeamB-e005b860-51ef-1922-fe43-c49e149818d1,2020-11-02,1,-0,74.757,74.758,3.973,242.6,70.8,23.27,5,6
TeamB-e005b860-51ef-1922-fe43-c49e149818d1,2020-11-03,1,-0,64.143,64.145,3.057,122.8,23.8,22.26,3,4
TeamB-e005b860-51ef-1922-fe43-c49e149818d1,2020-11-04,1,-0,70.737,70.738,5.785,643.9,125.8,26.12,4,10
TeamB-e005b860-51ef-1922-fe43-c49e149818d1,2020-11-05,1,-0,63.867,63.868,3.575,201,30.3,21.83,6,5
TeamB-e005b860-51ef-1922-fe43-c49e149818d1,2020-11-06,1,-0,82.752,82.753,3.293,143.9,11.9,20.66,6,3
TeamB-e005b860-51ef-1922-fe43-c49e149818d1,2020-11-12,1,-0,64.802,64.803,2.927,81.7,6.8,20.5,7,7
TeamB-e005b860-51ef-1922-fe43-c49e149818d1,2020-11-14,1,-0,116.797,116.798,6.235,513.1,97.9,22.5,7,11
TeamB-e005b860-51ef-1922-fe43-c49e149818d1,2020-11-15,1,-0,105.238,105.24,5.985,585.3,171.5,24.36,12,20
TeamB-e005b860-51ef-1922-fe43-c49e149818d1,2020-11-16,1,-0,63.125,63.127,2.482,96.6,0.6,19.78,1,0
TeamB-e005b860-51ef-1922-fe43-c49e149818d1,2020-11-19,1,-1e-4,22.47,22.472,2.263,504.5,94.3,23.62,6,7
TeamB-e005b860-51ef-1922-fe43-c49e149818d1,2020-11-21,1,-0,66.257,66.258,2.763,79.3,10.4,21.27,5,9
TeamB-e005b860-51ef-1922-fe43-c49e149818d1,2020-11-27,1,-0,72.955,72.957,3.859,106.8,1.1,19.81,4,6
TeamB-e005b860-51ef-1922-fe43-c49e149818d1,2020-11-30,1,-0,96.282,96.283,4.689,245.2,29.7,22.22,9,14
TeamB-e005b860-51ef-1922-fe43-c49e149818d1,2020-12-01,1,-0,79.912,79.913,4.293,254.6,70.4,24.21,11,11
TeamB-e005b860-51ef-1922-fe43-c49e149818d1,2020-12-04,1,-0,83.372,83.373,5.554,514,57.8,21.9,11,13
TeamB-e005b860-51ef-1922-fe43-c49e149818d1,2020-12-05,1,-0,75.957,75.958,3.459,149.3,22.9,22.94,8,8
TeamB-e005b860-51ef-1922-fe43-c49e149818d1,2020-12-08,1,-0,67.485,67.487,3.284,194.4,11.4,20.97,6,11
TeamB-e005b860-51ef-1922-fe43-c49e149818d1,2020-12-09,1,-0,59.713,59.715,2.412,60.2,2.9,19.93,5,6
TeamB-e005b860-51ef-1922-fe43-c49e149818d1,2020-12-10,1,-0,75.568,75.57,5.143,556.8,188.7,26.23,6,13
TeamB-e005b860-51ef-1922-fe43-c49e149818d1,2020-12-12,1,-0,67.005,67.007,3.047,147.5,44.1,22.31,5,10
TeamB-e005b860-51ef-1922-fe43-c49e149818d1,2021-02-01,1,-0,107.855,107.857,6.092,379.9,66,23.08,4,12
TeamB-e005b860-51ef-1922-fe43-c49e149818d1,2021-02-03,1,-0,67.157,67.158,2.487,120.2,9.7,21.27,4,4
TeamB-e005b860-51ef-1922-fe43-c49e149818d1,2021-02-04,1,-1e-4,31.338,31.34,3.516,571.2,191.1,29.02,2,2
TeamB-e005b860-51ef-1922-fe43-c49e149818d1,2021-02-05,1,-0,93.097,93.098,5.082,668.1,60.3,21.41,10,16
TeamB-e005b860-51ef-1922-fe43-c49e149818d1,2021-02-07,1,-0,107.677,107.678,7.427,900.9,301.2,25.86,4,13
TeamB-e005b860-51ef-1922-fe43-c49e149818d1,2021-02-08,1,-0,81.747,81.748,5.086,282.7,46.2,21.85,6,21
TeamB-e005b860-51ef-1922-fe43-c49e149818d1,2021-02-10,1,-0,63.805,63.807,3.542,95.3,0,18.45,6,11
TeamB-e005b860-51ef-1922-fe43-c49e149818d1,2021-02-20,1,-0,74.9,74.902,4.763,218,13.9,21.73,3,12
TeamB-e005b860-51ef-1922-fe43-c49e149818d1,2021-02-21,1,-1e-4,32.435,32.437,1.815,78,1.1,18.97,4,4
TeamB-e005b860-51ef-1922-fe43-c49e149818d1,2021-03-01,1,-0,107.472,107.473,6.153,452.6,93.7,23.77,8,9
TeamB-e005b860-51ef-1922-fe43-c49e149818d1,2021-03-02,1,-0,131.77,131.772,6.06,903.6,213.4,27.16,10,8
TeamB-e005b860-51ef-1922-fe43-c49e149818d1,2021-03-12,1,-0,92.75,92.752,6.14,563.9,185.6,26.35,6,13
TeamB-e005b860-51ef-1922-fe43-c49e149818d1,2021-03-15,1,-0,99.943,99.945,5.213,835.6,327.1,29.44,6,9
TeamB-e005b860-51ef-1922-fe43-c49e149818d1,2021-04-27,1,-0,132.558,132.56,6.48,603.4,245.8,26.35,15,14
TeamB-e005b860-51ef-1922-fe43-c49e149818d1,2021-04-29,1,-0,106.457,106.458,5.424,250.8,60.8,23.19,6,3
TeamB-e005b860-51ef-1922-fe43-c49e149818d1,2021-04-30,1,-0,102.54,102.542,4.102,124.5,47.5,23.22,9,3
TeamB-e005b860-51ef-1922-fe43-c49e149818d1,2021-05-01,1,-0,151.922,151.923,12.146,1210.8,356.8,26.42,5,18
TeamB-e005b860-51ef-1922-fe43-c49e149818d1,2021-05-03,1,2e-4,91.922,91.905,3.456,94.9,9.7,21.45,9,3
TeamB-e005b860-51ef-1922-fe43-c49e149818d1,2021-05-24,1,-0,102.655,102.657,4.76,99.7,5.1,20.3,4,6
TeamB-e4321aef-964a-4fdd-88bd-0bd548b0e93b,2020-06-01,1,-0,112.555,112.557,5.304,439.1,210.8,26.92,12,9
TeamB-e4321aef-964a-4fdd-88bd-0bd548b0e93b,2020-06-02,1,-0,106.803,106.805,5.262,539.1,218,25.07,12,8
TeamB-e4321aef-964a-4fdd-88bd-0bd548b0e93b,2020-06-04,1,-0,102.855,102.857,6.319,581,173.9,26.56,7,15
TeamB-e4321aef-964a-4fdd-88bd-0bd548b0e93b,2020-06-09,1,-0,116.667,116.668,4.769,336.5,104.5,24.81,7,13
TeamB-e4321aef-964a-4fdd-88bd-0bd548b0e93b,2020-06-12,1,-0,98.372,98.373,4.484,276.4,91.3,23.85,1,3
TeamB-e4321aef-964a-4fdd-88bd-0bd548b0e93b,2020-06-13,1,-0,75.657,75.658,6.103,672.8,235.2,29.15,2,9
TeamB-e4321aef-964a-4fdd-88bd-0bd548b0e93b,2020-06-16,1,-0,60.853,60.855,2.336,204.5,91.6,25.94,7,5
TeamB-e4321aef-964a-4fdd-88bd-0bd548b0e93b,2020-06-18,1,-0,103.588,103.59,4.459,811.7,131.2,26.08,2,10
TeamB-e4321aef-964a-4fdd-88bd-0bd548b0e93b,2020-06-22,1,-0,102.433,102.435,3.434,209.1,73.2,23.58,8,8
TeamB-e4321aef-964a-4fdd-88bd-0bd548b0e93b,2020-06-23,1,-0,48.54,48.542,5.505,669.3,211.8,26.58,8,7
TeamB-e4321aef-964a-4fdd-88bd-0bd548b0e93b,2020-06-25,1,-0,80.83,80.832,2.721,74.9,32.4,23.95,4,2
TeamB-e4321aef-964a-4fdd-88bd-0bd548b0e93b,2020-06-26,1,-0,72.805,72.807,3.581,213.6,102.3,25.8,2,12
TeamB-e4321aef-964a-4fdd-88bd-0bd548b0e93b,2020-06-27,1,-0,102.403,102.405,8.866,1238.5,476.2,26.44,8,16
TeamB-e4321aef-964a-4fdd-88bd-0bd548b0e93b,2020-06-30,1,-0,110.9,110.902,5.421,572.3,237.6,26.52,10,12
TeamB-e4321aef-964a-4fdd-88bd-0bd548b0e93b,2020-07-01,1,-0,105.972,105.973,4.386,228.9,76.5,24.4,13,8
TeamB-e4321aef-964a-4fdd-88bd-0bd548b0e93b,2020-07-02,1,-0,89.472,89.473,3.013,189.7,39,22.31,5,6
TeamB-e4321aef-964a-4fdd-88bd-0bd548b0e93b,2020-07-03,1,-0,88.188,88.19,3.984,115.1,28.1,23.53,5,4
TeamB-e4321aef-964a-4fdd-88bd-0bd548b0e93b,2020-07-04,1,-0,121.778,121.78,11.274,1314.7,312.7,25.2,5,15
TeamB-e4321aef-964a-4fdd-88bd-0bd548b0e93b,2020-07-07,1,-0,97.852,97.853,6.561,1252.9,509.3,28.28,11,16
TeamB-e4321aef-964a-4fdd-88bd-0bd548b0e93b,2020-07-08,1,-0,70.32,70.322,2.907,90.8,54.6,25.91,2,0
TeamB-e4321aef-964a-4fdd-88bd-0bd548b0e93b,2020-07-09,1,-0,98.022,98.023,3.484,149.6,34.8,23.98,2,8
TeamB-e4321aef-964a-4fdd-88bd-0bd548b0e93b,2020-07-10,1,-0,125.83,125.832,10.513,1316.9,401.4,27.39,5,19
TeamB-e4321aef-964a-4fdd-88bd-0bd548b0e93b,2020-07-14,1,-0,109.972,109.973,5.94,613.9,191.4,26.2,12,16
TeamB-e4321aef-964a-4fdd-88bd-0bd548b0e93b,2020-07-15,1,-0,113.023,113.025,4.884,122.2,17.3,22.78,10,17
TeamB-e4321aef-964a-4fdd-88bd-0bd548b0e93b,2020-07-16,1,-0,52.508,52.51,1.588,67,29.6,24.26,1,1
TeamB-e4321aef-964a-4fdd-88bd-0bd548b0e93b,2020-07-17,1,-0,99.712,99.713,3.705,164.8,46.1,24.01,10,9
TeamB-e4321aef-964a-4fdd-88bd-0bd548b0e93b,2020-07-18,1,-0,119.083,119.085,11.634,1538.9,548,27.14,4,17
TeamB-e4321aef-964a-4fdd-88bd-0bd548b0e93b,2020-07-28,1,-0,104.888,104.89,7.068,890.9,250.7,28.37,14,16
TeamB-e4321aef-964a-4fdd-88bd-0bd548b0e93b,2020-07-29,1,-0,99.063,99.065,4.761,408.6,183.8,24.89,7,8
TeamB-e4321aef-964a-4fdd-88bd-0bd548b0e93b,2020-07-31,1,-0,92.755,92.757,4.144,244.4,78.4,23.49,7,4
TeamB-e4321aef-964a-4fdd-88bd-0bd548b0e93b,2020-08-01,1,-0,117.555,117.557,11.545,1149.6,354.7,27.34,3,21
TeamB-e4321aef-964a-4fdd-88bd-0bd548b0e93b,2020-08-04,1,-0,65.008,65.01,4.547,594.3,152,23.32,9,15
TeamB-e4321aef-964a-4fdd-88bd-0bd548b0e93b,2020-08-05,1,-0,64.397,64.398,3.361,210.9,43.2,23.55,3,4
TeamB-e4321aef-964a-4fdd-88bd-0bd548b0e93b,2020-08-06,1,-0,63.172,63.173,2.909,127,24.3,22.91,6,7
TeamB-e4321aef-964a-4fdd-88bd-0bd548b0e93b,2020-08-07,1,-0,124.443,124.445,11.524,1444,394.1,28.38,11,14
TeamB-e4321aef-964a-4fdd-88bd-0bd548b0e93b,2020-08-10,1,-0,96.597,96.598,5.422,455.7,120.7,26.06,6,10
TeamB-e4321aef-964a-4fdd-88bd-0bd548b0e93b,2020-08-11,1,-0,95.847,95.848,3.835,366.3,118.1,23.32,6,4
TeamB-e4321aef-964a-4fdd-88bd-0bd548b0e93b,2020-08-12,1,-0,139.038,139.04,11.836,1485.6,540.1,27.57,4,15
TeamB-e4321aef-964a-4fdd-88bd-0bd548b0e93b,2020-08-14,1,-0,84.665,84.667,2.738,95.4,52.3,23.94,1,5
TeamB-e4321aef-964a-4fdd-88bd-0bd548b0e93b,2020-08-15,1,-0,83.555,83.557,2.805,151.5,50.8,23.84,2,5
TeamB-e4321aef-964a-4fdd-88bd-0bd548b0e93b,2020-08-16,1,-0,129.497,129.498,11.2,1324.3,430,28.31,7,13
TeamB-e4321aef-964a-4fdd-88bd-0bd548b0e93b,2020-08-19,1,-0,92.553,92.555,4.846,292.2,82.6,27.06,8,12
TeamB-e4321aef-964a-4fdd-88bd-0bd548b0e93b,2020-08-20,1,-0,94.887,94.888,3.041,127.7,63,27.94,2,6
TeamB-e4321aef-964a-4fdd-88bd-0bd548b0e93b,2020-08-21,1,-0,61.12,61.122,2.797,233.1,110.9,29.93,1,5
TeamB-e4321aef-964a-4fdd-88bd-0bd548b0e93b,2020-08-22,1,-0,136.223,136.225,0.303,0,0,7.17,0,0
TeamB-e4321aef-964a-4fdd-88bd-0bd548b0e93b,2020-08-24,1,-0,44.037,44.038,1.43,3.2,0,16.4,2,0
TeamB-e4321aef-964a-4fdd-88bd-0bd548b0e93b,2020-08-25,1,-0,91.052,91.053,2.731,101.5,32.7,23.11,4,1
TeamB-e4321aef-964a-4fdd-88bd-0bd548b0e93b,2020-08-29,1,-0,88.287,88.288,2.886,74,21.3,23.15,3,5
TeamB-e4321aef-964a-4fdd-88bd-0bd548b0e93b,2020-08-30,1,-0,126.623,126.625,10.727,1036.6,265.9,26.06,6,15
TeamB-e4321aef-964a-4fdd-88bd-0bd548b0e93b,2020-09-02,1,-0,95.492,95.493,4.881,472.7,135.5,23.09,8,10
TeamB-e4321aef-964a-4fdd-88bd-0bd548b0e93b,2020-09-03,1,-0,94.322,94.323,4.27,321.2,126.8,25.24,3,4
TeamB-e4321aef-964a-4fdd-88bd-0bd548b0e93b,2020-09-04,1,-0,79.618,79.62,2.827,144.6,25.5,24.9,4,11
TeamB-e4321aef-964a-4fdd-88bd-0bd548b0e93b,2020-09-05,1,-0,123.167,123.168,10.739,1236.1,457,27.64,6,15
TeamB-e4321aef-964a-4fdd-88bd-0bd548b0e93b,2020-09-08,1,-0,99.163,99.165,5.092,647,319.8,27.43,4,10
TeamB-e4321aef-964a-4fdd-88bd-0bd548b0e93b,2020-09-09,1,-0,105.56,105.562,4.953,481.8,164.1,25.51,4,6
TeamB-e4321aef-964a-4fdd-88bd-0bd548b0e93b,2020-09-12,1,-0,134.55,134.552,11.216,1513.3,482,27.96,6,14
TeamB-e4321aef-964a-4fdd-88bd-0bd548b0e93b,2020-09-21,1,-0,129.153,129.155,5.951,293.9,77.2,24.06,14,10
TeamB-e4321aef-964a-4fdd-88bd-0bd548b0e93b,2020-09-22,1,-0,110.402,110.403,6.089,1097.2,197,24.98,14,19
TeamB-e4321aef-964a-4fdd-88bd-0bd548b0e93b,2020-09-24,1,-0,117.407,117.408,6.646,666.9,257.8,26.54,10,15
TeamB-e4321aef-964a-4fdd-88bd-0bd548b0e93b,2020-09-25,1,-0,76.403,76.405,3.031,246.6,105.2,25.04,6,8
TeamB-e4321aef-964a-4fdd-88bd-0bd548b0e93b,2020-09-26,1,-0,80.47,80.472,3.339,190.4,59.1,23.36,5,9
TeamB-e4321aef-964a-4fdd-88bd-0bd548b0e93b,2020-09-27,1,-0,130.807,130.808,7.712,994.8,427.2,27.88,4,16
TeamB-e4321aef-964a-4fdd-88bd-0bd548b0e93b,2020-09-30,1,-0,104.977,104.978,3.738,157,47.5,23.18,2,10
TeamB-e4321aef-964a-4fdd-88bd-0bd548b0e93b,2020-10-01,1,-0,77.023,77.025,3.87,249.2,42.8,22.8,10,10
TeamB-e4321aef-964a-4fdd-88bd-0bd548b0e93b,2020-10-02,1,-0,103.138,103.14,5.319,503.1,196.2,26.85,4,17
TeamB-e4321aef-964a-4fdd-88bd-0bd548b0e93b,2020-10-06,1,-0,79.887,79.888,3.727,244.9,78,25.15,5,8
TeamB-e4321aef-964a-4fdd-88bd-0bd548b0e93b,2020-10-07,1,-0,83.905,83.907,8.014,1196.4,441.7,27.76,4,12
TeamB-e4321aef-964a-4fdd-88bd-0bd548b0e93b,2020-10-10,1,-0,94.898,94.9,5.116,222.2,54.2,24.93,10,25
TeamB-e4321aef-964a-4fdd-88bd-0bd548b0e93b,2020-10-13,1,-0,80.875,80.877,3.895,207.4,64.5,23.94,3,4
TeamB-e4321aef-964a-4fdd-88bd-0bd548b0e93b,2020-10-16,1,-0,103.37,103.372,5.34,432.3,128.3,25.24,6,9
TeamB-e4321aef-964a-4fdd-88bd-0bd548b0e93b,2020-10-17,1,-0,59.422,59.423,1.369,37.4,17.5,24.29,4,3
TeamB-e4321aef-964a-4fdd-88bd-0bd548b0e93b,2020-10-18,1,-0,128.002,128.003,11.65,1547.1,558.3,28.06,8,16
TeamB-e4321aef-964a-4fdd-88bd-0bd548b0e93b,2020-10-22,1,-0,126.007,126.008,6.642,707.9,214.2,25.55,5,19
TeamB-e4321aef-964a-4fdd-88bd-0bd548b0e93b,2020-10-23,1,-0,96.59,96.592,4.375,105.1,26.5,24.06,6,7
TeamB-e4321aef-964a-4fdd-88bd-0bd548b0e93b,2020-10-26,1,-0,106.318,106.32,5.227,251.5,28.8,23.24,9,8
TeamB-e4321aef-964a-4fdd-88bd-0bd548b0e93b,2020-10-27,1,-0,111.1,111.102,5.89,667.3,411.1,28.84,12,12
TeamB-e4321aef-964a-4fdd-88bd-0bd548b0e93b,2020-10-29,1,-0,110.082,110.083,6.202,674.4,318.2,25.2,6,18
TeamB-e4321aef-964a-4fdd-88bd-0bd548b0e93b,2020-10-30,1,-0,112.307,112.308,4.725,636,221.6,24.83,5,8
TeamB-e4321aef-964a-4fdd-88bd-0bd548b0e93b,2020-10-31,1,-0,75.623,75.625,3.366,189.5,63.1,23.65,2,6
TeamB-e4321aef-964a-4fdd-88bd-0bd548b0e93b,2020-11-01,1,-0,121.097,121.098,11.755,1804.5,656.6,27.45,6,21
TeamB-e4321aef-964a-4fdd-88bd-0bd548b0e93b,2020-11-03,1,-0,70.23,70.232,2.887,115,59.8,24.07,2,5
TeamB-e4321aef-964a-4fdd-88bd-0bd548b0e93b,2020-11-04,1,-0,63.302,63.303,6.181,862.5,280.9,25.05,5,10
TeamB-e4321aef-964a-4fdd-88bd-0bd548b0e93b,2020-11-06,1,-0,85.328,85.33,3.463,80.2,9,22.8,4,5
TeamB-e4321aef-964a-4fdd-88bd-0bd548b0e93b,2020-11-07,1,-0,132.955,132.957,11.726,1425.5,512.1,28.58,3,18
TeamB-e4321aef-964a-4fdd-88bd-0bd548b0e93b,2020-11-10,1,-0,74.217,74.218,2.914,140.5,89.7,25.5,4,0
TeamB-e4321aef-964a-4fdd-88bd-0bd548b0e93b,2020-11-11,1,-0,48.835,48.837,5.782,731.6,240.4,26.43,4,11
TeamB-e4321aef-964a-4fdd-88bd-0bd548b0e93b,2020-11-14,1,-0,113.987,113.988,6.045,686,275,27.53,13,16
TeamB-e4321aef-964a-4fdd-88bd-0bd548b0e93b,2020-11-15,1,-0,87.175,87.177,5.115,315.2,122.9,25.02,12,10
TeamB-e4321aef-964a-4fdd-88bd-0bd548b0e93b,2020-11-16,1,-0,78.648,78.65,2.878,127.9,27.4,23.07,3,6
TeamB-e4321aef-964a-4fdd-88bd-0bd548b0e93b,2020-11-19,1,-0,105.14,105.142,8.207,1153.7,536,27.59,2,10
TeamB-e4321aef-964a-4fdd-88bd-0bd548b0e93b,2020-11-21,1,-0,69.203,69.205,2.848,172,116,25.67,4,6
TeamB-e4321aef-964a-4fdd-88bd-0bd548b0e93b,2020-11-22,1,-0,91.87,91.872,7.15,906.1,367.6,28.17,9,11
TeamB-e4321aef-964a-4fdd-88bd-0bd548b0e93b,2020-12-01,1,-0,70.64,70.642,3.725,332.6,121.7,26.13,4,5
TeamB-e4321aef-964a-4fdd-88bd-0bd548b0e93b,2020-12-02,1,-0,79.952,79.953,4.254,343.5,81.5,24.21,9,7
TeamB-e4321aef-964a-4fdd-88bd-0bd548b0e93b,2020-12-04,1,-0,88.755,88.757,5.79,639.3,224.1,26.47,14,12
TeamB-e4321aef-964a-4fdd-88bd-0bd548b0e93b,2020-12-05,1,-0,82.972,82.973,2.987,137.5,26.5,21.97,2,4
TeamB-e4321aef-964a-4fdd-88bd-0bd548b0e93b,2020-12-06,1,-0,158.855,158.857,11.585,1319.4,443.3,27.85,9,17
TeamB-e4321aef-964a-4fdd-88bd-0bd548b0e93b,2020-12-09,1,-0,48.517,48.518,2.447,65.1,2.8,19.79,6,1
TeamB-e4321aef-964a-4fdd-88bd-0bd548b0e93b,2020-12-10,1,-0,74.33,74.332,5.293,642.1,243.5,26.82,3,11
TeamB-e4321aef-964a-4fdd-88bd-0bd548b0e93b,2020-12-12,1,-0,73.188,73.19,3.091,106.6,43.3,24.49,3,6
TeamB-e4321aef-964a-4fdd-88bd-0bd548b0e93b,2020-12-13,1,-0,178.572,178.573,14.688,1641.5,570.8,27.19,10,20
TeamB-e4321aef-964a-4fdd-88bd-0bd548b0e93b,2021-02-01,1,-0,59.61,59.612,3.292,1329.5,123.8,22.37,7,7
TeamB-e4321aef-964a-4fdd-88bd-0bd548b0e93b,2021-02-04,1,-0,55.465,55.467,6.055,643.6,185,25.3,5,9
TeamB-e4321aef-964a-4fdd-88bd-0bd548b0e93b,2021-02-05,1,-0,79.938,79.94,4.942,207.1,31.9,22.78,6,9
TeamB-e4321aef-964a-4fdd-88bd-0bd548b0e93b,2021-02-07,1,-0,107.742,107.743,7.776,915.8,399.3,27.5,5,23
TeamB-e4321aef-964a-4fdd-88bd-0bd548b0e93b,2021-02-08,1,-0,108.11,108.112,5.322,321.4,92.9,25.06,10,30
TeamB-e4321aef-964a-4fdd-88bd-0bd548b0e93b,2021-02-10,1,-0,58.92,58.922,3.722,136.8,0.6,19.28,3,12
TeamB-e4321aef-964a-4fdd-88bd-0bd548b0e93b,2021-02-11,1,-0,173.258,173.26,15.1,1817.5,587.9,26.93,11,29
TeamB-e4321aef-964a-4fdd-88bd-0bd548b0e93b,2021-02-20,1,-0,82.282,82.283,2.343,73.3,0,18.83,2,1
TeamB-e4321aef-964a-4fdd-88bd-0bd548b0e93b,2021-02-21,1,-0,86.737,86.738,3.951,301.1,60.9,24.01,11,12
TeamB-e4321aef-964a-4fdd-88bd-0bd548b0e93b,2021-02-24,1,-0,93.54,93.542,5.972,1185.2,582.2,28.53,21,33
TeamB-e4321aef-964a-4fdd-88bd-0bd548b0e93b,2021-02-25,1,-0,97.523,97.525,5.03,310.8,116.5,23.67,13,12
TeamB-e4321aef-964a-4fdd-88bd-0bd548b0e93b,2021-02-26,1,-0,99.253,99.255,5.092,449.1,232.2,26.35,7,10
TeamB-e4321aef-964a-4fdd-88bd-0bd548b0e93b,2021-03-01,1,-0,103.62,103.622,4.765,305.8,147.1,25.23,8,4
TeamB-e4321aef-964a-4fdd-88bd-0bd548b0e93b,2021-03-02,1,-0,106.425,106.427,5.99,579.2,156.5,24.38,6,20
TeamB-e4321aef-964a-4fdd-88bd-0bd548b0e93b,2021-03-04,1,-0,96.425,96.427,5.913,536.8,211.2,26.9,7,21
TeamB-e4321aef-964a-4fdd-88bd-0bd548b0e93b,2021-03-05,1,-0,103.733,103.735,5.107,291,72.3,24.54,4,20
TeamB-e4321aef-964a-4fdd-88bd-0bd548b0e93b,2021-03-06,1,-0,106.613,106.615,4.815,490.8,182.3,25.45,4,11
TeamB-e4321aef-964a-4fdd-88bd-0bd548b0e93b,2021-03-08,1,-0,53.68,53.682,1.899,22.6,0.6,19.17,0,2
TeamB-e4321aef-964a-4fdd-88bd-0bd548b0e93b,2021-03-16,1,-0,91.403,91.405,5.305,399.7,143.3,24.73,2,16
TeamB-e4321aef-964a-4fdd-88bd-0bd548b0e93b,2021-03-19,1,-0,115.885,115.887,5.365,427.6,124.2,24.68,8,9
TeamB-e4321aef-964a-4fdd-88bd-0bd548b0e93b,2021-03-22,1,-0,127.537,127.538,6.327,695.9,235.4,27.37,15,29
TeamB-e4321aef-964a-4fdd-88bd-0bd548b0e93b,2021-03-23,1,-0,96.743,96.745,6.451,389.2,79.4,22.9,10,13
TeamB-e4321aef-964a-4fdd-88bd-0bd548b0e93b,2021-04-09,1,-0,78.02,78.022,2.923,48,0.6,18.9,3,5
TeamB-e4321aef-964a-4fdd-88bd-0bd548b0e93b,2021-04-13,1,-0,117.037,117.038,1.797,9.7,0,17.04,3,2
TeamB-e4321aef-964a-4fdd-88bd-0bd548b0e93b,2021-04-15,1,-0,132.922,132.923,4.615,658.4,56.7,24.26,5,7
TeamB-e4321aef-964a-4fdd-88bd-0bd548b0e93b,2021-04-16,1,-0,104.355,104.357,4.141,151.2,45,24.13,7,7
TeamB-e4321aef-964a-4fdd-88bd-0bd548b0e93b,2021-04-19,1,-0,115.907,115.908,3.702,309.6,112.8,24.57,4,6
TeamB-e4321aef-964a-4fdd-88bd-0bd548b0e93b,2021-04-21,1,-0,68.69,68.692,2.641,372.8,77.7,21.67,1,5
TeamB-e4321aef-964a-4fdd-88bd-0bd548b0e93b,2021-05-04,1,-0,91.855,91.857,4.737,430.5,229.5,25.84,7,10
TeamB-e4321aef-964a-4fdd-88bd-0bd548b0e93b,2021-05-05,1,-0,114.587,114.588,6.377,551.5,186.4,26.28,7,19
TeamB-e4321aef-964a-4fdd-88bd-0bd548b0e93b,2021-05-07,1,-0,105.133,105.135,3.768,61.7,11,21.38,8,5
TeamB-e4321aef-964a-4fdd-88bd-0bd548b0e93b,2021-05-08,1,-0,143.8,143.802,3.497,703.9,365.1,24.85,3,5
TeamB-e4321aef-964a-4fdd-88bd-0bd548b0e93b,2021-05-10,1,-0,78.998,79,3.254,60.3,0,17.84,3,7
TeamB-e4321aef-964a-4fdd-88bd-0bd548b0e93b,2021-05-11,1,3e-4,76.538,76.515,4.434,467.7,157.5,26.37,4,4
TeamB-e4321aef-964a-4fdd-88bd-0bd548b0e93b,2021-05-12,1,-0,142.683,142.685,4.301,82.1,27.7,22.85,4,1
TeamB-e4321aef-964a-4fdd-88bd-0bd548b0e93b,2021-05-15,1,-0,105.527,105.528,7.744,776.4,350.1,27.64,17,11
TeamB-e4321aef-964a-4fdd-88bd-0bd548b0e93b,2021-05-18,1,-0,135.857,135.858,6.44,912.1,438.4,27.84,11,10
TeamB-e4321aef-964a-4fdd-88bd-0bd548b0e93b,2021-05-19,1,-0,149.837,149.838,7.222,1052,542.8,24.98,5,15
TeamB-e4321aef-964a-4fdd-88bd-0bd548b0e93b,2021-05-21,1,-0,114.757,114.758,2.846,57.4,13.7,22.46,5,2
TeamB-e4321aef-964a-4fdd-88bd-0bd548b0e93b,2021-05-22,1,-0,105.872,105.873,8.314,1270.2,497.6,27.72,9,17
TeamB-e4321aef-964a-4fdd-88bd-0bd548b0e93b,2021-05-24,1,-0,79.255,79.257,1.94,37.5,0,17.7,1,0
TeamB-e4321aef-964a-4fdd-88bd-0bd548b0e93b,2021-05-25,1,-0,110.002,110.003,6.115,770,365.8,26.11,9,10
TeamB-e4321aef-964a-4fdd-88bd-0bd548b0e93b,2021-05-26,1,-0,107.855,107.857,6.745,609.2,214.9,26.1,5,24
TeamB-e4321aef-964a-4fdd-88bd-0bd548b0e93b,2021-05-28,1,-0,104.887,104.888,3.31,47,8.1,21.08,4,9
TeamB-e4321aef-964a-4fdd-88bd-0bd548b0e93b,2021-05-29,1,-0,53.008,53.01,5.491,824.3,366.9,28.26,2,10
TeamB-e4321aef-964a-4fdd-88bd-0bd548b0e93b,2021-05-31,1,-0,82.022,82.023,3.366,138.1,15.7,22.32,6,4
TeamB-e4321aef-964a-4fdd-88bd-0bd548b0e93b,2021-06-01,1,-0,113.757,113.758,5.976,756.8,344,26.03,9,27
TeamB-e4321aef-964a-4fdd-88bd-0bd548b0e93b,2021-06-02,1,-0,77.023,77.025,2.108,134.2,35.8,23.58,2,4
TeamB-e4321aef-964a-4fdd-88bd-0bd548b0e93b,2021-06-05,1,0.0018,154.673,154.395,8.031,909.6,361.3,27.81,4,14
TeamB-e4321aef-964a-4fdd-88bd-0bd548b0e93b,2021-06-08,1,-0,88.522,88.523,5.097,1739.9,1094.4,29.21,12,8
TeamB-e4321aef-964a-4fdd-88bd-0bd548b0e93b,2021-06-09,1,-0,126.178,126.18,3.611,90.6,25.8,24.82,7,6
TeamB-e4321aef-964a-4fdd-88bd-0bd548b0e93b,2021-06-14,1,2e-4,80.555,80.538,3.827,193.2,25.4,22.26,13,6
TeamB-e4321aef-964a-4fdd-88bd-0bd548b0e93b,2021-06-15,1,1e-4,120.8,120.783,6.18,1626.6,452.2,26.36,13,11
TeamB-e4321aef-964a-4fdd-88bd-0bd548b0e93b,2021-06-17,1,2e-4,82.35,82.333,4.447,159.7,31.4,22.14,11,15
TeamB-e4321aef-964a-4fdd-88bd-0bd548b0e93b,2021-06-18,1,-0,62.45,62.452,1.599,106,40.3,23.71,6,1
TeamB-e4321aef-964a-4fdd-88bd-0bd548b0e93b,2021-06-20,1,-0,109.028,109.03,7.14,539.3,159.8,25.63,11,11
TeamB-e4321aef-964a-4fdd-88bd-0bd548b0e93b,2021-06-21,1,-0,90.355,90.357,4.476,106,28.2,22.72,11,2
TeamB-e4321aef-964a-4fdd-88bd-0bd548b0e93b,2021-06-22,1,-0,58.49,58.492,5.852,1436,584.8,28.31,6,7
TeamB-e4321aef-964a-4fdd-88bd-0bd548b0e93b,2021-06-23,1,-0,106.99,106.992,2.634,43.9,0,18.16,3,2
TeamB-e4321aef-964a-4fdd-88bd-0bd548b0e93b,2021-06-25,1,-0,94.958,94.96,3.169,123,68.2,25,2,2
TeamB-e4321aef-964a-4fdd-88bd-0bd548b0e93b,2021-06-26,1,-0,128.388,128.39,11.322,1301.1,350.2,28.83,10,20
TeamB-e4321aef-964a-4fdd-88bd-0bd548b0e93b,2021-06-29,1,-0,58.482,58.483,1.398,109.9,65.7,24.59,2,1
TeamB-e4321aef-964a-4fdd-88bd-0bd548b0e93b,2021-06-30,1,-0,36.888,36.89,3.351,995.6,450.4,25.85,2,7
TeamB-e4321aef-964a-4fdd-88bd-0bd548b0e93b,2021-07-03,1,-0,96.255,96.257,3.069,58.5,22.9,22.51,5,3
TeamB-e4321aef-964a-4fdd-88bd-0bd548b0e93b,2021-07-04,1,-0,132.892,132.893,10.36,1110.9,358.8,27.2,6,14
TeamB-e4321aef-964a-4fdd-88bd-0bd548b0e93b,2021-07-07,1,-0,120.555,120.557,6.361,1087.3,517.2,27.94,17,11
TeamB-e4321aef-964a-4fdd-88bd-0bd548b0e93b,2021-07-09,1,-0,92.972,92.973,3.327,178.4,50.8,23.75,10,8
TeamB-e4321aef-964a-4fdd-88bd-0bd548b0e93b,2021-07-10,1,1e-4,128.732,128.715,11.446,1611.9,616.4,28.38,3,19
TeamB-e4321aef-964a-4fdd-88bd-0bd548b0e93b,2021-07-13,1,-0,71.673,71.675,3.611,142.3,30.2,23.96,10,6
TeamB-e4321aef-964a-4fdd-88bd-0bd548b0e93b,2021-07-14,1,-0,140.872,140.873,0.339,0,0,6.72,0,0
TeamB-e4321aef-964a-4fdd-88bd-0bd548b0e93b,2021-07-31,1,-0,121.838,121.84,6.536,574.5,211.9,27.03,6,27
TeamB-e4321aef-964a-4fdd-88bd-0bd548b0e93b,2021-08-01,1,-0,103.555,103.557,4.878,355.7,80.3,23.91,7,10
TeamB-e4321aef-964a-4fdd-88bd-0bd548b0e93b,2021-08-02,1,1e-4,123.522,123.503,11.275,1575.1,535.4,26.54,14,19
TeamB-e4321aef-964a-4fdd-88bd-0bd548b0e93b,2021-08-05,1,-0,114.74,114.742,5.951,288.4,85,25.7,9,10
TeamB-e4321aef-964a-4fdd-88bd-0bd548b0e93b,2021-08-06,1,-0,93.757,93.758,2.924,160.7,87.6,27.01,8,3
TeamB-e4321aef-964a-4fdd-88bd-0bd548b0e93b,2021-08-07,1,-0,88.872,88.873,6.388,986,388.2,26.69,3,12
TeamB-e4321aef-964a-4fdd-88bd-0bd548b0e93b,2021-08-10,1,-0,116.988,116.99,5.884,1212.3,559.1,24.57,16,13
TeamB-e4321aef-964a-4fdd-88bd-0bd548b0e93b,2021-08-13,1,-0,105.873,105.875,3.061,108.9,42.2,24.39,3,4
TeamB-e4321aef-964a-4fdd-88bd-0bd548b0e93b,2021-08-14,1,1e-4,140.073,140.057,11.42,1523.7,631,27.94,7,17
TeamB-e4321aef-964a-4fdd-88bd-0bd548b0e93b,2021-08-17,1,-0,76.622,76.623,2.072,99.4,27.5,23.94,1,3
TeamB-e4321aef-964a-4fdd-88bd-0bd548b0e93b,2021-08-23,1,-0,65.093,65.095,2.741,114.5,59.6,23.42,4,1
TeamB-e4321aef-964a-4fdd-88bd-0bd548b0e93b,2021-08-27,1,-0,93.958,93.96,3.405,245.2,131.4,25.76,5,5
TeamB-e4321aef-964a-4fdd-88bd-0bd548b0e93b,2021-08-28,1,-0,59.387,59.388,4.686,904,129.9,25.12,2,5
TeamB-e4321aef-964a-4fdd-88bd-0bd548b0e93b,2021-08-30,1,-0,95.673,95.675,3.842,92.7,9.9,21.36,7,3
TeamB-e4321aef-964a-4fdd-88bd-0bd548b0e93b,2021-08-31,1,-0,104.627,104.628,3.332,64.5,16.3,21.27,3,4
TeamB-e4321aef-964a-4fdd-88bd-0bd548b0e93b,2021-09-01,1,-0,134.902,134.903,8.429,1033.3,360.4,28.01,7,10
TeamB-e4321aef-964a-4fdd-88bd-0bd548b0e93b,2021-09-03,1,-0,97.42,97.422,2.978,316,109.5,23.99,4,3
TeamB-e4321aef-964a-4fdd-88bd-0bd548b0e93b,2021-09-04,1,-0,56.873,56.875,4.829,1582.9,644.5,25.51,6,9
TeamB-e4321aef-964a-4fdd-88bd-0bd548b0e93b,2021-09-07,1,-0,74.6,74.602,2.519,76.3,4.6,20.99,3,5
TeamB-e4321aef-964a-4fdd-88bd-0bd548b0e93b,2021-09-08,1,-0,132.472,132.473,9.241,1475.1,574.8,27.04,8,15
TeamB-e4321aef-964a-4fdd-88bd-0bd548b0e93b,2021-09-11,1,-0,133.007,133.008,11.219,1293.1,409.7,26.91,4,16
TeamB-e4321aef-964a-4fdd-88bd-0bd548b0e93b,2021-09-16,1,-0,114.897,114.898,5.298,309.2,92,26.56,7,10
TeamB-e4321aef-964a-4fdd-88bd-0bd548b0e93b,2021-09-21,1,-0,119.59,119.592,5.54,573.1,133.5,23,12,17
TeamB-e4321aef-964a-4fdd-88bd-0bd548b0e93b,2021-09-22,1,-0,128.678,128.68,6.293,1045.1,563.5,28.22,7,13
TeamB-e4321aef-964a-4fdd-88bd-0bd548b0e93b,2021-09-25,1,-0,98.855,98.857,4.177,110.9,42.8,23.57,4,10
TeamB-e4321aef-964a-4fdd-88bd-0bd548b0e93b,2021-09-26,1,-0,75.005,75.007,2.885,847.8,104.7,21.2,5,1
TeamB-e4321aef-964a-4fdd-88bd-0bd548b0e93b,2021-09-28,1,-0,125.662,125.663,5.964,318,71.3,23.92,14,20
TeamB-e4321aef-964a-4fdd-88bd-0bd548b0e93b,2021-09-29,1,-0,131.172,131.173,6.829,529.3,162.8,25.54,9,16
TeamB-e4321aef-964a-4fdd-88bd-0bd548b0e93b,2021-10-01,1,-0,93.463,93.465,2.842,39.4,0,18.29,3,6
TeamB-e4321aef-964a-4fdd-88bd-0bd548b0e93b,2021-10-02,1,-0,128.848,128.85,10.648,1089,384.7,25.09,8,23
TeamB-e4321aef-964a-4fdd-88bd-0bd548b0e93b,2021-10-05,1,-0,115.403,115.405,6.962,553.5,209.6,27.03,12,12
TeamB-e4321aef-964a-4fdd-88bd-0bd548b0e93b,2021-10-06,1,-0,119.04,119.042,6.682,543.2,174,24.18,12,17
TeamB-e4321aef-964a-4fdd-88bd-0bd548b0e93b,2021-10-08,1,-0,87.325,87.327,2.981,103.8,41.7,25.8,10,9
TeamB-e4321aef-964a-4fdd-88bd-0bd548b0e93b,2021-10-09,1,-0,136.625,136.627,11.403,1339.1,360,26.76,8,15
TeamB-e4321aef-964a-4fdd-88bd-0bd548b0e93b,2021-10-12,1,-0,119.708,119.71,6.559,724,369.6,25.96,7,24
TeamB-e4321aef-964a-4fdd-88bd-0bd548b0e93b,2021-10-13,1,-0,95.838,95.84,4.58,242.6,16.4,23.03,7,18
TeamB-e4321aef-964a-4fdd-88bd-0bd548b0e93b,2021-10-15,1,-0,106.545,106.547,4.044,371.2,116.3,26.15,4,11
TeamB-e4321aef-964a-4fdd-88bd-0bd548b0e93b,2021-10-16,1,-0,66.007,66.008,2.799,46.8,0.6,19.44,4,8
TeamB-e4321aef-964a-4fdd-88bd-0bd548b0e93b,2021-10-17,1,-0,140.922,140.923,8.767,1405.3,328.1,26.59,2,22
TeamB-e4321aef-964a-4fdd-88bd-0bd548b0e93b,2021-10-26,1,-0,86.835,86.837,5.289,175,45,23.38,7,11
TeamB-e4321aef-964a-4fdd-88bd-0bd548b0e93b,2021-10-27,1,-0,100.372,100.373,1.444,18.6,10.9,21.3,0,0
TeamB-e4321aef-964a-4fdd-88bd-0bd548b0e93b,2021-10-29,1,-0,120.607,120.608,5.822,736.5,313.2,26.17,5,12
TeamB-e4321aef-964a-4fdd-88bd-0bd548b0e93b,2021-10-30,1,-0,120.385,120.387,3.655,48.9,19,26.04,6,3
TeamB-e4321aef-964a-4fdd-88bd-0bd548b0e93b,2021-10-31,1,-0,149.098,149.1,11.544,1328.9,508,25.9,9,24
TeamB-e4321aef-964a-4fdd-88bd-0bd548b0e93b,2021-11-03,1,2e-4,91.84,91.823,4.428,228.3,66.8,23.57,11,17
TeamB-e4321aef-964a-4fdd-88bd-0bd548b0e93b,2021-11-04,1,2e-4,101.272,101.253,5.969,681.3,257.7,25.25,9,21
TeamB-e4321aef-964a-4fdd-88bd-0bd548b0e93b,2021-11-06,1,-0,73.107,73.108,2.695,53.1,22.7,23.72,5,3
TeamB-e4321aef-964a-4fdd-88bd-0bd548b0e93b,2021-11-07,1,-0,128.632,128.633,8.928,1233.3,395.9,26.15,8,16
TeamB-e4321aef-964a-4fdd-88bd-0bd548b0e93b,2021-11-10,1,-0,93.67,93.672,5.685,415.7,133.2,26,13,14
TeamB-e4321aef-964a-4fdd-88bd-0bd548b0e93b,2021-11-12,1,-0,79.238,79.24,4.409,222.9,65.7,24.03,3,4
TeamB-e4321aef-964a-4fdd-88bd-0bd548b0e93b,2021-11-15,1,-0,88.12,88.122,5.502,252.2,29.6,22.22,14,13
TeamB-eb2083e6-ce16-4dba-0ff1-8e0242af9fc3,2020-06-01,1,-0,59.173,59.175,1.185,0,0,13.49,1,0
TeamB-eb2083e6-ce16-4dba-0ff1-8e0242af9fc3,2020-06-03,1,-0,62.89,62.892,1.464,0,0,14.81,0,0
TeamB-eb2083e6-ce16-4dba-0ff1-8e0242af9fc3,2020-06-05,1,-0,70.638,70.64,2.399,0,0,12.49,0,0
TeamB-eb2083e6-ce16-4dba-0ff1-8e0242af9fc3,2020-06-10,1,-0,72.745,72.747,2.072,7.8,0,16.86,0,1
TeamB-eb2083e6-ce16-4dba-0ff1-8e0242af9fc3,2020-06-12,1,-0,58.053,58.055,1.696,19.2,0,18.38,0,1
TeamB-eb2083e6-ce16-4dba-0ff1-8e0242af9fc3,2020-06-16,1,-0,60.533,60.535,1.965,76.8,20.2,21.35,3,4
TeamB-eb2083e6-ce16-4dba-0ff1-8e0242af9fc3,2020-06-18,1,-0,51.423,51.425,2.453,65,43.6,22.8,3,3
TeamB-eb2083e6-ce16-4dba-0ff1-8e0242af9fc3,2020-06-19,1,-1e-4,15.577,15.578,0.963,11.3,0,17.64,0,2
TeamB-eb2083e6-ce16-4dba-0ff1-8e0242af9fc3,2020-06-23,1,-0,51.905,51.907,3.138,112.5,51,23.61,4,3
TeamB-eb2083e6-ce16-4dba-0ff1-8e0242af9fc3,2020-06-25,1,-0,46.123,46.125,1.862,31.3,5.7,20.38,5,2
TeamB-eb2083e6-ce16-4dba-0ff1-8e0242af9fc3,2020-06-26,1,-0,58.92,58.922,2.349,197.9,103.4,26.49,3,8
TeamB-eb2083e6-ce16-4dba-0ff1-8e0242af9fc3,2020-06-29,1,-0,70.94,70.942,3.224,2.7,0,16.05,6,3
TeamB-eb2083e6-ce16-4dba-0ff1-8e0242af9fc3,2020-07-02,1,-0,79.972,79.973,3.38,116.8,14.3,20.68,9,3
TeamB-eb2083e6-ce16-4dba-0ff1-8e0242af9fc3,2020-07-03,1,-0,65.755,65.757,2.76,68.4,29.4,22.57,2,8
TeamB-eb2083e6-ce16-4dba-0ff1-8e0242af9fc3,2020-07-07,1,-0,95.222,95.223,5.186,527.9,179.4,24.68,7,24
TeamB-eb2083e6-ce16-4dba-0ff1-8e0242af9fc3,2020-07-09,1,-0,88.457,88.458,3.636,154.5,20.9,21.66,7,6
TeamB-eb2083e6-ce16-4dba-0ff1-8e0242af9fc3,2020-07-13,1,-0,47.903,47.905,1.977,0,0,12.9,0,1
TeamB-eb2083e6-ce16-4dba-0ff1-8e0242af9fc3,2020-07-23,1,-1e-4,29.39,29.392,0.917,16.8,10.8,22.78,2,1
TeamB-eb2083e6-ce16-4dba-0ff1-8e0242af9fc3,2020-07-24,1,-0,134.553,134.555,11.273,1449.4,510.2,27.96,11,19
TeamB-eb2083e6-ce16-4dba-0ff1-8e0242af9fc3,2020-07-27,1,-0,62.753,62.755,1.792,29.6,4.8,21.9,4,1
TeamB-eb2083e6-ce16-4dba-0ff1-8e0242af9fc3,2020-07-28,1,-0,44.407,44.408,2.711,139.6,50.5,24.02,1,11
TeamB-eb2083e6-ce16-4dba-0ff1-8e0242af9fc3,2020-07-29,1,-0,88.005,88.007,4.219,243.9,65.8,23.44,9,10
TeamB-eb2083e6-ce16-4dba-0ff1-8e0242af9fc3,2020-07-31,1,-0,74.373,74.375,2.631,61.2,11.7,21.58,3,2
TeamB-eb2083e6-ce16-4dba-0ff1-8e0242af9fc3,2020-08-03,1,-0,53.907,53.908,2.284,57.1,12.6,20.77,3,4
TeamB-eb2083e6-ce16-4dba-0ff1-8e0242af9fc3,2020-08-04,1,-0,94.122,94.123,4.551,285.9,66.5,23.37,4,15
TeamB-eb2083e6-ce16-4dba-0ff1-8e0242af9fc3,2020-08-06,1,-0,91.407,91.408,3.382,74.8,7.5,20.86,10,9
TeamB-eb2083e6-ce16-4dba-0ff1-8e0242af9fc3,2020-08-11,1,-0,90.007,90.008,2.934,102.2,18.9,22.26,11,3
TeamB-eb2083e6-ce16-4dba-0ff1-8e0242af9fc3,2020-08-14,1,-0,80.372,80.373,3.05,199.6,26.6,22.91,2,8
TeamB-eb2083e6-ce16-4dba-0ff1-8e0242af9fc3,2020-08-20,1,-0,70.532,70.533,2.359,99,24.8,22.32,4,1
TeamB-eb2083e6-ce16-4dba-0ff1-8e0242af9fc3,2020-08-21,1,-0,63.04,63.042,2.788,120.2,6.9,20.76,4,0
TeamB-eb2083e6-ce16-4dba-0ff1-8e0242af9fc3,2020-08-25,1,-0,43.123,43.125,1.618,23.2,2.8,20.09,0,1
TeamB-eb2083e6-ce16-4dba-0ff1-8e0242af9fc3,2020-08-27,1,-0,70.003,70.005,1.957,70.5,1.1,19.57,2,1
TeamB-eb2083e6-ce16-4dba-0ff1-8e0242af9fc3,2020-09-08,1,-0,82.405,82.407,2.279,145.1,32.3,22.56,1,5
TeamB-eb2083e6-ce16-4dba-0ff1-8e0242af9fc3,2020-09-09,1,-0,68.855,68.857,3.258,132.6,37.3,24.02,8,9
TeamB-eb2083e6-ce16-4dba-0ff1-8e0242af9fc3,2020-09-11,1,-0,49.873,49.875,2.209,137.5,36.8,22.18,3,9
TeamB-eb2083e6-ce16-4dba-0ff1-8e0242af9fc3,2020-09-21,1,-0,131.093,131.095,5.857,217.9,10.4,21.66,5,13
TeamB-eb2083e6-ce16-4dba-0ff1-8e0242af9fc3,2020-09-22,1,-0,110.173,110.175,5.426,367.4,70.2,24.15,13,22
TeamB-eb2083e6-ce16-4dba-0ff1-8e0242af9fc3,2020-09-24,1,-0,122.628,122.63,6.16,215,51.6,23.8,10,17
TeamB-eb2083e6-ce16-4dba-0ff1-8e0242af9fc3,2020-09-25,1,-0,89.923,89.925,4.981,255.2,64.2,24.13,5,6
TeamB-eb2083e6-ce16-4dba-0ff1-8e0242af9fc3,2020-09-26,1,-0,79.055,79.057,2.955,155,4.6,20.63,4,6
TeamB-eb2083e6-ce16-4dba-0ff1-8e0242af9fc3,2020-09-27,1,-1e-4,26.49,26.492,1.835,264.7,34.5,22.24,2,3
TeamB-eb2083e6-ce16-4dba-0ff1-8e0242af9fc3,2020-09-29,1,-0,75.753,75.755,2.692,4.6,0,16.27,4,3
TeamB-eb2083e6-ce16-4dba-0ff1-8e0242af9fc3,2020-09-30,1,-0,118.538,118.54,6.374,217.5,57.7,23.91,12,16
TeamB-eb2083e6-ce16-4dba-0ff1-8e0242af9fc3,2020-10-01,1,-0,50.217,50.218,2.373,63.2,32.4,23.17,1,6
TeamB-eb2083e6-ce16-4dba-0ff1-8e0242af9fc3,2020-10-02,1,-0,113.407,113.408,6.512,753.7,267.4,24.78,8,21
TeamB-eb2083e6-ce16-4dba-0ff1-8e0242af9fc3,2020-10-05,1,-0,112.54,112.542,5.981,205,8.8,21.67,7,17
TeamB-eb2083e6-ce16-4dba-0ff1-8e0242af9fc3,2020-10-06,1,-0,82.747,82.748,3.303,79.5,4.6,20.75,2,13
TeamB-eb2083e6-ce16-4dba-0ff1-8e0242af9fc3,2020-10-08,1,-0,56.705,56.707,2.324,57.2,3.4,20.48,1,5
TeamB-eb2083e6-ce16-4dba-0ff1-8e0242af9fc3,2020-10-10,1,-0,98.822,98.823,4.342,72.2,18.2,22.97,5,11
TeamB-eb2083e6-ce16-4dba-0ff1-8e0242af9fc3,2020-10-11,1,-0,93.505,93.507,4.696,112.4,29,21.48,6,13
TeamB-eb2083e6-ce16-4dba-0ff1-8e0242af9fc3,2020-10-13,1,-0,98.638,98.64,6.314,407,88.4,23.8,3,18
TeamB-eb2083e6-ce16-4dba-0ff1-8e0242af9fc3,2020-10-14,1,-0,67.572,67.573,2.496,55,21,22.66,3,3
TeamB-eb2083e6-ce16-4dba-0ff1-8e0242af9fc3,2020-10-16,1,-0,107.757,107.758,4.83,306.6,46.4,22.61,8,6
TeamB-eb2083e6-ce16-4dba-0ff1-8e0242af9fc3,2020-10-17,1,-0,55.34,55.342,1.787,32.2,12.2,21.41,3,1
TeamB-eb2083e6-ce16-4dba-0ff1-8e0242af9fc3,2020-10-21,1,-0,85.99,85.992,3.811,86.8,5.3,21.77,10,16
TeamB-eb2083e6-ce16-4dba-0ff1-8e0242af9fc3,2020-10-22,1,-0,125.337,125.338,5.725,506,114,23.14,7,20
TeamB-eb2083e6-ce16-4dba-0ff1-8e0242af9fc3,2020-10-23,1,-0,101.122,101.123,3.896,37.5,4.5,20.01,4,4
TeamB-eb2083e6-ce16-4dba-0ff1-8e0242af9fc3,2020-10-26,1,-0,107.553,107.555,2.93,80.2,19.9,21.96,3,2
TeamB-eb2083e6-ce16-4dba-0ff1-8e0242af9fc3,2020-10-29,1,-1e-4,17.217,17.218,0.4,0,0,9.36,0,0
TeamB-eb2083e6-ce16-4dba-0ff1-8e0242af9fc3,2020-11-02,1,-0,62.258,62.26,2.95,81.3,12.5,21.03,6,11
TeamB-eb2083e6-ce16-4dba-0ff1-8e0242af9fc3,2020-11-03,1,-0,64.055,64.057,2.581,65.1,4,20.12,4,6
TeamB-eb2083e6-ce16-4dba-0ff1-8e0242af9fc3,2020-11-04,1,-1e-4,31.372,31.373,1.82,160,42,24.34,1,6
TeamB-eb2083e6-ce16-4dba-0ff1-8e0242af9fc3,2020-11-05,1,-0,63.595,63.597,3.041,152.1,9.6,20.47,3,1
TeamB-eb2083e6-ce16-4dba-0ff1-8e0242af9fc3,2020-11-06,1,-0,78.038,78.04,2.851,62.5,8.8,21.82,3,5
TeamB-eb2083e6-ce16-4dba-0ff1-8e0242af9fc3,2020-11-10,1,-0,71.405,71.407,2.792,48.2,7.5,21.21,2,2
TeamB-eb2083e6-ce16-4dba-0ff1-8e0242af9fc3,2020-11-12,1,-0,65.937,65.938,2.874,91,10.8,21.15,3,11
TeamB-eb2083e6-ce16-4dba-0ff1-8e0242af9fc3,2020-11-14,1,-0,109.905,109.907,5.908,464.2,119.1,24.94,8,25
TeamB-eb2083e6-ce16-4dba-0ff1-8e0242af9fc3,2020-11-15,1,-0,104.428,104.43,5.338,642.5,280.4,25.15,8,16
TeamB-eb2083e6-ce16-4dba-0ff1-8e0242af9fc3,2020-11-16,1,-0,63.42,63.422,2.722,150.5,11.8,22.45,4,4
TeamB-eb2083e6-ce16-4dba-0ff1-8e0242af9fc3,2020-11-21,1,-0,66.212,66.213,2.487,70.8,10.5,22.09,6,7
TeamB-eb2083e6-ce16-4dba-0ff1-8e0242af9fc3,2020-11-27,1,-0,73.757,73.758,3.335,53.4,1.2,19.34,3,12
TeamB-eb2083e6-ce16-4dba-0ff1-8e0242af9fc3,2020-12-01,1,-0,83.937,83.938,4.021,224,66.9,23.81,7,12
TeamB-eb2083e6-ce16-4dba-0ff1-8e0242af9fc3,2020-12-04,1,-0,82.337,82.338,5.264,411.6,90.1,22.78,12,15
TeamB-eb2083e6-ce16-4dba-0ff1-8e0242af9fc3,2020-12-05,1,-0,76.888,76.89,2.787,209.6,82.1,25.24,10,5
TeamB-eb2083e6-ce16-4dba-0ff1-8e0242af9fc3,2020-12-08,1,-0,67.162,67.163,3.145,228,19.8,22.54,7,10
TeamB-eb2083e6-ce16-4dba-0ff1-8e0242af9fc3,2020-12-09,1,-0,59.212,59.213,2.207,32.8,10.1,22.17,2,3
TeamB-eb2083e6-ce16-4dba-0ff1-8e0242af9fc3,2020-12-10,1,-0,75.848,75.85,4.662,569.5,246.5,25.31,5,21
TeamB-eb2083e6-ce16-4dba-0ff1-8e0242af9fc3,2020-12-12,1,-0,66.888,66.89,2.678,148.5,61.8,23.4,4,9
TeamB-eb2083e6-ce16-4dba-0ff1-8e0242af9fc3,2021-02-01,1,-0,110.207,110.208,5.835,251.6,45.6,21.61,10,22
TeamB-eb2083e6-ce16-4dba-0ff1-8e0242af9fc3,2021-02-03,1,-0,72.438,72.44,1.232,0,0,13.85,0,0
TeamB-eb2083e6-ce16-4dba-0ff1-8e0242af9fc3,2021-02-04,1,-0,46.707,46.708,4.605,385.9,47.9,22.78,2,8
TeamB-eb2083e6-ce16-4dba-0ff1-8e0242af9fc3,2021-02-05,1,-0,83.333,83.335,4.174,170.6,4.5,20.51,10,11
TeamB-eb2083e6-ce16-4dba-0ff1-8e0242af9fc3,2021-02-07,1,-0,113.922,113.923,6.699,734.8,330.8,25.94,3,12
TeamB-eb2083e6-ce16-4dba-0ff1-8e0242af9fc3,2021-02-08,1,-0,97.672,97.673,4.759,243.6,61.4,24.13,6,16
TeamB-eb2083e6-ce16-4dba-0ff1-8e0242af9fc3,2021-02-10,1,-1e-4,31.837,31.838,1.096,7.3,0,16.72,1,2
TeamB-eb2083e6-ce16-4dba-0ff1-8e0242af9fc3,2021-02-24,1,-0,52.455,52.457,2.618,62.9,10.7,22.33,6,17
TeamB-eb2083e6-ce16-4dba-0ff1-8e0242af9fc3,2021-02-26,1,-0,106.54,106.542,5.389,616.4,261.9,25.45,6,10
TeamB-eb2083e6-ce16-4dba-0ff1-8e0242af9fc3,2021-03-01,1,-0,100.75,100.752,5.514,445.8,80.8,22.28,6,20
TeamB-eb2083e6-ce16-4dba-0ff1-8e0242af9fc3,2021-03-02,1,-0,119.557,119.558,6.113,779.3,199.9,25.16,9,8
TeamB-eb2083e6-ce16-4dba-0ff1-8e0242af9fc3,2021-03-04,1,-0,107.07,107.072,5.323,227.7,64.7,23.61,6,11
TeamB-eb2083e6-ce16-4dba-0ff1-8e0242af9fc3,2021-03-05,1,-0,63.958,63.96,1.303,37.2,0,17.94,2,1
TeamB-eb2083e6-ce16-4dba-0ff1-8e0242af9fc3,2021-03-06,1,-0,85.657,85.658,4.575,276.7,50.6,23.67,4,12
TeamB-eb2083e6-ce16-4dba-0ff1-8e0242af9fc3,2021-03-08,1,-0,105.372,105.373,4.808,265.8,40.1,22.22,5,10
TeamB-eb2083e6-ce16-4dba-0ff1-8e0242af9fc3,2021-03-09,1,-0,107.44,107.442,5.489,1014.5,365.9,25.03,5,14
TeamB-eb2083e6-ce16-4dba-0ff1-8e0242af9fc3,2021-03-12,1,-0,95.662,95.663,5.685,348.1,66.9,22.51,8,16
TeamB-eb2083e6-ce16-4dba-0ff1-8e0242af9fc3,2021-03-15,1,-0,73.367,73.368,3.644,338.2,29.3,21.47,3,8
TeamB-eb2083e6-ce16-4dba-0ff1-8e0242af9fc3,2021-03-16,1,-0,91.472,91.473,4.854,304.9,48.5,22.51,12,19
TeamB-eb2083e6-ce16-4dba-0ff1-8e0242af9fc3,2021-03-18,1,-0,106.488,106.49,6.369,555.8,164.8,23.58,8,29
TeamB-eb2083e6-ce16-4dba-0ff1-8e0242af9fc3,2021-03-22,1,-0,121.09,121.092,5.148,425.9,124.8,23.55,12,15
TeamB-eb2083e6-ce16-4dba-0ff1-8e0242af9fc3,2021-03-23,1,-0,107.223,107.225,6.203,390,47.3,21.64,10,19
TeamB-eb2083e6-ce16-4dba-0ff1-8e0242af9fc3,2021-03-25,1,-0,137.438,137.44,6.067,796.9,321.8,25.48,9,25
TeamB-eb2083e6-ce16-4dba-0ff1-8e0242af9fc3,2021-03-29,1,-0,120.722,120.723,5.36,314.4,74.5,23.85,6,17
TeamB-eb2083e6-ce16-4dba-0ff1-8e0242af9fc3,2021-03-30,1,-0,115.557,115.558,5.638,310.6,104.1,24.81,5,20
TeamB-eb2083e6-ce16-4dba-0ff1-8e0242af9fc3,2021-03-31,1,-0,96.655,96.657,5.965,727.7,135.5,23.44,11,30
TeamB-eb2083e6-ce16-4dba-0ff1-8e0242af9fc3,2021-04-06,1,-0,121.56,121.562,5.183,275.8,1.7,19.89,15,12
TeamB-eb2083e6-ce16-4dba-0ff1-8e0242af9fc3,2021-04-08,1,-0,118.823,118.825,6.026,559.8,131.6,25.33,1,16
TeamB-eb2083e6-ce16-4dba-0ff1-8e0242af9fc3,2021-04-09,1,-0,45.84,45.842,1.717,17,0,18.79,2,1
TeamB-eb2083e6-ce16-4dba-0ff1-8e0242af9fc3,2021-04-12,1,-0,114.023,114.025,7.401,694.9,146.4,26.07,1,15
TeamB-eb2083e6-ce16-4dba-0ff1-8e0242af9fc3,2021-04-13,1,-0,129.87,129.872,6.322,506.9,96.1,22.91,5,21
TeamB-eb2083e6-ce16-4dba-0ff1-8e0242af9fc3,2021-04-15,1,-0,122.99,122.992,5.509,433.9,103.5,23.76,8,13
TeamB-eb2083e6-ce16-4dba-0ff1-8e0242af9fc3,2021-04-19,1,-0,127.557,127.558,4.204,278.8,57.1,24.88,4,8
TeamB-eb2083e6-ce16-4dba-0ff1-8e0242af9fc3,2021-04-20,1,-0,106.017,106.018,7.111,636.4,140.2,24.32,8,11
TeamB-eb2083e6-ce16-4dba-0ff1-8e0242af9fc3,2021-04-26,1,-0,83.175,83.177,3.143,44.5,2.3,21.19,6,8
TeamB-eb2083e6-ce16-4dba-0ff1-8e0242af9fc3,2021-04-27,1,-0,132.257,132.258,7.603,886.6,265.1,25.02,12,19
TeamB-eb2083e6-ce16-4dba-0ff1-8e0242af9fc3,2021-04-29,1,2e-4,96.923,96.905,1.562,27.3,0,18.34,3,0
TeamB-eb2083e6-ce16-4dba-0ff1-8e0242af9fc3,2021-04-30,1,-0,114.337,114.338,3.306,31.8,0.6,18.87,1,3
TeamB-eb2083e6-ce16-4dba-0ff1-8e0242af9fc3,2021-05-01,1,-0,166.637,166.638,10.884,748.6,182.7,25.14,6,15
TeamB-eb2083e6-ce16-4dba-0ff1-8e0242af9fc3,2021-05-03,1,-0,59.64,59.642,1.532,19.7,0,18.69,3,1
TeamB-eb2083e6-ce16-4dba-0ff1-8e0242af9fc3,2021-05-04,1,-0,136.94,136.942,6.709,687.3,328.9,24.45,15,18
TeamB-eb2083e6-ce16-4dba-0ff1-8e0242af9fc3,2021-05-05,1,-0,129.42,129.422,7.861,908.8,148.5,24.99,11,16
TeamB-eb2083e6-ce16-4dba-0ff1-8e0242af9fc3,2021-05-07,1,-0,91.922,91.923,2.632,22.1,1.1,19.77,1,4
TeamB-eb2083e6-ce16-4dba-0ff1-8e0242af9fc3,2021-05-08,1,-0,106.987,106.988,6.709,682.5,147.2,23.32,4,16
TeamB-eb2083e6-ce16-4dba-0ff1-8e0242af9fc3,2021-05-10,1,-0,88.69,88.692,2.969,57.9,10.3,20.65,4,2
TeamB-eb2083e6-ce16-4dba-0ff1-8e0242af9fc3,2021-05-14,1,-0,107.473,107.475,3.459,45.5,10.3,22.7,7,6
TeamB-eb2083e6-ce16-4dba-0ff1-8e0242af9fc3,2021-05-15,1,-0,36.367,36.368,2.768,876.5,113.8,23.86,5,9
TeamB-eb2083e6-ce16-4dba-0ff1-8e0242af9fc3,2021-05-18,1,-0,147.215,147.217,6.224,957.4,329.8,24.88,5,14
TeamB-eb2083e6-ce16-4dba-0ff1-8e0242af9fc3,2021-05-19,1,-0,147.407,147.408,5.427,391.7,92.1,24.25,5,14
TeamB-eb2083e6-ce16-4dba-0ff1-8e0242af9fc3,2021-05-21,1,-0,97.055,97.057,2.948,70.9,15.2,22.65,10,6
TeamB-eb2083e6-ce16-4dba-0ff1-8e0242af9fc3,2021-05-22,1,-0,154.403,154.405,4.814,962.9,207.4,22.44,4,9
TeamB-eb2083e6-ce16-4dba-0ff1-8e0242af9fc3,2021-05-24,1,-0,145.905,145.907,4.334,75.5,0,19.07,6,6
TeamB-eb2083e6-ce16-4dba-0ff1-8e0242af9fc3,2021-05-25,1,-0,117.507,117.508,6.678,1078.8,472.1,25.42,10,13
TeamB-eb2083e6-ce16-4dba-0ff1-8e0242af9fc3,2021-05-26,1,1e-4,116.407,116.39,6.262,325.1,85,24.13,7,13
TeamB-eb2083e6-ce16-4dba-0ff1-8e0242af9fc3,2021-05-28,1,-0,124.948,124.95,2.962,38.2,1.7,19.56,5,6
TeamB-eb2083e6-ce16-4dba-0ff1-8e0242af9fc3,2021-05-29,1,2e-4,74.988,74.972,2.748,769,205.4,24.51,4,5
TeamB-eb2083e6-ce16-4dba-0ff1-8e0242af9fc3,2021-05-31,1,-0,86.057,86.058,3.624,118.2,4.5,20.24,5,6
TeamB-eb2083e6-ce16-4dba-0ff1-8e0242af9fc3,2021-06-01,1,1e-4,120.64,120.623,5.721,643.4,309.1,25.3,10,19
TeamB-eb2083e6-ce16-4dba-0ff1-8e0242af9fc3,2021-06-04,1,-0,132.04,132.042,2.757,30.4,6.4,21.35,3,11
TeamB-f67673c0-d467-4832-9519-55133a2647e5,2021-09-22,1,-0,127.857,127.858,2.837,18,0,18.78,8,8
TeamB-f67673c0-d467-4832-9519-55133a2647e5,2021-09-24,1,-0,109.972,109.973,3.128,12.7,1.1,18.16,7,7
TeamB-f67673c0-d467-4832-9519-55133a2647e5,2021-09-25,1,-0,85.538,85.54,2.573,9,0,17.89,8,10
TeamB-f67673c0-d467-4832-9519-55133a2647e5,2021-09-27,1,-0,159.383,159.385,7.86,46.9,1.7,19.86,7,16
TeamB-f67673c0-d467-4832-9519-55133a2647e5,2021-09-28,1,-0,117.912,117.913,3.199,4.5,0.6,18.65,8,14
TeamB-f67673c0-d467-4832-9519-55133a2647e5,2021-09-29,1,-0,130.007,130.008,4.521,6.5,0,17.32,5,20
TeamB-f67673c0-d467-4832-9519-55133a2647e5,2021-10-05,1,-0,116.522,116.523,4.815,43,0.6,18.98,16,26
TeamB-f67673c0-d467-4832-9519-55133a2647e5,2021-10-06,1,-0,113.523,113.525,4.731,12.7,2.3,20.11,7,11
TeamB-f67673c0-d467-4832-9519-55133a2647e5,2021-10-08,1,-0,103.138,103.14,3.637,3.3,0,16.14,6,7
TeamB-f67673c0-d467-4832-9519-55133a2647e5,2021-10-10,1,-0,89.872,89.873,4.25,211,120,23.57,6,4
TeamB-f67673c0-d467-4832-9519-55133a2647e5,2021-10-12,1,-0,134.988,134.99,5.116,49.8,0,18.73,20,16
TeamB-f67673c0-d467-4832-9519-55133a2647e5,2021-10-13,1,-0,128.342,128.343,5.728,69.9,22,23.16,7,4
TeamB-f67673c0-d467-4832-9519-55133a2647e5,2021-10-15,1,-0,59.373,59.375,2.076,0,0,12.57,5,1
TeamB-f67673c0-d467-4832-9519-55133a2647e5,2021-10-16,1,-0,62.355,62.357,2.827,7.3,0,16.21,10,10
TeamB-f67673c0-d467-4832-9519-55133a2647e5,2021-10-26,1,-0,83.522,83.523,3.243,29.9,7.1,21.27,25,18
TeamB-f67673c0-d467-4832-9519-55133a2647e5,2021-10-27,1,-0,97.14,97.142,4.648,545.3,322.8,23.33,17,19
TeamB-f67673c0-d467-4832-9519-55133a2647e5,2021-11-09,1,-0,86.223,86.225,3.039,38.9,4.6,20.32,4,7
TeamB-f67673c0-d467-4832-9519-55133a2647e5,2021-11-10,1,-0,91.09,91.092,3.899,36.6,0,18.34,12,9
TeamB-f67673c0-d467-4832-9519-55133a2647e5,2021-11-12,1,-0,79.353,79.355,3.763,18.3,0,18.18,12,8
